id,x,y,deg
001_0,s0,s0,s0
002_0,s0.0,s0.0,s0
002_1,s0.35,s0.8,s180
003_0,s0.0,s0.0,s0
003_1,s0.35,s0.8,s180
004_0,s-0.49500000000000005,s0.0,s0
004_1,s-0.14500000000000007,s0.8,s180
004_2,s1.07,s0.22500000000000006,s90
004_3,s0.27,s0.575,s270
005_0,s-0.49500000000000005,s0.0,s0
005_1,s-0.14500000000000007,s0.8,s180
005_2,s1.07,s0.22500000000000006,s90
005_3,s0.27,s0.575,s270
006_0,s-0.49500000000000005,s-0.55,s0
006_1,s-0.14500000000000007,s0.25,s180
006_2,s1.07,s-0.32499999999999996,s90
006_3,s0.27,s0.025,s270
006_4,s0.08,s0.775,s90
006_5,s-0.72,s1.125,s270
007_0,s-0.49500000000000005,s-0.55,s0
007_1,s-0.14500000000000007,s0.25,s180
007_2,s1.07,s-0.32499999999999996,s90
007_3,s0.27,s0.025,s270
007_4,s0.08,s0.775,s90
007_5,s-0.72,s1.125,s270
007_6,s0.6,s0.6,s0
008_0,s-0.49500000000000005,s-0.55,s0
008_1,s-0.14500000000000007,s0.25,s180
008_2,s1.07,s-0.32499999999999996,s90
008_3,s0.27,s0.025,s270
008_4,s0.08,s0.775,s90
008_5,s-0.72,s1.125,s270
008_6,s0.49500000000000005,s0.55,s0
008_7,s0.845,s1.35,s180
009_0,s-0.49500000000000005,s-0.55,s0
009_1,s-0.14500000000000007,s0.25,s180
009_2,s1.07,s-0.32499999999999996,s90
009_3,s0.27,s0.025,s270
009_4,s0.08,s0.775,s90
009_5,s-0.72,s1.125,s270
009_6,s0.49500000000000005,s0.55,s0
009_7,s0.845,s1.35,s180
010_0,s-0.9900000000000001,s-0.55,s0
010_1,s-0.6400000000000001,s0.25,s180
010_2,s0.575,s-0.325,s90
010_3,s-0.225,s0.025,s270
010_4,s0.9900000000000001,s-0.55,s0
010_5,s1.34,s0.25,s180
010_6,s-0.41500000000000015,s0.7749999999999999,s90
010_7,s-1.215,s1.1249999999999998,s270
010_8,s0.0,s0.55,s0
010_9,s0.35,s1.35,s180
011_0,s-0.9900000000000001,s-0.55,s0
011_1,s-0.6400000000000001,s0.25,s180
011_2,s0.575,s-0.325,s90
011_3,s-0.225,s0.025,s270
011_4,s0.9900000000000001,s-0.55,s0
011_5,s1.34,s0.25,s180
011_6,s-0.41500000000000015,s0.7749999999999999,s90
011_7,s-1.215,s1.1249999999999998,s270
011_8,s0.0,s0.55,s0
011_9,s0.35,s1.35,s180
012_0,s-0.9900000000000001,s-0.55,s0
012_1,s-0.6400000000000001,s0.25,s180
012_2,s0.575,s-0.325,s90
012_3,s-0.225,s0.025,s270
012_4,s0.9900000000000001,s-0.55,s0
012_5,s1.34,s0.25,s180
012_6,s-0.41500000000000015,s0.7749999999999999,s90
012_7,s-1.215,s1.1249999999999998,s270
012_8,s0.0,s0.55,s0
012_9,s0.35,s1.35,s180
012_10,s1.565,s0.7750000000000001,s90
012_11,s0.765,s1.125,s270
013_0,s-0.9900000000000001,s-0.55,s0
013_1,s-0.6400000000000001,s0.25,s180
013_2,s0.575,s-0.325,s90
013_3,s-0.225,s0.025,s270
013_4,s0.9900000000000001,s-0.55,s0
013_5,s1.34,s0.25,s180
013_6,s-0.41500000000000015,s0.7749999999999999,s90
013_7,s-1.215,s1.1249999999999998,s270
013_8,s0.0,s0.55,s0
013_9,s0.35,s1.35,s180
013_10,s1.565,s0.7750000000000001,s90
013_11,s0.765,s1.125,s270
014_0,s-0.9900000000000001,s-1.1,s0
014_1,s-0.6400000000000001,s-0.3,s180
014_2,s0.575,s-0.875,s90
014_3,s-0.225,s-0.525,s270
014_4,s0.9900000000000001,s-1.1,s0
014_5,s1.34,s-0.3,s180
014_6,s-0.41500000000000015,s0.22499999999999987,s90
014_7,s-1.215,s0.5749999999999998,s270
014_8,s0.0,s0.0,s0
014_9,s0.35,s0.8,s180
014_10,s1.565,s0.22500000000000012,s90
014_11,s0.765,s0.575,s270
014_12,s-0.9900000000000001,s1.1,s0
014_13,s-0.6400000000000001,s1.9,s180
015_0,s-0.9900000000000001,s-1.1,s0
015_1,s-0.6400000000000001,s-0.3,s180
015_2,s0.575,s-0.875,s90
015_3,s-0.225,s-0.525,s270
015_4,s0.9900000000000001,s-1.1,s0
015_5,s1.34,s-0.3,s180
015_6,s-0.41500000000000015,s0.22499999999999987,s90
015_7,s-1.215,s0.5749999999999998,s270
015_8,s0.0,s0.0,s0
015_9,s0.35,s0.8,s180
015_10,s1.565,s0.22500000000000012,s90
015_11,s0.765,s0.575,s270
015_12,s-0.9900000000000001,s1.1,s0
015_13,s-0.6400000000000001,s1.9,s180
016_0,s-0.9900000000000001,s-1.1,s0
016_1,s-0.6400000000000001,s-0.3,s180
016_2,s0.575,s-0.875,s90
016_3,s-0.225,s-0.525,s270
016_4,s0.9900000000000001,s-1.1,s0
016_5,s1.34,s-0.3,s180
016_6,s-0.41500000000000015,s0.22499999999999987,s90
016_7,s-1.215,s0.5749999999999998,s270
016_8,s0.0,s0.0,s0
016_9,s0.35,s0.8,s180
016_10,s1.565,s0.22500000000000012,s90
016_11,s0.765,s0.575,s270
016_12,s-0.9900000000000001,s1.1,s0
016_13,s-0.6400000000000001,s1.9,s180
016_14,s0.575,s1.325,s90
016_15,s-0.225,s1.675,s270
017_0,s-0.9900000000000001,s-1.1,s0
017_1,s-0.6400000000000001,s-0.3,s180
017_2,s0.575,s-0.875,s90
017_3,s-0.225,s-0.525,s270
017_4,s0.9900000000000001,s-1.1,s0
017_5,s1.34,s-0.3,s180
017_6,s-0.41500000000000015,s0.22499999999999987,s90
017_7,s-1.215,s0.5749999999999998,s270
017_8,s0.0,s0.0,s0
017_9,s0.35,s0.8,s180
017_10,s1.565,s0.22500000000000012,s90
017_11,s0.765,s0.575,s270
017_12,s-0.9900000000000001,s1.1,s0
017_13,s-0.6400000000000001,s1.9,s180
017_14,s0.575,s1.325,s90
017_15,s-0.225,s1.675,s270
018_0,s-0.9900000000000001,s-1.1,s0
018_1,s-0.6400000000000001,s-0.3,s180
018_2,s0.575,s-0.875,s90
018_3,s-0.225,s-0.525,s270
018_4,s0.9900000000000001,s-1.1,s0
018_5,s1.34,s-0.3,s180
018_6,s-0.41500000000000015,s0.22499999999999987,s90
018_7,s-1.215,s0.5749999999999998,s270
018_8,s0.0,s0.0,s0
018_9,s0.35,s0.8,s180
018_10,s1.565,s0.22500000000000012,s90
018_11,s0.765,s0.575,s270
018_12,s-0.9900000000000001,s1.1,s0
018_13,s-0.6400000000000001,s1.9,s180
018_14,s0.575,s1.325,s90
018_15,s-0.225,s1.675,s270
018_16,s0.9900000000000001,s1.1,s0
018_17,s1.34,s1.9,s180
019_0,s-0.9900000000000001,s-1.1,s0
019_1,s-0.6400000000000001,s-0.3,s180
019_2,s0.575,s-0.875,s90
019_3,s-0.225,s-0.525,s270
019_4,s0.9900000000000001,s-1.1,s0
019_5,s1.34,s-0.3,s180
019_6,s-0.41500000000000015,s0.22499999999999987,s90
019_7,s-1.215,s0.5749999999999998,s270
019_8,s0.0,s0.0,s0
019_9,s0.35,s0.8,s180
019_10,s1.565,s0.22500000000000012,s90
019_11,s0.765,s0.575,s270
019_12,s-0.9900000000000001,s1.1,s0
019_13,s-0.6400000000000001,s1.9,s180
019_14,s0.575,s1.325,s90
019_15,s-0.225,s1.675,s270
019_16,s0.9900000000000001,s1.1,s0
019_17,s1.34,s1.9,s180
020_0,s-1.485,s-1.1,s0
020_1,s-1.135,s-0.3,s180
020_2,s0.08,s-0.875,s90
020_3,s-0.72,s-0.525,s270
020_4,s0.49500000000000005,s-1.1,s0
020_5,s0.845,s-0.3,s180
020_6,s2.06,s-0.875,s90
020_7,s1.26,s-0.525,s270
020_8,s-0.91,s0.225,s90
020_9,s-1.71,s0.575,s270
020_10,s-0.49500000000000005,s0.0,s0
020_11,s-0.14500000000000007,s0.8,s180
020_12,s1.07,s0.22500000000000006,s90
020_13,s0.27,s0.575,s270
020_14,s1.485,s0.0,s0
020_15,s1.835,s0.8,s180
020_16,s-1.485,s1.1,s0
020_17,s-1.135,s1.9,s180
020_18,s0.08,s1.325,s90
020_19,s-0.72,s1.675,s270
021_0,s-1.485,s-1.1,s0
021_1,s-1.135,s-0.3,s180
021_2,s0.08,s-0.875,s90
021_3,s-0.72,s-0.525,s270
021_4,s0.49500000000000005,s-1.1,s0
021_5,s0.845,s-0.3,s180
021_6,s2.06,s-0.875,s90
021_7,s1.26,s-0.525,s270
021_8,s-0.91,s0.225,s90
021_9,s-1.71,s0.575,s270
021_10,s-0.49500000000000005,s0.0,s0
021_11,s-0.14500000000000007,s0.8,s180
021_12,s1.07,s0.22500000000000006,s90
021_13,s0.27,s0.575,s270
021_14,s1.485,s0.0,s0
021_15,s1.835,s0.8,s180
021_16,s-1.485,s1.1,s0
021_17,s-1.135,s1.9,s180
021_18,s0.08,s1.325,s90
021_19,s-0.72,s1.675,s270
022_0,s-1.485,s-1.1,s0
022_1,s-1.135,s-0.3,s180
022_2,s0.08,s-0.875,s90
022_3,s-0.72,s-0.525,s270
022_4,s0.49500000000000005,s-1.1,s0
022_5,s0.845,s-0.3,s180
022_6,s2.06,s-0.875,s90
022_7,s1.26,s-0.525,s270
022_8,s-0.91,s0.225,s90
022_9,s-1.71,s0.575,s270
022_10,s-0.49500000000000005,s0.0,s0
022_11,s-0.14500000000000007,s0.8,s180
022_12,s1.07,s0.22500000000000006,s90
022_13,s0.27,s0.575,s270
022_14,s1.485,s0.0,s0
022_15,s1.835,s0.8,s180
022_16,s-1.485,s1.1,s0
022_17,s-1.135,s1.9,s180
022_18,s0.08,s1.325,s90
022_19,s-0.72,s1.675,s270
022_20,s0.49500000000000005,s1.1,s0
022_21,s0.845,s1.9,s180
023_0,s-1.485,s-1.1,s0
023_1,s-1.135,s-0.3,s180
023_2,s0.08,s-0.875,s90
023_3,s-0.72,s-0.525,s270
023_4,s0.49500000000000005,s-1.1,s0
023_5,s0.845,s-0.3,s180
023_6,s2.06,s-0.875,s90
023_7,s1.26,s-0.525,s270
023_8,s-0.91,s0.225,s90
023_9,s-1.71,s0.575,s270
023_10,s-0.49500000000000005,s0.0,s0
023_11,s-0.14500000000000007,s0.8,s180
023_12,s1.07,s0.22500000000000006,s90
023_13,s0.27,s0.575,s270
023_14,s1.485,s0.0,s0
023_15,s1.835,s0.8,s180
023_16,s-1.485,s1.1,s0
023_17,s-1.135,s1.9,s180
023_18,s0.08,s1.325,s90
023_19,s-0.72,s1.675,s270
023_20,s0.49500000000000005,s1.1,s0
023_21,s0.845,s1.9,s180
024_0,s-1.485,s-1.1,s0
024_1,s-1.135,s-0.3,s180
024_2,s0.08,s-0.875,s90
024_3,s-0.72,s-0.525,s270
024_4,s0.49500000000000005,s-1.1,s0
024_5,s0.845,s-0.3,s180
024_6,s2.06,s-0.875,s90
024_7,s1.26,s-0.525,s270
024_8,s-0.91,s0.225,s90
024_9,s-1.71,s0.575,s270
024_10,s-0.49500000000000005,s0.0,s0
024_11,s-0.14500000000000007,s0.8,s180
024_12,s1.07,s0.22500000000000006,s90
024_13,s0.27,s0.575,s270
024_14,s1.485,s0.0,s0
024_15,s1.835,s0.8,s180
024_16,s-1.485,s1.1,s0
024_17,s-1.135,s1.9,s180
024_18,s0.08,s1.325,s90
024_19,s-0.72,s1.675,s270
024_20,s0.49500000000000005,s1.1,s0
024_21,s0.845,s1.9,s180
024_22,s2.06,s1.325,s90
024_23,s1.26,s1.675,s270
025_0,s-1.485,s-1.1,s0
025_1,s-1.135,s-0.3,s180
025_2,s0.08,s-0.875,s90
025_3,s-0.72,s-0.525,s270
025_4,s0.49500000000000005,s-1.1,s0
025_5,s0.845,s-0.3,s180
025_6,s2.06,s-0.875,s90
025_7,s1.26,s-0.525,s270
025_8,s-0.91,s0.225,s90
025_9,s-1.71,s0.575,s270
025_10,s-0.49500000000000005,s0.0,s0
025_11,s-0.14500000000000007,s0.8,s180
025_12,s1.07,s0.22500000000000006,s90
025_13,s0.27,s0.575,s270
025_14,s1.485,s0.0,s0
025_15,s1.835,s0.8,s180
025_16,s-1.485,s1.1,s0
025_17,s-1.135,s1.9,s180
025_18,s0.08,s1.325,s90
025_19,s-0.72,s1.675,s270
025_20,s0.49500000000000005,s1.1,s0
025_21,s0.845,s1.9,s180
025_22,s2.06,s1.325,s90
025_23,s1.26,s1.675,s270
026_0,s-1.485,s-1.65,s0
026_1,s-1.135,s-0.8500000000000001,s180
026_2,s0.08,s-1.425,s90
026_3,s-0.7199999999999999,s-1.075,s270
026_4,s0.49500000000000005,s-1.65,s0
026_5,s0.845,s-0.8500000000000001,s180
026_6,s2.06,s-1.425,s90
026_7,s1.26,s-1.075,s270
026_8,s-0.91,s-0.325,s90
026_9,s-1.71,s0.025,s270
026_10,s-0.49500000000000005,s-0.55,s0
026_11,s-0.14500000000000007,s0.25,s180
026_12,s1.07,s-0.32499999999999996,s90
026_13,s0.27,s0.025,s270
026_14,s1.485,s-0.55,s0
026_15,s1.835,s0.25,s180
026_16,s-1.485,s0.55,s0
026_17,s-1.135,s1.35,s180
026_18,s0.08,s0.775,s90
026_19,s-0.72,s1.125,s270
026_20,s0.49500000000000005,s0.55,s0
026_21,s0.845,s1.35,s180
026_22,s2.06,s0.775,s90
026_23,s1.26,s1.125,s270
026_24,s-0.91,s1.875,s90
026_25,s-1.71,s2.225,s270
027_0,s-1.485,s-1.65,s0
027_1,s-1.135,s-0.8500000000000001,s180
027_2,s0.08,s-1.425,s90
027_3,s-0.7199999999999999,s-1.075,s270
027_4,s0.49500000000000005,s-1.65,s0
027_5,s0.845,s-0.8500000000000001,s180
027_6,s2.06,s-1.425,s90
027_7,s1.26,s-1.075,s270
027_8,s-0.91,s-0.325,s90
027_9,s-1.71,s0.025,s270
027_10,s-0.49500000000000005,s-0.55,s0
027_11,s-0.14500000000000007,s0.25,s180
027_12,s1.07,s-0.32499999999999996,s90
027_13,s0.27,s0.025,s270
027_14,s1.485,s-0.55,s0
027_15,s1.835,s0.25,s180
027_16,s-1.485,s0.55,s0
027_17,s-1.135,s1.35,s180
027_18,s0.08,s0.775,s90
027_19,s-0.72,s1.125,s270
027_20,s0.49500000000000005,s0.55,s0
027_21,s0.845,s1.35,s180
027_22,s2.06,s0.775,s90
027_23,s1.26,s1.125,s270
027_24,s-0.91,s1.875,s90
027_25,s-1.71,s2.225,s270
028_0,s-1.485,s-1.65,s0
028_1,s-1.135,s-0.8500000000000001,s180
028_2,s0.08,s-1.425,s90
028_3,s-0.7199999999999999,s-1.075,s270
028_4,s0.49500000000000005,s-1.65,s0
028_5,s0.845,s-0.8500000000000001,s180
028_6,s2.06,s-1.425,s90
028_7,s1.26,s-1.075,s270
028_8,s-0.91,s-0.325,s90
028_9,s-1.71,s0.025,s270
028_10,s-0.49500000000000005,s-0.55,s0
028_11,s-0.14500000000000007,s0.25,s180
028_12,s1.07,s-0.32499999999999996,s90
028_13,s0.27,s0.025,s270
028_14,s1.485,s-0.55,s0
028_15,s1.835,s0.25,s180
028_16,s-1.485,s0.55,s0
028_17,s-1.135,s1.35,s180
028_18,s0.08,s0.775,s90
028_19,s-0.72,s1.125,s270
028_20,s0.49500000000000005,s0.55,s0
028_21,s0.845,s1.35,s180
028_22,s2.06,s0.775,s90
028_23,s1.26,s1.125,s270
028_24,s-0.91,s1.875,s90
028_25,s-1.71,s2.225,s270
028_26,s-0.49500000000000005,s1.65,s0
028_27,s-0.14500000000000007,s2.45,s180
029_0,s-1.485,s-1.65,s0
029_1,s-1.135,s-0.8500000000000001,s180
029_2,s0.08,s-1.425,s90
029_3,s-0.7199999999999999,s-1.075,s270
029_4,s0.49500000000000005,s-1.65,s0
029_5,s0.845,s-0.8500000000000001,s180
029_6,s2.06,s-1.425,s90
029_7,s1.26,s-1.075,s270
029_8,s-0.91,s-0.325,s90
029_9,s-1.71,s0.025,s270
029_10,s-0.49500000000000005,s-0.55,s0
029_11,s-0.14500000000000007,s0.25,s180
029_12,s1.07,s-0.32499999999999996,s90
029_13,s0.27,s0.025,s270
029_14,s1.485,s-0.55,s0
029_15,s1.835,s0.25,s180
029_16,s-1.485,s0.55,s0
029_17,s-1.135,s1.35,s180
029_18,s0.08,s0.775,s90
029_19,s-0.72,s1.125,s270
029_20,s0.49500000000000005,s0.55,s0
029_21,s0.845,s1.35,s180
029_22,s2.06,s0.775,s90
029_23,s1.26,s1.125,s270
029_24,s-0.91,s1.875,s90
029_25,s-1.71,s2.225,s270
029_26,s-0.49500000000000005,s1.65,s0
029_27,s-0.14500000000000007,s2.45,s180
030_0,s-1.485,s-1.65,s0
030_1,s-1.135,s-0.8500000000000001,s180
030_2,s0.08,s-1.425,s90
030_3,s-0.7199999999999999,s-1.075,s270
030_4,s0.49500000000000005,s-1.65,s0
030_5,s0.845,s-0.8500000000000001,s180
030_6,s2.06,s-1.425,s90
030_7,s1.26,s-1.075,s270
030_8,s-0.91,s-0.325,s90
030_9,s-1.71,s0.025,s270
030_10,s-0.49500000000000005,s-0.55,s0
030_11,s-0.14500000000000007,s0.25,s180
030_12,s1.07,s-0.32499999999999996,s90
030_13,s0.27,s0.025,s270
030_14,s1.485,s-0.55,s0
030_15,s1.835,s0.25,s180
030_16,s-1.485,s0.55,s0
030_17,s-1.135,s1.35,s180
030_18,s0.08,s0.775,s90
030_19,s-0.72,s1.125,s270
030_20,s0.49500000000000005,s0.55,s0
030_21,s0.845,s1.35,s180
030_22,s2.06,s0.775,s90
030_23,s1.26,s1.125,s270
030_24,s-0.91,s1.875,s90
030_25,s-1.71,s2.225,s270
030_26,s-0.49500000000000005,s1.65,s0
030_27,s-0.14500000000000007,s2.45,s180
030_28,s1.07,s1.875,s90
030_29,s0.27,s2.225,s270
031_0,s-1.485,s-1.65,s0
031_1,s-1.135,s-0.8500000000000001,s180
031_2,s0.08,s-1.425,s90
031_3,s-0.7199999999999999,s-1.075,s270
031_4,s0.49500000000000005,s-1.65,s0
031_5,s0.845,s-0.8500000000000001,s180
031_6,s2.06,s-1.425,s90
031_7,s1.26,s-1.075,s270
031_8,s-0.91,s-0.325,s90
031_9,s-1.71,s0.025,s270
031_10,s-0.49500000000000005,s-0.55,s0
031_11,s-0.14500000000000007,s0.25,s180
031_12,s1.07,s-0.32499999999999996,s90
031_13,s0.27,s0.025,s270
031_14,s1.485,s-0.55,s0
031_15,s1.835,s0.25,s180
031_16,s-1.485,s0.55,s0
031_17,s-1.135,s1.35,s180
031_18,s0.08,s0.775,s90
031_19,s-0.72,s1.125,s270
031_20,s0.49500000000000005,s0.55,s0
031_21,s0.845,s1.35,s180
031_22,s2.06,s0.775,s90
031_23,s1.26,s1.125,s270
031_24,s-0.91,s1.875,s90
031_25,s-1.71,s2.225,s270
031_26,s-0.49500000000000005,s1.65,s0
031_27,s-0.14500000000000007,s2.45,s180
031_28,s1.07,s1.875,s90
031_29,s0.27,s2.225,s270
032_0,s-1.485,s-1.65,s0
032_1,s-1.135,s-0.8500000000000001,s180
032_2,s0.08,s-1.425,s90
032_3,s-0.7199999999999999,s-1.075,s270
032_4,s0.49500000000000005,s-1.65,s0
032_5,s0.845,s-0.8500000000000001,s180
032_6,s2.06,s-1.425,s90
032_7,s1.26,s-1.075,s270
032_8,s-0.91,s-0.325,s90
032_9,s-1.71,s0.025,s270
032_10,s-0.49500000000000005,s-0.55,s0
032_11,s-0.14500000000000007,s0.25,s180
032_12,s1.07,s-0.32499999999999996,s90
032_13,s0.27,s0.025,s270
032_14,s1.485,s-0.55,s0
032_15,s1.835,s0.25,s180
032_16,s-1.485,s0.55,s0
032_17,s-1.135,s1.35,s180
032_18,s0.08,s0.775,s90
032_19,s-0.72,s1.125,s270
032_20,s0.49500000000000005,s0.55,s0
032_21,s0.845,s1.35,s180
032_22,s2.06,s0.775,s90
032_23,s1.26,s1.125,s270
032_24,s-0.91,s1.875,s90
032_25,s-1.71,s2.225,s270
032_26,s-0.49500000000000005,s1.65,s0
032_27,s-0.14500000000000007,s2.45,s180
032_28,s1.07,s1.875,s90
032_29,s0.27,s2.225,s270
032_30,s1.485,s1.65,s0
032_31,s1.835,s2.45,s180
033_0,s-1.485,s-1.65,s0
033_1,s-1.135,s-0.8500000000000001,s180
033_2,s0.08,s-1.425,s90
033_3,s-0.7199999999999999,s-1.075,s270
033_4,s0.49500000000000005,s-1.65,s0
033_5,s0.845,s-0.8500000000000001,s180
033_6,s2.06,s-1.425,s90
033_7,s1.26,s-1.075,s270
033_8,s-0.91,s-0.325,s90
033_9,s-1.71,s0.025,s270
033_10,s-0.49500000000000005,s-0.55,s0
033_11,s-0.14500000000000007,s0.25,s180
033_12,s1.07,s-0.32499999999999996,s90
033_13,s0.27,s0.025,s270
033_14,s1.485,s-0.55,s0
033_15,s1.835,s0.25,s180
033_16,s-1.485,s0.55,s0
033_17,s-1.135,s1.35,s180
033_18,s0.08,s0.775,s90
033_19,s-0.72,s1.125,s270
033_20,s0.49500000000000005,s0.55,s0
033_21,s0.845,s1.35,s180
033_22,s2.06,s0.775,s90
033_23,s1.26,s1.125,s270
033_24,s-0.91,s1.875,s90
033_25,s-1.71,s2.225,s270
033_26,s-0.49500000000000005,s1.65,s0
033_27,s-0.14500000000000007,s2.45,s180
033_28,s1.07,s1.875,s90
033_29,s0.27,s2.225,s270
033_30,s1.485,s1.65,s0
033_31,s1.835,s2.45,s180
034_0,s-1.9800000000000002,s-1.65,s0
034_1,s-1.6300000000000003,s-0.8500000000000001,s180
034_2,s-0.415,s-1.425,s90
034_3,s-1.215,s-1.075,s270
034_4,s0.0,s-1.65,s0
034_5,s0.35,s-0.8500000000000001,s180
034_6,s1.565,s-1.425,s90
034_7,s0.7650000000000001,s-1.075,s270
034_8,s1.9800000000000002,s-1.65,s0
034_9,s2.33,s-0.8500000000000001,s180
034_10,s-1.4050000000000002,s-0.325,s90
034_11,s-2.205,s0.025,s270
034_12,s-0.9900000000000001,s-0.55,s0
034_13,s-0.6400000000000001,s0.25,s180
034_14,s0.575,s-0.325,s90
034_15,s-0.225,s0.025,s270
034_16,s0.9900000000000001,s-0.55,s0
034_17,s1.34,s0.25,s180
034_18,s2.555,s-0.325,s90
034_19,s1.7550000000000003,s0.024999999999999745,s270
034_20,s-1.9800000000000002,s0.55,s0
034_21,s-1.6300000000000003,s1.35,s180
034_22,s-0.41500000000000015,s0.7749999999999999,s90
034_23,s-1.215,s1.1249999999999998,s270
034_24,s0.0,s0.55,s0
034_25,s0.35,s1.35,s180
034_26,s1.565,s0.7750000000000001,s90
034_27,s0.765,s1.125,s270
034_28,s1.9800000000000002,s0.55,s0
034_29,s2.33,s1.35,s180
034_30,s-1.4050000000000002,s1.8749999999999998,s90
034_31,s-2.205,s2.2249999999999996,s270
034_32,s-0.9900000000000001,s1.65,s0
034_33,s-0.6400000000000001,s2.45,s180
035_0,s-1.9800000000000002,s-1.65,s0
035_1,s-1.6300000000000003,s-0.8500000000000001,s180
035_2,s-0.415,s-1.425,s90
035_3,s-1.215,s-1.075,s270
035_4,s0.0,s-1.65,s0
035_5,s0.35,s-0.8500000000000001,s180
035_6,s1.565,s-1.425,s90
035_7,s0.7650000000000001,s-1.075,s270
035_8,s1.9800000000000002,s-1.65,s0
035_9,s2.33,s-0.8500000000000001,s180
035_10,s-1.4050000000000002,s-0.325,s90
035_11,s-2.205,s0.025,s270
035_12,s-0.9900000000000001,s-0.55,s0
035_13,s-0.6400000000000001,s0.25,s180
035_14,s0.575,s-0.325,s90
035_15,s-0.225,s0.025,s270
035_16,s0.9900000000000001,s-0.55,s0
035_17,s1.34,s0.25,s180
035_18,s2.555,s-0.325,s90
035_19,s1.7550000000000003,s0.024999999999999745,s270
035_20,s-1.9800000000000002,s0.55,s0
035_21,s-1.6300000000000003,s1.35,s180
035_22,s-0.41500000000000015,s0.7749999999999999,s90
035_23,s-1.215,s1.1249999999999998,s270
035_24,s0.0,s0.55,s0
035_25,s0.35,s1.35,s180
035_26,s1.565,s0.7750000000000001,s90
035_27,s0.765,s1.125,s270
035_28,s1.9800000000000002,s0.55,s0
035_29,s2.33,s1.35,s180
035_30,s-1.4050000000000002,s1.8749999999999998,s90
035_31,s-2.205,s2.2249999999999996,s270
035_32,s-0.9900000000000001,s1.65,s0
035_33,s-0.6400000000000001,s2.45,s180
036_0,s-1.9800000000000002,s-1.65,s0
036_1,s-1.6300000000000003,s-0.8500000000000001,s180
036_2,s-0.415,s-1.425,s90
036_3,s-1.215,s-1.075,s270
036_4,s0.0,s-1.65,s0
036_5,s0.35,s-0.8500000000000001,s180
036_6,s1.565,s-1.425,s90
036_7,s0.7650000000000001,s-1.075,s270
036_8,s1.9800000000000002,s-1.65,s0
036_9,s2.33,s-0.8500000000000001,s180
036_10,s-1.4050000000000002,s-0.325,s90
036_11,s-2.205,s0.025,s270
036_12,s-0.9900000000000001,s-0.55,s0
036_13,s-0.6400000000000001,s0.25,s180
036_14,s0.575,s-0.325,s90
036_15,s-0.225,s0.025,s270
036_16,s0.9900000000000001,s-0.55,s0
036_17,s1.34,s0.25,s180
036_18,s2.555,s-0.325,s90
036_19,s1.7550000000000003,s0.024999999999999745,s270
036_20,s-1.9800000000000002,s0.55,s0
036_21,s-1.6300000000000003,s1.35,s180
036_22,s-0.41500000000000015,s0.7749999999999999,s90
036_23,s-1.215,s1.1249999999999998,s270
036_24,s0.0,s0.55,s0
036_25,s0.35,s1.35,s180
036_26,s1.565,s0.7750000000000001,s90
036_27,s0.765,s1.125,s270
036_28,s1.9800000000000002,s0.55,s0
036_29,s2.33,s1.35,s180
036_30,s-1.4050000000000002,s1.8749999999999998,s90
036_31,s-2.205,s2.2249999999999996,s270
036_32,s-0.9900000000000001,s1.65,s0
036_33,s-0.6400000000000001,s2.45,s180
036_34,s0.575,s1.875,s90
036_35,s-0.225,s2.225,s270
037_0,s-1.9800000000000002,s-1.65,s0
037_1,s-1.6300000000000003,s-0.8500000000000001,s180
037_2,s-0.415,s-1.425,s90
037_3,s-1.215,s-1.075,s270
037_4,s0.0,s-1.65,s0
037_5,s0.35,s-0.8500000000000001,s180
037_6,s1.565,s-1.425,s90
037_7,s0.7650000000000001,s-1.075,s270
037_8,s1.9800000000000002,s-1.65,s0
037_9,s2.33,s-0.8500000000000001,s180
037_10,s-1.4050000000000002,s-0.325,s90
037_11,s-2.205,s0.025,s270
037_12,s-0.9900000000000001,s-0.55,s0
037_13,s-0.6400000000000001,s0.25,s180
037_14,s0.575,s-0.325,s90
037_15,s-0.225,s0.025,s270
037_16,s0.9900000000000001,s-0.55,s0
037_17,s1.34,s0.25,s180
037_18,s2.555,s-0.325,s90
037_19,s1.7550000000000003,s0.024999999999999745,s270
037_20,s-1.9800000000000002,s0.55,s0
037_21,s-1.6300000000000003,s1.35,s180
037_22,s-0.41500000000000015,s0.7749999999999999,s90
037_23,s-1.215,s1.1249999999999998,s270
037_24,s0.0,s0.55,s0
037_25,s0.35,s1.35,s180
037_26,s1.565,s0.7750000000000001,s90
037_27,s0.765,s1.125,s270
037_28,s1.9800000000000002,s0.55,s0
037_29,s2.33,s1.35,s180
037_30,s-1.4050000000000002,s1.8749999999999998,s90
037_31,s-2.205,s2.2249999999999996,s270
037_32,s-0.9900000000000001,s1.65,s0
037_33,s-0.6400000000000001,s2.45,s180
037_34,s0.575,s1.875,s90
037_35,s-0.225,s2.225,s270
038_0,s-1.9800000000000002,s-1.65,s0
038_1,s-1.6300000000000003,s-0.8500000000000001,s180
038_2,s-0.415,s-1.425,s90
038_3,s-1.215,s-1.075,s270
038_4,s0.0,s-1.65,s0
038_5,s0.35,s-0.8500000000000001,s180
038_6,s1.565,s-1.425,s90
038_7,s0.7650000000000001,s-1.075,s270
038_8,s1.9800000000000002,s-1.65,s0
038_9,s2.33,s-0.8500000000000001,s180
038_10,s-1.4050000000000002,s-0.325,s90
038_11,s-2.205,s0.025,s270
038_12,s-0.9900000000000001,s-0.55,s0
038_13,s-0.6400000000000001,s0.25,s180
038_14,s0.575,s-0.325,s90
038_15,s-0.225,s0.025,s270
038_16,s0.9900000000000001,s-0.55,s0
038_17,s1.34,s0.25,s180
038_18,s2.555,s-0.325,s90
038_19,s1.7550000000000003,s0.024999999999999745,s270
038_20,s-1.9800000000000002,s0.55,s0
038_21,s-1.6300000000000003,s1.35,s180
038_22,s-0.41500000000000015,s0.7749999999999999,s90
038_23,s-1.215,s1.1249999999999998,s270
038_24,s0.0,s0.55,s0
038_25,s0.35,s1.35,s180
038_26,s1.565,s0.7750000000000001,s90
038_27,s0.765,s1.125,s270
038_28,s1.9800000000000002,s0.55,s0
038_29,s2.33,s1.35,s180
038_30,s-1.4050000000000002,s1.8749999999999998,s90
038_31,s-2.205,s2.2249999999999996,s270
038_32,s-0.9900000000000001,s1.65,s0
038_33,s-0.6400000000000001,s2.45,s180
038_34,s0.575,s1.875,s90
038_35,s-0.225,s2.225,s270
038_36,s0.9900000000000001,s1.65,s0
038_37,s1.34,s2.45,s180
039_0,s-1.9800000000000002,s-1.65,s0
039_1,s-1.6300000000000003,s-0.8500000000000001,s180
039_2,s-0.415,s-1.425,s90
039_3,s-1.215,s-1.075,s270
039_4,s0.0,s-1.65,s0
039_5,s0.35,s-0.8500000000000001,s180
039_6,s1.565,s-1.425,s90
039_7,s0.7650000000000001,s-1.075,s270
039_8,s1.9800000000000002,s-1.65,s0
039_9,s2.33,s-0.8500000000000001,s180
039_10,s-1.4050000000000002,s-0.325,s90
039_11,s-2.205,s0.025,s270
039_12,s-0.9900000000000001,s-0.55,s0
039_13,s-0.6400000000000001,s0.25,s180
039_14,s0.575,s-0.325,s90
039_15,s-0.225,s0.025,s270
039_16,s0.9900000000000001,s-0.55,s0
039_17,s1.34,s0.25,s180
039_18,s2.555,s-0.325,s90
039_19,s1.7550000000000003,s0.024999999999999745,s270
039_20,s-1.9800000000000002,s0.55,s0
039_21,s-1.6300000000000003,s1.35,s180
039_22,s-0.41500000000000015,s0.7749999999999999,s90
039_23,s-1.215,s1.1249999999999998,s270
039_24,s0.0,s0.55,s0
039_25,s0.35,s1.35,s180
039_26,s1.565,s0.7750000000000001,s90
039_27,s0.765,s1.125,s270
039_28,s1.9800000000000002,s0.55,s0
039_29,s2.33,s1.35,s180
039_30,s-1.4050000000000002,s1.8749999999999998,s90
039_31,s-2.205,s2.2249999999999996,s270
039_32,s-0.9900000000000001,s1.65,s0
039_33,s-0.6400000000000001,s2.45,s180
039_34,s0.575,s1.875,s90
039_35,s-0.225,s2.225,s270
039_36,s0.9900000000000001,s1.65,s0
039_37,s1.34,s2.45,s180
040_0,s-1.9800000000000002,s-1.65,s0
040_1,s-1.6300000000000003,s-0.8500000000000001,s180
040_2,s-0.415,s-1.425,s90
040_3,s-1.215,s-1.075,s270
040_4,s0.0,s-1.65,s0
040_5,s0.35,s-0.8500000000000001,s180
040_6,s1.565,s-1.425,s90
040_7,s0.7650000000000001,s-1.075,s270
040_8,s1.9800000000000002,s-1.65,s0
040_9,s2.33,s-0.8500000000000001,s180
040_10,s-1.4050000000000002,s-0.325,s90
040_11,s-2.205,s0.025,s270
040_12,s-0.9900000000000001,s-0.55,s0
040_13,s-0.6400000000000001,s0.25,s180
040_14,s0.575,s-0.325,s90
040_15,s-0.225,s0.025,s270
040_16,s0.9900000000000001,s-0.55,s0
040_17,s1.34,s0.25,s180
040_18,s2.555,s-0.325,s90
040_19,s1.7550000000000003,s0.024999999999999745,s270
040_20,s-1.9800000000000002,s0.55,s0
040_21,s-1.6300000000000003,s1.35,s180
040_22,s-0.41500000000000015,s0.7749999999999999,s90
040_23,s-1.215,s1.1249999999999998,s270
040_24,s0.0,s0.55,s0
040_25,s0.35,s1.35,s180
040_26,s1.565,s0.7750000000000001,s90
040_27,s0.765,s1.125,s270
040_28,s1.9800000000000002,s0.55,s0
040_29,s2.33,s1.35,s180
040_30,s-1.4050000000000002,s1.8749999999999998,s90
040_31,s-2.205,s2.2249999999999996,s270
040_32,s-0.9900000000000001,s1.65,s0
040_33,s-0.6400000000000001,s2.45,s180
040_34,s0.575,s1.875,s90
040_35,s-0.225,s2.225,s270
040_36,s0.9900000000000001,s1.65,s0
040_37,s1.34,s2.45,s180
040_38,s2.555,s1.875,s90
040_39,s1.755,s2.2249999999999996,s270
041_0,s-1.9800000000000002,s-1.65,s0
041_1,s-1.6300000000000003,s-0.8500000000000001,s180
041_2,s-0.415,s-1.425,s90
041_3,s-1.215,s-1.075,s270
041_4,s0.0,s-1.65,s0
041_5,s0.35,s-0.8500000000000001,s180
041_6,s1.565,s-1.425,s90
041_7,s0.7650000000000001,s-1.075,s270
041_8,s1.9800000000000002,s-1.65,s0
041_9,s2.33,s-0.8500000000000001,s180
041_10,s-1.4050000000000002,s-0.325,s90
041_11,s-2.205,s0.025,s270
041_12,s-0.9900000000000001,s-0.55,s0
041_13,s-0.6400000000000001,s0.25,s180
041_14,s0.575,s-0.325,s90
041_15,s-0.225,s0.025,s270
041_16,s0.9900000000000001,s-0.55,s0
041_17,s1.34,s0.25,s180
041_18,s2.555,s-0.325,s90
041_19,s1.7550000000000003,s0.024999999999999745,s270
041_20,s-1.9800000000000002,s0.55,s0
041_21,s-1.6300000000000003,s1.35,s180
041_22,s-0.41500000000000015,s0.7749999999999999,s90
041_23,s-1.215,s1.1249999999999998,s270
041_24,s0.0,s0.55,s0
041_25,s0.35,s1.35,s180
041_26,s1.565,s0.7750000000000001,s90
041_27,s0.765,s1.125,s270
041_28,s1.9800000000000002,s0.55,s0
041_29,s2.33,s1.35,s180
041_30,s-1.4050000000000002,s1.8749999999999998,s90
041_31,s-2.205,s2.2249999999999996,s270
041_32,s-0.9900000000000001,s1.65,s0
041_33,s-0.6400000000000001,s2.45,s180
041_34,s0.575,s1.875,s90
041_35,s-0.225,s2.225,s270
041_36,s0.9900000000000001,s1.65,s0
041_37,s1.34,s2.45,s180
041_38,s2.555,s1.875,s90
041_39,s1.755,s2.2249999999999996,s270
042_0,s-1.9800000000000002,s-2.2,s0
042_1,s-1.6300000000000003,s-1.4,s180
042_2,s-0.415,s-1.975,s90
042_3,s-1.215,s-1.625,s270
042_4,s0.0,s-2.2,s0
042_5,s0.35,s-1.4,s180
042_6,s1.565,s-1.975,s90
042_7,s0.765,s-1.625,s270
042_8,s1.9800000000000002,s-2.2,s0
042_9,s2.33,s-1.4,s180
042_10,s-1.405,s-0.875,s90
042_11,s-2.205,s-0.525,s270
042_12,s-0.9900000000000001,s-1.1,s0
042_13,s-0.6400000000000001,s-0.3,s180
042_14,s0.575,s-0.875,s90
042_15,s-0.225,s-0.525,s270
042_16,s0.9900000000000001,s-1.1,s0
042_17,s1.34,s-0.3,s180
042_18,s2.555,s-0.8749999999999998,s90
042_19,s1.7550000000000003,s-0.525,s270
042_20,s-1.9800000000000002,s0.0,s0
042_21,s-1.6300000000000003,s0.8,s180
042_22,s-0.41500000000000015,s0.22499999999999987,s90
042_23,s-1.215,s0.5749999999999998,s270
042_24,s0.0,s0.0,s0
042_25,s0.35,s0.8,s180
042_26,s1.565,s0.22500000000000012,s90
042_27,s0.765,s0.575,s270
042_28,s1.9800000000000002,s0.0,s0
042_29,s2.33,s0.8,s180
042_30,s-1.4050000000000002,s1.3249999999999997,s90
042_31,s-2.205,s1.6749999999999998,s270
042_32,s-0.9900000000000001,s1.1,s0
042_33,s-0.6400000000000001,s1.9,s180
042_34,s0.575,s1.325,s90
042_35,s-0.225,s1.675,s270
042_36,s0.9900000000000001,s1.1,s0
042_37,s1.34,s1.9,s180
042_38,s2.555,s1.325,s90
042_39,s1.755,s1.6749999999999998,s270
042_40,s-1.9800000000000002,s2.2,s0
042_41,s-1.6300000000000003,s3.0,s180
043_0,s-1.9800000000000002,s-2.2,s0
043_1,s-1.6300000000000003,s-1.4,s180
043_2,s-0.415,s-1.975,s90
043_3,s-1.215,s-1.625,s270
043_4,s0.0,s-2.2,s0
043_5,s0.35,s-1.4,s180
043_6,s1.565,s-1.975,s90
043_7,s0.765,s-1.625,s270
043_8,s1.9800000000000002,s-2.2,s0
043_9,s2.33,s-1.4,s180
043_10,s-1.405,s-0.875,s90
043_11,s-2.205,s-0.525,s270
043_12,s-0.9900000000000001,s-1.1,s0
043_13,s-0.6400000000000001,s-0.3,s180
043_14,s0.575,s-0.875,s90
043_15,s-0.225,s-0.525,s270
043_16,s0.9900000000000001,s-1.1,s0
043_17,s1.34,s-0.3,s180
043_18,s2.555,s-0.8749999999999998,s90
043_19,s1.7550000000000003,s-0.525,s270
043_20,s-1.9800000000000002,s0.0,s0
043_21,s-1.6300000000000003,s0.8,s180
043_22,s-0.41500000000000015,s0.22499999999999987,s90
043_23,s-1.215,s0.5749999999999998,s270
043_24,s0.0,s0.0,s0
043_25,s0.35,s0.8,s180
043_26,s1.565,s0.22500000000000012,s90
043_27,s0.765,s0.575,s270
043_28,s1.9800000000000002,s0.0,s0
043_29,s2.33,s0.8,s180
043_30,s-1.4050000000000002,s1.3249999999999997,s90
043_31,s-2.205,s1.6749999999999998,s270
043_32,s-0.9900000000000001,s1.1,s0
043_33,s-0.6400000000000001,s1.9,s180
043_34,s0.575,s1.325,s90
043_35,s-0.225,s1.675,s270
043_36,s0.9900000000000001,s1.1,s0
043_37,s1.34,s1.9,s180
043_38,s2.555,s1.325,s90
043_39,s1.755,s1.6749999999999998,s270
043_40,s-1.9800000000000002,s2.2,s0
043_41,s-1.6300000000000003,s3.0,s180
044_0,s-1.9800000000000002,s-2.2,s0
044_1,s-1.6300000000000003,s-1.4,s180
044_2,s-0.415,s-1.975,s90
044_3,s-1.215,s-1.625,s270
044_4,s0.0,s-2.2,s0
044_5,s0.35,s-1.4,s180
044_6,s1.565,s-1.975,s90
044_7,s0.765,s-1.625,s270
044_8,s1.9800000000000002,s-2.2,s0
044_9,s2.33,s-1.4,s180
044_10,s-1.405,s-0.875,s90
044_11,s-2.205,s-0.525,s270
044_12,s-0.9900000000000001,s-1.1,s0
044_13,s-0.6400000000000001,s-0.3,s180
044_14,s0.575,s-0.875,s90
044_15,s-0.225,s-0.525,s270
044_16,s0.9900000000000001,s-1.1,s0
044_17,s1.34,s-0.3,s180
044_18,s2.555,s-0.8749999999999998,s90
044_19,s1.7550000000000003,s-0.525,s270
044_20,s-1.9800000000000002,s0.0,s0
044_21,s-1.6300000000000003,s0.8,s180
044_22,s-0.41500000000000015,s0.22499999999999987,s90
044_23,s-1.215,s0.5749999999999998,s270
044_24,s0.0,s0.0,s0
044_25,s0.35,s0.8,s180
044_26,s1.565,s0.22500000000000012,s90
044_27,s0.765,s0.575,s270
044_28,s1.9800000000000002,s0.0,s0
044_29,s2.33,s0.8,s180
044_30,s-1.4050000000000002,s1.3249999999999997,s90
044_31,s-2.205,s1.6749999999999998,s270
044_32,s-0.9900000000000001,s1.1,s0
044_33,s-0.6400000000000001,s1.9,s180
044_34,s0.575,s1.325,s90
044_35,s-0.225,s1.675,s270
044_36,s0.9900000000000001,s1.1,s0
044_37,s1.34,s1.9,s180
044_38,s2.555,s1.325,s90
044_39,s1.755,s1.6749999999999998,s270
044_40,s-1.9800000000000002,s2.2,s0
044_41,s-1.6300000000000003,s3.0,s180
044_42,s-0.415,s2.425,s90
044_43,s-1.215,s2.775,s270
045_0,s-1.9800000000000002,s-2.2,s0
045_1,s-1.6300000000000003,s-1.4,s180
045_2,s-0.415,s-1.975,s90
045_3,s-1.215,s-1.625,s270
045_4,s0.0,s-2.2,s0
045_5,s0.35,s-1.4,s180
045_6,s1.565,s-1.975,s90
045_7,s0.765,s-1.625,s270
045_8,s1.9800000000000002,s-2.2,s0
045_9,s2.33,s-1.4,s180
045_10,s-1.405,s-0.875,s90
045_11,s-2.205,s-0.525,s270
045_12,s-0.9900000000000001,s-1.1,s0
045_13,s-0.6400000000000001,s-0.3,s180
045_14,s0.575,s-0.875,s90
045_15,s-0.225,s-0.525,s270
045_16,s0.9900000000000001,s-1.1,s0
045_17,s1.34,s-0.3,s180
045_18,s2.555,s-0.8749999999999998,s90
045_19,s1.7550000000000003,s-0.525,s270
045_20,s-1.9800000000000002,s0.0,s0
045_21,s-1.6300000000000003,s0.8,s180
045_22,s-0.41500000000000015,s0.22499999999999987,s90
045_23,s-1.215,s0.5749999999999998,s270
045_24,s0.0,s0.0,s0
045_25,s0.35,s0.8,s180
045_26,s1.565,s0.22500000000000012,s90
045_27,s0.765,s0.575,s270
045_28,s1.9800000000000002,s0.0,s0
045_29,s2.33,s0.8,s180
045_30,s-1.4050000000000002,s1.3249999999999997,s90
045_31,s-2.205,s1.6749999999999998,s270
045_32,s-0.9900000000000001,s1.1,s0
045_33,s-0.6400000000000001,s1.9,s180
045_34,s0.575,s1.325,s90
045_35,s-0.225,s1.675,s270
045_36,s0.9900000000000001,s1.1,s0
045_37,s1.34,s1.9,s180
045_38,s2.555,s1.325,s90
045_39,s1.755,s1.6749999999999998,s270
045_40,s-1.9800000000000002,s2.2,s0
045_41,s-1.6300000000000003,s3.0,s180
045_42,s-0.415,s2.425,s90
045_43,s-1.215,s2.775,s270
046_0,s-1.9800000000000002,s-2.2,s0
046_1,s-1.6300000000000003,s-1.4,s180
046_2,s-0.415,s-1.975,s90
046_3,s-1.215,s-1.625,s270
046_4,s0.0,s-2.2,s0
046_5,s0.35,s-1.4,s180
046_6,s1.565,s-1.975,s90
046_7,s0.765,s-1.625,s270
046_8,s1.9800000000000002,s-2.2,s0
046_9,s2.33,s-1.4,s180
046_10,s-1.405,s-0.875,s90
046_11,s-2.205,s-0.525,s270
046_12,s-0.9900000000000001,s-1.1,s0
046_13,s-0.6400000000000001,s-0.3,s180
046_14,s0.575,s-0.875,s90
046_15,s-0.225,s-0.525,s270
046_16,s0.9900000000000001,s-1.1,s0
046_17,s1.34,s-0.3,s180
046_18,s2.555,s-0.8749999999999998,s90
046_19,s1.7550000000000003,s-0.525,s270
046_20,s-1.9800000000000002,s0.0,s0
046_21,s-1.6300000000000003,s0.8,s180
046_22,s-0.41500000000000015,s0.22499999999999987,s90
046_23,s-1.215,s0.5749999999999998,s270
046_24,s0.0,s0.0,s0
046_25,s0.35,s0.8,s180
046_26,s1.565,s0.22500000000000012,s90
046_27,s0.765,s0.575,s270
046_28,s1.9800000000000002,s0.0,s0
046_29,s2.33,s0.8,s180
046_30,s-1.4050000000000002,s1.3249999999999997,s90
046_31,s-2.205,s1.6749999999999998,s270
046_32,s-0.9900000000000001,s1.1,s0
046_33,s-0.6400000000000001,s1.9,s180
046_34,s0.575,s1.325,s90
046_35,s-0.225,s1.675,s270
046_36,s0.9900000000000001,s1.1,s0
046_37,s1.34,s1.9,s180
046_38,s2.555,s1.325,s90
046_39,s1.755,s1.6749999999999998,s270
046_40,s-1.9800000000000002,s2.2,s0
046_41,s-1.6300000000000003,s3.0,s180
046_42,s-0.415,s2.425,s90
046_43,s-1.215,s2.775,s270
046_44,s0.0,s2.2,s0
046_45,s0.35,s3.0,s180
047_0,s-1.9800000000000002,s-2.2,s0
047_1,s-1.6300000000000003,s-1.4,s180
047_2,s-0.415,s-1.975,s90
047_3,s-1.215,s-1.625,s270
047_4,s0.0,s-2.2,s0
047_5,s0.35,s-1.4,s180
047_6,s1.565,s-1.975,s90
047_7,s0.765,s-1.625,s270
047_8,s1.9800000000000002,s-2.2,s0
047_9,s2.33,s-1.4,s180
047_10,s-1.405,s-0.875,s90
047_11,s-2.205,s-0.525,s270
047_12,s-0.9900000000000001,s-1.1,s0
047_13,s-0.6400000000000001,s-0.3,s180
047_14,s0.575,s-0.875,s90
047_15,s-0.225,s-0.525,s270
047_16,s0.9900000000000001,s-1.1,s0
047_17,s1.34,s-0.3,s180
047_18,s2.555,s-0.8749999999999998,s90
047_19,s1.7550000000000003,s-0.525,s270
047_20,s-1.9800000000000002,s0.0,s0
047_21,s-1.6300000000000003,s0.8,s180
047_22,s-0.41500000000000015,s0.22499999999999987,s90
047_23,s-1.215,s0.5749999999999998,s270
047_24,s0.0,s0.0,s0
047_25,s0.35,s0.8,s180
047_26,s1.565,s0.22500000000000012,s90
047_27,s0.765,s0.575,s270
047_28,s1.9800000000000002,s0.0,s0
047_29,s2.33,s0.8,s180
047_30,s-1.4050000000000002,s1.3249999999999997,s90
047_31,s-2.205,s1.6749999999999998,s270
047_32,s-0.9900000000000001,s1.1,s0
047_33,s-0.6400000000000001,s1.9,s180
047_34,s0.575,s1.325,s90
047_35,s-0.225,s1.675,s270
047_36,s0.9900000000000001,s1.1,s0
047_37,s1.34,s1.9,s180
047_38,s2.555,s1.325,s90
047_39,s1.755,s1.6749999999999998,s270
047_40,s-1.9800000000000002,s2.2,s0
047_41,s-1.6300000000000003,s3.0,s180
047_42,s-0.415,s2.425,s90
047_43,s-1.215,s2.775,s270
047_44,s0.0,s2.2,s0
047_45,s0.35,s3.0,s180
048_0,s-1.9800000000000002,s-2.2,s0
048_1,s-1.6300000000000003,s-1.4,s180
048_2,s-0.415,s-1.975,s90
048_3,s-1.215,s-1.625,s270
048_4,s0.0,s-2.2,s0
048_5,s0.35,s-1.4,s180
048_6,s1.565,s-1.975,s90
048_7,s0.765,s-1.625,s270
048_8,s1.9800000000000002,s-2.2,s0
048_9,s2.33,s-1.4,s180
048_10,s-1.405,s-0.875,s90
048_11,s-2.205,s-0.525,s270
048_12,s-0.9900000000000001,s-1.1,s0
048_13,s-0.6400000000000001,s-0.3,s180
048_14,s0.575,s-0.875,s90
048_15,s-0.225,s-0.525,s270
048_16,s0.9900000000000001,s-1.1,s0
048_17,s1.34,s-0.3,s180
048_18,s2.555,s-0.8749999999999998,s90
048_19,s1.7550000000000003,s-0.525,s270
048_20,s-1.9800000000000002,s0.0,s0
048_21,s-1.6300000000000003,s0.8,s180
048_22,s-0.41500000000000015,s0.22499999999999987,s90
048_23,s-1.215,s0.5749999999999998,s270
048_24,s0.0,s0.0,s0
048_25,s0.35,s0.8,s180
048_26,s1.565,s0.22500000000000012,s90
048_27,s0.765,s0.575,s270
048_28,s1.9800000000000002,s0.0,s0
048_29,s2.33,s0.8,s180
048_30,s-1.4050000000000002,s1.3249999999999997,s90
048_31,s-2.205,s1.6749999999999998,s270
048_32,s-0.9900000000000001,s1.1,s0
048_33,s-0.6400000000000001,s1.9,s180
048_34,s0.575,s1.325,s90
048_35,s-0.225,s1.675,s270
048_36,s0.9900000000000001,s1.1,s0
048_37,s1.34,s1.9,s180
048_38,s2.555,s1.325,s90
048_39,s1.755,s1.6749999999999998,s270
048_40,s-1.9800000000000002,s2.2,s0
048_41,s-1.6300000000000003,s3.0,s180
048_42,s-0.415,s2.425,s90
048_43,s-1.215,s2.775,s270
048_44,s0.0,s2.2,s0
048_45,s0.35,s3.0,s180
048_46,s1.565,s2.425,s90
048_47,s0.765,s2.775,s270
049_0,s-1.9800000000000002,s-2.2,s0
049_1,s-1.6300000000000003,s-1.4,s180
049_2,s-0.415,s-1.975,s90
049_3,s-1.215,s-1.625,s270
049_4,s0.0,s-2.2,s0
049_5,s0.35,s-1.4,s180
049_6,s1.565,s-1.975,s90
049_7,s0.765,s-1.625,s270
049_8,s1.9800000000000002,s-2.2,s0
049_9,s2.33,s-1.4,s180
049_10,s-1.405,s-0.875,s90
049_11,s-2.205,s-0.525,s270
049_12,s-0.9900000000000001,s-1.1,s0
049_13,s-0.6400000000000001,s-0.3,s180
049_14,s0.575,s-0.875,s90
049_15,s-0.225,s-0.525,s270
049_16,s0.9900000000000001,s-1.1,s0
049_17,s1.34,s-0.3,s180
049_18,s2.555,s-0.8749999999999998,s90
049_19,s1.7550000000000003,s-0.525,s270
049_20,s-1.9800000000000002,s0.0,s0
049_21,s-1.6300000000000003,s0.8,s180
049_22,s-0.41500000000000015,s0.22499999999999987,s90
049_23,s-1.215,s0.5749999999999998,s270
049_24,s0.0,s0.0,s0
049_25,s0.35,s0.8,s180
049_26,s1.565,s0.22500000000000012,s90
049_27,s0.765,s0.575,s270
049_28,s1.9800000000000002,s0.0,s0
049_29,s2.33,s0.8,s180
049_30,s-1.4050000000000002,s1.3249999999999997,s90
049_31,s-2.205,s1.6749999999999998,s270
049_32,s-0.9900000000000001,s1.1,s0
049_33,s-0.6400000000000001,s1.9,s180
049_34,s0.575,s1.325,s90
049_35,s-0.225,s1.675,s270
049_36,s0.9900000000000001,s1.1,s0
049_37,s1.34,s1.9,s180
049_38,s2.555,s1.325,s90
049_39,s1.755,s1.6749999999999998,s270
049_40,s-1.9800000000000002,s2.2,s0
049_41,s-1.6300000000000003,s3.0,s180
049_42,s-0.415,s2.425,s90
049_43,s-1.215,s2.775,s270
049_44,s0.0,s2.2,s0
049_45,s0.35,s3.0,s180
049_46,s1.565,s2.425,s90
049_47,s0.765,s2.775,s270
050_0,s-2.475,s-2.2,s0
050_1,s-2.125,s-1.4,s180
050_2,s-0.91,s-1.975,s90
050_3,s-1.71,s-1.625,s270
050_4,s-0.49500000000000005,s-2.2,s0
050_5,s-0.14500000000000007,s-1.4,s180
050_6,s1.07,s-1.975,s90
050_7,s0.27,s-1.625,s270
050_8,s1.485,s-2.2,s0
050_9,s1.835,s-1.4,s180
050_10,s3.05,s-1.975,s90
050_11,s2.25,s-1.625,s270
050_12,s-1.9,s-0.875,s90
050_13,s-2.7,s-0.525,s270
050_14,s-1.485,s-1.1,s0
050_15,s-1.135,s-0.3,s180
050_16,s0.08,s-0.875,s90
050_17,s-0.72,s-0.525,s270
050_18,s0.49500000000000005,s-1.1,s0
050_19,s0.845,s-0.3,s180
050_20,s2.06,s-0.875,s90
050_21,s1.26,s-0.525,s270
050_22,s2.475,s-1.1,s0
050_23,s2.825,s-0.3,s180
050_24,s-2.475,s0.0,s0
050_25,s-2.125,s0.8,s180
050_26,s-0.91,s0.225,s90
050_27,s-1.71,s0.575,s270
050_28,s-0.49500000000000005,s0.0,s0
050_29,s-0.14500000000000007,s0.8,s180
050_30,s1.07,s0.22500000000000006,s90
050_31,s0.27,s0.575,s270
050_32,s1.485,s0.0,s0
050_33,s1.835,s0.8,s180
050_34,s3.05,s0.225,s90
050_35,s2.25,s0.575,s270
050_36,s-1.9,s1.325,s90
050_37,s-2.7,s1.675,s270
050_38,s-1.485,s1.1,s0
050_39,s-1.135,s1.9,s180
050_40,s0.08,s1.325,s90
050_41,s-0.72,s1.675,s270
050_42,s0.49500000000000005,s1.1,s0
050_43,s0.845,s1.9,s180
050_44,s2.06,s1.325,s90
050_45,s1.26,s1.675,s270
050_46,s2.475,s1.1,s0
050_47,s2.825,s1.9,s180
050_48,s-2.475,s2.2,s0
050_49,s-2.125,s3.0,s180
051_0,s-2.475,s-2.2,s0
051_1,s-2.125,s-1.4,s180
051_2,s-0.91,s-1.975,s90
051_3,s-1.71,s-1.625,s270
051_4,s-0.49500000000000005,s-2.2,s0
051_5,s-0.14500000000000007,s-1.4,s180
051_6,s1.07,s-1.975,s90
051_7,s0.27,s-1.625,s270
051_8,s1.485,s-2.2,s0
051_9,s1.835,s-1.4,s180
051_10,s3.05,s-1.975,s90
051_11,s2.25,s-1.625,s270
051_12,s-1.9,s-0.875,s90
051_13,s-2.7,s-0.525,s270
051_14,s-1.485,s-1.1,s0
051_15,s-1.135,s-0.3,s180
051_16,s0.08,s-0.875,s90
051_17,s-0.72,s-0.525,s270
051_18,s0.49500000000000005,s-1.1,s0
051_19,s0.845,s-0.3,s180
051_20,s2.06,s-0.875,s90
051_21,s1.26,s-0.525,s270
051_22,s2.475,s-1.1,s0
051_23,s2.825,s-0.3,s180
051_24,s-2.475,s0.0,s0
051_25,s-2.125,s0.8,s180
051_26,s-0.91,s0.225,s90
051_27,s-1.71,s0.575,s270
051_28,s-0.49500000000000005,s0.0,s0
051_29,s-0.14500000000000007,s0.8,s180
051_30,s1.07,s0.22500000000000006,s90
051_31,s0.27,s0.575,s270
051_32,s1.485,s0.0,s0
051_33,s1.835,s0.8,s180
051_34,s3.05,s0.225,s90
051_35,s2.25,s0.575,s270
051_36,s-1.9,s1.325,s90
051_37,s-2.7,s1.675,s270
051_38,s-1.485,s1.1,s0
051_39,s-1.135,s1.9,s180
051_40,s0.08,s1.325,s90
051_41,s-0.72,s1.675,s270
051_42,s0.49500000000000005,s1.1,s0
051_43,s0.845,s1.9,s180
051_44,s2.06,s1.325,s90
051_45,s1.26,s1.675,s270
051_46,s2.475,s1.1,s0
051_47,s2.825,s1.9,s180
051_48,s-2.475,s2.2,s0
051_49,s-2.125,s3.0,s180
052_0,s-2.475,s-2.2,s0
052_1,s-2.125,s-1.4,s180
052_2,s-0.91,s-1.975,s90
052_3,s-1.71,s-1.625,s270
052_4,s-0.49500000000000005,s-2.2,s0
052_5,s-0.14500000000000007,s-1.4,s180
052_6,s1.07,s-1.975,s90
052_7,s0.27,s-1.625,s270
052_8,s1.485,s-2.2,s0
052_9,s1.835,s-1.4,s180
052_10,s3.05,s-1.975,s90
052_11,s2.25,s-1.625,s270
052_12,s-1.9,s-0.875,s90
052_13,s-2.7,s-0.525,s270
052_14,s-1.485,s-1.1,s0
052_15,s-1.135,s-0.3,s180
052_16,s0.08,s-0.875,s90
052_17,s-0.72,s-0.525,s270
052_18,s0.49500000000000005,s-1.1,s0
052_19,s0.845,s-0.3,s180
052_20,s2.06,s-0.875,s90
052_21,s1.26,s-0.525,s270
052_22,s2.475,s-1.1,s0
052_23,s2.825,s-0.3,s180
052_24,s-2.475,s0.0,s0
052_25,s-2.125,s0.8,s180
052_26,s-0.91,s0.225,s90
052_27,s-1.71,s0.575,s270
052_28,s-0.49500000000000005,s0.0,s0
052_29,s-0.14500000000000007,s0.8,s180
052_30,s1.07,s0.22500000000000006,s90
052_31,s0.27,s0.575,s270
052_32,s1.485,s0.0,s0
052_33,s1.835,s0.8,s180
052_34,s3.05,s0.225,s90
052_35,s2.25,s0.575,s270
052_36,s-1.9,s1.325,s90
052_37,s-2.7,s1.675,s270
052_38,s-1.485,s1.1,s0
052_39,s-1.135,s1.9,s180
052_40,s0.08,s1.325,s90
052_41,s-0.72,s1.675,s270
052_42,s0.49500000000000005,s1.1,s0
052_43,s0.845,s1.9,s180
052_44,s2.06,s1.325,s90
052_45,s1.26,s1.675,s270
052_46,s2.475,s1.1,s0
052_47,s2.825,s1.9,s180
052_48,s-2.475,s2.2,s0
052_49,s-2.125,s3.0,s180
052_50,s-0.91,s2.425,s90
052_51,s-1.71,s2.775,s270
053_0,s-2.475,s-2.2,s0
053_1,s-2.125,s-1.4,s180
053_2,s-0.91,s-1.975,s90
053_3,s-1.71,s-1.625,s270
053_4,s-0.49500000000000005,s-2.2,s0
053_5,s-0.14500000000000007,s-1.4,s180
053_6,s1.07,s-1.975,s90
053_7,s0.27,s-1.625,s270
053_8,s1.485,s-2.2,s0
053_9,s1.835,s-1.4,s180
053_10,s3.05,s-1.975,s90
053_11,s2.25,s-1.625,s270
053_12,s-1.9,s-0.875,s90
053_13,s-2.7,s-0.525,s270
053_14,s-1.485,s-1.1,s0
053_15,s-1.135,s-0.3,s180
053_16,s0.08,s-0.875,s90
053_17,s-0.72,s-0.525,s270
053_18,s0.49500000000000005,s-1.1,s0
053_19,s0.845,s-0.3,s180
053_20,s2.06,s-0.875,s90
053_21,s1.26,s-0.525,s270
053_22,s2.475,s-1.1,s0
053_23,s2.825,s-0.3,s180
053_24,s-2.475,s0.0,s0
053_25,s-2.125,s0.8,s180
053_26,s-0.91,s0.225,s90
053_27,s-1.71,s0.575,s270
053_28,s-0.49500000000000005,s0.0,s0
053_29,s-0.14500000000000007,s0.8,s180
053_30,s1.07,s0.22500000000000006,s90
053_31,s0.27,s0.575,s270
053_32,s1.485,s0.0,s0
053_33,s1.835,s0.8,s180
053_34,s3.05,s0.225,s90
053_35,s2.25,s0.575,s270
053_36,s-1.9,s1.325,s90
053_37,s-2.7,s1.675,s270
053_38,s-1.485,s1.1,s0
053_39,s-1.135,s1.9,s180
053_40,s0.08,s1.325,s90
053_41,s-0.72,s1.675,s270
053_42,s0.49500000000000005,s1.1,s0
053_43,s0.845,s1.9,s180
053_44,s2.06,s1.325,s90
053_45,s1.26,s1.675,s270
053_46,s2.475,s1.1,s0
053_47,s2.825,s1.9,s180
053_48,s-2.475,s2.2,s0
053_49,s-2.125,s3.0,s180
053_50,s-0.91,s2.425,s90
053_51,s-1.71,s2.775,s270
054_0,s-2.475,s-2.2,s0
054_1,s-2.125,s-1.4,s180
054_2,s-0.91,s-1.975,s90
054_3,s-1.71,s-1.625,s270
054_4,s-0.49500000000000005,s-2.2,s0
054_5,s-0.14500000000000007,s-1.4,s180
054_6,s1.07,s-1.975,s90
054_7,s0.27,s-1.625,s270
054_8,s1.485,s-2.2,s0
054_9,s1.835,s-1.4,s180
054_10,s3.05,s-1.975,s90
054_11,s2.25,s-1.625,s270
054_12,s-1.9,s-0.875,s90
054_13,s-2.7,s-0.525,s270
054_14,s-1.485,s-1.1,s0
054_15,s-1.135,s-0.3,s180
054_16,s0.08,s-0.875,s90
054_17,s-0.72,s-0.525,s270
054_18,s0.49500000000000005,s-1.1,s0
054_19,s0.845,s-0.3,s180
054_20,s2.06,s-0.875,s90
054_21,s1.26,s-0.525,s270
054_22,s2.475,s-1.1,s0
054_23,s2.825,s-0.3,s180
054_24,s-2.475,s0.0,s0
054_25,s-2.125,s0.8,s180
054_26,s-0.91,s0.225,s90
054_27,s-1.71,s0.575,s270
054_28,s-0.49500000000000005,s0.0,s0
054_29,s-0.14500000000000007,s0.8,s180
054_30,s1.07,s0.22500000000000006,s90
054_31,s0.27,s0.575,s270
054_32,s1.485,s0.0,s0
054_33,s1.835,s0.8,s180
054_34,s3.05,s0.225,s90
054_35,s2.25,s0.575,s270
054_36,s-1.9,s1.325,s90
054_37,s-2.7,s1.675,s270
054_38,s-1.485,s1.1,s0
054_39,s-1.135,s1.9,s180
054_40,s0.08,s1.325,s90
054_41,s-0.72,s1.675,s270
054_42,s0.49500000000000005,s1.1,s0
054_43,s0.845,s1.9,s180
054_44,s2.06,s1.325,s90
054_45,s1.26,s1.675,s270
054_46,s2.475,s1.1,s0
054_47,s2.825,s1.9,s180
054_48,s-2.475,s2.2,s0
054_49,s-2.125,s3.0,s180
054_50,s-0.91,s2.425,s90
054_51,s-1.71,s2.775,s270
054_52,s-0.49500000000000005,s2.2,s0
054_53,s-0.14500000000000007,s3.0,s180
055_0,s-2.475,s-2.2,s0
055_1,s-2.125,s-1.4,s180
055_2,s-0.91,s-1.975,s90
055_3,s-1.71,s-1.625,s270
055_4,s-0.49500000000000005,s-2.2,s0
055_5,s-0.14500000000000007,s-1.4,s180
055_6,s1.07,s-1.975,s90
055_7,s0.27,s-1.625,s270
055_8,s1.485,s-2.2,s0
055_9,s1.835,s-1.4,s180
055_10,s3.05,s-1.975,s90
055_11,s2.25,s-1.625,s270
055_12,s-1.9,s-0.875,s90
055_13,s-2.7,s-0.525,s270
055_14,s-1.485,s-1.1,s0
055_15,s-1.135,s-0.3,s180
055_16,s0.08,s-0.875,s90
055_17,s-0.72,s-0.525,s270
055_18,s0.49500000000000005,s-1.1,s0
055_19,s0.845,s-0.3,s180
055_20,s2.06,s-0.875,s90
055_21,s1.26,s-0.525,s270
055_22,s2.475,s-1.1,s0
055_23,s2.825,s-0.3,s180
055_24,s-2.475,s0.0,s0
055_25,s-2.125,s0.8,s180
055_26,s-0.91,s0.225,s90
055_27,s-1.71,s0.575,s270
055_28,s-0.49500000000000005,s0.0,s0
055_29,s-0.14500000000000007,s0.8,s180
055_30,s1.07,s0.22500000000000006,s90
055_31,s0.27,s0.575,s270
055_32,s1.485,s0.0,s0
055_33,s1.835,s0.8,s180
055_34,s3.05,s0.225,s90
055_35,s2.25,s0.575,s270
055_36,s-1.9,s1.325,s90
055_37,s-2.7,s1.675,s270
055_38,s-1.485,s1.1,s0
055_39,s-1.135,s1.9,s180
055_40,s0.08,s1.325,s90
055_41,s-0.72,s1.675,s270
055_42,s0.49500000000000005,s1.1,s0
055_43,s0.845,s1.9,s180
055_44,s2.06,s1.325,s90
055_45,s1.26,s1.675,s270
055_46,s2.475,s1.1,s0
055_47,s2.825,s1.9,s180
055_48,s-2.475,s2.2,s0
055_49,s-2.125,s3.0,s180
055_50,s-0.91,s2.425,s90
055_51,s-1.71,s2.775,s270
055_52,s-0.49500000000000005,s2.2,s0
055_53,s-0.14500000000000007,s3.0,s180
056_0,s-2.475,s-2.2,s0
056_1,s-2.125,s-1.4,s180
056_2,s-0.91,s-1.975,s90
056_3,s-1.71,s-1.625,s270
056_4,s-0.49500000000000005,s-2.2,s0
056_5,s-0.14500000000000007,s-1.4,s180
056_6,s1.07,s-1.975,s90
056_7,s0.27,s-1.625,s270
056_8,s1.485,s-2.2,s0
056_9,s1.835,s-1.4,s180
056_10,s3.05,s-1.975,s90
056_11,s2.25,s-1.625,s270
056_12,s-1.9,s-0.875,s90
056_13,s-2.7,s-0.525,s270
056_14,s-1.485,s-1.1,s0
056_15,s-1.135,s-0.3,s180
056_16,s0.08,s-0.875,s90
056_17,s-0.72,s-0.525,s270
056_18,s0.49500000000000005,s-1.1,s0
056_19,s0.845,s-0.3,s180
056_20,s2.06,s-0.875,s90
056_21,s1.26,s-0.525,s270
056_22,s2.475,s-1.1,s0
056_23,s2.825,s-0.3,s180
056_24,s-2.475,s0.0,s0
056_25,s-2.125,s0.8,s180
056_26,s-0.91,s0.225,s90
056_27,s-1.71,s0.575,s270
056_28,s-0.49500000000000005,s0.0,s0
056_29,s-0.14500000000000007,s0.8,s180
056_30,s1.07,s0.22500000000000006,s90
056_31,s0.27,s0.575,s270
056_32,s1.485,s0.0,s0
056_33,s1.835,s0.8,s180
056_34,s3.05,s0.225,s90
056_35,s2.25,s0.575,s270
056_36,s-1.9,s1.325,s90
056_37,s-2.7,s1.675,s270
056_38,s-1.485,s1.1,s0
056_39,s-1.135,s1.9,s180
056_40,s0.08,s1.325,s90
056_41,s-0.72,s1.675,s270
056_42,s0.49500000000000005,s1.1,s0
056_43,s0.845,s1.9,s180
056_44,s2.06,s1.325,s90
056_45,s1.26,s1.675,s270
056_46,s2.475,s1.1,s0
056_47,s2.825,s1.9,s180
056_48,s-2.475,s2.2,s0
056_49,s-2.125,s3.0,s180
056_50,s-0.91,s2.425,s90
056_51,s-1.71,s2.775,s270
056_52,s-0.49500000000000005,s2.2,s0
056_53,s-0.14500000000000007,s3.0,s180
056_54,s1.07,s2.425,s90
056_55,s0.27,s2.775,s270
057_0,s-2.475,s-2.2,s0
057_1,s-2.125,s-1.4,s180
057_2,s-0.91,s-1.975,s90
057_3,s-1.71,s-1.625,s270
057_4,s-0.49500000000000005,s-2.2,s0
057_5,s-0.14500000000000007,s-1.4,s180
057_6,s1.07,s-1.975,s90
057_7,s0.27,s-1.625,s270
057_8,s1.485,s-2.2,s0
057_9,s1.835,s-1.4,s180
057_10,s3.05,s-1.975,s90
057_11,s2.25,s-1.625,s270
057_12,s-1.9,s-0.875,s90
057_13,s-2.7,s-0.525,s270
057_14,s-1.485,s-1.1,s0
057_15,s-1.135,s-0.3,s180
057_16,s0.08,s-0.875,s90
057_17,s-0.72,s-0.525,s270
057_18,s0.49500000000000005,s-1.1,s0
057_19,s0.845,s-0.3,s180
057_20,s2.06,s-0.875,s90
057_21,s1.26,s-0.525,s270
057_22,s2.475,s-1.1,s0
057_23,s2.825,s-0.3,s180
057_24,s-2.475,s0.0,s0
057_25,s-2.125,s0.8,s180
057_26,s-0.91,s0.225,s90
057_27,s-1.71,s0.575,s270
057_28,s-0.49500000000000005,s0.0,s0
057_29,s-0.14500000000000007,s0.8,s180
057_30,s1.07,s0.22500000000000006,s90
057_31,s0.27,s0.575,s270
057_32,s1.485,s0.0,s0
057_33,s1.835,s0.8,s180
057_34,s3.05,s0.225,s90
057_35,s2.25,s0.575,s270
057_36,s-1.9,s1.325,s90
057_37,s-2.7,s1.675,s270
057_38,s-1.485,s1.1,s0
057_39,s-1.135,s1.9,s180
057_40,s0.08,s1.325,s90
057_41,s-0.72,s1.675,s270
057_42,s0.49500000000000005,s1.1,s0
057_43,s0.845,s1.9,s180
057_44,s2.06,s1.325,s90
057_45,s1.26,s1.675,s270
057_46,s2.475,s1.1,s0
057_47,s2.825,s1.9,s180
057_48,s-2.475,s2.2,s0
057_49,s-2.125,s3.0,s180
057_50,s-0.91,s2.425,s90
057_51,s-1.71,s2.775,s270
057_52,s-0.49500000000000005,s2.2,s0
057_53,s-0.14500000000000007,s3.0,s180
057_54,s1.07,s2.425,s90
057_55,s0.27,s2.775,s270
058_0,s-2.475,s-2.2,s0
058_1,s-2.125,s-1.4,s180
058_2,s-0.91,s-1.975,s90
058_3,s-1.71,s-1.625,s270
058_4,s-0.49500000000000005,s-2.2,s0
058_5,s-0.14500000000000007,s-1.4,s180
058_6,s1.07,s-1.975,s90
058_7,s0.27,s-1.625,s270
058_8,s1.485,s-2.2,s0
058_9,s1.835,s-1.4,s180
058_10,s3.05,s-1.975,s90
058_11,s2.25,s-1.625,s270
058_12,s-1.9,s-0.875,s90
058_13,s-2.7,s-0.525,s270
058_14,s-1.485,s-1.1,s0
058_15,s-1.135,s-0.3,s180
058_16,s0.08,s-0.875,s90
058_17,s-0.72,s-0.525,s270
058_18,s0.49500000000000005,s-1.1,s0
058_19,s0.845,s-0.3,s180
058_20,s2.06,s-0.875,s90
058_21,s1.26,s-0.525,s270
058_22,s2.475,s-1.1,s0
058_23,s2.825,s-0.3,s180
058_24,s-2.475,s0.0,s0
058_25,s-2.125,s0.8,s180
058_26,s-0.91,s0.225,s90
058_27,s-1.71,s0.575,s270
058_28,s-0.49500000000000005,s0.0,s0
058_29,s-0.14500000000000007,s0.8,s180
058_30,s1.07,s0.22500000000000006,s90
058_31,s0.27,s0.575,s270
058_32,s1.485,s0.0,s0
058_33,s1.835,s0.8,s180
058_34,s3.05,s0.225,s90
058_35,s2.25,s0.575,s270
058_36,s-1.9,s1.325,s90
058_37,s-2.7,s1.675,s270
058_38,s-1.485,s1.1,s0
058_39,s-1.135,s1.9,s180
058_40,s0.08,s1.325,s90
058_41,s-0.72,s1.675,s270
058_42,s0.49500000000000005,s1.1,s0
058_43,s0.845,s1.9,s180
058_44,s2.06,s1.325,s90
058_45,s1.26,s1.675,s270
058_46,s2.475,s1.1,s0
058_47,s2.825,s1.9,s180
058_48,s-2.475,s2.2,s0
058_49,s-2.125,s3.0,s180
058_50,s-0.91,s2.425,s90
058_51,s-1.71,s2.775,s270
058_52,s-0.49500000000000005,s2.2,s0
058_53,s-0.14500000000000007,s3.0,s180
058_54,s1.07,s2.425,s90
058_55,s0.27,s2.775,s270
058_56,s1.485,s2.2,s0
058_57,s1.835,s3.0,s180
059_0,s-2.475,s-2.2,s0
059_1,s-2.125,s-1.4,s180
059_2,s-0.91,s-1.975,s90
059_3,s-1.71,s-1.625,s270
059_4,s-0.49500000000000005,s-2.2,s0
059_5,s-0.14500000000000007,s-1.4,s180
059_6,s1.07,s-1.975,s90
059_7,s0.27,s-1.625,s270
059_8,s1.485,s-2.2,s0
059_9,s1.835,s-1.4,s180
059_10,s3.05,s-1.975,s90
059_11,s2.25,s-1.625,s270
059_12,s-1.9,s-0.875,s90
059_13,s-2.7,s-0.525,s270
059_14,s-1.485,s-1.1,s0
059_15,s-1.135,s-0.3,s180
059_16,s0.08,s-0.875,s90
059_17,s-0.72,s-0.525,s270
059_18,s0.49500000000000005,s-1.1,s0
059_19,s0.845,s-0.3,s180
059_20,s2.06,s-0.875,s90
059_21,s1.26,s-0.525,s270
059_22,s2.475,s-1.1,s0
059_23,s2.825,s-0.3,s180
059_24,s-2.475,s0.0,s0
059_25,s-2.125,s0.8,s180
059_26,s-0.91,s0.225,s90
059_27,s-1.71,s0.575,s270
059_28,s-0.49500000000000005,s0.0,s0
059_29,s-0.14500000000000007,s0.8,s180
059_30,s1.07,s0.22500000000000006,s90
059_31,s0.27,s0.575,s270
059_32,s1.485,s0.0,s0
059_33,s1.835,s0.8,s180
059_34,s3.05,s0.225,s90
059_35,s2.25,s0.575,s270
059_36,s-1.9,s1.325,s90
059_37,s-2.7,s1.675,s270
059_38,s-1.485,s1.1,s0
059_39,s-1.135,s1.9,s180
059_40,s0.08,s1.325,s90
059_41,s-0.72,s1.675,s270
059_42,s0.49500000000000005,s1.1,s0
059_43,s0.845,s1.9,s180
059_44,s2.06,s1.325,s90
059_45,s1.26,s1.675,s270
059_46,s2.475,s1.1,s0
059_47,s2.825,s1.9,s180
059_48,s-2.475,s2.2,s0
059_49,s-2.125,s3.0,s180
059_50,s-0.91,s2.425,s90
059_51,s-1.71,s2.775,s270
059_52,s-0.49500000000000005,s2.2,s0
059_53,s-0.14500000000000007,s3.0,s180
059_54,s1.07,s2.425,s90
059_55,s0.27,s2.775,s270
059_56,s1.485,s2.2,s0
059_57,s1.835,s3.0,s180
060_0,s-2.475,s-2.2,s0
060_1,s-2.125,s-1.4,s180
060_2,s-0.91,s-1.975,s90
060_3,s-1.71,s-1.625,s270
060_4,s-0.49500000000000005,s-2.2,s0
060_5,s-0.14500000000000007,s-1.4,s180
060_6,s1.07,s-1.975,s90
060_7,s0.27,s-1.625,s270
060_8,s1.485,s-2.2,s0
060_9,s1.835,s-1.4,s180
060_10,s3.05,s-1.975,s90
060_11,s2.25,s-1.625,s270
060_12,s-1.9,s-0.875,s90
060_13,s-2.7,s-0.525,s270
060_14,s-1.485,s-1.1,s0
060_15,s-1.135,s-0.3,s180
060_16,s0.08,s-0.875,s90
060_17,s-0.72,s-0.525,s270
060_18,s0.49500000000000005,s-1.1,s0
060_19,s0.845,s-0.3,s180
060_20,s2.06,s-0.875,s90
060_21,s1.26,s-0.525,s270
060_22,s2.475,s-1.1,s0
060_23,s2.825,s-0.3,s180
060_24,s-2.475,s0.0,s0
060_25,s-2.125,s0.8,s180
060_26,s-0.91,s0.225,s90
060_27,s-1.71,s0.575,s270
060_28,s-0.49500000000000005,s0.0,s0
060_29,s-0.14500000000000007,s0.8,s180
060_30,s1.07,s0.22500000000000006,s90
060_31,s0.27,s0.575,s270
060_32,s1.485,s0.0,s0
060_33,s1.835,s0.8,s180
060_34,s3.05,s0.225,s90
060_35,s2.25,s0.575,s270
060_36,s-1.9,s1.325,s90
060_37,s-2.7,s1.675,s270
060_38,s-1.485,s1.1,s0
060_39,s-1.135,s1.9,s180
060_40,s0.08,s1.325,s90
060_41,s-0.72,s1.675,s270
060_42,s0.49500000000000005,s1.1,s0
060_43,s0.845,s1.9,s180
060_44,s2.06,s1.325,s90
060_45,s1.26,s1.675,s270
060_46,s2.475,s1.1,s0
060_47,s2.825,s1.9,s180
060_48,s-2.475,s2.2,s0
060_49,s-2.125,s3.0,s180
060_50,s-0.91,s2.425,s90
060_51,s-1.71,s2.775,s270
060_52,s-0.49500000000000005,s2.2,s0
060_53,s-0.14500000000000007,s3.0,s180
060_54,s1.07,s2.425,s90
060_55,s0.27,s2.775,s270
060_56,s1.485,s2.2,s0
060_57,s1.835,s3.0,s180
060_58,s3.05,s2.425,s90
060_59,s2.25,s2.775,s270
061_0,s-2.475,s-2.2,s0
061_1,s-2.125,s-1.4,s180
061_2,s-0.91,s-1.975,s90
061_3,s-1.71,s-1.625,s270
061_4,s-0.49500000000000005,s-2.2,s0
061_5,s-0.14500000000000007,s-1.4,s180
061_6,s1.07,s-1.975,s90
061_7,s0.27,s-1.625,s270
061_8,s1.485,s-2.2,s0
061_9,s1.835,s-1.4,s180
061_10,s3.05,s-1.975,s90
061_11,s2.25,s-1.625,s270
061_12,s-1.9,s-0.875,s90
061_13,s-2.7,s-0.525,s270
061_14,s-1.485,s-1.1,s0
061_15,s-1.135,s-0.3,s180
061_16,s0.08,s-0.875,s90
061_17,s-0.72,s-0.525,s270
061_18,s0.49500000000000005,s-1.1,s0
061_19,s0.845,s-0.3,s180
061_20,s2.06,s-0.875,s90
061_21,s1.26,s-0.525,s270
061_22,s2.475,s-1.1,s0
061_23,s2.825,s-0.3,s180
061_24,s-2.475,s0.0,s0
061_25,s-2.125,s0.8,s180
061_26,s-0.91,s0.225,s90
061_27,s-1.71,s0.575,s270
061_28,s-0.49500000000000005,s0.0,s0
061_29,s-0.14500000000000007,s0.8,s180
061_30,s1.07,s0.22500000000000006,s90
061_31,s0.27,s0.575,s270
061_32,s1.485,s0.0,s0
061_33,s1.835,s0.8,s180
061_34,s3.05,s0.225,s90
061_35,s2.25,s0.575,s270
061_36,s-1.9,s1.325,s90
061_37,s-2.7,s1.675,s270
061_38,s-1.485,s1.1,s0
061_39,s-1.135,s1.9,s180
061_40,s0.08,s1.325,s90
061_41,s-0.72,s1.675,s270
061_42,s0.49500000000000005,s1.1,s0
061_43,s0.845,s1.9,s180
061_44,s2.06,s1.325,s90
061_45,s1.26,s1.675,s270
061_46,s2.475,s1.1,s0
061_47,s2.825,s1.9,s180
061_48,s-2.475,s2.2,s0
061_49,s-2.125,s3.0,s180
061_50,s-0.91,s2.425,s90
061_51,s-1.71,s2.775,s270
061_52,s-0.49500000000000005,s2.2,s0
061_53,s-0.14500000000000007,s3.0,s180
061_54,s1.07,s2.425,s90
061_55,s0.27,s2.775,s270
061_56,s1.485,s2.2,s0
061_57,s1.835,s3.0,s180
061_58,s3.05,s2.425,s90
061_59,s2.25,s2.775,s270
062_0,s-2.475,s-2.75,s0
062_1,s-2.125,s-1.95,s180
062_2,s-0.91,s-2.525,s90
062_3,s-1.71,s-2.175,s270
062_4,s-0.49500000000000005,s-2.75,s0
062_5,s-0.14500000000000007,s-1.95,s180
062_6,s1.07,s-2.525,s90
062_7,s0.27,s-2.175,s270
062_8,s1.485,s-2.75,s0
062_9,s1.835,s-1.95,s180
062_10,s3.05,s-2.525,s90
062_11,s2.25,s-2.175,s270
062_12,s-1.9,s-1.425,s90
062_13,s-2.7,s-1.075,s270
062_14,s-1.485,s-1.65,s0
062_15,s-1.135,s-0.8500000000000001,s180
062_16,s0.08,s-1.425,s90
062_17,s-0.7199999999999999,s-1.075,s270
062_18,s0.49500000000000005,s-1.65,s0
062_19,s0.845,s-0.8500000000000001,s180
062_20,s2.06,s-1.425,s90
062_21,s1.26,s-1.075,s270
062_22,s2.475,s-1.65,s0
062_23,s2.825,s-0.8500000000000001,s180
062_24,s-2.475,s-0.55,s0
062_25,s-2.125,s0.25,s180
062_26,s-0.91,s-0.325,s90
062_27,s-1.71,s0.025,s270
062_28,s-0.49500000000000005,s-0.55,s0
062_29,s-0.14500000000000007,s0.25,s180
062_30,s1.07,s-0.32499999999999996,s90
062_31,s0.27,s0.025,s270
062_32,s1.485,s-0.55,s0
062_33,s1.835,s0.25,s180
062_34,s3.05,s-0.325,s90
062_35,s2.25,s0.025,s270
062_36,s-1.9,s0.775,s90
062_37,s-2.7,s1.125,s270
062_38,s-1.485,s0.55,s0
062_39,s-1.135,s1.35,s180
062_40,s0.08,s0.775,s90
062_41,s-0.72,s1.125,s270
062_42,s0.49500000000000005,s0.55,s0
062_43,s0.845,s1.35,s180
062_44,s2.06,s0.775,s90
062_45,s1.26,s1.125,s270
062_46,s2.475,s0.55,s0
062_47,s2.825,s1.35,s180
062_48,s-2.475,s1.65,s0
062_49,s-2.125,s2.45,s180
062_50,s-0.91,s1.875,s90
062_51,s-1.71,s2.225,s270
062_52,s-0.49500000000000005,s1.65,s0
062_53,s-0.14500000000000007,s2.45,s180
062_54,s1.07,s1.875,s90
062_55,s0.27,s2.225,s270
062_56,s1.485,s1.65,s0
062_57,s1.835,s2.45,s180
062_58,s3.05,s1.875,s90
062_59,s2.25,s2.225,s270
062_60,s-1.9,s2.975,s90
062_61,s-2.7,s3.325,s270
063_0,s-2.475,s-2.75,s0
063_1,s-2.125,s-1.95,s180
063_2,s-0.91,s-2.525,s90
063_3,s-1.71,s-2.175,s270
063_4,s-0.49500000000000005,s-2.75,s0
063_5,s-0.14500000000000007,s-1.95,s180
063_6,s1.07,s-2.525,s90
063_7,s0.27,s-2.175,s270
063_8,s1.485,s-2.75,s0
063_9,s1.835,s-1.95,s180
063_10,s3.05,s-2.525,s90
063_11,s2.25,s-2.175,s270
063_12,s-1.9,s-1.425,s90
063_13,s-2.7,s-1.075,s270
063_14,s-1.485,s-1.65,s0
063_15,s-1.135,s-0.8500000000000001,s180
063_16,s0.08,s-1.425,s90
063_17,s-0.7199999999999999,s-1.075,s270
063_18,s0.49500000000000005,s-1.65,s0
063_19,s0.845,s-0.8500000000000001,s180
063_20,s2.06,s-1.425,s90
063_21,s1.26,s-1.075,s270
063_22,s2.475,s-1.65,s0
063_23,s2.825,s-0.8500000000000001,s180
063_24,s-2.475,s-0.55,s0
063_25,s-2.125,s0.25,s180
063_26,s-0.91,s-0.325,s90
063_27,s-1.71,s0.025,s270
063_28,s-0.49500000000000005,s-0.55,s0
063_29,s-0.14500000000000007,s0.25,s180
063_30,s1.07,s-0.32499999999999996,s90
063_31,s0.27,s0.025,s270
063_32,s1.485,s-0.55,s0
063_33,s1.835,s0.25,s180
063_34,s3.05,s-0.325,s90
063_35,s2.25,s0.025,s270
063_36,s-1.9,s0.775,s90
063_37,s-2.7,s1.125,s270
063_38,s-1.485,s0.55,s0
063_39,s-1.135,s1.35,s180
063_40,s0.08,s0.775,s90
063_41,s-0.72,s1.125,s270
063_42,s0.49500000000000005,s0.55,s0
063_43,s0.845,s1.35,s180
063_44,s2.06,s0.775,s90
063_45,s1.26,s1.125,s270
063_46,s2.475,s0.55,s0
063_47,s2.825,s1.35,s180
063_48,s-2.475,s1.65,s0
063_49,s-2.125,s2.45,s180
063_50,s-0.91,s1.875,s90
063_51,s-1.71,s2.225,s270
063_52,s-0.49500000000000005,s1.65,s0
063_53,s-0.14500000000000007,s2.45,s180
063_54,s1.07,s1.875,s90
063_55,s0.27,s2.225,s270
063_56,s1.485,s1.65,s0
063_57,s1.835,s2.45,s180
063_58,s3.05,s1.875,s90
063_59,s2.25,s2.225,s270
063_60,s-1.9,s2.975,s90
063_61,s-2.7,s3.325,s270
064_0,s-2.475,s-2.75,s0
064_1,s-2.125,s-1.95,s180
064_2,s-0.91,s-2.525,s90
064_3,s-1.71,s-2.175,s270
064_4,s-0.49500000000000005,s-2.75,s0
064_5,s-0.14500000000000007,s-1.95,s180
064_6,s1.07,s-2.525,s90
064_7,s0.27,s-2.175,s270
064_8,s1.485,s-2.75,s0
064_9,s1.835,s-1.95,s180
064_10,s3.05,s-2.525,s90
064_11,s2.25,s-2.175,s270
064_12,s-1.9,s-1.425,s90
064_13,s-2.7,s-1.075,s270
064_14,s-1.485,s-1.65,s0
064_15,s-1.135,s-0.8500000000000001,s180
064_16,s0.08,s-1.425,s90
064_17,s-0.7199999999999999,s-1.075,s270
064_18,s0.49500000000000005,s-1.65,s0
064_19,s0.845,s-0.8500000000000001,s180
064_20,s2.06,s-1.425,s90
064_21,s1.26,s-1.075,s270
064_22,s2.475,s-1.65,s0
064_23,s2.825,s-0.8500000000000001,s180
064_24,s-2.475,s-0.55,s0
064_25,s-2.125,s0.25,s180
064_26,s-0.91,s-0.325,s90
064_27,s-1.71,s0.025,s270
064_28,s-0.49500000000000005,s-0.55,s0
064_29,s-0.14500000000000007,s0.25,s180
064_30,s1.07,s-0.32499999999999996,s90
064_31,s0.27,s0.025,s270
064_32,s1.485,s-0.55,s0
064_33,s1.835,s0.25,s180
064_34,s3.05,s-0.325,s90
064_35,s2.25,s0.025,s270
064_36,s-1.9,s0.775,s90
064_37,s-2.7,s1.125,s270
064_38,s-1.485,s0.55,s0
064_39,s-1.135,s1.35,s180
064_40,s0.08,s0.775,s90
064_41,s-0.72,s1.125,s270
064_42,s0.49500000000000005,s0.55,s0
064_43,s0.845,s1.35,s180
064_44,s2.06,s0.775,s90
064_45,s1.26,s1.125,s270
064_46,s2.475,s0.55,s0
064_47,s2.825,s1.35,s180
064_48,s-2.475,s1.65,s0
064_49,s-2.125,s2.45,s180
064_50,s-0.91,s1.875,s90
064_51,s-1.71,s2.225,s270
064_52,s-0.49500000000000005,s1.65,s0
064_53,s-0.14500000000000007,s2.45,s180
064_54,s1.07,s1.875,s90
064_55,s0.27,s2.225,s270
064_56,s1.485,s1.65,s0
064_57,s1.835,s2.45,s180
064_58,s3.05,s1.875,s90
064_59,s2.25,s2.225,s270
064_60,s-1.9,s2.975,s90
064_61,s-2.7,s3.325,s270
064_62,s-1.485,s2.75,s0
064_63,s-1.135,s3.55,s180
065_0,s-2.475,s-2.75,s0
065_1,s-2.125,s-1.95,s180
065_2,s-0.91,s-2.525,s90
065_3,s-1.71,s-2.175,s270
065_4,s-0.49500000000000005,s-2.75,s0
065_5,s-0.14500000000000007,s-1.95,s180
065_6,s1.07,s-2.525,s90
065_7,s0.27,s-2.175,s270
065_8,s1.485,s-2.75,s0
065_9,s1.835,s-1.95,s180
065_10,s3.05,s-2.525,s90
065_11,s2.25,s-2.175,s270
065_12,s-1.9,s-1.425,s90
065_13,s-2.7,s-1.075,s270
065_14,s-1.485,s-1.65,s0
065_15,s-1.135,s-0.8500000000000001,s180
065_16,s0.08,s-1.425,s90
065_17,s-0.7199999999999999,s-1.075,s270
065_18,s0.49500000000000005,s-1.65,s0
065_19,s0.845,s-0.8500000000000001,s180
065_20,s2.06,s-1.425,s90
065_21,s1.26,s-1.075,s270
065_22,s2.475,s-1.65,s0
065_23,s2.825,s-0.8500000000000001,s180
065_24,s-2.475,s-0.55,s0
065_25,s-2.125,s0.25,s180
065_26,s-0.91,s-0.325,s90
065_27,s-1.71,s0.025,s270
065_28,s-0.49500000000000005,s-0.55,s0
065_29,s-0.14500000000000007,s0.25,s180
065_30,s1.07,s-0.32499999999999996,s90
065_31,s0.27,s0.025,s270
065_32,s1.485,s-0.55,s0
065_33,s1.835,s0.25,s180
065_34,s3.05,s-0.325,s90
065_35,s2.25,s0.025,s270
065_36,s-1.9,s0.775,s90
065_37,s-2.7,s1.125,s270
065_38,s-1.485,s0.55,s0
065_39,s-1.135,s1.35,s180
065_40,s0.08,s0.775,s90
065_41,s-0.72,s1.125,s270
065_42,s0.49500000000000005,s0.55,s0
065_43,s0.845,s1.35,s180
065_44,s2.06,s0.775,s90
065_45,s1.26,s1.125,s270
065_46,s2.475,s0.55,s0
065_47,s2.825,s1.35,s180
065_48,s-2.475,s1.65,s0
065_49,s-2.125,s2.45,s180
065_50,s-0.91,s1.875,s90
065_51,s-1.71,s2.225,s270
065_52,s-0.49500000000000005,s1.65,s0
065_53,s-0.14500000000000007,s2.45,s180
065_54,s1.07,s1.875,s90
065_55,s0.27,s2.225,s270
065_56,s1.485,s1.65,s0
065_57,s1.835,s2.45,s180
065_58,s3.05,s1.875,s90
065_59,s2.25,s2.225,s270
065_60,s-1.9,s2.975,s90
065_61,s-2.7,s3.325,s270
065_62,s-1.485,s2.75,s0
065_63,s-1.135,s3.55,s180
066_0,s-2.475,s-2.75,s0
066_1,s-2.125,s-1.95,s180
066_2,s-0.91,s-2.525,s90
066_3,s-1.71,s-2.175,s270
066_4,s-0.49500000000000005,s-2.75,s0
066_5,s-0.14500000000000007,s-1.95,s180
066_6,s1.07,s-2.525,s90
066_7,s0.27,s-2.175,s270
066_8,s1.485,s-2.75,s0
066_9,s1.835,s-1.95,s180
066_10,s3.05,s-2.525,s90
066_11,s2.25,s-2.175,s270
066_12,s-1.9,s-1.425,s90
066_13,s-2.7,s-1.075,s270
066_14,s-1.485,s-1.65,s0
066_15,s-1.135,s-0.8500000000000001,s180
066_16,s0.08,s-1.425,s90
066_17,s-0.7199999999999999,s-1.075,s270
066_18,s0.49500000000000005,s-1.65,s0
066_19,s0.845,s-0.8500000000000001,s180
066_20,s2.06,s-1.425,s90
066_21,s1.26,s-1.075,s270
066_22,s2.475,s-1.65,s0
066_23,s2.825,s-0.8500000000000001,s180
066_24,s-2.475,s-0.55,s0
066_25,s-2.125,s0.25,s180
066_26,s-0.91,s-0.325,s90
066_27,s-1.71,s0.025,s270
066_28,s-0.49500000000000005,s-0.55,s0
066_29,s-0.14500000000000007,s0.25,s180
066_30,s1.07,s-0.32499999999999996,s90
066_31,s0.27,s0.025,s270
066_32,s1.485,s-0.55,s0
066_33,s1.835,s0.25,s180
066_34,s3.05,s-0.325,s90
066_35,s2.25,s0.025,s270
066_36,s-1.9,s0.775,s90
066_37,s-2.7,s1.125,s270
066_38,s-1.485,s0.55,s0
066_39,s-1.135,s1.35,s180
066_40,s0.08,s0.775,s90
066_41,s-0.72,s1.125,s270
066_42,s0.49500000000000005,s0.55,s0
066_43,s0.845,s1.35,s180
066_44,s2.06,s0.775,s90
066_45,s1.26,s1.125,s270
066_46,s2.475,s0.55,s0
066_47,s2.825,s1.35,s180
066_48,s-2.475,s1.65,s0
066_49,s-2.125,s2.45,s180
066_50,s-0.91,s1.875,s90
066_51,s-1.71,s2.225,s270
066_52,s-0.49500000000000005,s1.65,s0
066_53,s-0.14500000000000007,s2.45,s180
066_54,s1.07,s1.875,s90
066_55,s0.27,s2.225,s270
066_56,s1.485,s1.65,s0
066_57,s1.835,s2.45,s180
066_58,s3.05,s1.875,s90
066_59,s2.25,s2.225,s270
066_60,s-1.9,s2.975,s90
066_61,s-2.7,s3.325,s270
066_62,s-1.485,s2.75,s0
066_63,s-1.135,s3.55,s180
066_64,s0.08,s2.975,s90
066_65,s-0.72,s3.325,s270
067_0,s-2.475,s-2.75,s0
067_1,s-2.125,s-1.95,s180
067_2,s-0.91,s-2.525,s90
067_3,s-1.71,s-2.175,s270
067_4,s-0.49500000000000005,s-2.75,s0
067_5,s-0.14500000000000007,s-1.95,s180
067_6,s1.07,s-2.525,s90
067_7,s0.27,s-2.175,s270
067_8,s1.485,s-2.75,s0
067_9,s1.835,s-1.95,s180
067_10,s3.05,s-2.525,s90
067_11,s2.25,s-2.175,s270
067_12,s-1.9,s-1.425,s90
067_13,s-2.7,s-1.075,s270
067_14,s-1.485,s-1.65,s0
067_15,s-1.135,s-0.8500000000000001,s180
067_16,s0.08,s-1.425,s90
067_17,s-0.7199999999999999,s-1.075,s270
067_18,s0.49500000000000005,s-1.65,s0
067_19,s0.845,s-0.8500000000000001,s180
067_20,s2.06,s-1.425,s90
067_21,s1.26,s-1.075,s270
067_22,s2.475,s-1.65,s0
067_23,s2.825,s-0.8500000000000001,s180
067_24,s-2.475,s-0.55,s0
067_25,s-2.125,s0.25,s180
067_26,s-0.91,s-0.325,s90
067_27,s-1.71,s0.025,s270
067_28,s-0.49500000000000005,s-0.55,s0
067_29,s-0.14500000000000007,s0.25,s180
067_30,s1.07,s-0.32499999999999996,s90
067_31,s0.27,s0.025,s270
067_32,s1.485,s-0.55,s0
067_33,s1.835,s0.25,s180
067_34,s3.05,s-0.325,s90
067_35,s2.25,s0.025,s270
067_36,s-1.9,s0.775,s90
067_37,s-2.7,s1.125,s270
067_38,s-1.485,s0.55,s0
067_39,s-1.135,s1.35,s180
067_40,s0.08,s0.775,s90
067_41,s-0.72,s1.125,s270
067_42,s0.49500000000000005,s0.55,s0
067_43,s0.845,s1.35,s180
067_44,s2.06,s0.775,s90
067_45,s1.26,s1.125,s270
067_46,s2.475,s0.55,s0
067_47,s2.825,s1.35,s180
067_48,s-2.475,s1.65,s0
067_49,s-2.125,s2.45,s180
067_50,s-0.91,s1.875,s90
067_51,s-1.71,s2.225,s270
067_52,s-0.49500000000000005,s1.65,s0
067_53,s-0.14500000000000007,s2.45,s180
067_54,s1.07,s1.875,s90
067_55,s0.27,s2.225,s270
067_56,s1.485,s1.65,s0
067_57,s1.835,s2.45,s180
067_58,s3.05,s1.875,s90
067_59,s2.25,s2.225,s270
067_60,s-1.9,s2.975,s90
067_61,s-2.7,s3.325,s270
067_62,s-1.485,s2.75,s0
067_63,s-1.135,s3.55,s180
067_64,s0.08,s2.975,s90
067_65,s-0.72,s3.325,s270
068_0,s-2.475,s-2.75,s0
068_1,s-2.125,s-1.95,s180
068_2,s-0.91,s-2.525,s90
068_3,s-1.71,s-2.175,s270
068_4,s-0.49500000000000005,s-2.75,s0
068_5,s-0.14500000000000007,s-1.95,s180
068_6,s1.07,s-2.525,s90
068_7,s0.27,s-2.175,s270
068_8,s1.485,s-2.75,s0
068_9,s1.835,s-1.95,s180
068_10,s3.05,s-2.525,s90
068_11,s2.25,s-2.175,s270
068_12,s-1.9,s-1.425,s90
068_13,s-2.7,s-1.075,s270
068_14,s-1.485,s-1.65,s0
068_15,s-1.135,s-0.8500000000000001,s180
068_16,s0.08,s-1.425,s90
068_17,s-0.7199999999999999,s-1.075,s270
068_18,s0.49500000000000005,s-1.65,s0
068_19,s0.845,s-0.8500000000000001,s180
068_20,s2.06,s-1.425,s90
068_21,s1.26,s-1.075,s270
068_22,s2.475,s-1.65,s0
068_23,s2.825,s-0.8500000000000001,s180
068_24,s-2.475,s-0.55,s0
068_25,s-2.125,s0.25,s180
068_26,s-0.91,s-0.325,s90
068_27,s-1.71,s0.025,s270
068_28,s-0.49500000000000005,s-0.55,s0
068_29,s-0.14500000000000007,s0.25,s180
068_30,s1.07,s-0.32499999999999996,s90
068_31,s0.27,s0.025,s270
068_32,s1.485,s-0.55,s0
068_33,s1.835,s0.25,s180
068_34,s3.05,s-0.325,s90
068_35,s2.25,s0.025,s270
068_36,s-1.9,s0.775,s90
068_37,s-2.7,s1.125,s270
068_38,s-1.485,s0.55,s0
068_39,s-1.135,s1.35,s180
068_40,s0.08,s0.775,s90
068_41,s-0.72,s1.125,s270
068_42,s0.49500000000000005,s0.55,s0
068_43,s0.845,s1.35,s180
068_44,s2.06,s0.775,s90
068_45,s1.26,s1.125,s270
068_46,s2.475,s0.55,s0
068_47,s2.825,s1.35,s180
068_48,s-2.475,s1.65,s0
068_49,s-2.125,s2.45,s180
068_50,s-0.91,s1.875,s90
068_51,s-1.71,s2.225,s270
068_52,s-0.49500000000000005,s1.65,s0
068_53,s-0.14500000000000007,s2.45,s180
068_54,s1.07,s1.875,s90
068_55,s0.27,s2.225,s270
068_56,s1.485,s1.65,s0
068_57,s1.835,s2.45,s180
068_58,s3.05,s1.875,s90
068_59,s2.25,s2.225,s270
068_60,s-1.9,s2.975,s90
068_61,s-2.7,s3.325,s270
068_62,s-1.485,s2.75,s0
068_63,s-1.135,s3.55,s180
068_64,s0.08,s2.975,s90
068_65,s-0.72,s3.325,s270
068_66,s0.49500000000000005,s2.75,s0
068_67,s0.845,s3.55,s180
069_0,s-2.475,s-2.75,s0
069_1,s-2.125,s-1.95,s180
069_2,s-0.91,s-2.525,s90
069_3,s-1.71,s-2.175,s270
069_4,s-0.49500000000000005,s-2.75,s0
069_5,s-0.14500000000000007,s-1.95,s180
069_6,s1.07,s-2.525,s90
069_7,s0.27,s-2.175,s270
069_8,s1.485,s-2.75,s0
069_9,s1.835,s-1.95,s180
069_10,s3.05,s-2.525,s90
069_11,s2.25,s-2.175,s270
069_12,s-1.9,s-1.425,s90
069_13,s-2.7,s-1.075,s270
069_14,s-1.485,s-1.65,s0
069_15,s-1.135,s-0.8500000000000001,s180
069_16,s0.08,s-1.425,s90
069_17,s-0.7199999999999999,s-1.075,s270
069_18,s0.49500000000000005,s-1.65,s0
069_19,s0.845,s-0.8500000000000001,s180
069_20,s2.06,s-1.425,s90
069_21,s1.26,s-1.075,s270
069_22,s2.475,s-1.65,s0
069_23,s2.825,s-0.8500000000000001,s180
069_24,s-2.475,s-0.55,s0
069_25,s-2.125,s0.25,s180
069_26,s-0.91,s-0.325,s90
069_27,s-1.71,s0.025,s270
069_28,s-0.49500000000000005,s-0.55,s0
069_29,s-0.14500000000000007,s0.25,s180
069_30,s1.07,s-0.32499999999999996,s90
069_31,s0.27,s0.025,s270
069_32,s1.485,s-0.55,s0
069_33,s1.835,s0.25,s180
069_34,s3.05,s-0.325,s90
069_35,s2.25,s0.025,s270
069_36,s-1.9,s0.775,s90
069_37,s-2.7,s1.125,s270
069_38,s-1.485,s0.55,s0
069_39,s-1.135,s1.35,s180
069_40,s0.08,s0.775,s90
069_41,s-0.72,s1.125,s270
069_42,s0.49500000000000005,s0.55,s0
069_43,s0.845,s1.35,s180
069_44,s2.06,s0.775,s90
069_45,s1.26,s1.125,s270
069_46,s2.475,s0.55,s0
069_47,s2.825,s1.35,s180
069_48,s-2.475,s1.65,s0
069_49,s-2.125,s2.45,s180
069_50,s-0.91,s1.875,s90
069_51,s-1.71,s2.225,s270
069_52,s-0.49500000000000005,s1.65,s0
069_53,s-0.14500000000000007,s2.45,s180
069_54,s1.07,s1.875,s90
069_55,s0.27,s2.225,s270
069_56,s1.485,s1.65,s0
069_57,s1.835,s2.45,s180
069_58,s3.05,s1.875,s90
069_59,s2.25,s2.225,s270
069_60,s-1.9,s2.975,s90
069_61,s-2.7,s3.325,s270
069_62,s-1.485,s2.75,s0
069_63,s-1.135,s3.55,s180
069_64,s0.08,s2.975,s90
069_65,s-0.72,s3.325,s270
069_66,s0.49500000000000005,s2.75,s0
069_67,s0.845,s3.55,s180
070_0,s-2.475,s-2.75,s0
070_1,s-2.125,s-1.95,s180
070_2,s-0.91,s-2.525,s90
070_3,s-1.71,s-2.175,s270
070_4,s-0.49500000000000005,s-2.75,s0
070_5,s-0.14500000000000007,s-1.95,s180
070_6,s1.07,s-2.525,s90
070_7,s0.27,s-2.175,s270
070_8,s1.485,s-2.75,s0
070_9,s1.835,s-1.95,s180
070_10,s3.05,s-2.525,s90
070_11,s2.25,s-2.175,s270
070_12,s-1.9,s-1.425,s90
070_13,s-2.7,s-1.075,s270
070_14,s-1.485,s-1.65,s0
070_15,s-1.135,s-0.8500000000000001,s180
070_16,s0.08,s-1.425,s90
070_17,s-0.7199999999999999,s-1.075,s270
070_18,s0.49500000000000005,s-1.65,s0
070_19,s0.845,s-0.8500000000000001,s180
070_20,s2.06,s-1.425,s90
070_21,s1.26,s-1.075,s270
070_22,s2.475,s-1.65,s0
070_23,s2.825,s-0.8500000000000001,s180
070_24,s-2.475,s-0.55,s0
070_25,s-2.125,s0.25,s180
070_26,s-0.91,s-0.325,s90
070_27,s-1.71,s0.025,s270
070_28,s-0.49500000000000005,s-0.55,s0
070_29,s-0.14500000000000007,s0.25,s180
070_30,s1.07,s-0.32499999999999996,s90
070_31,s0.27,s0.025,s270
070_32,s1.485,s-0.55,s0
070_33,s1.835,s0.25,s180
070_34,s3.05,s-0.325,s90
070_35,s2.25,s0.025,s270
070_36,s-1.9,s0.775,s90
070_37,s-2.7,s1.125,s270
070_38,s-1.485,s0.55,s0
070_39,s-1.135,s1.35,s180
070_40,s0.08,s0.775,s90
070_41,s-0.72,s1.125,s270
070_42,s0.49500000000000005,s0.55,s0
070_43,s0.845,s1.35,s180
070_44,s2.06,s0.775,s90
070_45,s1.26,s1.125,s270
070_46,s2.475,s0.55,s0
070_47,s2.825,s1.35,s180
070_48,s-2.475,s1.65,s0
070_49,s-2.125,s2.45,s180
070_50,s-0.91,s1.875,s90
070_51,s-1.71,s2.225,s270
070_52,s-0.49500000000000005,s1.65,s0
070_53,s-0.14500000000000007,s2.45,s180
070_54,s1.07,s1.875,s90
070_55,s0.27,s2.225,s270
070_56,s1.485,s1.65,s0
070_57,s1.835,s2.45,s180
070_58,s3.05,s1.875,s90
070_59,s2.25,s2.225,s270
070_60,s-1.9,s2.975,s90
070_61,s-2.7,s3.325,s270
070_62,s-1.485,s2.75,s0
070_63,s-1.135,s3.55,s180
070_64,s0.08,s2.975,s90
070_65,s-0.72,s3.325,s270
070_66,s0.49500000000000005,s2.75,s0
070_67,s0.845,s3.55,s180
070_68,s2.06,s2.975,s90
070_69,s1.26,s3.325,s270
071_0,s-2.475,s-2.75,s0
071_1,s-2.125,s-1.95,s180
071_2,s-0.91,s-2.525,s90
071_3,s-1.71,s-2.175,s270
071_4,s-0.49500000000000005,s-2.75,s0
071_5,s-0.14500000000000007,s-1.95,s180
071_6,s1.07,s-2.525,s90
071_7,s0.27,s-2.175,s270
071_8,s1.485,s-2.75,s0
071_9,s1.835,s-1.95,s180
071_10,s3.05,s-2.525,s90
071_11,s2.25,s-2.175,s270
071_12,s-1.9,s-1.425,s90
071_13,s-2.7,s-1.075,s270
071_14,s-1.485,s-1.65,s0
071_15,s-1.135,s-0.8500000000000001,s180
071_16,s0.08,s-1.425,s90
071_17,s-0.7199999999999999,s-1.075,s270
071_18,s0.49500000000000005,s-1.65,s0
071_19,s0.845,s-0.8500000000000001,s180
071_20,s2.06,s-1.425,s90
071_21,s1.26,s-1.075,s270
071_22,s2.475,s-1.65,s0
071_23,s2.825,s-0.8500000000000001,s180
071_24,s-2.475,s-0.55,s0
071_25,s-2.125,s0.25,s180
071_26,s-0.91,s-0.325,s90
071_27,s-1.71,s0.025,s270
071_28,s-0.49500000000000005,s-0.55,s0
071_29,s-0.14500000000000007,s0.25,s180
071_30,s1.07,s-0.32499999999999996,s90
071_31,s0.27,s0.025,s270
071_32,s1.485,s-0.55,s0
071_33,s1.835,s0.25,s180
071_34,s3.05,s-0.325,s90
071_35,s2.25,s0.025,s270
071_36,s-1.9,s0.775,s90
071_37,s-2.7,s1.125,s270
071_38,s-1.485,s0.55,s0
071_39,s-1.135,s1.35,s180
071_40,s0.08,s0.775,s90
071_41,s-0.72,s1.125,s270
071_42,s0.49500000000000005,s0.55,s0
071_43,s0.845,s1.35,s180
071_44,s2.06,s0.775,s90
071_45,s1.26,s1.125,s270
071_46,s2.475,s0.55,s0
071_47,s2.825,s1.35,s180
071_48,s-2.475,s1.65,s0
071_49,s-2.125,s2.45,s180
071_50,s-0.91,s1.875,s90
071_51,s-1.71,s2.225,s270
071_52,s-0.49500000000000005,s1.65,s0
071_53,s-0.14500000000000007,s2.45,s180
071_54,s1.07,s1.875,s90
071_55,s0.27,s2.225,s270
071_56,s1.485,s1.65,s0
071_57,s1.835,s2.45,s180
071_58,s3.05,s1.875,s90
071_59,s2.25,s2.225,s270
071_60,s-1.9,s2.975,s90
071_61,s-2.7,s3.325,s270
071_62,s-1.485,s2.75,s0
071_63,s-1.135,s3.55,s180
071_64,s0.08,s2.975,s90
071_65,s-0.72,s3.325,s270
071_66,s0.49500000000000005,s2.75,s0
071_67,s0.845,s3.55,s180
071_68,s2.06,s2.975,s90
071_69,s1.26,s3.325,s270
072_0,s-2.97,s-2.75,s0
072_1,s-2.62,s-1.95,s180
072_2,s-1.405,s-2.525,s90
072_3,s-2.205,s-2.175,s270
072_4,s-0.9900000000000001,s-2.75,s0
072_5,s-0.6400000000000001,s-1.95,s180
072_6,s0.575,s-2.525,s90
072_7,s-0.225,s-2.175,s270
072_8,s0.9900000000000001,s-2.75,s0
072_9,s1.34,s-1.95,s180
072_10,s2.555,s-2.525,s90
072_11,s1.7550000000000003,s-2.175,s270
072_12,s2.97,s-2.75,s0
072_13,s3.32,s-1.95,s180
072_14,s-2.395,s-1.425,s90
072_15,s-3.195,s-1.075,s270
072_16,s-1.9800000000000002,s-1.65,s0
072_17,s-1.6300000000000003,s-0.8500000000000001,s180
072_18,s-0.415,s-1.425,s90
072_19,s-1.215,s-1.075,s270
072_20,s0.0,s-1.65,s0
072_21,s0.35,s-0.8500000000000001,s180
072_22,s1.565,s-1.425,s90
072_23,s0.7650000000000001,s-1.075,s270
072_24,s1.9800000000000002,s-1.65,s0
072_25,s2.33,s-0.8500000000000001,s180
072_26,s3.545,s-1.425,s90
072_27,s2.745,s-1.075,s270
072_28,s-2.97,s-0.55,s0
072_29,s-2.62,s0.25,s180
072_30,s-1.4050000000000002,s-0.325,s90
072_31,s-2.205,s0.025,s270
072_32,s-0.9900000000000001,s-0.55,s0
072_33,s-0.6400000000000001,s0.25,s180
072_34,s0.575,s-0.325,s90
072_35,s-0.225,s0.025,s270
072_36,s0.9900000000000001,s-0.55,s0
072_37,s1.34,s0.25,s180
072_38,s2.555,s-0.325,s90
072_39,s1.7550000000000003,s0.024999999999999745,s270
072_40,s2.97,s-0.55,s0
072_41,s3.32,s0.25,s180
072_42,s-2.395,s0.775,s90
072_43,s-3.195,s1.125,s270
072_44,s-1.9800000000000002,s0.55,s0
072_45,s-1.6300000000000003,s1.35,s180
072_46,s-0.41500000000000015,s0.7749999999999999,s90
072_47,s-1.215,s1.1249999999999998,s270
072_48,s0.0,s0.55,s0
072_49,s0.35,s1.35,s180
072_50,s1.565,s0.7750000000000001,s90
072_51,s0.765,s1.125,s270
072_52,s1.9800000000000002,s0.55,s0
072_53,s2.33,s1.35,s180
072_54,s3.545,s0.775,s90
072_55,s2.745,s1.125,s270
072_56,s-2.97,s1.65,s0
072_57,s-2.62,s2.45,s180
072_58,s-1.4050000000000002,s1.8749999999999998,s90
072_59,s-2.205,s2.2249999999999996,s270
072_60,s-0.9900000000000001,s1.65,s0
072_61,s-0.6400000000000001,s2.45,s180
072_62,s0.575,s1.875,s90
072_63,s-0.225,s2.225,s270
072_64,s0.9900000000000001,s1.65,s0
072_65,s1.34,s2.45,s180
072_66,s2.555,s1.875,s90
072_67,s1.755,s2.2249999999999996,s270
072_68,s2.97,s1.65,s0
072_69,s3.32,s2.45,s180
072_70,s-2.395,s2.975,s90
072_71,s-3.195,s3.325,s270
073_0,s-2.97,s-2.75,s0
073_1,s-2.62,s-1.95,s180
073_2,s-1.405,s-2.525,s90
073_3,s-2.205,s-2.175,s270
073_4,s-0.9900000000000001,s-2.75,s0
073_5,s-0.6400000000000001,s-1.95,s180
073_6,s0.575,s-2.525,s90
073_7,s-0.225,s-2.175,s270
073_8,s0.9900000000000001,s-2.75,s0
073_9,s1.34,s-1.95,s180
073_10,s2.555,s-2.525,s90
073_11,s1.7550000000000003,s-2.175,s270
073_12,s2.97,s-2.75,s0
073_13,s3.32,s-1.95,s180
073_14,s-2.395,s-1.425,s90
073_15,s-3.195,s-1.075,s270
073_16,s-1.9800000000000002,s-1.65,s0
073_17,s-1.6300000000000003,s-0.8500000000000001,s180
073_18,s-0.415,s-1.425,s90
073_19,s-1.215,s-1.075,s270
073_20,s0.0,s-1.65,s0
073_21,s0.35,s-0.8500000000000001,s180
073_22,s1.565,s-1.425,s90
073_23,s0.7650000000000001,s-1.075,s270
073_24,s1.9800000000000002,s-1.65,s0
073_25,s2.33,s-0.8500000000000001,s180
073_26,s3.545,s-1.425,s90
073_27,s2.745,s-1.075,s270
073_28,s-2.97,s-0.55,s0
073_29,s-2.62,s0.25,s180
073_30,s-1.4050000000000002,s-0.325,s90
073_31,s-2.205,s0.025,s270
073_32,s-0.9900000000000001,s-0.55,s0
073_33,s-0.6400000000000001,s0.25,s180
073_34,s0.575,s-0.325,s90
073_35,s-0.225,s0.025,s270
073_36,s0.9900000000000001,s-0.55,s0
073_37,s1.34,s0.25,s180
073_38,s2.555,s-0.325,s90
073_39,s1.7550000000000003,s0.024999999999999745,s270
073_40,s2.97,s-0.55,s0
073_41,s3.32,s0.25,s180
073_42,s-2.395,s0.775,s90
073_43,s-3.195,s1.125,s270
073_44,s-1.9800000000000002,s0.55,s0
073_45,s-1.6300000000000003,s1.35,s180
073_46,s-0.41500000000000015,s0.7749999999999999,s90
073_47,s-1.215,s1.1249999999999998,s270
073_48,s0.0,s0.55,s0
073_49,s0.35,s1.35,s180
073_50,s1.565,s0.7750000000000001,s90
073_51,s0.765,s1.125,s270
073_52,s1.9800000000000002,s0.55,s0
073_53,s2.33,s1.35,s180
073_54,s3.545,s0.775,s90
073_55,s2.745,s1.125,s270
073_56,s-2.97,s1.65,s0
073_57,s-2.62,s2.45,s180
073_58,s-1.4050000000000002,s1.8749999999999998,s90
073_59,s-2.205,s2.2249999999999996,s270
073_60,s-0.9900000000000001,s1.65,s0
073_61,s-0.6400000000000001,s2.45,s180
073_62,s0.575,s1.875,s90
073_63,s-0.225,s2.225,s270
073_64,s0.9900000000000001,s1.65,s0
073_65,s1.34,s2.45,s180
073_66,s2.555,s1.875,s90
073_67,s1.755,s2.2249999999999996,s270
073_68,s2.97,s1.65,s0
073_69,s3.32,s2.45,s180
073_70,s-2.395,s2.975,s90
073_71,s-3.195,s3.325,s270
074_0,s-2.97,s-2.75,s0
074_1,s-2.62,s-1.95,s180
074_2,s-1.405,s-2.525,s90
074_3,s-2.205,s-2.175,s270
074_4,s-0.9900000000000001,s-2.75,s0
074_5,s-0.6400000000000001,s-1.95,s180
074_6,s0.575,s-2.525,s90
074_7,s-0.225,s-2.175,s270
074_8,s0.9900000000000001,s-2.75,s0
074_9,s1.34,s-1.95,s180
074_10,s2.555,s-2.525,s90
074_11,s1.7550000000000003,s-2.175,s270
074_12,s2.97,s-2.75,s0
074_13,s3.32,s-1.95,s180
074_14,s-2.395,s-1.425,s90
074_15,s-3.195,s-1.075,s270
074_16,s-1.9800000000000002,s-1.65,s0
074_17,s-1.6300000000000003,s-0.8500000000000001,s180
074_18,s-0.415,s-1.425,s90
074_19,s-1.215,s-1.075,s270
074_20,s0.0,s-1.65,s0
074_21,s0.35,s-0.8500000000000001,s180
074_22,s1.565,s-1.425,s90
074_23,s0.7650000000000001,s-1.075,s270
074_24,s1.9800000000000002,s-1.65,s0
074_25,s2.33,s-0.8500000000000001,s180
074_26,s3.545,s-1.425,s90
074_27,s2.745,s-1.075,s270
074_28,s-2.97,s-0.55,s0
074_29,s-2.62,s0.25,s180
074_30,s-1.4050000000000002,s-0.325,s90
074_31,s-2.205,s0.025,s270
074_32,s-0.9900000000000001,s-0.55,s0
074_33,s-0.6400000000000001,s0.25,s180
074_34,s0.575,s-0.325,s90
074_35,s-0.225,s0.025,s270
074_36,s0.9900000000000001,s-0.55,s0
074_37,s1.34,s0.25,s180
074_38,s2.555,s-0.325,s90
074_39,s1.7550000000000003,s0.024999999999999745,s270
074_40,s2.97,s-0.55,s0
074_41,s3.32,s0.25,s180
074_42,s-2.395,s0.775,s90
074_43,s-3.195,s1.125,s270
074_44,s-1.9800000000000002,s0.55,s0
074_45,s-1.6300000000000003,s1.35,s180
074_46,s-0.41500000000000015,s0.7749999999999999,s90
074_47,s-1.215,s1.1249999999999998,s270
074_48,s0.0,s0.55,s0
074_49,s0.35,s1.35,s180
074_50,s1.565,s0.7750000000000001,s90
074_51,s0.765,s1.125,s270
074_52,s1.9800000000000002,s0.55,s0
074_53,s2.33,s1.35,s180
074_54,s3.545,s0.775,s90
074_55,s2.745,s1.125,s270
074_56,s-2.97,s1.65,s0
074_57,s-2.62,s2.45,s180
074_58,s-1.4050000000000002,s1.8749999999999998,s90
074_59,s-2.205,s2.2249999999999996,s270
074_60,s-0.9900000000000001,s1.65,s0
074_61,s-0.6400000000000001,s2.45,s180
074_62,s0.575,s1.875,s90
074_63,s-0.225,s2.225,s270
074_64,s0.9900000000000001,s1.65,s0
074_65,s1.34,s2.45,s180
074_66,s2.555,s1.875,s90
074_67,s1.755,s2.2249999999999996,s270
074_68,s2.97,s1.65,s0
074_69,s3.32,s2.45,s180
074_70,s-2.395,s2.975,s90
074_71,s-3.195,s3.325,s270
074_72,s-1.9800000000000002,s2.75,s0
074_73,s-1.6300000000000003,s3.55,s180
075_0,s-2.97,s-2.75,s0
075_1,s-2.62,s-1.95,s180
075_2,s-1.405,s-2.525,s90
075_3,s-2.205,s-2.175,s270
075_4,s-0.9900000000000001,s-2.75,s0
075_5,s-0.6400000000000001,s-1.95,s180
075_6,s0.575,s-2.525,s90
075_7,s-0.225,s-2.175,s270
075_8,s0.9900000000000001,s-2.75,s0
075_9,s1.34,s-1.95,s180
075_10,s2.555,s-2.525,s90
075_11,s1.7550000000000003,s-2.175,s270
075_12,s2.97,s-2.75,s0
075_13,s3.32,s-1.95,s180
075_14,s-2.395,s-1.425,s90
075_15,s-3.195,s-1.075,s270
075_16,s-1.9800000000000002,s-1.65,s0
075_17,s-1.6300000000000003,s-0.8500000000000001,s180
075_18,s-0.415,s-1.425,s90
075_19,s-1.215,s-1.075,s270
075_20,s0.0,s-1.65,s0
075_21,s0.35,s-0.8500000000000001,s180
075_22,s1.565,s-1.425,s90
075_23,s0.7650000000000001,s-1.075,s270
075_24,s1.9800000000000002,s-1.65,s0
075_25,s2.33,s-0.8500000000000001,s180
075_26,s3.545,s-1.425,s90
075_27,s2.745,s-1.075,s270
075_28,s-2.97,s-0.55,s0
075_29,s-2.62,s0.25,s180
075_30,s-1.4050000000000002,s-0.325,s90
075_31,s-2.205,s0.025,s270
075_32,s-0.9900000000000001,s-0.55,s0
075_33,s-0.6400000000000001,s0.25,s180
075_34,s0.575,s-0.325,s90
075_35,s-0.225,s0.025,s270
075_36,s0.9900000000000001,s-0.55,s0
075_37,s1.34,s0.25,s180
075_38,s2.555,s-0.325,s90
075_39,s1.7550000000000003,s0.024999999999999745,s270
075_40,s2.97,s-0.55,s0
075_41,s3.32,s0.25,s180
075_42,s-2.395,s0.775,s90
075_43,s-3.195,s1.125,s270
075_44,s-1.9800000000000002,s0.55,s0
075_45,s-1.6300000000000003,s1.35,s180
075_46,s-0.41500000000000015,s0.7749999999999999,s90
075_47,s-1.215,s1.1249999999999998,s270
075_48,s0.0,s0.55,s0
075_49,s0.35,s1.35,s180
075_50,s1.565,s0.7750000000000001,s90
075_51,s0.765,s1.125,s270
075_52,s1.9800000000000002,s0.55,s0
075_53,s2.33,s1.35,s180
075_54,s3.545,s0.775,s90
075_55,s2.745,s1.125,s270
075_56,s-2.97,s1.65,s0
075_57,s-2.62,s2.45,s180
075_58,s-1.4050000000000002,s1.8749999999999998,s90
075_59,s-2.205,s2.2249999999999996,s270
075_60,s-0.9900000000000001,s1.65,s0
075_61,s-0.6400000000000001,s2.45,s180
075_62,s0.575,s1.875,s90
075_63,s-0.225,s2.225,s270
075_64,s0.9900000000000001,s1.65,s0
075_65,s1.34,s2.45,s180
075_66,s2.555,s1.875,s90
075_67,s1.755,s2.2249999999999996,s270
075_68,s2.97,s1.65,s0
075_69,s3.32,s2.45,s180
075_70,s-2.395,s2.975,s90
075_71,s-3.195,s3.325,s270
075_72,s-1.9800000000000002,s2.75,s0
075_73,s-1.6300000000000003,s3.55,s180
076_0,s-2.97,s-2.75,s0
076_1,s-2.62,s-1.95,s180
076_2,s-1.405,s-2.525,s90
076_3,s-2.205,s-2.175,s270
076_4,s-0.9900000000000001,s-2.75,s0
076_5,s-0.6400000000000001,s-1.95,s180
076_6,s0.575,s-2.525,s90
076_7,s-0.225,s-2.175,s270
076_8,s0.9900000000000001,s-2.75,s0
076_9,s1.34,s-1.95,s180
076_10,s2.555,s-2.525,s90
076_11,s1.7550000000000003,s-2.175,s270
076_12,s2.97,s-2.75,s0
076_13,s3.32,s-1.95,s180
076_14,s-2.395,s-1.425,s90
076_15,s-3.195,s-1.075,s270
076_16,s-1.9800000000000002,s-1.65,s0
076_17,s-1.6300000000000003,s-0.8500000000000001,s180
076_18,s-0.415,s-1.425,s90
076_19,s-1.215,s-1.075,s270
076_20,s0.0,s-1.65,s0
076_21,s0.35,s-0.8500000000000001,s180
076_22,s1.565,s-1.425,s90
076_23,s0.7650000000000001,s-1.075,s270
076_24,s1.9800000000000002,s-1.65,s0
076_25,s2.33,s-0.8500000000000001,s180
076_26,s3.545,s-1.425,s90
076_27,s2.745,s-1.075,s270
076_28,s-2.97,s-0.55,s0
076_29,s-2.62,s0.25,s180
076_30,s-1.4050000000000002,s-0.325,s90
076_31,s-2.205,s0.025,s270
076_32,s-0.9900000000000001,s-0.55,s0
076_33,s-0.6400000000000001,s0.25,s180
076_34,s0.575,s-0.325,s90
076_35,s-0.225,s0.025,s270
076_36,s0.9900000000000001,s-0.55,s0
076_37,s1.34,s0.25,s180
076_38,s2.555,s-0.325,s90
076_39,s1.7550000000000003,s0.024999999999999745,s270
076_40,s2.97,s-0.55,s0
076_41,s3.32,s0.25,s180
076_42,s-2.395,s0.775,s90
076_43,s-3.195,s1.125,s270
076_44,s-1.9800000000000002,s0.55,s0
076_45,s-1.6300000000000003,s1.35,s180
076_46,s-0.41500000000000015,s0.7749999999999999,s90
076_47,s-1.215,s1.1249999999999998,s270
076_48,s0.0,s0.55,s0
076_49,s0.35,s1.35,s180
076_50,s1.565,s0.7750000000000001,s90
076_51,s0.765,s1.125,s270
076_52,s1.9800000000000002,s0.55,s0
076_53,s2.33,s1.35,s180
076_54,s3.545,s0.775,s90
076_55,s2.745,s1.125,s270
076_56,s-2.97,s1.65,s0
076_57,s-2.62,s2.45,s180
076_58,s-1.4050000000000002,s1.8749999999999998,s90
076_59,s-2.205,s2.2249999999999996,s270
076_60,s-0.9900000000000001,s1.65,s0
076_61,s-0.6400000000000001,s2.45,s180
076_62,s0.575,s1.875,s90
076_63,s-0.225,s2.225,s270
076_64,s0.9900000000000001,s1.65,s0
076_65,s1.34,s2.45,s180
076_66,s2.555,s1.875,s90
076_67,s1.755,s2.2249999999999996,s270
076_68,s2.97,s1.65,s0
076_69,s3.32,s2.45,s180
076_70,s-2.395,s2.975,s90
076_71,s-3.195,s3.325,s270
076_72,s-1.9800000000000002,s2.75,s0
076_73,s-1.6300000000000003,s3.55,s180
076_74,s-0.415,s2.975,s90
076_75,s-1.215,s3.325,s270
077_0,s-2.97,s-2.75,s0
077_1,s-2.62,s-1.95,s180
077_2,s-1.405,s-2.525,s90
077_3,s-2.205,s-2.175,s270
077_4,s-0.9900000000000001,s-2.75,s0
077_5,s-0.6400000000000001,s-1.95,s180
077_6,s0.575,s-2.525,s90
077_7,s-0.225,s-2.175,s270
077_8,s0.9900000000000001,s-2.75,s0
077_9,s1.34,s-1.95,s180
077_10,s2.555,s-2.525,s90
077_11,s1.7550000000000003,s-2.175,s270
077_12,s2.97,s-2.75,s0
077_13,s3.32,s-1.95,s180
077_14,s-2.395,s-1.425,s90
077_15,s-3.195,s-1.075,s270
077_16,s-1.9800000000000002,s-1.65,s0
077_17,s-1.6300000000000003,s-0.8500000000000001,s180
077_18,s-0.415,s-1.425,s90
077_19,s-1.215,s-1.075,s270
077_20,s0.0,s-1.65,s0
077_21,s0.35,s-0.8500000000000001,s180
077_22,s1.565,s-1.425,s90
077_23,s0.7650000000000001,s-1.075,s270
077_24,s1.9800000000000002,s-1.65,s0
077_25,s2.33,s-0.8500000000000001,s180
077_26,s3.545,s-1.425,s90
077_27,s2.745,s-1.075,s270
077_28,s-2.97,s-0.55,s0
077_29,s-2.62,s0.25,s180
077_30,s-1.4050000000000002,s-0.325,s90
077_31,s-2.205,s0.025,s270
077_32,s-0.9900000000000001,s-0.55,s0
077_33,s-0.6400000000000001,s0.25,s180
077_34,s0.575,s-0.325,s90
077_35,s-0.225,s0.025,s270
077_36,s0.9900000000000001,s-0.55,s0
077_37,s1.34,s0.25,s180
077_38,s2.555,s-0.325,s90
077_39,s1.7550000000000003,s0.024999999999999745,s270
077_40,s2.97,s-0.55,s0
077_41,s3.32,s0.25,s180
077_42,s-2.395,s0.775,s90
077_43,s-3.195,s1.125,s270
077_44,s-1.9800000000000002,s0.55,s0
077_45,s-1.6300000000000003,s1.35,s180
077_46,s-0.41500000000000015,s0.7749999999999999,s90
077_47,s-1.215,s1.1249999999999998,s270
077_48,s0.0,s0.55,s0
077_49,s0.35,s1.35,s180
077_50,s1.565,s0.7750000000000001,s90
077_51,s0.765,s1.125,s270
077_52,s1.9800000000000002,s0.55,s0
077_53,s2.33,s1.35,s180
077_54,s3.545,s0.775,s90
077_55,s2.745,s1.125,s270
077_56,s-2.97,s1.65,s0
077_57,s-2.62,s2.45,s180
077_58,s-1.4050000000000002,s1.8749999999999998,s90
077_59,s-2.205,s2.2249999999999996,s270
077_60,s-0.9900000000000001,s1.65,s0
077_61,s-0.6400000000000001,s2.45,s180
077_62,s0.575,s1.875,s90
077_63,s-0.225,s2.225,s270
077_64,s0.9900000000000001,s1.65,s0
077_65,s1.34,s2.45,s180
077_66,s2.555,s1.875,s90
077_67,s1.755,s2.2249999999999996,s270
077_68,s2.97,s1.65,s0
077_69,s3.32,s2.45,s180
077_70,s-2.395,s2.975,s90
077_71,s-3.195,s3.325,s270
077_72,s-1.9800000000000002,s2.75,s0
077_73,s-1.6300000000000003,s3.55,s180
077_74,s-0.415,s2.975,s90
077_75,s-1.215,s3.325,s270
078_0,s-2.97,s-2.75,s0
078_1,s-2.62,s-1.95,s180
078_2,s-1.405,s-2.525,s90
078_3,s-2.205,s-2.175,s270
078_4,s-0.9900000000000001,s-2.75,s0
078_5,s-0.6400000000000001,s-1.95,s180
078_6,s0.575,s-2.525,s90
078_7,s-0.225,s-2.175,s270
078_8,s0.9900000000000001,s-2.75,s0
078_9,s1.34,s-1.95,s180
078_10,s2.555,s-2.525,s90
078_11,s1.7550000000000003,s-2.175,s270
078_12,s2.97,s-2.75,s0
078_13,s3.32,s-1.95,s180
078_14,s-2.395,s-1.425,s90
078_15,s-3.195,s-1.075,s270
078_16,s-1.9800000000000002,s-1.65,s0
078_17,s-1.6300000000000003,s-0.8500000000000001,s180
078_18,s-0.415,s-1.425,s90
078_19,s-1.215,s-1.075,s270
078_20,s0.0,s-1.65,s0
078_21,s0.35,s-0.8500000000000001,s180
078_22,s1.565,s-1.425,s90
078_23,s0.7650000000000001,s-1.075,s270
078_24,s1.9800000000000002,s-1.65,s0
078_25,s2.33,s-0.8500000000000001,s180
078_26,s3.545,s-1.425,s90
078_27,s2.745,s-1.075,s270
078_28,s-2.97,s-0.55,s0
078_29,s-2.62,s0.25,s180
078_30,s-1.4050000000000002,s-0.325,s90
078_31,s-2.205,s0.025,s270
078_32,s-0.9900000000000001,s-0.55,s0
078_33,s-0.6400000000000001,s0.25,s180
078_34,s0.575,s-0.325,s90
078_35,s-0.225,s0.025,s270
078_36,s0.9900000000000001,s-0.55,s0
078_37,s1.34,s0.25,s180
078_38,s2.555,s-0.325,s90
078_39,s1.7550000000000003,s0.024999999999999745,s270
078_40,s2.97,s-0.55,s0
078_41,s3.32,s0.25,s180
078_42,s-2.395,s0.775,s90
078_43,s-3.195,s1.125,s270
078_44,s-1.9800000000000002,s0.55,s0
078_45,s-1.6300000000000003,s1.35,s180
078_46,s-0.41500000000000015,s0.7749999999999999,s90
078_47,s-1.215,s1.1249999999999998,s270
078_48,s0.0,s0.55,s0
078_49,s0.35,s1.35,s180
078_50,s1.565,s0.7750000000000001,s90
078_51,s0.765,s1.125,s270
078_52,s1.9800000000000002,s0.55,s0
078_53,s2.33,s1.35,s180
078_54,s3.545,s0.775,s90
078_55,s2.745,s1.125,s270
078_56,s-2.97,s1.65,s0
078_57,s-2.62,s2.45,s180
078_58,s-1.4050000000000002,s1.8749999999999998,s90
078_59,s-2.205,s2.2249999999999996,s270
078_60,s-0.9900000000000001,s1.65,s0
078_61,s-0.6400000000000001,s2.45,s180
078_62,s0.575,s1.875,s90
078_63,s-0.225,s2.225,s270
078_64,s0.9900000000000001,s1.65,s0
078_65,s1.34,s2.45,s180
078_66,s2.555,s1.875,s90
078_67,s1.755,s2.2249999999999996,s270
078_68,s2.97,s1.65,s0
078_69,s3.32,s2.45,s180
078_70,s-2.395,s2.975,s90
078_71,s-3.195,s3.325,s270
078_72,s-1.9800000000000002,s2.75,s0
078_73,s-1.6300000000000003,s3.55,s180
078_74,s-0.415,s2.975,s90
078_75,s-1.215,s3.325,s270
078_76,s0.0,s2.75,s0
078_77,s0.35,s3.55,s180
079_0,s-2.97,s-2.75,s0
079_1,s-2.62,s-1.95,s180
079_2,s-1.405,s-2.525,s90
079_3,s-2.205,s-2.175,s270
079_4,s-0.9900000000000001,s-2.75,s0
079_5,s-0.6400000000000001,s-1.95,s180
079_6,s0.575,s-2.525,s90
079_7,s-0.225,s-2.175,s270
079_8,s0.9900000000000001,s-2.75,s0
079_9,s1.34,s-1.95,s180
079_10,s2.555,s-2.525,s90
079_11,s1.7550000000000003,s-2.175,s270
079_12,s2.97,s-2.75,s0
079_13,s3.32,s-1.95,s180
079_14,s-2.395,s-1.425,s90
079_15,s-3.195,s-1.075,s270
079_16,s-1.9800000000000002,s-1.65,s0
079_17,s-1.6300000000000003,s-0.8500000000000001,s180
079_18,s-0.415,s-1.425,s90
079_19,s-1.215,s-1.075,s270
079_20,s0.0,s-1.65,s0
079_21,s0.35,s-0.8500000000000001,s180
079_22,s1.565,s-1.425,s90
079_23,s0.7650000000000001,s-1.075,s270
079_24,s1.9800000000000002,s-1.65,s0
079_25,s2.33,s-0.8500000000000001,s180
079_26,s3.545,s-1.425,s90
079_27,s2.745,s-1.075,s270
079_28,s-2.97,s-0.55,s0
079_29,s-2.62,s0.25,s180
079_30,s-1.4050000000000002,s-0.325,s90
079_31,s-2.205,s0.025,s270
079_32,s-0.9900000000000001,s-0.55,s0
079_33,s-0.6400000000000001,s0.25,s180
079_34,s0.575,s-0.325,s90
079_35,s-0.225,s0.025,s270
079_36,s0.9900000000000001,s-0.55,s0
079_37,s1.34,s0.25,s180
079_38,s2.555,s-0.325,s90
079_39,s1.7550000000000003,s0.024999999999999745,s270
079_40,s2.97,s-0.55,s0
079_41,s3.32,s0.25,s180
079_42,s-2.395,s0.775,s90
079_43,s-3.195,s1.125,s270
079_44,s-1.9800000000000002,s0.55,s0
079_45,s-1.6300000000000003,s1.35,s180
079_46,s-0.41500000000000015,s0.7749999999999999,s90
079_47,s-1.215,s1.1249999999999998,s270
079_48,s0.0,s0.55,s0
079_49,s0.35,s1.35,s180
079_50,s1.565,s0.7750000000000001,s90
079_51,s0.765,s1.125,s270
079_52,s1.9800000000000002,s0.55,s0
079_53,s2.33,s1.35,s180
079_54,s3.545,s0.775,s90
079_55,s2.745,s1.125,s270
079_56,s-2.97,s1.65,s0
079_57,s-2.62,s2.45,s180
079_58,s-1.4050000000000002,s1.8749999999999998,s90
079_59,s-2.205,s2.2249999999999996,s270
079_60,s-0.9900000000000001,s1.65,s0
079_61,s-0.6400000000000001,s2.45,s180
079_62,s0.575,s1.875,s90
079_63,s-0.225,s2.225,s270
079_64,s0.9900000000000001,s1.65,s0
079_65,s1.34,s2.45,s180
079_66,s2.555,s1.875,s90
079_67,s1.755,s2.2249999999999996,s270
079_68,s2.97,s1.65,s0
079_69,s3.32,s2.45,s180
079_70,s-2.395,s2.975,s90
079_71,s-3.195,s3.325,s270
079_72,s-1.9800000000000002,s2.75,s0
079_73,s-1.6300000000000003,s3.55,s180
079_74,s-0.415,s2.975,s90
079_75,s-1.215,s3.325,s270
079_76,s0.0,s2.75,s0
079_77,s0.35,s3.55,s180
080_0,s-2.97,s-2.75,s0
080_1,s-2.62,s-1.95,s180
080_2,s-1.405,s-2.525,s90
080_3,s-2.205,s-2.175,s270
080_4,s-0.9900000000000001,s-2.75,s0
080_5,s-0.6400000000000001,s-1.95,s180
080_6,s0.575,s-2.525,s90
080_7,s-0.225,s-2.175,s270
080_8,s0.9900000000000001,s-2.75,s0
080_9,s1.34,s-1.95,s180
080_10,s2.555,s-2.525,s90
080_11,s1.7550000000000003,s-2.175,s270
080_12,s2.97,s-2.75,s0
080_13,s3.32,s-1.95,s180
080_14,s-2.395,s-1.425,s90
080_15,s-3.195,s-1.075,s270
080_16,s-1.9800000000000002,s-1.65,s0
080_17,s-1.6300000000000003,s-0.8500000000000001,s180
080_18,s-0.415,s-1.425,s90
080_19,s-1.215,s-1.075,s270
080_20,s0.0,s-1.65,s0
080_21,s0.35,s-0.8500000000000001,s180
080_22,s1.565,s-1.425,s90
080_23,s0.7650000000000001,s-1.075,s270
080_24,s1.9800000000000002,s-1.65,s0
080_25,s2.33,s-0.8500000000000001,s180
080_26,s3.545,s-1.425,s90
080_27,s2.745,s-1.075,s270
080_28,s-2.97,s-0.55,s0
080_29,s-2.62,s0.25,s180
080_30,s-1.4050000000000002,s-0.325,s90
080_31,s-2.205,s0.025,s270
080_32,s-0.9900000000000001,s-0.55,s0
080_33,s-0.6400000000000001,s0.25,s180
080_34,s0.575,s-0.325,s90
080_35,s-0.225,s0.025,s270
080_36,s0.9900000000000001,s-0.55,s0
080_37,s1.34,s0.25,s180
080_38,s2.555,s-0.325,s90
080_39,s1.7550000000000003,s0.024999999999999745,s270
080_40,s2.97,s-0.55,s0
080_41,s3.32,s0.25,s180
080_42,s-2.395,s0.775,s90
080_43,s-3.195,s1.125,s270
080_44,s-1.9800000000000002,s0.55,s0
080_45,s-1.6300000000000003,s1.35,s180
080_46,s-0.41500000000000015,s0.7749999999999999,s90
080_47,s-1.215,s1.1249999999999998,s270
080_48,s0.0,s0.55,s0
080_49,s0.35,s1.35,s180
080_50,s1.565,s0.7750000000000001,s90
080_51,s0.765,s1.125,s270
080_52,s1.9800000000000002,s0.55,s0
080_53,s2.33,s1.35,s180
080_54,s3.545,s0.775,s90
080_55,s2.745,s1.125,s270
080_56,s-2.97,s1.65,s0
080_57,s-2.62,s2.45,s180
080_58,s-1.4050000000000002,s1.8749999999999998,s90
080_59,s-2.205,s2.2249999999999996,s270
080_60,s-0.9900000000000001,s1.65,s0
080_61,s-0.6400000000000001,s2.45,s180
080_62,s0.575,s1.875,s90
080_63,s-0.225,s2.225,s270
080_64,s0.9900000000000001,s1.65,s0
080_65,s1.34,s2.45,s180
080_66,s2.555,s1.875,s90
080_67,s1.755,s2.2249999999999996,s270
080_68,s2.97,s1.65,s0
080_69,s3.32,s2.45,s180
080_70,s-2.395,s2.975,s90
080_71,s-3.195,s3.325,s270
080_72,s-1.9800000000000002,s2.75,s0
080_73,s-1.6300000000000003,s3.55,s180
080_74,s-0.415,s2.975,s90
080_75,s-1.215,s3.325,s270
080_76,s0.0,s2.75,s0
080_77,s0.35,s3.55,s180
080_78,s1.565,s2.975,s90
080_79,s0.765,s3.325,s270
081_0,s-2.97,s-2.75,s0
081_1,s-2.62,s-1.95,s180
081_2,s-1.405,s-2.525,s90
081_3,s-2.205,s-2.175,s270
081_4,s-0.9900000000000001,s-2.75,s0
081_5,s-0.6400000000000001,s-1.95,s180
081_6,s0.575,s-2.525,s90
081_7,s-0.225,s-2.175,s270
081_8,s0.9900000000000001,s-2.75,s0
081_9,s1.34,s-1.95,s180
081_10,s2.555,s-2.525,s90
081_11,s1.7550000000000003,s-2.175,s270
081_12,s2.97,s-2.75,s0
081_13,s3.32,s-1.95,s180
081_14,s-2.395,s-1.425,s90
081_15,s-3.195,s-1.075,s270
081_16,s-1.9800000000000002,s-1.65,s0
081_17,s-1.6300000000000003,s-0.8500000000000001,s180
081_18,s-0.415,s-1.425,s90
081_19,s-1.215,s-1.075,s270
081_20,s0.0,s-1.65,s0
081_21,s0.35,s-0.8500000000000001,s180
081_22,s1.565,s-1.425,s90
081_23,s0.7650000000000001,s-1.075,s270
081_24,s1.9800000000000002,s-1.65,s0
081_25,s2.33,s-0.8500000000000001,s180
081_26,s3.545,s-1.425,s90
081_27,s2.745,s-1.075,s270
081_28,s-2.97,s-0.55,s0
081_29,s-2.62,s0.25,s180
081_30,s-1.4050000000000002,s-0.325,s90
081_31,s-2.205,s0.025,s270
081_32,s-0.9900000000000001,s-0.55,s0
081_33,s-0.6400000000000001,s0.25,s180
081_34,s0.575,s-0.325,s90
081_35,s-0.225,s0.025,s270
081_36,s0.9900000000000001,s-0.55,s0
081_37,s1.34,s0.25,s180
081_38,s2.555,s-0.325,s90
081_39,s1.7550000000000003,s0.024999999999999745,s270
081_40,s2.97,s-0.55,s0
081_41,s3.32,s0.25,s180
081_42,s-2.395,s0.775,s90
081_43,s-3.195,s1.125,s270
081_44,s-1.9800000000000002,s0.55,s0
081_45,s-1.6300000000000003,s1.35,s180
081_46,s-0.41500000000000015,s0.7749999999999999,s90
081_47,s-1.215,s1.1249999999999998,s270
081_48,s0.0,s0.55,s0
081_49,s0.35,s1.35,s180
081_50,s1.565,s0.7750000000000001,s90
081_51,s0.765,s1.125,s270
081_52,s1.9800000000000002,s0.55,s0
081_53,s2.33,s1.35,s180
081_54,s3.545,s0.775,s90
081_55,s2.745,s1.125,s270
081_56,s-2.97,s1.65,s0
081_57,s-2.62,s2.45,s180
081_58,s-1.4050000000000002,s1.8749999999999998,s90
081_59,s-2.205,s2.2249999999999996,s270
081_60,s-0.9900000000000001,s1.65,s0
081_61,s-0.6400000000000001,s2.45,s180
081_62,s0.575,s1.875,s90
081_63,s-0.225,s2.225,s270
081_64,s0.9900000000000001,s1.65,s0
081_65,s1.34,s2.45,s180
081_66,s2.555,s1.875,s90
081_67,s1.755,s2.2249999999999996,s270
081_68,s2.97,s1.65,s0
081_69,s3.32,s2.45,s180
081_70,s-2.395,s2.975,s90
081_71,s-3.195,s3.325,s270
081_72,s-1.9800000000000002,s2.75,s0
081_73,s-1.6300000000000003,s3.55,s180
081_74,s-0.415,s2.975,s90
081_75,s-1.215,s3.325,s270
081_76,s0.0,s2.75,s0
081_77,s0.35,s3.55,s180
081_78,s1.565,s2.975,s90
081_79,s0.765,s3.325,s270
082_0,s-2.97,s-2.75,s0
082_1,s-2.62,s-1.95,s180
082_2,s-1.405,s-2.525,s90
082_3,s-2.205,s-2.175,s270
082_4,s-0.9900000000000001,s-2.75,s0
082_5,s-0.6400000000000001,s-1.95,s180
082_6,s0.575,s-2.525,s90
082_7,s-0.225,s-2.175,s270
082_8,s0.9900000000000001,s-2.75,s0
082_9,s1.34,s-1.95,s180
082_10,s2.555,s-2.525,s90
082_11,s1.7550000000000003,s-2.175,s270
082_12,s2.97,s-2.75,s0
082_13,s3.32,s-1.95,s180
082_14,s-2.395,s-1.425,s90
082_15,s-3.195,s-1.075,s270
082_16,s-1.9800000000000002,s-1.65,s0
082_17,s-1.6300000000000003,s-0.8500000000000001,s180
082_18,s-0.415,s-1.425,s90
082_19,s-1.215,s-1.075,s270
082_20,s0.0,s-1.65,s0
082_21,s0.35,s-0.8500000000000001,s180
082_22,s1.565,s-1.425,s90
082_23,s0.7650000000000001,s-1.075,s270
082_24,s1.9800000000000002,s-1.65,s0
082_25,s2.33,s-0.8500000000000001,s180
082_26,s3.545,s-1.425,s90
082_27,s2.745,s-1.075,s270
082_28,s-2.97,s-0.55,s0
082_29,s-2.62,s0.25,s180
082_30,s-1.4050000000000002,s-0.325,s90
082_31,s-2.205,s0.025,s270
082_32,s-0.9900000000000001,s-0.55,s0
082_33,s-0.6400000000000001,s0.25,s180
082_34,s0.575,s-0.325,s90
082_35,s-0.225,s0.025,s270
082_36,s0.9900000000000001,s-0.55,s0
082_37,s1.34,s0.25,s180
082_38,s2.555,s-0.325,s90
082_39,s1.7550000000000003,s0.024999999999999745,s270
082_40,s2.97,s-0.55,s0
082_41,s3.32,s0.25,s180
082_42,s-2.395,s0.775,s90
082_43,s-3.195,s1.125,s270
082_44,s-1.9800000000000002,s0.55,s0
082_45,s-1.6300000000000003,s1.35,s180
082_46,s-0.41500000000000015,s0.7749999999999999,s90
082_47,s-1.215,s1.1249999999999998,s270
082_48,s0.0,s0.55,s0
082_49,s0.35,s1.35,s180
082_50,s1.565,s0.7750000000000001,s90
082_51,s0.765,s1.125,s270
082_52,s1.9800000000000002,s0.55,s0
082_53,s2.33,s1.35,s180
082_54,s3.545,s0.775,s90
082_55,s2.745,s1.125,s270
082_56,s-2.97,s1.65,s0
082_57,s-2.62,s2.45,s180
082_58,s-1.4050000000000002,s1.8749999999999998,s90
082_59,s-2.205,s2.2249999999999996,s270
082_60,s-0.9900000000000001,s1.65,s0
082_61,s-0.6400000000000001,s2.45,s180
082_62,s0.575,s1.875,s90
082_63,s-0.225,s2.225,s270
082_64,s0.9900000000000001,s1.65,s0
082_65,s1.34,s2.45,s180
082_66,s2.555,s1.875,s90
082_67,s1.755,s2.2249999999999996,s270
082_68,s2.97,s1.65,s0
082_69,s3.32,s2.45,s180
082_70,s-2.395,s2.975,s90
082_71,s-3.195,s3.325,s270
082_72,s-1.9800000000000002,s2.75,s0
082_73,s-1.6300000000000003,s3.55,s180
082_74,s-0.415,s2.975,s90
082_75,s-1.215,s3.325,s270
082_76,s0.0,s2.75,s0
082_77,s0.35,s3.55,s180
082_78,s1.565,s2.975,s90
082_79,s0.765,s3.325,s270
082_80,s1.9800000000000002,s2.75,s0
082_81,s2.33,s3.55,s180
083_0,s-2.97,s-2.75,s0
083_1,s-2.62,s-1.95,s180
083_2,s-1.405,s-2.525,s90
083_3,s-2.205,s-2.175,s270
083_4,s-0.9900000000000001,s-2.75,s0
083_5,s-0.6400000000000001,s-1.95,s180
083_6,s0.575,s-2.525,s90
083_7,s-0.225,s-2.175,s270
083_8,s0.9900000000000001,s-2.75,s0
083_9,s1.34,s-1.95,s180
083_10,s2.555,s-2.525,s90
083_11,s1.7550000000000003,s-2.175,s270
083_12,s2.97,s-2.75,s0
083_13,s3.32,s-1.95,s180
083_14,s-2.395,s-1.425,s90
083_15,s-3.195,s-1.075,s270
083_16,s-1.9800000000000002,s-1.65,s0
083_17,s-1.6300000000000003,s-0.8500000000000001,s180
083_18,s-0.415,s-1.425,s90
083_19,s-1.215,s-1.075,s270
083_20,s0.0,s-1.65,s0
083_21,s0.35,s-0.8500000000000001,s180
083_22,s1.565,s-1.425,s90
083_23,s0.7650000000000001,s-1.075,s270
083_24,s1.9800000000000002,s-1.65,s0
083_25,s2.33,s-0.8500000000000001,s180
083_26,s3.545,s-1.425,s90
083_27,s2.745,s-1.075,s270
083_28,s-2.97,s-0.55,s0
083_29,s-2.62,s0.25,s180
083_30,s-1.4050000000000002,s-0.325,s90
083_31,s-2.205,s0.025,s270
083_32,s-0.9900000000000001,s-0.55,s0
083_33,s-0.6400000000000001,s0.25,s180
083_34,s0.575,s-0.325,s90
083_35,s-0.225,s0.025,s270
083_36,s0.9900000000000001,s-0.55,s0
083_37,s1.34,s0.25,s180
083_38,s2.555,s-0.325,s90
083_39,s1.7550000000000003,s0.024999999999999745,s270
083_40,s2.97,s-0.55,s0
083_41,s3.32,s0.25,s180
083_42,s-2.395,s0.775,s90
083_43,s-3.195,s1.125,s270
083_44,s-1.9800000000000002,s0.55,s0
083_45,s-1.6300000000000003,s1.35,s180
083_46,s-0.41500000000000015,s0.7749999999999999,s90
083_47,s-1.215,s1.1249999999999998,s270
083_48,s0.0,s0.55,s0
083_49,s0.35,s1.35,s180
083_50,s1.565,s0.7750000000000001,s90
083_51,s0.765,s1.125,s270
083_52,s1.9800000000000002,s0.55,s0
083_53,s2.33,s1.35,s180
083_54,s3.545,s0.775,s90
083_55,s2.745,s1.125,s270
083_56,s-2.97,s1.65,s0
083_57,s-2.62,s2.45,s180
083_58,s-1.4050000000000002,s1.8749999999999998,s90
083_59,s-2.205,s2.2249999999999996,s270
083_60,s-0.9900000000000001,s1.65,s0
083_61,s-0.6400000000000001,s2.45,s180
083_62,s0.575,s1.875,s90
083_63,s-0.225,s2.225,s270
083_64,s0.9900000000000001,s1.65,s0
083_65,s1.34,s2.45,s180
083_66,s2.555,s1.875,s90
083_67,s1.755,s2.2249999999999996,s270
083_68,s2.97,s1.65,s0
083_69,s3.32,s2.45,s180
083_70,s-2.395,s2.975,s90
083_71,s-3.195,s3.325,s270
083_72,s-1.9800000000000002,s2.75,s0
083_73,s-1.6300000000000003,s3.55,s180
083_74,s-0.415,s2.975,s90
083_75,s-1.215,s3.325,s270
083_76,s0.0,s2.75,s0
083_77,s0.35,s3.55,s180
083_78,s1.565,s2.975,s90
083_79,s0.765,s3.325,s270
083_80,s1.9800000000000002,s2.75,s0
083_81,s2.33,s3.55,s180
084_0,s-2.97,s-2.75,s0
084_1,s-2.62,s-1.95,s180
084_2,s-1.405,s-2.525,s90
084_3,s-2.205,s-2.175,s270
084_4,s-0.9900000000000001,s-2.75,s0
084_5,s-0.6400000000000001,s-1.95,s180
084_6,s0.575,s-2.525,s90
084_7,s-0.225,s-2.175,s270
084_8,s0.9900000000000001,s-2.75,s0
084_9,s1.34,s-1.95,s180
084_10,s2.555,s-2.525,s90
084_11,s1.7550000000000003,s-2.175,s270
084_12,s2.97,s-2.75,s0
084_13,s3.32,s-1.95,s180
084_14,s-2.395,s-1.425,s90
084_15,s-3.195,s-1.075,s270
084_16,s-1.9800000000000002,s-1.65,s0
084_17,s-1.6300000000000003,s-0.8500000000000001,s180
084_18,s-0.415,s-1.425,s90
084_19,s-1.215,s-1.075,s270
084_20,s0.0,s-1.65,s0
084_21,s0.35,s-0.8500000000000001,s180
084_22,s1.565,s-1.425,s90
084_23,s0.7650000000000001,s-1.075,s270
084_24,s1.9800000000000002,s-1.65,s0
084_25,s2.33,s-0.8500000000000001,s180
084_26,s3.545,s-1.425,s90
084_27,s2.745,s-1.075,s270
084_28,s-2.97,s-0.55,s0
084_29,s-2.62,s0.25,s180
084_30,s-1.4050000000000002,s-0.325,s90
084_31,s-2.205,s0.025,s270
084_32,s-0.9900000000000001,s-0.55,s0
084_33,s-0.6400000000000001,s0.25,s180
084_34,s0.575,s-0.325,s90
084_35,s-0.225,s0.025,s270
084_36,s0.9900000000000001,s-0.55,s0
084_37,s1.34,s0.25,s180
084_38,s2.555,s-0.325,s90
084_39,s1.7550000000000003,s0.024999999999999745,s270
084_40,s2.97,s-0.55,s0
084_41,s3.32,s0.25,s180
084_42,s-2.395,s0.775,s90
084_43,s-3.195,s1.125,s270
084_44,s-1.9800000000000002,s0.55,s0
084_45,s-1.6300000000000003,s1.35,s180
084_46,s-0.41500000000000015,s0.7749999999999999,s90
084_47,s-1.215,s1.1249999999999998,s270
084_48,s0.0,s0.55,s0
084_49,s0.35,s1.35,s180
084_50,s1.565,s0.7750000000000001,s90
084_51,s0.765,s1.125,s270
084_52,s1.9800000000000002,s0.55,s0
084_53,s2.33,s1.35,s180
084_54,s3.545,s0.775,s90
084_55,s2.745,s1.125,s270
084_56,s-2.97,s1.65,s0
084_57,s-2.62,s2.45,s180
084_58,s-1.4050000000000002,s1.8749999999999998,s90
084_59,s-2.205,s2.2249999999999996,s270
084_60,s-0.9900000000000001,s1.65,s0
084_61,s-0.6400000000000001,s2.45,s180
084_62,s0.575,s1.875,s90
084_63,s-0.225,s2.225,s270
084_64,s0.9900000000000001,s1.65,s0
084_65,s1.34,s2.45,s180
084_66,s2.555,s1.875,s90
084_67,s1.755,s2.2249999999999996,s270
084_68,s2.97,s1.65,s0
084_69,s3.32,s2.45,s180
084_70,s-2.395,s2.975,s90
084_71,s-3.195,s3.325,s270
084_72,s-1.9800000000000002,s2.75,s0
084_73,s-1.6300000000000003,s3.55,s180
084_74,s-0.415,s2.975,s90
084_75,s-1.215,s3.325,s270
084_76,s0.0,s2.75,s0
084_77,s0.35,s3.55,s180
084_78,s1.565,s2.975,s90
084_79,s0.765,s3.325,s270
084_80,s1.9800000000000002,s2.75,s0
084_81,s2.33,s3.55,s180
084_82,s3.545,s2.975,s90
084_83,s2.745,s3.325,s270
085_0,s-2.97,s-2.75,s0
085_1,s-2.62,s-1.95,s180
085_2,s-1.405,s-2.525,s90
085_3,s-2.205,s-2.175,s270
085_4,s-0.9900000000000001,s-2.75,s0
085_5,s-0.6400000000000001,s-1.95,s180
085_6,s0.575,s-2.525,s90
085_7,s-0.225,s-2.175,s270
085_8,s0.9900000000000001,s-2.75,s0
085_9,s1.34,s-1.95,s180
085_10,s2.555,s-2.525,s90
085_11,s1.7550000000000003,s-2.175,s270
085_12,s2.97,s-2.75,s0
085_13,s3.32,s-1.95,s180
085_14,s-2.395,s-1.425,s90
085_15,s-3.195,s-1.075,s270
085_16,s-1.9800000000000002,s-1.65,s0
085_17,s-1.6300000000000003,s-0.8500000000000001,s180
085_18,s-0.415,s-1.425,s90
085_19,s-1.215,s-1.075,s270
085_20,s0.0,s-1.65,s0
085_21,s0.35,s-0.8500000000000001,s180
085_22,s1.565,s-1.425,s90
085_23,s0.7650000000000001,s-1.075,s270
085_24,s1.9800000000000002,s-1.65,s0
085_25,s2.33,s-0.8500000000000001,s180
085_26,s3.545,s-1.425,s90
085_27,s2.745,s-1.075,s270
085_28,s-2.97,s-0.55,s0
085_29,s-2.62,s0.25,s180
085_30,s-1.4050000000000002,s-0.325,s90
085_31,s-2.205,s0.025,s270
085_32,s-0.9900000000000001,s-0.55,s0
085_33,s-0.6400000000000001,s0.25,s180
085_34,s0.575,s-0.325,s90
085_35,s-0.225,s0.025,s270
085_36,s0.9900000000000001,s-0.55,s0
085_37,s1.34,s0.25,s180
085_38,s2.555,s-0.325,s90
085_39,s1.7550000000000003,s0.024999999999999745,s270
085_40,s2.97,s-0.55,s0
085_41,s3.32,s0.25,s180
085_42,s-2.395,s0.775,s90
085_43,s-3.195,s1.125,s270
085_44,s-1.9800000000000002,s0.55,s0
085_45,s-1.6300000000000003,s1.35,s180
085_46,s-0.41500000000000015,s0.7749999999999999,s90
085_47,s-1.215,s1.1249999999999998,s270
085_48,s0.0,s0.55,s0
085_49,s0.35,s1.35,s180
085_50,s1.565,s0.7750000000000001,s90
085_51,s0.765,s1.125,s270
085_52,s1.9800000000000002,s0.55,s0
085_53,s2.33,s1.35,s180
085_54,s3.545,s0.775,s90
085_55,s2.745,s1.125,s270
085_56,s-2.97,s1.65,s0
085_57,s-2.62,s2.45,s180
085_58,s-1.4050000000000002,s1.8749999999999998,s90
085_59,s-2.205,s2.2249999999999996,s270
085_60,s-0.9900000000000001,s1.65,s0
085_61,s-0.6400000000000001,s2.45,s180
085_62,s0.575,s1.875,s90
085_63,s-0.225,s2.225,s270
085_64,s0.9900000000000001,s1.65,s0
085_65,s1.34,s2.45,s180
085_66,s2.555,s1.875,s90
085_67,s1.755,s2.2249999999999996,s270
085_68,s2.97,s1.65,s0
085_69,s3.32,s2.45,s180
085_70,s-2.395,s2.975,s90
085_71,s-3.195,s3.325,s270
085_72,s-1.9800000000000002,s2.75,s0
085_73,s-1.6300000000000003,s3.55,s180
085_74,s-0.415,s2.975,s90
085_75,s-1.215,s3.325,s270
085_76,s0.0,s2.75,s0
085_77,s0.35,s3.55,s180
085_78,s1.565,s2.975,s90
085_79,s0.765,s3.325,s270
085_80,s1.9800000000000002,s2.75,s0
085_81,s2.33,s3.55,s180
085_82,s3.545,s2.975,s90
085_83,s2.745,s3.325,s270
086_0,s-2.97,s-3.3000000000000007,s0
086_1,s-2.62,s-2.5000000000000004,s180
086_2,s-1.4050000000000005,s-3.0750000000000006,s90
086_3,s-2.2050000000000005,s-2.7250000000000005,s270
086_4,s-0.9900000000000001,s-3.3000000000000007,s0
086_5,s-0.6400000000000001,s-2.5000000000000004,s180
086_6,s0.575,s-3.0750000000000006,s90
086_7,s-0.225,s-2.7250000000000005,s270
086_8,s0.9900000000000001,s-3.3000000000000007,s0
086_9,s1.34,s-2.5000000000000004,s180
086_10,s2.555,s-3.075000000000001,s90
086_11,s1.7550000000000003,s-2.725000000000001,s270
086_12,s2.97,s-3.3000000000000007,s0
086_13,s3.32,s-2.5000000000000004,s180
086_14,s-2.395,s-1.975,s90
086_15,s-3.195,s-1.625,s270
086_16,s-1.9800000000000002,s-2.2,s0
086_17,s-1.6300000000000003,s-1.4,s180
086_18,s-0.415,s-1.975,s90
086_19,s-1.215,s-1.625,s270
086_20,s0.0,s-2.2,s0
086_21,s0.35,s-1.4,s180
086_22,s1.565,s-1.975,s90
086_23,s0.765,s-1.625,s270
086_24,s1.9800000000000002,s-2.2,s0
086_25,s2.33,s-1.4,s180
086_26,s3.545,s-1.975,s90
086_27,s2.745,s-1.625,s270
086_28,s-2.97,s-1.1,s0
086_29,s-2.62,s-0.3,s180
086_30,s-1.405,s-0.875,s90
086_31,s-2.205,s-0.525,s270
086_32,s-0.9900000000000001,s-1.1,s0
086_33,s-0.6400000000000001,s-0.3,s180
086_34,s0.575,s-0.875,s90
086_35,s-0.225,s-0.525,s270
086_36,s0.9900000000000001,s-1.1,s0
086_37,s1.34,s-0.3,s180
086_38,s2.555,s-0.8749999999999998,s90
086_39,s1.7550000000000003,s-0.525,s270
086_40,s2.97,s-1.1,s0
086_41,s3.32,s-0.3,s180
086_42,s-2.395,s0.225,s90
086_43,s-3.195,s0.575,s270
086_44,s-1.9800000000000002,s0.0,s0
086_45,s-1.6300000000000003,s0.8,s180
086_46,s-0.41500000000000015,s0.22499999999999987,s90
086_47,s-1.215,s0.5749999999999998,s270
086_48,s0.0,s0.0,s0
086_49,s0.35,s0.8,s180
086_50,s1.565,s0.22500000000000012,s90
086_51,s0.765,s0.575,s270
086_52,s1.9800000000000002,s0.0,s0
086_53,s2.33,s0.8,s180
086_54,s3.545,s0.225,s90
086_55,s2.745,s0.575,s270
086_56,s-2.97,s1.1,s0
086_57,s-2.62,s1.9,s180
086_58,s-1.4050000000000002,s1.3249999999999997,s90
086_59,s-2.205,s1.6749999999999998,s270
086_60,s-0.9900000000000001,s1.1,s0
086_61,s-0.6400000000000001,s1.9,s180
086_62,s0.575,s1.325,s90
086_63,s-0.225,s1.675,s270
086_64,s0.9900000000000001,s1.1,s0
086_65,s1.34,s1.9,s180
086_66,s2.555,s1.325,s90
086_67,s1.755,s1.6749999999999998,s270
086_68,s2.97,s1.1,s0
086_69,s3.32,s1.9,s180
086_70,s-2.395,s2.425,s90
086_71,s-3.195,s2.775,s270
086_72,s-1.9800000000000002,s2.2,s0
086_73,s-1.6300000000000003,s3.0,s180
086_74,s-0.415,s2.425,s90
086_75,s-1.215,s2.775,s270
086_76,s0.0,s2.2,s0
086_77,s0.35,s3.0,s180
086_78,s1.565,s2.425,s90
086_79,s0.765,s2.775,s270
086_80,s1.9800000000000002,s2.2,s0
086_81,s2.33,s3.0,s180
086_82,s3.545,s2.425,s90
086_83,s2.745,s2.775,s270
086_84,s-2.97,s3.3000000000000007,s0
086_85,s-2.62,s4.1000000000000005,s180
087_0,s-2.97,s-3.3000000000000007,s0
087_1,s-2.62,s-2.5000000000000004,s180
087_2,s-1.4050000000000005,s-3.0750000000000006,s90
087_3,s-2.2050000000000005,s-2.7250000000000005,s270
087_4,s-0.9900000000000001,s-3.3000000000000007,s0
087_5,s-0.6400000000000001,s-2.5000000000000004,s180
087_6,s0.575,s-3.0750000000000006,s90
087_7,s-0.225,s-2.7250000000000005,s270
087_8,s0.9900000000000001,s-3.3000000000000007,s0
087_9,s1.34,s-2.5000000000000004,s180
087_10,s2.555,s-3.075000000000001,s90
087_11,s1.7550000000000003,s-2.725000000000001,s270
087_12,s2.97,s-3.3000000000000007,s0
087_13,s3.32,s-2.5000000000000004,s180
087_14,s-2.395,s-1.975,s90
087_15,s-3.195,s-1.625,s270
087_16,s-1.9800000000000002,s-2.2,s0
087_17,s-1.6300000000000003,s-1.4,s180
087_18,s-0.415,s-1.975,s90
087_19,s-1.215,s-1.625,s270
087_20,s0.0,s-2.2,s0
087_21,s0.35,s-1.4,s180
087_22,s1.565,s-1.975,s90
087_23,s0.765,s-1.625,s270
087_24,s1.9800000000000002,s-2.2,s0
087_25,s2.33,s-1.4,s180
087_26,s3.545,s-1.975,s90
087_27,s2.745,s-1.625,s270
087_28,s-2.97,s-1.1,s0
087_29,s-2.62,s-0.3,s180
087_30,s-1.405,s-0.875,s90
087_31,s-2.205,s-0.525,s270
087_32,s-0.9900000000000001,s-1.1,s0
087_33,s-0.6400000000000001,s-0.3,s180
087_34,s0.575,s-0.875,s90
087_35,s-0.225,s-0.525,s270
087_36,s0.9900000000000001,s-1.1,s0
087_37,s1.34,s-0.3,s180
087_38,s2.555,s-0.8749999999999998,s90
087_39,s1.7550000000000003,s-0.525,s270
087_40,s2.97,s-1.1,s0
087_41,s3.32,s-0.3,s180
087_42,s-2.395,s0.225,s90
087_43,s-3.195,s0.575,s270
087_44,s-1.9800000000000002,s0.0,s0
087_45,s-1.6300000000000003,s0.8,s180
087_46,s-0.41500000000000015,s0.22499999999999987,s90
087_47,s-1.215,s0.5749999999999998,s270
087_48,s0.0,s0.0,s0
087_49,s0.35,s0.8,s180
087_50,s1.565,s0.22500000000000012,s90
087_51,s0.765,s0.575,s270
087_52,s1.9800000000000002,s0.0,s0
087_53,s2.33,s0.8,s180
087_54,s3.545,s0.225,s90
087_55,s2.745,s0.575,s270
087_56,s-2.97,s1.1,s0
087_57,s-2.62,s1.9,s180
087_58,s-1.4050000000000002,s1.3249999999999997,s90
087_59,s-2.205,s1.6749999999999998,s270
087_60,s-0.9900000000000001,s1.1,s0
087_61,s-0.6400000000000001,s1.9,s180
087_62,s0.575,s1.325,s90
087_63,s-0.225,s1.675,s270
087_64,s0.9900000000000001,s1.1,s0
087_65,s1.34,s1.9,s180
087_66,s2.555,s1.325,s90
087_67,s1.755,s1.6749999999999998,s270
087_68,s2.97,s1.1,s0
087_69,s3.32,s1.9,s180
087_70,s-2.395,s2.425,s90
087_71,s-3.195,s2.775,s270
087_72,s-1.9800000000000002,s2.2,s0
087_73,s-1.6300000000000003,s3.0,s180
087_74,s-0.415,s2.425,s90
087_75,s-1.215,s2.775,s270
087_76,s0.0,s2.2,s0
087_77,s0.35,s3.0,s180
087_78,s1.565,s2.425,s90
087_79,s0.765,s2.775,s270
087_80,s1.9800000000000002,s2.2,s0
087_81,s2.33,s3.0,s180
087_82,s3.545,s2.425,s90
087_83,s2.745,s2.775,s270
087_84,s-2.97,s3.3000000000000007,s0
087_85,s-2.62,s4.1000000000000005,s180
088_0,s-2.97,s-3.3000000000000007,s0
088_1,s-2.62,s-2.5000000000000004,s180
088_2,s-1.4050000000000005,s-3.0750000000000006,s90
088_3,s-2.2050000000000005,s-2.7250000000000005,s270
088_4,s-0.9900000000000001,s-3.3000000000000007,s0
088_5,s-0.6400000000000001,s-2.5000000000000004,s180
088_6,s0.575,s-3.0750000000000006,s90
088_7,s-0.225,s-2.7250000000000005,s270
088_8,s0.9900000000000001,s-3.3000000000000007,s0
088_9,s1.34,s-2.5000000000000004,s180
088_10,s2.555,s-3.075000000000001,s90
088_11,s1.7550000000000003,s-2.725000000000001,s270
088_12,s2.97,s-3.3000000000000007,s0
088_13,s3.32,s-2.5000000000000004,s180
088_14,s-2.395,s-1.975,s90
088_15,s-3.195,s-1.625,s270
088_16,s-1.9800000000000002,s-2.2,s0
088_17,s-1.6300000000000003,s-1.4,s180
088_18,s-0.415,s-1.975,s90
088_19,s-1.215,s-1.625,s270
088_20,s0.0,s-2.2,s0
088_21,s0.35,s-1.4,s180
088_22,s1.565,s-1.975,s90
088_23,s0.765,s-1.625,s270
088_24,s1.9800000000000002,s-2.2,s0
088_25,s2.33,s-1.4,s180
088_26,s3.545,s-1.975,s90
088_27,s2.745,s-1.625,s270
088_28,s-2.97,s-1.1,s0
088_29,s-2.62,s-0.3,s180
088_30,s-1.405,s-0.875,s90
088_31,s-2.205,s-0.525,s270
088_32,s-0.9900000000000001,s-1.1,s0
088_33,s-0.6400000000000001,s-0.3,s180
088_34,s0.575,s-0.875,s90
088_35,s-0.225,s-0.525,s270
088_36,s0.9900000000000001,s-1.1,s0
088_37,s1.34,s-0.3,s180
088_38,s2.555,s-0.8749999999999998,s90
088_39,s1.7550000000000003,s-0.525,s270
088_40,s2.97,s-1.1,s0
088_41,s3.32,s-0.3,s180
088_42,s-2.395,s0.225,s90
088_43,s-3.195,s0.575,s270
088_44,s-1.9800000000000002,s0.0,s0
088_45,s-1.6300000000000003,s0.8,s180
088_46,s-0.41500000000000015,s0.22499999999999987,s90
088_47,s-1.215,s0.5749999999999998,s270
088_48,s0.0,s0.0,s0
088_49,s0.35,s0.8,s180
088_50,s1.565,s0.22500000000000012,s90
088_51,s0.765,s0.575,s270
088_52,s1.9800000000000002,s0.0,s0
088_53,s2.33,s0.8,s180
088_54,s3.545,s0.225,s90
088_55,s2.745,s0.575,s270
088_56,s-2.97,s1.1,s0
088_57,s-2.62,s1.9,s180
088_58,s-1.4050000000000002,s1.3249999999999997,s90
088_59,s-2.205,s1.6749999999999998,s270
088_60,s-0.9900000000000001,s1.1,s0
088_61,s-0.6400000000000001,s1.9,s180
088_62,s0.575,s1.325,s90
088_63,s-0.225,s1.675,s270
088_64,s0.9900000000000001,s1.1,s0
088_65,s1.34,s1.9,s180
088_66,s2.555,s1.325,s90
088_67,s1.755,s1.6749999999999998,s270
088_68,s2.97,s1.1,s0
088_69,s3.32,s1.9,s180
088_70,s-2.395,s2.425,s90
088_71,s-3.195,s2.775,s270
088_72,s-1.9800000000000002,s2.2,s0
088_73,s-1.6300000000000003,s3.0,s180
088_74,s-0.415,s2.425,s90
088_75,s-1.215,s2.775,s270
088_76,s0.0,s2.2,s0
088_77,s0.35,s3.0,s180
088_78,s1.565,s2.425,s90
088_79,s0.765,s2.775,s270
088_80,s1.9800000000000002,s2.2,s0
088_81,s2.33,s3.0,s180
088_82,s3.545,s2.425,s90
088_83,s2.745,s2.775,s270
088_84,s-2.97,s3.3000000000000007,s0
088_85,s-2.62,s4.1000000000000005,s180
088_86,s-1.4050000000000002,s3.5250000000000012,s90
088_87,s-2.205,s3.875000000000001,s270
089_0,s-2.97,s-3.3000000000000007,s0
089_1,s-2.62,s-2.5000000000000004,s180
089_2,s-1.4050000000000005,s-3.0750000000000006,s90
089_3,s-2.2050000000000005,s-2.7250000000000005,s270
089_4,s-0.9900000000000001,s-3.3000000000000007,s0
089_5,s-0.6400000000000001,s-2.5000000000000004,s180
089_6,s0.575,s-3.0750000000000006,s90
089_7,s-0.225,s-2.7250000000000005,s270
089_8,s0.9900000000000001,s-3.3000000000000007,s0
089_9,s1.34,s-2.5000000000000004,s180
089_10,s2.555,s-3.075000000000001,s90
089_11,s1.7550000000000003,s-2.725000000000001,s270
089_12,s2.97,s-3.3000000000000007,s0
089_13,s3.32,s-2.5000000000000004,s180
089_14,s-2.395,s-1.975,s90
089_15,s-3.195,s-1.625,s270
089_16,s-1.9800000000000002,s-2.2,s0
089_17,s-1.6300000000000003,s-1.4,s180
089_18,s-0.415,s-1.975,s90
089_19,s-1.215,s-1.625,s270
089_20,s0.0,s-2.2,s0
089_21,s0.35,s-1.4,s180
089_22,s1.565,s-1.975,s90
089_23,s0.765,s-1.625,s270
089_24,s1.9800000000000002,s-2.2,s0
089_25,s2.33,s-1.4,s180
089_26,s3.545,s-1.975,s90
089_27,s2.745,s-1.625,s270
089_28,s-2.97,s-1.1,s0
089_29,s-2.62,s-0.3,s180
089_30,s-1.405,s-0.875,s90
089_31,s-2.205,s-0.525,s270
089_32,s-0.9900000000000001,s-1.1,s0
089_33,s-0.6400000000000001,s-0.3,s180
089_34,s0.575,s-0.875,s90
089_35,s-0.225,s-0.525,s270
089_36,s0.9900000000000001,s-1.1,s0
089_37,s1.34,s-0.3,s180
089_38,s2.555,s-0.8749999999999998,s90
089_39,s1.7550000000000003,s-0.525,s270
089_40,s2.97,s-1.1,s0
089_41,s3.32,s-0.3,s180
089_42,s-2.395,s0.225,s90
089_43,s-3.195,s0.575,s270
089_44,s-1.9800000000000002,s0.0,s0
089_45,s-1.6300000000000003,s0.8,s180
089_46,s-0.41500000000000015,s0.22499999999999987,s90
089_47,s-1.215,s0.5749999999999998,s270
089_48,s0.0,s0.0,s0
089_49,s0.35,s0.8,s180
089_50,s1.565,s0.22500000000000012,s90
089_51,s0.765,s0.575,s270
089_52,s1.9800000000000002,s0.0,s0
089_53,s2.33,s0.8,s180
089_54,s3.545,s0.225,s90
089_55,s2.745,s0.575,s270
089_56,s-2.97,s1.1,s0
089_57,s-2.62,s1.9,s180
089_58,s-1.4050000000000002,s1.3249999999999997,s90
089_59,s-2.205,s1.6749999999999998,s270
089_60,s-0.9900000000000001,s1.1,s0
089_61,s-0.6400000000000001,s1.9,s180
089_62,s0.575,s1.325,s90
089_63,s-0.225,s1.675,s270
089_64,s0.9900000000000001,s1.1,s0
089_65,s1.34,s1.9,s180
089_66,s2.555,s1.325,s90
089_67,s1.755,s1.6749999999999998,s270
089_68,s2.97,s1.1,s0
089_69,s3.32,s1.9,s180
089_70,s-2.395,s2.425,s90
089_71,s-3.195,s2.775,s270
089_72,s-1.9800000000000002,s2.2,s0
089_73,s-1.6300000000000003,s3.0,s180
089_74,s-0.415,s2.425,s90
089_75,s-1.215,s2.775,s270
089_76,s0.0,s2.2,s0
089_77,s0.35,s3.0,s180
089_78,s1.565,s2.425,s90
089_79,s0.765,s2.775,s270
089_80,s1.9800000000000002,s2.2,s0
089_81,s2.33,s3.0,s180
089_82,s3.545,s2.425,s90
089_83,s2.745,s2.775,s270
089_84,s-2.97,s3.3000000000000007,s0
089_85,s-2.62,s4.1000000000000005,s180
089_86,s-1.4050000000000002,s3.5250000000000012,s90
089_87,s-2.205,s3.875000000000001,s270
090_0,s-2.97,s-3.3000000000000007,s0
090_1,s-2.62,s-2.5000000000000004,s180
090_2,s-1.4050000000000005,s-3.0750000000000006,s90
090_3,s-2.2050000000000005,s-2.7250000000000005,s270
090_4,s-0.9900000000000001,s-3.3000000000000007,s0
090_5,s-0.6400000000000001,s-2.5000000000000004,s180
090_6,s0.575,s-3.0750000000000006,s90
090_7,s-0.225,s-2.7250000000000005,s270
090_8,s0.9900000000000001,s-3.3000000000000007,s0
090_9,s1.34,s-2.5000000000000004,s180
090_10,s2.555,s-3.075000000000001,s90
090_11,s1.7550000000000003,s-2.725000000000001,s270
090_12,s2.97,s-3.3000000000000007,s0
090_13,s3.32,s-2.5000000000000004,s180
090_14,s-2.395,s-1.975,s90
090_15,s-3.195,s-1.625,s270
090_16,s-1.9800000000000002,s-2.2,s0
090_17,s-1.6300000000000003,s-1.4,s180
090_18,s-0.415,s-1.975,s90
090_19,s-1.215,s-1.625,s270
090_20,s0.0,s-2.2,s0
090_21,s0.35,s-1.4,s180
090_22,s1.565,s-1.975,s90
090_23,s0.765,s-1.625,s270
090_24,s1.9800000000000002,s-2.2,s0
090_25,s2.33,s-1.4,s180
090_26,s3.545,s-1.975,s90
090_27,s2.745,s-1.625,s270
090_28,s-2.97,s-1.1,s0
090_29,s-2.62,s-0.3,s180
090_30,s-1.405,s-0.875,s90
090_31,s-2.205,s-0.525,s270
090_32,s-0.9900000000000001,s-1.1,s0
090_33,s-0.6400000000000001,s-0.3,s180
090_34,s0.575,s-0.875,s90
090_35,s-0.225,s-0.525,s270
090_36,s0.9900000000000001,s-1.1,s0
090_37,s1.34,s-0.3,s180
090_38,s2.555,s-0.8749999999999998,s90
090_39,s1.7550000000000003,s-0.525,s270
090_40,s2.97,s-1.1,s0
090_41,s3.32,s-0.3,s180
090_42,s-2.395,s0.225,s90
090_43,s-3.195,s0.575,s270
090_44,s-1.9800000000000002,s0.0,s0
090_45,s-1.6300000000000003,s0.8,s180
090_46,s-0.41500000000000015,s0.22499999999999987,s90
090_47,s-1.215,s0.5749999999999998,s270
090_48,s0.0,s0.0,s0
090_49,s0.35,s0.8,s180
090_50,s1.565,s0.22500000000000012,s90
090_51,s0.765,s0.575,s270
090_52,s1.9800000000000002,s0.0,s0
090_53,s2.33,s0.8,s180
090_54,s3.545,s0.225,s90
090_55,s2.745,s0.575,s270
090_56,s-2.97,s1.1,s0
090_57,s-2.62,s1.9,s180
090_58,s-1.4050000000000002,s1.3249999999999997,s90
090_59,s-2.205,s1.6749999999999998,s270
090_60,s-0.9900000000000001,s1.1,s0
090_61,s-0.6400000000000001,s1.9,s180
090_62,s0.575,s1.325,s90
090_63,s-0.225,s1.675,s270
090_64,s0.9900000000000001,s1.1,s0
090_65,s1.34,s1.9,s180
090_66,s2.555,s1.325,s90
090_67,s1.755,s1.6749999999999998,s270
090_68,s2.97,s1.1,s0
090_69,s3.32,s1.9,s180
090_70,s-2.395,s2.425,s90
090_71,s-3.195,s2.775,s270
090_72,s-1.9800000000000002,s2.2,s0
090_73,s-1.6300000000000003,s3.0,s180
090_74,s-0.415,s2.425,s90
090_75,s-1.215,s2.775,s270
090_76,s0.0,s2.2,s0
090_77,s0.35,s3.0,s180
090_78,s1.565,s2.425,s90
090_79,s0.765,s2.775,s270
090_80,s1.9800000000000002,s2.2,s0
090_81,s2.33,s3.0,s180
090_82,s3.545,s2.425,s90
090_83,s2.745,s2.775,s270
090_84,s-2.97,s3.3000000000000007,s0
090_85,s-2.62,s4.1000000000000005,s180
090_86,s-1.4050000000000002,s3.5250000000000012,s90
090_87,s-2.205,s3.875000000000001,s270
090_88,s-0.9900000000000001,s3.3000000000000007,s0
090_89,s-0.6400000000000001,s4.1000000000000005,s180
091_0,s-2.97,s-3.3000000000000007,s0
091_1,s-2.62,s-2.5000000000000004,s180
091_2,s-1.4050000000000005,s-3.0750000000000006,s90
091_3,s-2.2050000000000005,s-2.7250000000000005,s270
091_4,s-0.9900000000000001,s-3.3000000000000007,s0
091_5,s-0.6400000000000001,s-2.5000000000000004,s180
091_6,s0.575,s-3.0750000000000006,s90
091_7,s-0.225,s-2.7250000000000005,s270
091_8,s0.9900000000000001,s-3.3000000000000007,s0
091_9,s1.34,s-2.5000000000000004,s180
091_10,s2.555,s-3.075000000000001,s90
091_11,s1.7550000000000003,s-2.725000000000001,s270
091_12,s2.97,s-3.3000000000000007,s0
091_13,s3.32,s-2.5000000000000004,s180
091_14,s-2.395,s-1.975,s90
091_15,s-3.195,s-1.625,s270
091_16,s-1.9800000000000002,s-2.2,s0
091_17,s-1.6300000000000003,s-1.4,s180
091_18,s-0.415,s-1.975,s90
091_19,s-1.215,s-1.625,s270
091_20,s0.0,s-2.2,s0
091_21,s0.35,s-1.4,s180
091_22,s1.565,s-1.975,s90
091_23,s0.765,s-1.625,s270
091_24,s1.9800000000000002,s-2.2,s0
091_25,s2.33,s-1.4,s180
091_26,s3.545,s-1.975,s90
091_27,s2.745,s-1.625,s270
091_28,s-2.97,s-1.1,s0
091_29,s-2.62,s-0.3,s180
091_30,s-1.405,s-0.875,s90
091_31,s-2.205,s-0.525,s270
091_32,s-0.9900000000000001,s-1.1,s0
091_33,s-0.6400000000000001,s-0.3,s180
091_34,s0.575,s-0.875,s90
091_35,s-0.225,s-0.525,s270
091_36,s0.9900000000000001,s-1.1,s0
091_37,s1.34,s-0.3,s180
091_38,s2.555,s-0.8749999999999998,s90
091_39,s1.7550000000000003,s-0.525,s270
091_40,s2.97,s-1.1,s0
091_41,s3.32,s-0.3,s180
091_42,s-2.395,s0.225,s90
091_43,s-3.195,s0.575,s270
091_44,s-1.9800000000000002,s0.0,s0
091_45,s-1.6300000000000003,s0.8,s180
091_46,s-0.41500000000000015,s0.22499999999999987,s90
091_47,s-1.215,s0.5749999999999998,s270
091_48,s0.0,s0.0,s0
091_49,s0.35,s0.8,s180
091_50,s1.565,s0.22500000000000012,s90
091_51,s0.765,s0.575,s270
091_52,s1.9800000000000002,s0.0,s0
091_53,s2.33,s0.8,s180
091_54,s3.545,s0.225,s90
091_55,s2.745,s0.575,s270
091_56,s-2.97,s1.1,s0
091_57,s-2.62,s1.9,s180
091_58,s-1.4050000000000002,s1.3249999999999997,s90
091_59,s-2.205,s1.6749999999999998,s270
091_60,s-0.9900000000000001,s1.1,s0
091_61,s-0.6400000000000001,s1.9,s180
091_62,s0.575,s1.325,s90
091_63,s-0.225,s1.675,s270
091_64,s0.9900000000000001,s1.1,s0
091_65,s1.34,s1.9,s180
091_66,s2.555,s1.325,s90
091_67,s1.755,s1.6749999999999998,s270
091_68,s2.97,s1.1,s0
091_69,s3.32,s1.9,s180
091_70,s-2.395,s2.425,s90
091_71,s-3.195,s2.775,s270
091_72,s-1.9800000000000002,s2.2,s0
091_73,s-1.6300000000000003,s3.0,s180
091_74,s-0.415,s2.425,s90
091_75,s-1.215,s2.775,s270
091_76,s0.0,s2.2,s0
091_77,s0.35,s3.0,s180
091_78,s1.565,s2.425,s90
091_79,s0.765,s2.775,s270
091_80,s1.9800000000000002,s2.2,s0
091_81,s2.33,s3.0,s180
091_82,s3.545,s2.425,s90
091_83,s2.745,s2.775,s270
091_84,s-2.97,s3.3000000000000007,s0
091_85,s-2.62,s4.1000000000000005,s180
091_86,s-1.4050000000000002,s3.5250000000000012,s90
091_87,s-2.205,s3.875000000000001,s270
091_88,s-0.9900000000000001,s3.3000000000000007,s0
091_89,s-0.6400000000000001,s4.1000000000000005,s180
092_0,s-2.97,s-3.3000000000000007,s0
092_1,s-2.62,s-2.5000000000000004,s180
092_2,s-1.4050000000000005,s-3.0750000000000006,s90
092_3,s-2.2050000000000005,s-2.7250000000000005,s270
092_4,s-0.9900000000000001,s-3.3000000000000007,s0
092_5,s-0.6400000000000001,s-2.5000000000000004,s180
092_6,s0.575,s-3.0750000000000006,s90
092_7,s-0.225,s-2.7250000000000005,s270
092_8,s0.9900000000000001,s-3.3000000000000007,s0
092_9,s1.34,s-2.5000000000000004,s180
092_10,s2.555,s-3.075000000000001,s90
092_11,s1.7550000000000003,s-2.725000000000001,s270
092_12,s2.97,s-3.3000000000000007,s0
092_13,s3.32,s-2.5000000000000004,s180
092_14,s-2.395,s-1.975,s90
092_15,s-3.195,s-1.625,s270
092_16,s-1.9800000000000002,s-2.2,s0
092_17,s-1.6300000000000003,s-1.4,s180
092_18,s-0.415,s-1.975,s90
092_19,s-1.215,s-1.625,s270
092_20,s0.0,s-2.2,s0
092_21,s0.35,s-1.4,s180
092_22,s1.565,s-1.975,s90
092_23,s0.765,s-1.625,s270
092_24,s1.9800000000000002,s-2.2,s0
092_25,s2.33,s-1.4,s180
092_26,s3.545,s-1.975,s90
092_27,s2.745,s-1.625,s270
092_28,s-2.97,s-1.1,s0
092_29,s-2.62,s-0.3,s180
092_30,s-1.405,s-0.875,s90
092_31,s-2.205,s-0.525,s270
092_32,s-0.9900000000000001,s-1.1,s0
092_33,s-0.6400000000000001,s-0.3,s180
092_34,s0.575,s-0.875,s90
092_35,s-0.225,s-0.525,s270
092_36,s0.9900000000000001,s-1.1,s0
092_37,s1.34,s-0.3,s180
092_38,s2.555,s-0.8749999999999998,s90
092_39,s1.7550000000000003,s-0.525,s270
092_40,s2.97,s-1.1,s0
092_41,s3.32,s-0.3,s180
092_42,s-2.395,s0.225,s90
092_43,s-3.195,s0.575,s270
092_44,s-1.9800000000000002,s0.0,s0
092_45,s-1.6300000000000003,s0.8,s180
092_46,s-0.41500000000000015,s0.22499999999999987,s90
092_47,s-1.215,s0.5749999999999998,s270
092_48,s0.0,s0.0,s0
092_49,s0.35,s0.8,s180
092_50,s1.565,s0.22500000000000012,s90
092_51,s0.765,s0.575,s270
092_52,s1.9800000000000002,s0.0,s0
092_53,s2.33,s0.8,s180
092_54,s3.545,s0.225,s90
092_55,s2.745,s0.575,s270
092_56,s-2.97,s1.1,s0
092_57,s-2.62,s1.9,s180
092_58,s-1.4050000000000002,s1.3249999999999997,s90
092_59,s-2.205,s1.6749999999999998,s270
092_60,s-0.9900000000000001,s1.1,s0
092_61,s-0.6400000000000001,s1.9,s180
092_62,s0.575,s1.325,s90
092_63,s-0.225,s1.675,s270
092_64,s0.9900000000000001,s1.1,s0
092_65,s1.34,s1.9,s180
092_66,s2.555,s1.325,s90
092_67,s1.755,s1.6749999999999998,s270
092_68,s2.97,s1.1,s0
092_69,s3.32,s1.9,s180
092_70,s-2.395,s2.425,s90
092_71,s-3.195,s2.775,s270
092_72,s-1.9800000000000002,s2.2,s0
092_73,s-1.6300000000000003,s3.0,s180
092_74,s-0.415,s2.425,s90
092_75,s-1.215,s2.775,s270
092_76,s0.0,s2.2,s0
092_77,s0.35,s3.0,s180
092_78,s1.565,s2.425,s90
092_79,s0.765,s2.775,s270
092_80,s1.9800000000000002,s2.2,s0
092_81,s2.33,s3.0,s180
092_82,s3.545,s2.425,s90
092_83,s2.745,s2.775,s270
092_84,s-2.97,s3.3000000000000007,s0
092_85,s-2.62,s4.1000000000000005,s180
092_86,s-1.4050000000000002,s3.5250000000000012,s90
092_87,s-2.205,s3.875000000000001,s270
092_88,s-0.9900000000000001,s3.3000000000000007,s0
092_89,s-0.6400000000000001,s4.1000000000000005,s180
092_90,s0.575,s3.5250000000000004,s90
092_91,s-0.225,s3.8750000000000004,s270
093_0,s-2.97,s-3.3000000000000007,s0
093_1,s-2.62,s-2.5000000000000004,s180
093_2,s-1.4050000000000005,s-3.0750000000000006,s90
093_3,s-2.2050000000000005,s-2.7250000000000005,s270
093_4,s-0.9900000000000001,s-3.3000000000000007,s0
093_5,s-0.6400000000000001,s-2.5000000000000004,s180
093_6,s0.575,s-3.0750000000000006,s90
093_7,s-0.225,s-2.7250000000000005,s270
093_8,s0.9900000000000001,s-3.3000000000000007,s0
093_9,s1.34,s-2.5000000000000004,s180
093_10,s2.555,s-3.075000000000001,s90
093_11,s1.7550000000000003,s-2.725000000000001,s270
093_12,s2.97,s-3.3000000000000007,s0
093_13,s3.32,s-2.5000000000000004,s180
093_14,s-2.395,s-1.975,s90
093_15,s-3.195,s-1.625,s270
093_16,s-1.9800000000000002,s-2.2,s0
093_17,s-1.6300000000000003,s-1.4,s180
093_18,s-0.415,s-1.975,s90
093_19,s-1.215,s-1.625,s270
093_20,s0.0,s-2.2,s0
093_21,s0.35,s-1.4,s180
093_22,s1.565,s-1.975,s90
093_23,s0.765,s-1.625,s270
093_24,s1.9800000000000002,s-2.2,s0
093_25,s2.33,s-1.4,s180
093_26,s3.545,s-1.975,s90
093_27,s2.745,s-1.625,s270
093_28,s-2.97,s-1.1,s0
093_29,s-2.62,s-0.3,s180
093_30,s-1.405,s-0.875,s90
093_31,s-2.205,s-0.525,s270
093_32,s-0.9900000000000001,s-1.1,s0
093_33,s-0.6400000000000001,s-0.3,s180
093_34,s0.575,s-0.875,s90
093_35,s-0.225,s-0.525,s270
093_36,s0.9900000000000001,s-1.1,s0
093_37,s1.34,s-0.3,s180
093_38,s2.555,s-0.8749999999999998,s90
093_39,s1.7550000000000003,s-0.525,s270
093_40,s2.97,s-1.1,s0
093_41,s3.32,s-0.3,s180
093_42,s-2.395,s0.225,s90
093_43,s-3.195,s0.575,s270
093_44,s-1.9800000000000002,s0.0,s0
093_45,s-1.6300000000000003,s0.8,s180
093_46,s-0.41500000000000015,s0.22499999999999987,s90
093_47,s-1.215,s0.5749999999999998,s270
093_48,s0.0,s0.0,s0
093_49,s0.35,s0.8,s180
093_50,s1.565,s0.22500000000000012,s90
093_51,s0.765,s0.575,s270
093_52,s1.9800000000000002,s0.0,s0
093_53,s2.33,s0.8,s180
093_54,s3.545,s0.225,s90
093_55,s2.745,s0.575,s270
093_56,s-2.97,s1.1,s0
093_57,s-2.62,s1.9,s180
093_58,s-1.4050000000000002,s1.3249999999999997,s90
093_59,s-2.205,s1.6749999999999998,s270
093_60,s-0.9900000000000001,s1.1,s0
093_61,s-0.6400000000000001,s1.9,s180
093_62,s0.575,s1.325,s90
093_63,s-0.225,s1.675,s270
093_64,s0.9900000000000001,s1.1,s0
093_65,s1.34,s1.9,s180
093_66,s2.555,s1.325,s90
093_67,s1.755,s1.6749999999999998,s270
093_68,s2.97,s1.1,s0
093_69,s3.32,s1.9,s180
093_70,s-2.395,s2.425,s90
093_71,s-3.195,s2.775,s270
093_72,s-1.9800000000000002,s2.2,s0
093_73,s-1.6300000000000003,s3.0,s180
093_74,s-0.415,s2.425,s90
093_75,s-1.215,s2.775,s270
093_76,s0.0,s2.2,s0
093_77,s0.35,s3.0,s180
093_78,s1.565,s2.425,s90
093_79,s0.765,s2.775,s270
093_80,s1.9800000000000002,s2.2,s0
093_81,s2.33,s3.0,s180
093_82,s3.545,s2.425,s90
093_83,s2.745,s2.775,s270
093_84,s-2.97,s3.3000000000000007,s0
093_85,s-2.62,s4.1000000000000005,s180
093_86,s-1.4050000000000002,s3.5250000000000012,s90
093_87,s-2.205,s3.875000000000001,s270
093_88,s-0.9900000000000001,s3.3000000000000007,s0
093_89,s-0.6400000000000001,s4.1000000000000005,s180
093_90,s0.575,s3.5250000000000004,s90
093_91,s-0.225,s3.8750000000000004,s270
094_0,s-2.97,s-3.3000000000000007,s0
094_1,s-2.62,s-2.5000000000000004,s180
094_2,s-1.4050000000000005,s-3.0750000000000006,s90
094_3,s-2.2050000000000005,s-2.7250000000000005,s270
094_4,s-0.9900000000000001,s-3.3000000000000007,s0
094_5,s-0.6400000000000001,s-2.5000000000000004,s180
094_6,s0.575,s-3.0750000000000006,s90
094_7,s-0.225,s-2.7250000000000005,s270
094_8,s0.9900000000000001,s-3.3000000000000007,s0
094_9,s1.34,s-2.5000000000000004,s180
094_10,s2.555,s-3.075000000000001,s90
094_11,s1.7550000000000003,s-2.725000000000001,s270
094_12,s2.97,s-3.3000000000000007,s0
094_13,s3.32,s-2.5000000000000004,s180
094_14,s-2.395,s-1.975,s90
094_15,s-3.195,s-1.625,s270
094_16,s-1.9800000000000002,s-2.2,s0
094_17,s-1.6300000000000003,s-1.4,s180
094_18,s-0.415,s-1.975,s90
094_19,s-1.215,s-1.625,s270
094_20,s0.0,s-2.2,s0
094_21,s0.35,s-1.4,s180
094_22,s1.565,s-1.975,s90
094_23,s0.765,s-1.625,s270
094_24,s1.9800000000000002,s-2.2,s0
094_25,s2.33,s-1.4,s180
094_26,s3.545,s-1.975,s90
094_27,s2.745,s-1.625,s270
094_28,s-2.97,s-1.1,s0
094_29,s-2.62,s-0.3,s180
094_30,s-1.405,s-0.875,s90
094_31,s-2.205,s-0.525,s270
094_32,s-0.9900000000000001,s-1.1,s0
094_33,s-0.6400000000000001,s-0.3,s180
094_34,s0.575,s-0.875,s90
094_35,s-0.225,s-0.525,s270
094_36,s0.9900000000000001,s-1.1,s0
094_37,s1.34,s-0.3,s180
094_38,s2.555,s-0.8749999999999998,s90
094_39,s1.7550000000000003,s-0.525,s270
094_40,s2.97,s-1.1,s0
094_41,s3.32,s-0.3,s180
094_42,s-2.395,s0.225,s90
094_43,s-3.195,s0.575,s270
094_44,s-1.9800000000000002,s0.0,s0
094_45,s-1.6300000000000003,s0.8,s180
094_46,s-0.41500000000000015,s0.22499999999999987,s90
094_47,s-1.215,s0.5749999999999998,s270
094_48,s0.0,s0.0,s0
094_49,s0.35,s0.8,s180
094_50,s1.565,s0.22500000000000012,s90
094_51,s0.765,s0.575,s270
094_52,s1.9800000000000002,s0.0,s0
094_53,s2.33,s0.8,s180
094_54,s3.545,s0.225,s90
094_55,s2.745,s0.575,s270
094_56,s-2.97,s1.1,s0
094_57,s-2.62,s1.9,s180
094_58,s-1.4050000000000002,s1.3249999999999997,s90
094_59,s-2.205,s1.6749999999999998,s270
094_60,s-0.9900000000000001,s1.1,s0
094_61,s-0.6400000000000001,s1.9,s180
094_62,s0.575,s1.325,s90
094_63,s-0.225,s1.675,s270
094_64,s0.9900000000000001,s1.1,s0
094_65,s1.34,s1.9,s180
094_66,s2.555,s1.325,s90
094_67,s1.755,s1.6749999999999998,s270
094_68,s2.97,s1.1,s0
094_69,s3.32,s1.9,s180
094_70,s-2.395,s2.425,s90
094_71,s-3.195,s2.775,s270
094_72,s-1.9800000000000002,s2.2,s0
094_73,s-1.6300000000000003,s3.0,s180
094_74,s-0.415,s2.425,s90
094_75,s-1.215,s2.775,s270
094_76,s0.0,s2.2,s0
094_77,s0.35,s3.0,s180
094_78,s1.565,s2.425,s90
094_79,s0.765,s2.775,s270
094_80,s1.9800000000000002,s2.2,s0
094_81,s2.33,s3.0,s180
094_82,s3.545,s2.425,s90
094_83,s2.745,s2.775,s270
094_84,s-2.97,s3.3000000000000007,s0
094_85,s-2.62,s4.1000000000000005,s180
094_86,s-1.4050000000000002,s3.5250000000000012,s90
094_87,s-2.205,s3.875000000000001,s270
094_88,s-0.9900000000000001,s3.3000000000000007,s0
094_89,s-0.6400000000000001,s4.1000000000000005,s180
094_90,s0.575,s3.5250000000000004,s90
094_91,s-0.225,s3.8750000000000004,s270
094_92,s0.9900000000000001,s3.3000000000000007,s0
094_93,s1.34,s4.1000000000000005,s180
095_0,s-2.97,s-3.3000000000000007,s0
095_1,s-2.62,s-2.5000000000000004,s180
095_2,s-1.4050000000000005,s-3.0750000000000006,s90
095_3,s-2.2050000000000005,s-2.7250000000000005,s270
095_4,s-0.9900000000000001,s-3.3000000000000007,s0
095_5,s-0.6400000000000001,s-2.5000000000000004,s180
095_6,s0.575,s-3.0750000000000006,s90
095_7,s-0.225,s-2.7250000000000005,s270
095_8,s0.9900000000000001,s-3.3000000000000007,s0
095_9,s1.34,s-2.5000000000000004,s180
095_10,s2.555,s-3.075000000000001,s90
095_11,s1.7550000000000003,s-2.725000000000001,s270
095_12,s2.97,s-3.3000000000000007,s0
095_13,s3.32,s-2.5000000000000004,s180
095_14,s-2.395,s-1.975,s90
095_15,s-3.195,s-1.625,s270
095_16,s-1.9800000000000002,s-2.2,s0
095_17,s-1.6300000000000003,s-1.4,s180
095_18,s-0.415,s-1.975,s90
095_19,s-1.215,s-1.625,s270
095_20,s0.0,s-2.2,s0
095_21,s0.35,s-1.4,s180
095_22,s1.565,s-1.975,s90
095_23,s0.765,s-1.625,s270
095_24,s1.9800000000000002,s-2.2,s0
095_25,s2.33,s-1.4,s180
095_26,s3.545,s-1.975,s90
095_27,s2.745,s-1.625,s270
095_28,s-2.97,s-1.1,s0
095_29,s-2.62,s-0.3,s180
095_30,s-1.405,s-0.875,s90
095_31,s-2.205,s-0.525,s270
095_32,s-0.9900000000000001,s-1.1,s0
095_33,s-0.6400000000000001,s-0.3,s180
095_34,s0.575,s-0.875,s90
095_35,s-0.225,s-0.525,s270
095_36,s0.9900000000000001,s-1.1,s0
095_37,s1.34,s-0.3,s180
095_38,s2.555,s-0.8749999999999998,s90
095_39,s1.7550000000000003,s-0.525,s270
095_40,s2.97,s-1.1,s0
095_41,s3.32,s-0.3,s180
095_42,s-2.395,s0.225,s90
095_43,s-3.195,s0.575,s270
095_44,s-1.9800000000000002,s0.0,s0
095_45,s-1.6300000000000003,s0.8,s180
095_46,s-0.41500000000000015,s0.22499999999999987,s90
095_47,s-1.215,s0.5749999999999998,s270
095_48,s0.0,s0.0,s0
095_49,s0.35,s0.8,s180
095_50,s1.565,s0.22500000000000012,s90
095_51,s0.765,s0.575,s270
095_52,s1.9800000000000002,s0.0,s0
095_53,s2.33,s0.8,s180
095_54,s3.545,s0.225,s90
095_55,s2.745,s0.575,s270
095_56,s-2.97,s1.1,s0
095_57,s-2.62,s1.9,s180
095_58,s-1.4050000000000002,s1.3249999999999997,s90
095_59,s-2.205,s1.6749999999999998,s270
095_60,s-0.9900000000000001,s1.1,s0
095_61,s-0.6400000000000001,s1.9,s180
095_62,s0.575,s1.325,s90
095_63,s-0.225,s1.675,s270
095_64,s0.9900000000000001,s1.1,s0
095_65,s1.34,s1.9,s180
095_66,s2.555,s1.325,s90
095_67,s1.755,s1.6749999999999998,s270
095_68,s2.97,s1.1,s0
095_69,s3.32,s1.9,s180
095_70,s-2.395,s2.425,s90
095_71,s-3.195,s2.775,s270
095_72,s-1.9800000000000002,s2.2,s0
095_73,s-1.6300000000000003,s3.0,s180
095_74,s-0.415,s2.425,s90
095_75,s-1.215,s2.775,s270
095_76,s0.0,s2.2,s0
095_77,s0.35,s3.0,s180
095_78,s1.565,s2.425,s90
095_79,s0.765,s2.775,s270
095_80,s1.9800000000000002,s2.2,s0
095_81,s2.33,s3.0,s180
095_82,s3.545,s2.425,s90
095_83,s2.745,s2.775,s270
095_84,s-2.97,s3.3000000000000007,s0
095_85,s-2.62,s4.1000000000000005,s180
095_86,s-1.4050000000000002,s3.5250000000000012,s90
095_87,s-2.205,s3.875000000000001,s270
095_88,s-0.9900000000000001,s3.3000000000000007,s0
095_89,s-0.6400000000000001,s4.1000000000000005,s180
095_90,s0.575,s3.5250000000000004,s90
095_91,s-0.225,s3.8750000000000004,s270
095_92,s0.9900000000000001,s3.3000000000000007,s0
095_93,s1.34,s4.1000000000000005,s180
096_0,s-2.97,s-3.3000000000000007,s0
096_1,s-2.62,s-2.5000000000000004,s180
096_2,s-1.4050000000000005,s-3.0750000000000006,s90
096_3,s-2.2050000000000005,s-2.7250000000000005,s270
096_4,s-0.9900000000000001,s-3.3000000000000007,s0
096_5,s-0.6400000000000001,s-2.5000000000000004,s180
096_6,s0.575,s-3.0750000000000006,s90
096_7,s-0.225,s-2.7250000000000005,s270
096_8,s0.9900000000000001,s-3.3000000000000007,s0
096_9,s1.34,s-2.5000000000000004,s180
096_10,s2.555,s-3.075000000000001,s90
096_11,s1.7550000000000003,s-2.725000000000001,s270
096_12,s2.97,s-3.3000000000000007,s0
096_13,s3.32,s-2.5000000000000004,s180
096_14,s-2.395,s-1.975,s90
096_15,s-3.195,s-1.625,s270
096_16,s-1.9800000000000002,s-2.2,s0
096_17,s-1.6300000000000003,s-1.4,s180
096_18,s-0.415,s-1.975,s90
096_19,s-1.215,s-1.625,s270
096_20,s0.0,s-2.2,s0
096_21,s0.35,s-1.4,s180
096_22,s1.565,s-1.975,s90
096_23,s0.765,s-1.625,s270
096_24,s1.9800000000000002,s-2.2,s0
096_25,s2.33,s-1.4,s180
096_26,s3.545,s-1.975,s90
096_27,s2.745,s-1.625,s270
096_28,s-2.97,s-1.1,s0
096_29,s-2.62,s-0.3,s180
096_30,s-1.405,s-0.875,s90
096_31,s-2.205,s-0.525,s270
096_32,s-0.9900000000000001,s-1.1,s0
096_33,s-0.6400000000000001,s-0.3,s180
096_34,s0.575,s-0.875,s90
096_35,s-0.225,s-0.525,s270
096_36,s0.9900000000000001,s-1.1,s0
096_37,s1.34,s-0.3,s180
096_38,s2.555,s-0.8749999999999998,s90
096_39,s1.7550000000000003,s-0.525,s270
096_40,s2.97,s-1.1,s0
096_41,s3.32,s-0.3,s180
096_42,s-2.395,s0.225,s90
096_43,s-3.195,s0.575,s270
096_44,s-1.9800000000000002,s0.0,s0
096_45,s-1.6300000000000003,s0.8,s180
096_46,s-0.41500000000000015,s0.22499999999999987,s90
096_47,s-1.215,s0.5749999999999998,s270
096_48,s0.0,s0.0,s0
096_49,s0.35,s0.8,s180
096_50,s1.565,s0.22500000000000012,s90
096_51,s0.765,s0.575,s270
096_52,s1.9800000000000002,s0.0,s0
096_53,s2.33,s0.8,s180
096_54,s3.545,s0.225,s90
096_55,s2.745,s0.575,s270
096_56,s-2.97,s1.1,s0
096_57,s-2.62,s1.9,s180
096_58,s-1.4050000000000002,s1.3249999999999997,s90
096_59,s-2.205,s1.6749999999999998,s270
096_60,s-0.9900000000000001,s1.1,s0
096_61,s-0.6400000000000001,s1.9,s180
096_62,s0.575,s1.325,s90
096_63,s-0.225,s1.675,s270
096_64,s0.9900000000000001,s1.1,s0
096_65,s1.34,s1.9,s180
096_66,s2.555,s1.325,s90
096_67,s1.755,s1.6749999999999998,s270
096_68,s2.97,s1.1,s0
096_69,s3.32,s1.9,s180
096_70,s-2.395,s2.425,s90
096_71,s-3.195,s2.775,s270
096_72,s-1.9800000000000002,s2.2,s0
096_73,s-1.6300000000000003,s3.0,s180
096_74,s-0.415,s2.425,s90
096_75,s-1.215,s2.775,s270
096_76,s0.0,s2.2,s0
096_77,s0.35,s3.0,s180
096_78,s1.565,s2.425,s90
096_79,s0.765,s2.775,s270
096_80,s1.9800000000000002,s2.2,s0
096_81,s2.33,s3.0,s180
096_82,s3.545,s2.425,s90
096_83,s2.745,s2.775,s270
096_84,s-2.97,s3.3000000000000007,s0
096_85,s-2.62,s4.1000000000000005,s180
096_86,s-1.4050000000000002,s3.5250000000000012,s90
096_87,s-2.205,s3.875000000000001,s270
096_88,s-0.9900000000000001,s3.3000000000000007,s0
096_89,s-0.6400000000000001,s4.1000000000000005,s180
096_90,s0.575,s3.5250000000000004,s90
096_91,s-0.225,s3.8750000000000004,s270
096_92,s0.9900000000000001,s3.3000000000000007,s0
096_93,s1.34,s4.1000000000000005,s180
096_94,s2.5550000000000006,s3.5250000000000004,s90
096_95,s1.7550000000000006,s3.875,s270
097_0,s-2.97,s-3.3000000000000007,s0
097_1,s-2.62,s-2.5000000000000004,s180
097_2,s-1.4050000000000005,s-3.0750000000000006,s90
097_3,s-2.2050000000000005,s-2.7250000000000005,s270
097_4,s-0.9900000000000001,s-3.3000000000000007,s0
097_5,s-0.6400000000000001,s-2.5000000000000004,s180
097_6,s0.575,s-3.0750000000000006,s90
097_7,s-0.225,s-2.7250000000000005,s270
097_8,s0.9900000000000001,s-3.3000000000000007,s0
097_9,s1.34,s-2.5000000000000004,s180
097_10,s2.555,s-3.075000000000001,s90
097_11,s1.7550000000000003,s-2.725000000000001,s270
097_12,s2.97,s-3.3000000000000007,s0
097_13,s3.32,s-2.5000000000000004,s180
097_14,s-2.395,s-1.975,s90
097_15,s-3.195,s-1.625,s270
097_16,s-1.9800000000000002,s-2.2,s0
097_17,s-1.6300000000000003,s-1.4,s180
097_18,s-0.415,s-1.975,s90
097_19,s-1.215,s-1.625,s270
097_20,s0.0,s-2.2,s0
097_21,s0.35,s-1.4,s180
097_22,s1.565,s-1.975,s90
097_23,s0.765,s-1.625,s270
097_24,s1.9800000000000002,s-2.2,s0
097_25,s2.33,s-1.4,s180
097_26,s3.545,s-1.975,s90
097_27,s2.745,s-1.625,s270
097_28,s-2.97,s-1.1,s0
097_29,s-2.62,s-0.3,s180
097_30,s-1.405,s-0.875,s90
097_31,s-2.205,s-0.525,s270
097_32,s-0.9900000000000001,s-1.1,s0
097_33,s-0.6400000000000001,s-0.3,s180
097_34,s0.575,s-0.875,s90
097_35,s-0.225,s-0.525,s270
097_36,s0.9900000000000001,s-1.1,s0
097_37,s1.34,s-0.3,s180
097_38,s2.555,s-0.8749999999999998,s90
097_39,s1.7550000000000003,s-0.525,s270
097_40,s2.97,s-1.1,s0
097_41,s3.32,s-0.3,s180
097_42,s-2.395,s0.225,s90
097_43,s-3.195,s0.575,s270
097_44,s-1.9800000000000002,s0.0,s0
097_45,s-1.6300000000000003,s0.8,s180
097_46,s-0.41500000000000015,s0.22499999999999987,s90
097_47,s-1.215,s0.5749999999999998,s270
097_48,s0.0,s0.0,s0
097_49,s0.35,s0.8,s180
097_50,s1.565,s0.22500000000000012,s90
097_51,s0.765,s0.575,s270
097_52,s1.9800000000000002,s0.0,s0
097_53,s2.33,s0.8,s180
097_54,s3.545,s0.225,s90
097_55,s2.745,s0.575,s270
097_56,s-2.97,s1.1,s0
097_57,s-2.62,s1.9,s180
097_58,s-1.4050000000000002,s1.3249999999999997,s90
097_59,s-2.205,s1.6749999999999998,s270
097_60,s-0.9900000000000001,s1.1,s0
097_61,s-0.6400000000000001,s1.9,s180
097_62,s0.575,s1.325,s90
097_63,s-0.225,s1.675,s270
097_64,s0.9900000000000001,s1.1,s0
097_65,s1.34,s1.9,s180
097_66,s2.555,s1.325,s90
097_67,s1.755,s1.6749999999999998,s270
097_68,s2.97,s1.1,s0
097_69,s3.32,s1.9,s180
097_70,s-2.395,s2.425,s90
097_71,s-3.195,s2.775,s270
097_72,s-1.9800000000000002,s2.2,s0
097_73,s-1.6300000000000003,s3.0,s180
097_74,s-0.415,s2.425,s90
097_75,s-1.215,s2.775,s270
097_76,s0.0,s2.2,s0
097_77,s0.35,s3.0,s180
097_78,s1.565,s2.425,s90
097_79,s0.765,s2.775,s270
097_80,s1.9800000000000002,s2.2,s0
097_81,s2.33,s3.0,s180
097_82,s3.545,s2.425,s90
097_83,s2.745,s2.775,s270
097_84,s-2.97,s3.3000000000000007,s0
097_85,s-2.62,s4.1000000000000005,s180
097_86,s-1.4050000000000002,s3.5250000000000012,s90
097_87,s-2.205,s3.875000000000001,s270
097_88,s-0.9900000000000001,s3.3000000000000007,s0
097_89,s-0.6400000000000001,s4.1000000000000005,s180
097_90,s0.575,s3.5250000000000004,s90
097_91,s-0.225,s3.8750000000000004,s270
097_92,s0.9900000000000001,s3.3000000000000007,s0
097_93,s1.34,s4.1000000000000005,s180
097_94,s2.5550000000000006,s3.5250000000000004,s90
097_95,s1.7550000000000006,s3.875,s270
098_0,s-3.4650000000000003,s-3.3000000000000007,s0
098_1,s-3.1150000000000007,s-2.5000000000000004,s180
098_2,s-1.8999999999999995,s-3.0750000000000006,s90
098_3,s-2.6999999999999993,s-2.7250000000000005,s270
098_4,s-1.485,s-3.3000000000000007,s0
098_5,s-1.135,s-2.5000000000000004,s180
098_6,s0.08,s-3.0750000000000006,s90
098_7,s-0.72,s-2.7250000000000005,s270
098_8,s0.49500000000000005,s-3.3000000000000007,s0
098_9,s0.845,s-2.5000000000000004,s180
098_10,s2.06,s-3.0750000000000006,s90
098_11,s1.26,s-2.7250000000000005,s270
098_12,s2.475,s-3.3000000000000007,s0
098_13,s2.825,s-2.5000000000000004,s180
098_14,s4.040000000000001,s-3.0750000000000006,s90
098_15,s3.2400000000000007,s-2.7250000000000005,s270
098_16,s-2.89,s-1.975,s90
098_17,s-3.69,s-1.625,s270
098_18,s-2.475,s-2.2,s0
098_19,s-2.125,s-1.4,s180
098_20,s-0.91,s-1.975,s90
098_21,s-1.71,s-1.625,s270
098_22,s-0.49500000000000005,s-2.2,s0
098_23,s-0.14500000000000007,s-1.4,s180
098_24,s1.07,s-1.975,s90
098_25,s0.27,s-1.625,s270
098_26,s1.485,s-2.2,s0
098_27,s1.835,s-1.4,s180
098_28,s3.05,s-1.975,s90
098_29,s2.25,s-1.625,s270
098_30,s3.4650000000000003,s-2.2,s0
098_31,s3.8150000000000004,s-1.4,s180
098_32,s-3.4650000000000003,s-1.1,s0
098_33,s-3.1150000000000007,s-0.3,s180
098_34,s-1.9,s-0.875,s90
098_35,s-2.7,s-0.525,s270
098_36,s-1.485,s-1.1,s0
098_37,s-1.135,s-0.3,s180
098_38,s0.08,s-0.875,s90
098_39,s-0.72,s-0.525,s270
098_40,s0.49500000000000005,s-1.1,s0
098_41,s0.845,s-0.3,s180
098_42,s2.06,s-0.875,s90
098_43,s1.26,s-0.525,s270
098_44,s2.475,s-1.1,s0
098_45,s2.825,s-0.3,s180
098_46,s4.040000000000001,s-0.875,s90
098_47,s3.2400000000000007,s-0.525,s270
098_48,s-2.8900000000000006,s0.225,s90
098_49,s-3.6900000000000004,s0.575,s270
098_50,s-2.475,s0.0,s0
098_51,s-2.125,s0.8,s180
098_52,s-0.91,s0.225,s90
098_53,s-1.71,s0.575,s270
098_54,s-0.49500000000000005,s0.0,s0
098_55,s-0.14500000000000007,s0.8,s180
098_56,s1.07,s0.22500000000000006,s90
098_57,s0.27,s0.575,s270
098_58,s1.485,s0.0,s0
098_59,s1.835,s0.8,s180
098_60,s3.05,s0.225,s90
098_61,s2.25,s0.575,s270
098_62,s3.4650000000000003,s0.0,s0
098_63,s3.8150000000000004,s0.8,s180
098_64,s-3.4650000000000003,s1.1,s0
098_65,s-3.1150000000000007,s1.9,s180
098_66,s-1.9,s1.325,s90
098_67,s-2.7,s1.675,s270
098_68,s-1.485,s1.1,s0
098_69,s-1.135,s1.9,s180
098_70,s0.08,s1.325,s90
098_71,s-0.72,s1.675,s270
098_72,s0.49500000000000005,s1.1,s0
098_73,s0.845,s1.9,s180
098_74,s2.06,s1.325,s90
098_75,s1.26,s1.675,s270
098_76,s2.475,s1.1,s0
098_77,s2.825,s1.9,s180
098_78,s4.04,s1.325,s90
098_79,s3.24,s1.675,s270
098_80,s-2.8900000000000006,s2.4249999999999994,s90
098_81,s-3.6900000000000004,s2.7749999999999995,s270
098_82,s-2.475,s2.2,s0
098_83,s-2.125,s3.0,s180
098_84,s-0.91,s2.425,s90
098_85,s-1.71,s2.775,s270
098_86,s-0.49500000000000005,s2.2,s0
098_87,s-0.14500000000000007,s3.0,s180
098_88,s1.07,s2.425,s90
098_89,s0.27,s2.775,s270
098_90,s1.485,s2.2,s0
098_91,s1.835,s3.0,s180
098_92,s3.05,s2.425,s90
098_93,s2.25,s2.775,s270
098_94,s3.4650000000000003,s2.2,s0
098_95,s3.8150000000000004,s3.0,s180
098_96,s-3.4650000000000003,s3.3000000000000007,s0
098_97,s-3.1150000000000007,s4.1000000000000005,s180
099_0,s-3.4650000000000003,s-3.3000000000000007,s0
099_1,s-3.1150000000000007,s-2.5000000000000004,s180
099_2,s-1.8999999999999995,s-3.0750000000000006,s90
099_3,s-2.6999999999999993,s-2.7250000000000005,s270
099_4,s-1.485,s-3.3000000000000007,s0
099_5,s-1.135,s-2.5000000000000004,s180
099_6,s0.08,s-3.0750000000000006,s90
099_7,s-0.72,s-2.7250000000000005,s270
099_8,s0.49500000000000005,s-3.3000000000000007,s0
099_9,s0.845,s-2.5000000000000004,s180
099_10,s2.06,s-3.0750000000000006,s90
099_11,s1.26,s-2.7250000000000005,s270
099_12,s2.475,s-3.3000000000000007,s0
099_13,s2.825,s-2.5000000000000004,s180
099_14,s4.040000000000001,s-3.0750000000000006,s90
099_15,s3.2400000000000007,s-2.7250000000000005,s270
099_16,s-2.89,s-1.975,s90
099_17,s-3.69,s-1.625,s270
099_18,s-2.475,s-2.2,s0
099_19,s-2.125,s-1.4,s180
099_20,s-0.91,s-1.975,s90
099_21,s-1.71,s-1.625,s270
099_22,s-0.49500000000000005,s-2.2,s0
099_23,s-0.14500000000000007,s-1.4,s180
099_24,s1.07,s-1.975,s90
099_25,s0.27,s-1.625,s270
099_26,s1.485,s-2.2,s0
099_27,s1.835,s-1.4,s180
099_28,s3.05,s-1.975,s90
099_29,s2.25,s-1.625,s270
099_30,s3.4650000000000003,s-2.2,s0
099_31,s3.8150000000000004,s-1.4,s180
099_32,s-3.4650000000000003,s-1.1,s0
099_33,s-3.1150000000000007,s-0.3,s180
099_34,s-1.9,s-0.875,s90
099_35,s-2.7,s-0.525,s270
099_36,s-1.485,s-1.1,s0
099_37,s-1.135,s-0.3,s180
099_38,s0.08,s-0.875,s90
099_39,s-0.72,s-0.525,s270
099_40,s0.49500000000000005,s-1.1,s0
099_41,s0.845,s-0.3,s180
099_42,s2.06,s-0.875,s90
099_43,s1.26,s-0.525,s270
099_44,s2.475,s-1.1,s0
099_45,s2.825,s-0.3,s180
099_46,s4.040000000000001,s-0.875,s90
099_47,s3.2400000000000007,s-0.525,s270
099_48,s-2.8900000000000006,s0.225,s90
099_49,s-3.6900000000000004,s0.575,s270
099_50,s-2.475,s0.0,s0
099_51,s-2.125,s0.8,s180
099_52,s-0.91,s0.225,s90
099_53,s-1.71,s0.575,s270
099_54,s-0.49500000000000005,s0.0,s0
099_55,s-0.14500000000000007,s0.8,s180
099_56,s1.07,s0.22500000000000006,s90
099_57,s0.27,s0.575,s270
099_58,s1.485,s0.0,s0
099_59,s1.835,s0.8,s180
099_60,s3.05,s0.225,s90
099_61,s2.25,s0.575,s270
099_62,s3.4650000000000003,s0.0,s0
099_63,s3.8150000000000004,s0.8,s180
099_64,s-3.4650000000000003,s1.1,s0
099_65,s-3.1150000000000007,s1.9,s180
099_66,s-1.9,s1.325,s90
099_67,s-2.7,s1.675,s270
099_68,s-1.485,s1.1,s0
099_69,s-1.135,s1.9,s180
099_70,s0.08,s1.325,s90
099_71,s-0.72,s1.675,s270
099_72,s0.49500000000000005,s1.1,s0
099_73,s0.845,s1.9,s180
099_74,s2.06,s1.325,s90
099_75,s1.26,s1.675,s270
099_76,s2.475,s1.1,s0
099_77,s2.825,s1.9,s180
099_78,s4.04,s1.325,s90
099_79,s3.24,s1.675,s270
099_80,s-2.8900000000000006,s2.4249999999999994,s90
099_81,s-3.6900000000000004,s2.7749999999999995,s270
099_82,s-2.475,s2.2,s0
099_83,s-2.125,s3.0,s180
099_84,s-0.91,s2.425,s90
099_85,s-1.71,s2.775,s270
099_86,s-0.49500000000000005,s2.2,s0
099_87,s-0.14500000000000007,s3.0,s180
099_88,s1.07,s2.425,s90
099_89,s0.27,s2.775,s270
099_90,s1.485,s2.2,s0
099_91,s1.835,s3.0,s180
099_92,s3.05,s2.425,s90
099_93,s2.25,s2.775,s270
099_94,s3.4650000000000003,s2.2,s0
099_95,s3.8150000000000004,s3.0,s180
099_96,s-3.4650000000000003,s3.3000000000000007,s0
099_97,s-3.1150000000000007,s4.1000000000000005,s180
100_0,s-3.4650000000000003,s-3.3000000000000007,s0
100_1,s-3.1150000000000007,s-2.5000000000000004,s180
100_2,s-1.8999999999999995,s-3.0750000000000006,s90
100_3,s-2.6999999999999993,s-2.7250000000000005,s270
100_4,s-1.485,s-3.3000000000000007,s0
100_5,s-1.135,s-2.5000000000000004,s180
100_6,s0.08,s-3.0750000000000006,s90
100_7,s-0.72,s-2.7250000000000005,s270
100_8,s0.49500000000000005,s-3.3000000000000007,s0
100_9,s0.845,s-2.5000000000000004,s180
100_10,s2.06,s-3.0750000000000006,s90
100_11,s1.26,s-2.7250000000000005,s270
100_12,s2.475,s-3.3000000000000007,s0
100_13,s2.825,s-2.5000000000000004,s180
100_14,s4.040000000000001,s-3.0750000000000006,s90
100_15,s3.2400000000000007,s-2.7250000000000005,s270
100_16,s-2.89,s-1.975,s90
100_17,s-3.69,s-1.625,s270
100_18,s-2.475,s-2.2,s0
100_19,s-2.125,s-1.4,s180
100_20,s-0.91,s-1.975,s90
100_21,s-1.71,s-1.625,s270
100_22,s-0.49500000000000005,s-2.2,s0
100_23,s-0.14500000000000007,s-1.4,s180
100_24,s1.07,s-1.975,s90
100_25,s0.27,s-1.625,s270
100_26,s1.485,s-2.2,s0
100_27,s1.835,s-1.4,s180
100_28,s3.05,s-1.975,s90
100_29,s2.25,s-1.625,s270
100_30,s3.4650000000000003,s-2.2,s0
100_31,s3.8150000000000004,s-1.4,s180
100_32,s-3.4650000000000003,s-1.1,s0
100_33,s-3.1150000000000007,s-0.3,s180
100_34,s-1.9,s-0.875,s90
100_35,s-2.7,s-0.525,s270
100_36,s-1.485,s-1.1,s0
100_37,s-1.135,s-0.3,s180
100_38,s0.08,s-0.875,s90
100_39,s-0.72,s-0.525,s270
100_40,s0.49500000000000005,s-1.1,s0
100_41,s0.845,s-0.3,s180
100_42,s2.06,s-0.875,s90
100_43,s1.26,s-0.525,s270
100_44,s2.475,s-1.1,s0
100_45,s2.825,s-0.3,s180
100_46,s4.040000000000001,s-0.875,s90
100_47,s3.2400000000000007,s-0.525,s270
100_48,s-2.8900000000000006,s0.225,s90
100_49,s-3.6900000000000004,s0.575,s270
100_50,s-2.475,s0.0,s0
100_51,s-2.125,s0.8,s180
100_52,s-0.91,s0.225,s90
100_53,s-1.71,s0.575,s270
100_54,s-0.49500000000000005,s0.0,s0
100_55,s-0.14500000000000007,s0.8,s180
100_56,s1.07,s0.22500000000000006,s90
100_57,s0.27,s0.575,s270
100_58,s1.485,s0.0,s0
100_59,s1.835,s0.8,s180
100_60,s3.05,s0.225,s90
100_61,s2.25,s0.575,s270
100_62,s3.4650000000000003,s0.0,s0
100_63,s3.8150000000000004,s0.8,s180
100_64,s-3.4650000000000003,s1.1,s0
100_65,s-3.1150000000000007,s1.9,s180
100_66,s-1.9,s1.325,s90
100_67,s-2.7,s1.675,s270
100_68,s-1.485,s1.1,s0
100_69,s-1.135,s1.9,s180
100_70,s0.08,s1.325,s90
100_71,s-0.72,s1.675,s270
100_72,s0.49500000000000005,s1.1,s0
100_73,s0.845,s1.9,s180
100_74,s2.06,s1.325,s90
100_75,s1.26,s1.675,s270
100_76,s2.475,s1.1,s0
100_77,s2.825,s1.9,s180
100_78,s4.04,s1.325,s90
100_79,s3.24,s1.675,s270
100_80,s-2.8900000000000006,s2.4249999999999994,s90
100_81,s-3.6900000000000004,s2.7749999999999995,s270
100_82,s-2.475,s2.2,s0
100_83,s-2.125,s3.0,s180
100_84,s-0.91,s2.425,s90
100_85,s-1.71,s2.775,s270
100_86,s-0.49500000000000005,s2.2,s0
100_87,s-0.14500000000000007,s3.0,s180
100_88,s1.07,s2.425,s90
100_89,s0.27,s2.775,s270
100_90,s1.485,s2.2,s0
100_91,s1.835,s3.0,s180
100_92,s3.05,s2.425,s90
100_93,s2.25,s2.775,s270
100_94,s3.4650000000000003,s2.2,s0
100_95,s3.8150000000000004,s3.0,s180
100_96,s-3.4650000000000003,s3.3000000000000007,s0
100_97,s-3.1150000000000007,s4.1000000000000005,s180
100_98,s-1.9,s3.525,s90
100_99,s-2.7,s3.875,s270
101_0,s-3.4650000000000003,s-3.3000000000000007,s0
101_1,s-3.1150000000000007,s-2.5000000000000004,s180
101_2,s-1.8999999999999995,s-3.0750000000000006,s90
101_3,s-2.6999999999999993,s-2.7250000000000005,s270
101_4,s-1.485,s-3.3000000000000007,s0
101_5,s-1.135,s-2.5000000000000004,s180
101_6,s0.08,s-3.0750000000000006,s90
101_7,s-0.72,s-2.7250000000000005,s270
101_8,s0.49500000000000005,s-3.3000000000000007,s0
101_9,s0.845,s-2.5000000000000004,s180
101_10,s2.06,s-3.0750000000000006,s90
101_11,s1.26,s-2.7250000000000005,s270
101_12,s2.475,s-3.3000000000000007,s0
101_13,s2.825,s-2.5000000000000004,s180
101_14,s4.040000000000001,s-3.0750000000000006,s90
101_15,s3.2400000000000007,s-2.7250000000000005,s270
101_16,s-2.89,s-1.975,s90
101_17,s-3.69,s-1.625,s270
101_18,s-2.475,s-2.2,s0
101_19,s-2.125,s-1.4,s180
101_20,s-0.91,s-1.975,s90
101_21,s-1.71,s-1.625,s270
101_22,s-0.49500000000000005,s-2.2,s0
101_23,s-0.14500000000000007,s-1.4,s180
101_24,s1.07,s-1.975,s90
101_25,s0.27,s-1.625,s270
101_26,s1.485,s-2.2,s0
101_27,s1.835,s-1.4,s180
101_28,s3.05,s-1.975,s90
101_29,s2.25,s-1.625,s270
101_30,s3.4650000000000003,s-2.2,s0
101_31,s3.8150000000000004,s-1.4,s180
101_32,s-3.4650000000000003,s-1.1,s0
101_33,s-3.1150000000000007,s-0.3,s180
101_34,s-1.9,s-0.875,s90
101_35,s-2.7,s-0.525,s270
101_36,s-1.485,s-1.1,s0
101_37,s-1.135,s-0.3,s180
101_38,s0.08,s-0.875,s90
101_39,s-0.72,s-0.525,s270
101_40,s0.49500000000000005,s-1.1,s0
101_41,s0.845,s-0.3,s180
101_42,s2.06,s-0.875,s90
101_43,s1.26,s-0.525,s270
101_44,s2.475,s-1.1,s0
101_45,s2.825,s-0.3,s180
101_46,s4.040000000000001,s-0.875,s90
101_47,s3.2400000000000007,s-0.525,s270
101_48,s-2.8900000000000006,s0.225,s90
101_49,s-3.6900000000000004,s0.575,s270
101_50,s-2.475,s0.0,s0
101_51,s-2.125,s0.8,s180
101_52,s-0.91,s0.225,s90
101_53,s-1.71,s0.575,s270
101_54,s-0.49500000000000005,s0.0,s0
101_55,s-0.14500000000000007,s0.8,s180
101_56,s1.07,s0.22500000000000006,s90
101_57,s0.27,s0.575,s270
101_58,s1.485,s0.0,s0
101_59,s1.835,s0.8,s180
101_60,s3.05,s0.225,s90
101_61,s2.25,s0.575,s270
101_62,s3.4650000000000003,s0.0,s0
101_63,s3.8150000000000004,s0.8,s180
101_64,s-3.4650000000000003,s1.1,s0
101_65,s-3.1150000000000007,s1.9,s180
101_66,s-1.9,s1.325,s90
101_67,s-2.7,s1.675,s270
101_68,s-1.485,s1.1,s0
101_69,s-1.135,s1.9,s180
101_70,s0.08,s1.325,s90
101_71,s-0.72,s1.675,s270
101_72,s0.49500000000000005,s1.1,s0
101_73,s0.845,s1.9,s180
101_74,s2.06,s1.325,s90
101_75,s1.26,s1.675,s270
101_76,s2.475,s1.1,s0
101_77,s2.825,s1.9,s180
101_78,s4.04,s1.325,s90
101_79,s3.24,s1.675,s270
101_80,s-2.8900000000000006,s2.4249999999999994,s90
101_81,s-3.6900000000000004,s2.7749999999999995,s270
101_82,s-2.475,s2.2,s0
101_83,s-2.125,s3.0,s180
101_84,s-0.91,s2.425,s90
101_85,s-1.71,s2.775,s270
101_86,s-0.49500000000000005,s2.2,s0
101_87,s-0.14500000000000007,s3.0,s180
101_88,s1.07,s2.425,s90
101_89,s0.27,s2.775,s270
101_90,s1.485,s2.2,s0
101_91,s1.835,s3.0,s180
101_92,s3.05,s2.425,s90
101_93,s2.25,s2.775,s270
101_94,s3.4650000000000003,s2.2,s0
101_95,s3.8150000000000004,s3.0,s180
101_96,s-3.4650000000000003,s3.3000000000000007,s0
101_97,s-3.1150000000000007,s4.1000000000000005,s180
101_98,s-1.9,s3.525,s90
101_99,s-2.7,s3.875,s270
102_0,s-3.4650000000000003,s-3.3000000000000007,s0
102_1,s-3.1150000000000007,s-2.5000000000000004,s180
102_2,s-1.8999999999999995,s-3.0750000000000006,s90
102_3,s-2.6999999999999993,s-2.7250000000000005,s270
102_4,s-1.485,s-3.3000000000000007,s0
102_5,s-1.135,s-2.5000000000000004,s180
102_6,s0.08,s-3.0750000000000006,s90
102_7,s-0.72,s-2.7250000000000005,s270
102_8,s0.49500000000000005,s-3.3000000000000007,s0
102_9,s0.845,s-2.5000000000000004,s180
102_10,s2.06,s-3.0750000000000006,s90
102_11,s1.26,s-2.7250000000000005,s270
102_12,s2.475,s-3.3000000000000007,s0
102_13,s2.825,s-2.5000000000000004,s180
102_14,s4.040000000000001,s-3.0750000000000006,s90
102_15,s3.2400000000000007,s-2.7250000000000005,s270
102_16,s-2.89,s-1.975,s90
102_17,s-3.69,s-1.625,s270
102_18,s-2.475,s-2.2,s0
102_19,s-2.125,s-1.4,s180
102_20,s-0.91,s-1.975,s90
102_21,s-1.71,s-1.625,s270
102_22,s-0.49500000000000005,s-2.2,s0
102_23,s-0.14500000000000007,s-1.4,s180
102_24,s1.07,s-1.975,s90
102_25,s0.27,s-1.625,s270
102_26,s1.485,s-2.2,s0
102_27,s1.835,s-1.4,s180
102_28,s3.05,s-1.975,s90
102_29,s2.25,s-1.625,s270
102_30,s3.4650000000000003,s-2.2,s0
102_31,s3.8150000000000004,s-1.4,s180
102_32,s-3.4650000000000003,s-1.1,s0
102_33,s-3.1150000000000007,s-0.3,s180
102_34,s-1.9,s-0.875,s90
102_35,s-2.7,s-0.525,s270
102_36,s-1.485,s-1.1,s0
102_37,s-1.135,s-0.3,s180
102_38,s0.08,s-0.875,s90
102_39,s-0.72,s-0.525,s270
102_40,s0.49500000000000005,s-1.1,s0
102_41,s0.845,s-0.3,s180
102_42,s2.06,s-0.875,s90
102_43,s1.26,s-0.525,s270
102_44,s2.475,s-1.1,s0
102_45,s2.825,s-0.3,s180
102_46,s4.040000000000001,s-0.875,s90
102_47,s3.2400000000000007,s-0.525,s270
102_48,s-2.8900000000000006,s0.225,s90
102_49,s-3.6900000000000004,s0.575,s270
102_50,s-2.475,s0.0,s0
102_51,s-2.125,s0.8,s180
102_52,s-0.91,s0.225,s90
102_53,s-1.71,s0.575,s270
102_54,s-0.49500000000000005,s0.0,s0
102_55,s-0.14500000000000007,s0.8,s180
102_56,s1.07,s0.22500000000000006,s90
102_57,s0.27,s0.575,s270
102_58,s1.485,s0.0,s0
102_59,s1.835,s0.8,s180
102_60,s3.05,s0.225,s90
102_61,s2.25,s0.575,s270
102_62,s3.4650000000000003,s0.0,s0
102_63,s3.8150000000000004,s0.8,s180
102_64,s-3.4650000000000003,s1.1,s0
102_65,s-3.1150000000000007,s1.9,s180
102_66,s-1.9,s1.325,s90
102_67,s-2.7,s1.675,s270
102_68,s-1.485,s1.1,s0
102_69,s-1.135,s1.9,s180
102_70,s0.08,s1.325,s90
102_71,s-0.72,s1.675,s270
102_72,s0.49500000000000005,s1.1,s0
102_73,s0.845,s1.9,s180
102_74,s2.06,s1.325,s90
102_75,s1.26,s1.675,s270
102_76,s2.475,s1.1,s0
102_77,s2.825,s1.9,s180
102_78,s4.04,s1.325,s90
102_79,s3.24,s1.675,s270
102_80,s-2.8900000000000006,s2.4249999999999994,s90
102_81,s-3.6900000000000004,s2.7749999999999995,s270
102_82,s-2.475,s2.2,s0
102_83,s-2.125,s3.0,s180
102_84,s-0.91,s2.425,s90
102_85,s-1.71,s2.775,s270
102_86,s-0.49500000000000005,s2.2,s0
102_87,s-0.14500000000000007,s3.0,s180
102_88,s1.07,s2.425,s90
102_89,s0.27,s2.775,s270
102_90,s1.485,s2.2,s0
102_91,s1.835,s3.0,s180
102_92,s3.05,s2.425,s90
102_93,s2.25,s2.775,s270
102_94,s3.4650000000000003,s2.2,s0
102_95,s3.8150000000000004,s3.0,s180
102_96,s-3.4650000000000003,s3.3000000000000007,s0
102_97,s-3.1150000000000007,s4.1000000000000005,s180
102_98,s-1.9,s3.525,s90
102_99,s-2.7,s3.875,s270
102_100,s-1.485,s3.3000000000000007,s0
102_101,s-1.135,s4.1000000000000005,s180
103_0,s-3.4650000000000003,s-3.3000000000000007,s0
103_1,s-3.1150000000000007,s-2.5000000000000004,s180
103_2,s-1.8999999999999995,s-3.0750000000000006,s90
103_3,s-2.6999999999999993,s-2.7250000000000005,s270
103_4,s-1.485,s-3.3000000000000007,s0
103_5,s-1.135,s-2.5000000000000004,s180
103_6,s0.08,s-3.0750000000000006,s90
103_7,s-0.72,s-2.7250000000000005,s270
103_8,s0.49500000000000005,s-3.3000000000000007,s0
103_9,s0.845,s-2.5000000000000004,s180
103_10,s2.06,s-3.0750000000000006,s90
103_11,s1.26,s-2.7250000000000005,s270
103_12,s2.475,s-3.3000000000000007,s0
103_13,s2.825,s-2.5000000000000004,s180
103_14,s4.040000000000001,s-3.0750000000000006,s90
103_15,s3.2400000000000007,s-2.7250000000000005,s270
103_16,s-2.89,s-1.975,s90
103_17,s-3.69,s-1.625,s270
103_18,s-2.475,s-2.2,s0
103_19,s-2.125,s-1.4,s180
103_20,s-0.91,s-1.975,s90
103_21,s-1.71,s-1.625,s270
103_22,s-0.49500000000000005,s-2.2,s0
103_23,s-0.14500000000000007,s-1.4,s180
103_24,s1.07,s-1.975,s90
103_25,s0.27,s-1.625,s270
103_26,s1.485,s-2.2,s0
103_27,s1.835,s-1.4,s180
103_28,s3.05,s-1.975,s90
103_29,s2.25,s-1.625,s270
103_30,s3.4650000000000003,s-2.2,s0
103_31,s3.8150000000000004,s-1.4,s180
103_32,s-3.4650000000000003,s-1.1,s0
103_33,s-3.1150000000000007,s-0.3,s180
103_34,s-1.9,s-0.875,s90
103_35,s-2.7,s-0.525,s270
103_36,s-1.485,s-1.1,s0
103_37,s-1.135,s-0.3,s180
103_38,s0.08,s-0.875,s90
103_39,s-0.72,s-0.525,s270
103_40,s0.49500000000000005,s-1.1,s0
103_41,s0.845,s-0.3,s180
103_42,s2.06,s-0.875,s90
103_43,s1.26,s-0.525,s270
103_44,s2.475,s-1.1,s0
103_45,s2.825,s-0.3,s180
103_46,s4.040000000000001,s-0.875,s90
103_47,s3.2400000000000007,s-0.525,s270
103_48,s-2.8900000000000006,s0.225,s90
103_49,s-3.6900000000000004,s0.575,s270
103_50,s-2.475,s0.0,s0
103_51,s-2.125,s0.8,s180
103_52,s-0.91,s0.225,s90
103_53,s-1.71,s0.575,s270
103_54,s-0.49500000000000005,s0.0,s0
103_55,s-0.14500000000000007,s0.8,s180
103_56,s1.07,s0.22500000000000006,s90
103_57,s0.27,s0.575,s270
103_58,s1.485,s0.0,s0
103_59,s1.835,s0.8,s180
103_60,s3.05,s0.225,s90
103_61,s2.25,s0.575,s270
103_62,s3.4650000000000003,s0.0,s0
103_63,s3.8150000000000004,s0.8,s180
103_64,s-3.4650000000000003,s1.1,s0
103_65,s-3.1150000000000007,s1.9,s180
103_66,s-1.9,s1.325,s90
103_67,s-2.7,s1.675,s270
103_68,s-1.485,s1.1,s0
103_69,s-1.135,s1.9,s180
103_70,s0.08,s1.325,s90
103_71,s-0.72,s1.675,s270
103_72,s0.49500000000000005,s1.1,s0
103_73,s0.845,s1.9,s180
103_74,s2.06,s1.325,s90
103_75,s1.26,s1.675,s270
103_76,s2.475,s1.1,s0
103_77,s2.825,s1.9,s180
103_78,s4.04,s1.325,s90
103_79,s3.24,s1.675,s270
103_80,s-2.8900000000000006,s2.4249999999999994,s90
103_81,s-3.6900000000000004,s2.7749999999999995,s270
103_82,s-2.475,s2.2,s0
103_83,s-2.125,s3.0,s180
103_84,s-0.91,s2.425,s90
103_85,s-1.71,s2.775,s270
103_86,s-0.49500000000000005,s2.2,s0
103_87,s-0.14500000000000007,s3.0,s180
103_88,s1.07,s2.425,s90
103_89,s0.27,s2.775,s270
103_90,s1.485,s2.2,s0
103_91,s1.835,s3.0,s180
103_92,s3.05,s2.425,s90
103_93,s2.25,s2.775,s270
103_94,s3.4650000000000003,s2.2,s0
103_95,s3.8150000000000004,s3.0,s180
103_96,s-3.4650000000000003,s3.3000000000000007,s0
103_97,s-3.1150000000000007,s4.1000000000000005,s180
103_98,s-1.9,s3.525,s90
103_99,s-2.7,s3.875,s270
103_100,s-1.485,s3.3000000000000007,s0
103_101,s-1.135,s4.1000000000000005,s180
104_0,s-3.4650000000000003,s-3.3000000000000007,s0
104_1,s-3.1150000000000007,s-2.5000000000000004,s180
104_2,s-1.8999999999999995,s-3.0750000000000006,s90
104_3,s-2.6999999999999993,s-2.7250000000000005,s270
104_4,s-1.485,s-3.3000000000000007,s0
104_5,s-1.135,s-2.5000000000000004,s180
104_6,s0.08,s-3.0750000000000006,s90
104_7,s-0.72,s-2.7250000000000005,s270
104_8,s0.49500000000000005,s-3.3000000000000007,s0
104_9,s0.845,s-2.5000000000000004,s180
104_10,s2.06,s-3.0750000000000006,s90
104_11,s1.26,s-2.7250000000000005,s270
104_12,s2.475,s-3.3000000000000007,s0
104_13,s2.825,s-2.5000000000000004,s180
104_14,s4.040000000000001,s-3.0750000000000006,s90
104_15,s3.2400000000000007,s-2.7250000000000005,s270
104_16,s-2.89,s-1.975,s90
104_17,s-3.69,s-1.625,s270
104_18,s-2.475,s-2.2,s0
104_19,s-2.125,s-1.4,s180
104_20,s-0.91,s-1.975,s90
104_21,s-1.71,s-1.625,s270
104_22,s-0.49500000000000005,s-2.2,s0
104_23,s-0.14500000000000007,s-1.4,s180
104_24,s1.07,s-1.975,s90
104_25,s0.27,s-1.625,s270
104_26,s1.485,s-2.2,s0
104_27,s1.835,s-1.4,s180
104_28,s3.05,s-1.975,s90
104_29,s2.25,s-1.625,s270
104_30,s3.4650000000000003,s-2.2,s0
104_31,s3.8150000000000004,s-1.4,s180
104_32,s-3.4650000000000003,s-1.1,s0
104_33,s-3.1150000000000007,s-0.3,s180
104_34,s-1.9,s-0.875,s90
104_35,s-2.7,s-0.525,s270
104_36,s-1.485,s-1.1,s0
104_37,s-1.135,s-0.3,s180
104_38,s0.08,s-0.875,s90
104_39,s-0.72,s-0.525,s270
104_40,s0.49500000000000005,s-1.1,s0
104_41,s0.845,s-0.3,s180
104_42,s2.06,s-0.875,s90
104_43,s1.26,s-0.525,s270
104_44,s2.475,s-1.1,s0
104_45,s2.825,s-0.3,s180
104_46,s4.040000000000001,s-0.875,s90
104_47,s3.2400000000000007,s-0.525,s270
104_48,s-2.8900000000000006,s0.225,s90
104_49,s-3.6900000000000004,s0.575,s270
104_50,s-2.475,s0.0,s0
104_51,s-2.125,s0.8,s180
104_52,s-0.91,s0.225,s90
104_53,s-1.71,s0.575,s270
104_54,s-0.49500000000000005,s0.0,s0
104_55,s-0.14500000000000007,s0.8,s180
104_56,s1.07,s0.22500000000000006,s90
104_57,s0.27,s0.575,s270
104_58,s1.485,s0.0,s0
104_59,s1.835,s0.8,s180
104_60,s3.05,s0.225,s90
104_61,s2.25,s0.575,s270
104_62,s3.4650000000000003,s0.0,s0
104_63,s3.8150000000000004,s0.8,s180
104_64,s-3.4650000000000003,s1.1,s0
104_65,s-3.1150000000000007,s1.9,s180
104_66,s-1.9,s1.325,s90
104_67,s-2.7,s1.675,s270
104_68,s-1.485,s1.1,s0
104_69,s-1.135,s1.9,s180
104_70,s0.08,s1.325,s90
104_71,s-0.72,s1.675,s270
104_72,s0.49500000000000005,s1.1,s0
104_73,s0.845,s1.9,s180
104_74,s2.06,s1.325,s90
104_75,s1.26,s1.675,s270
104_76,s2.475,s1.1,s0
104_77,s2.825,s1.9,s180
104_78,s4.04,s1.325,s90
104_79,s3.24,s1.675,s270
104_80,s-2.8900000000000006,s2.4249999999999994,s90
104_81,s-3.6900000000000004,s2.7749999999999995,s270
104_82,s-2.475,s2.2,s0
104_83,s-2.125,s3.0,s180
104_84,s-0.91,s2.425,s90
104_85,s-1.71,s2.775,s270
104_86,s-0.49500000000000005,s2.2,s0
104_87,s-0.14500000000000007,s3.0,s180
104_88,s1.07,s2.425,s90
104_89,s0.27,s2.775,s270
104_90,s1.485,s2.2,s0
104_91,s1.835,s3.0,s180
104_92,s3.05,s2.425,s90
104_93,s2.25,s2.775,s270
104_94,s3.4650000000000003,s2.2,s0
104_95,s3.8150000000000004,s3.0,s180
104_96,s-3.4650000000000003,s3.3000000000000007,s0
104_97,s-3.1150000000000007,s4.1000000000000005,s180
104_98,s-1.9,s3.525,s90
104_99,s-2.7,s3.875,s270
104_100,s-1.485,s3.3000000000000007,s0
104_101,s-1.135,s4.1000000000000005,s180
104_102,s0.08,s3.5250000000000004,s90
104_103,s-0.72,s3.8750000000000004,s270
105_0,s-3.4650000000000003,s-3.3000000000000007,s0
105_1,s-3.1150000000000007,s-2.5000000000000004,s180
105_2,s-1.8999999999999995,s-3.0750000000000006,s90
105_3,s-2.6999999999999993,s-2.7250000000000005,s270
105_4,s-1.485,s-3.3000000000000007,s0
105_5,s-1.135,s-2.5000000000000004,s180
105_6,s0.08,s-3.0750000000000006,s90
105_7,s-0.72,s-2.7250000000000005,s270
105_8,s0.49500000000000005,s-3.3000000000000007,s0
105_9,s0.845,s-2.5000000000000004,s180
105_10,s2.06,s-3.0750000000000006,s90
105_11,s1.26,s-2.7250000000000005,s270
105_12,s2.475,s-3.3000000000000007,s0
105_13,s2.825,s-2.5000000000000004,s180
105_14,s4.040000000000001,s-3.0750000000000006,s90
105_15,s3.2400000000000007,s-2.7250000000000005,s270
105_16,s-2.89,s-1.975,s90
105_17,s-3.69,s-1.625,s270
105_18,s-2.475,s-2.2,s0
105_19,s-2.125,s-1.4,s180
105_20,s-0.91,s-1.975,s90
105_21,s-1.71,s-1.625,s270
105_22,s-0.49500000000000005,s-2.2,s0
105_23,s-0.14500000000000007,s-1.4,s180
105_24,s1.07,s-1.975,s90
105_25,s0.27,s-1.625,s270
105_26,s1.485,s-2.2,s0
105_27,s1.835,s-1.4,s180
105_28,s3.05,s-1.975,s90
105_29,s2.25,s-1.625,s270
105_30,s3.4650000000000003,s-2.2,s0
105_31,s3.8150000000000004,s-1.4,s180
105_32,s-3.4650000000000003,s-1.1,s0
105_33,s-3.1150000000000007,s-0.3,s180
105_34,s-1.9,s-0.875,s90
105_35,s-2.7,s-0.525,s270
105_36,s-1.485,s-1.1,s0
105_37,s-1.135,s-0.3,s180
105_38,s0.08,s-0.875,s90
105_39,s-0.72,s-0.525,s270
105_40,s0.49500000000000005,s-1.1,s0
105_41,s0.845,s-0.3,s180
105_42,s2.06,s-0.875,s90
105_43,s1.26,s-0.525,s270
105_44,s2.475,s-1.1,s0
105_45,s2.825,s-0.3,s180
105_46,s4.040000000000001,s-0.875,s90
105_47,s3.2400000000000007,s-0.525,s270
105_48,s-2.8900000000000006,s0.225,s90
105_49,s-3.6900000000000004,s0.575,s270
105_50,s-2.475,s0.0,s0
105_51,s-2.125,s0.8,s180
105_52,s-0.91,s0.225,s90
105_53,s-1.71,s0.575,s270
105_54,s-0.49500000000000005,s0.0,s0
105_55,s-0.14500000000000007,s0.8,s180
105_56,s1.07,s0.22500000000000006,s90
105_57,s0.27,s0.575,s270
105_58,s1.485,s0.0,s0
105_59,s1.835,s0.8,s180
105_60,s3.05,s0.225,s90
105_61,s2.25,s0.575,s270
105_62,s3.4650000000000003,s0.0,s0
105_63,s3.8150000000000004,s0.8,s180
105_64,s-3.4650000000000003,s1.1,s0
105_65,s-3.1150000000000007,s1.9,s180
105_66,s-1.9,s1.325,s90
105_67,s-2.7,s1.675,s270
105_68,s-1.485,s1.1,s0
105_69,s-1.135,s1.9,s180
105_70,s0.08,s1.325,s90
105_71,s-0.72,s1.675,s270
105_72,s0.49500000000000005,s1.1,s0
105_73,s0.845,s1.9,s180
105_74,s2.06,s1.325,s90
105_75,s1.26,s1.675,s270
105_76,s2.475,s1.1,s0
105_77,s2.825,s1.9,s180
105_78,s4.04,s1.325,s90
105_79,s3.24,s1.675,s270
105_80,s-2.8900000000000006,s2.4249999999999994,s90
105_81,s-3.6900000000000004,s2.7749999999999995,s270
105_82,s-2.475,s2.2,s0
105_83,s-2.125,s3.0,s180
105_84,s-0.91,s2.425,s90
105_85,s-1.71,s2.775,s270
105_86,s-0.49500000000000005,s2.2,s0
105_87,s-0.14500000000000007,s3.0,s180
105_88,s1.07,s2.425,s90
105_89,s0.27,s2.775,s270
105_90,s1.485,s2.2,s0
105_91,s1.835,s3.0,s180
105_92,s3.05,s2.425,s90
105_93,s2.25,s2.775,s270
105_94,s3.4650000000000003,s2.2,s0
105_95,s3.8150000000000004,s3.0,s180
105_96,s-3.4650000000000003,s3.3000000000000007,s0
105_97,s-3.1150000000000007,s4.1000000000000005,s180
105_98,s-1.9,s3.525,s90
105_99,s-2.7,s3.875,s270
105_100,s-1.485,s3.3000000000000007,s0
105_101,s-1.135,s4.1000000000000005,s180
105_102,s0.08,s3.5250000000000004,s90
105_103,s-0.72,s3.8750000000000004,s270
106_0,s-3.4650000000000003,s-3.3000000000000007,s0
106_1,s-3.1150000000000007,s-2.5000000000000004,s180
106_2,s-1.8999999999999995,s-3.0750000000000006,s90
106_3,s-2.6999999999999993,s-2.7250000000000005,s270
106_4,s-1.485,s-3.3000000000000007,s0
106_5,s-1.135,s-2.5000000000000004,s180
106_6,s0.08,s-3.0750000000000006,s90
106_7,s-0.72,s-2.7250000000000005,s270
106_8,s0.49500000000000005,s-3.3000000000000007,s0
106_9,s0.845,s-2.5000000000000004,s180
106_10,s2.06,s-3.0750000000000006,s90
106_11,s1.26,s-2.7250000000000005,s270
106_12,s2.475,s-3.3000000000000007,s0
106_13,s2.825,s-2.5000000000000004,s180
106_14,s4.040000000000001,s-3.0750000000000006,s90
106_15,s3.2400000000000007,s-2.7250000000000005,s270
106_16,s-2.89,s-1.975,s90
106_17,s-3.69,s-1.625,s270
106_18,s-2.475,s-2.2,s0
106_19,s-2.125,s-1.4,s180
106_20,s-0.91,s-1.975,s90
106_21,s-1.71,s-1.625,s270
106_22,s-0.49500000000000005,s-2.2,s0
106_23,s-0.14500000000000007,s-1.4,s180
106_24,s1.07,s-1.975,s90
106_25,s0.27,s-1.625,s270
106_26,s1.485,s-2.2,s0
106_27,s1.835,s-1.4,s180
106_28,s3.05,s-1.975,s90
106_29,s2.25,s-1.625,s270
106_30,s3.4650000000000003,s-2.2,s0
106_31,s3.8150000000000004,s-1.4,s180
106_32,s-3.4650000000000003,s-1.1,s0
106_33,s-3.1150000000000007,s-0.3,s180
106_34,s-1.9,s-0.875,s90
106_35,s-2.7,s-0.525,s270
106_36,s-1.485,s-1.1,s0
106_37,s-1.135,s-0.3,s180
106_38,s0.08,s-0.875,s90
106_39,s-0.72,s-0.525,s270
106_40,s0.49500000000000005,s-1.1,s0
106_41,s0.845,s-0.3,s180
106_42,s2.06,s-0.875,s90
106_43,s1.26,s-0.525,s270
106_44,s2.475,s-1.1,s0
106_45,s2.825,s-0.3,s180
106_46,s4.040000000000001,s-0.875,s90
106_47,s3.2400000000000007,s-0.525,s270
106_48,s-2.8900000000000006,s0.225,s90
106_49,s-3.6900000000000004,s0.575,s270
106_50,s-2.475,s0.0,s0
106_51,s-2.125,s0.8,s180
106_52,s-0.91,s0.225,s90
106_53,s-1.71,s0.575,s270
106_54,s-0.49500000000000005,s0.0,s0
106_55,s-0.14500000000000007,s0.8,s180
106_56,s1.07,s0.22500000000000006,s90
106_57,s0.27,s0.575,s270
106_58,s1.485,s0.0,s0
106_59,s1.835,s0.8,s180
106_60,s3.05,s0.225,s90
106_61,s2.25,s0.575,s270
106_62,s3.4650000000000003,s0.0,s0
106_63,s3.8150000000000004,s0.8,s180
106_64,s-3.4650000000000003,s1.1,s0
106_65,s-3.1150000000000007,s1.9,s180
106_66,s-1.9,s1.325,s90
106_67,s-2.7,s1.675,s270
106_68,s-1.485,s1.1,s0
106_69,s-1.135,s1.9,s180
106_70,s0.08,s1.325,s90
106_71,s-0.72,s1.675,s270
106_72,s0.49500000000000005,s1.1,s0
106_73,s0.845,s1.9,s180
106_74,s2.06,s1.325,s90
106_75,s1.26,s1.675,s270
106_76,s2.475,s1.1,s0
106_77,s2.825,s1.9,s180
106_78,s4.04,s1.325,s90
106_79,s3.24,s1.675,s270
106_80,s-2.8900000000000006,s2.4249999999999994,s90
106_81,s-3.6900000000000004,s2.7749999999999995,s270
106_82,s-2.475,s2.2,s0
106_83,s-2.125,s3.0,s180
106_84,s-0.91,s2.425,s90
106_85,s-1.71,s2.775,s270
106_86,s-0.49500000000000005,s2.2,s0
106_87,s-0.14500000000000007,s3.0,s180
106_88,s1.07,s2.425,s90
106_89,s0.27,s2.775,s270
106_90,s1.485,s2.2,s0
106_91,s1.835,s3.0,s180
106_92,s3.05,s2.425,s90
106_93,s2.25,s2.775,s270
106_94,s3.4650000000000003,s2.2,s0
106_95,s3.8150000000000004,s3.0,s180
106_96,s-3.4650000000000003,s3.3000000000000007,s0
106_97,s-3.1150000000000007,s4.1000000000000005,s180
106_98,s-1.9,s3.525,s90
106_99,s-2.7,s3.875,s270
106_100,s-1.485,s3.3000000000000007,s0
106_101,s-1.135,s4.1000000000000005,s180
106_102,s0.08,s3.5250000000000004,s90
106_103,s-0.72,s3.8750000000000004,s270
106_104,s0.49500000000000005,s3.3000000000000007,s0
106_105,s0.845,s4.1000000000000005,s180
107_0,s-3.4650000000000003,s-3.3000000000000007,s0
107_1,s-3.1150000000000007,s-2.5000000000000004,s180
107_2,s-1.8999999999999995,s-3.0750000000000006,s90
107_3,s-2.6999999999999993,s-2.7250000000000005,s270
107_4,s-1.485,s-3.3000000000000007,s0
107_5,s-1.135,s-2.5000000000000004,s180
107_6,s0.08,s-3.0750000000000006,s90
107_7,s-0.72,s-2.7250000000000005,s270
107_8,s0.49500000000000005,s-3.3000000000000007,s0
107_9,s0.845,s-2.5000000000000004,s180
107_10,s2.06,s-3.0750000000000006,s90
107_11,s1.26,s-2.7250000000000005,s270
107_12,s2.475,s-3.3000000000000007,s0
107_13,s2.825,s-2.5000000000000004,s180
107_14,s4.040000000000001,s-3.0750000000000006,s90
107_15,s3.2400000000000007,s-2.7250000000000005,s270
107_16,s-2.89,s-1.975,s90
107_17,s-3.69,s-1.625,s270
107_18,s-2.475,s-2.2,s0
107_19,s-2.125,s-1.4,s180
107_20,s-0.91,s-1.975,s90
107_21,s-1.71,s-1.625,s270
107_22,s-0.49500000000000005,s-2.2,s0
107_23,s-0.14500000000000007,s-1.4,s180
107_24,s1.07,s-1.975,s90
107_25,s0.27,s-1.625,s270
107_26,s1.485,s-2.2,s0
107_27,s1.835,s-1.4,s180
107_28,s3.05,s-1.975,s90
107_29,s2.25,s-1.625,s270
107_30,s3.4650000000000003,s-2.2,s0
107_31,s3.8150000000000004,s-1.4,s180
107_32,s-3.4650000000000003,s-1.1,s0
107_33,s-3.1150000000000007,s-0.3,s180
107_34,s-1.9,s-0.875,s90
107_35,s-2.7,s-0.525,s270
107_36,s-1.485,s-1.1,s0
107_37,s-1.135,s-0.3,s180
107_38,s0.08,s-0.875,s90
107_39,s-0.72,s-0.525,s270
107_40,s0.49500000000000005,s-1.1,s0
107_41,s0.845,s-0.3,s180
107_42,s2.06,s-0.875,s90
107_43,s1.26,s-0.525,s270
107_44,s2.475,s-1.1,s0
107_45,s2.825,s-0.3,s180
107_46,s4.040000000000001,s-0.875,s90
107_47,s3.2400000000000007,s-0.525,s270
107_48,s-2.8900000000000006,s0.225,s90
107_49,s-3.6900000000000004,s0.575,s270
107_50,s-2.475,s0.0,s0
107_51,s-2.125,s0.8,s180
107_52,s-0.91,s0.225,s90
107_53,s-1.71,s0.575,s270
107_54,s-0.49500000000000005,s0.0,s0
107_55,s-0.14500000000000007,s0.8,s180
107_56,s1.07,s0.22500000000000006,s90
107_57,s0.27,s0.575,s270
107_58,s1.485,s0.0,s0
107_59,s1.835,s0.8,s180
107_60,s3.05,s0.225,s90
107_61,s2.25,s0.575,s270
107_62,s3.4650000000000003,s0.0,s0
107_63,s3.8150000000000004,s0.8,s180
107_64,s-3.4650000000000003,s1.1,s0
107_65,s-3.1150000000000007,s1.9,s180
107_66,s-1.9,s1.325,s90
107_67,s-2.7,s1.675,s270
107_68,s-1.485,s1.1,s0
107_69,s-1.135,s1.9,s180
107_70,s0.08,s1.325,s90
107_71,s-0.72,s1.675,s270
107_72,s0.49500000000000005,s1.1,s0
107_73,s0.845,s1.9,s180
107_74,s2.06,s1.325,s90
107_75,s1.26,s1.675,s270
107_76,s2.475,s1.1,s0
107_77,s2.825,s1.9,s180
107_78,s4.04,s1.325,s90
107_79,s3.24,s1.675,s270
107_80,s-2.8900000000000006,s2.4249999999999994,s90
107_81,s-3.6900000000000004,s2.7749999999999995,s270
107_82,s-2.475,s2.2,s0
107_83,s-2.125,s3.0,s180
107_84,s-0.91,s2.425,s90
107_85,s-1.71,s2.775,s270
107_86,s-0.49500000000000005,s2.2,s0
107_87,s-0.14500000000000007,s3.0,s180
107_88,s1.07,s2.425,s90
107_89,s0.27,s2.775,s270
107_90,s1.485,s2.2,s0
107_91,s1.835,s3.0,s180
107_92,s3.05,s2.425,s90
107_93,s2.25,s2.775,s270
107_94,s3.4650000000000003,s2.2,s0
107_95,s3.8150000000000004,s3.0,s180
107_96,s-3.4650000000000003,s3.3000000000000007,s0
107_97,s-3.1150000000000007,s4.1000000000000005,s180
107_98,s-1.9,s3.525,s90
107_99,s-2.7,s3.875,s270
107_100,s-1.485,s3.3000000000000007,s0
107_101,s-1.135,s4.1000000000000005,s180
107_102,s0.08,s3.5250000000000004,s90
107_103,s-0.72,s3.8750000000000004,s270
107_104,s0.49500000000000005,s3.3000000000000007,s0
107_105,s0.845,s4.1000000000000005,s180
108_0,s-3.4650000000000003,s-3.3000000000000007,s0
108_1,s-3.1150000000000007,s-2.5000000000000004,s180
108_2,s-1.8999999999999995,s-3.0750000000000006,s90
108_3,s-2.6999999999999993,s-2.7250000000000005,s270
108_4,s-1.485,s-3.3000000000000007,s0
108_5,s-1.135,s-2.5000000000000004,s180
108_6,s0.08,s-3.0750000000000006,s90
108_7,s-0.72,s-2.7250000000000005,s270
108_8,s0.49500000000000005,s-3.3000000000000007,s0
108_9,s0.845,s-2.5000000000000004,s180
108_10,s2.06,s-3.0750000000000006,s90
108_11,s1.26,s-2.7250000000000005,s270
108_12,s2.475,s-3.3000000000000007,s0
108_13,s2.825,s-2.5000000000000004,s180
108_14,s4.040000000000001,s-3.0750000000000006,s90
108_15,s3.2400000000000007,s-2.7250000000000005,s270
108_16,s-2.89,s-1.975,s90
108_17,s-3.69,s-1.625,s270
108_18,s-2.475,s-2.2,s0
108_19,s-2.125,s-1.4,s180
108_20,s-0.91,s-1.975,s90
108_21,s-1.71,s-1.625,s270
108_22,s-0.49500000000000005,s-2.2,s0
108_23,s-0.14500000000000007,s-1.4,s180
108_24,s1.07,s-1.975,s90
108_25,s0.27,s-1.625,s270
108_26,s1.485,s-2.2,s0
108_27,s1.835,s-1.4,s180
108_28,s3.05,s-1.975,s90
108_29,s2.25,s-1.625,s270
108_30,s3.4650000000000003,s-2.2,s0
108_31,s3.8150000000000004,s-1.4,s180
108_32,s-3.4650000000000003,s-1.1,s0
108_33,s-3.1150000000000007,s-0.3,s180
108_34,s-1.9,s-0.875,s90
108_35,s-2.7,s-0.525,s270
108_36,s-1.485,s-1.1,s0
108_37,s-1.135,s-0.3,s180
108_38,s0.08,s-0.875,s90
108_39,s-0.72,s-0.525,s270
108_40,s0.49500000000000005,s-1.1,s0
108_41,s0.845,s-0.3,s180
108_42,s2.06,s-0.875,s90
108_43,s1.26,s-0.525,s270
108_44,s2.475,s-1.1,s0
108_45,s2.825,s-0.3,s180
108_46,s4.040000000000001,s-0.875,s90
108_47,s3.2400000000000007,s-0.525,s270
108_48,s-2.8900000000000006,s0.225,s90
108_49,s-3.6900000000000004,s0.575,s270
108_50,s-2.475,s0.0,s0
108_51,s-2.125,s0.8,s180
108_52,s-0.91,s0.225,s90
108_53,s-1.71,s0.575,s270
108_54,s-0.49500000000000005,s0.0,s0
108_55,s-0.14500000000000007,s0.8,s180
108_56,s1.07,s0.22500000000000006,s90
108_57,s0.27,s0.575,s270
108_58,s1.485,s0.0,s0
108_59,s1.835,s0.8,s180
108_60,s3.05,s0.225,s90
108_61,s2.25,s0.575,s270
108_62,s3.4650000000000003,s0.0,s0
108_63,s3.8150000000000004,s0.8,s180
108_64,s-3.4650000000000003,s1.1,s0
108_65,s-3.1150000000000007,s1.9,s180
108_66,s-1.9,s1.325,s90
108_67,s-2.7,s1.675,s270
108_68,s-1.485,s1.1,s0
108_69,s-1.135,s1.9,s180
108_70,s0.08,s1.325,s90
108_71,s-0.72,s1.675,s270
108_72,s0.49500000000000005,s1.1,s0
108_73,s0.845,s1.9,s180
108_74,s2.06,s1.325,s90
108_75,s1.26,s1.675,s270
108_76,s2.475,s1.1,s0
108_77,s2.825,s1.9,s180
108_78,s4.04,s1.325,s90
108_79,s3.24,s1.675,s270
108_80,s-2.8900000000000006,s2.4249999999999994,s90
108_81,s-3.6900000000000004,s2.7749999999999995,s270
108_82,s-2.475,s2.2,s0
108_83,s-2.125,s3.0,s180
108_84,s-0.91,s2.425,s90
108_85,s-1.71,s2.775,s270
108_86,s-0.49500000000000005,s2.2,s0
108_87,s-0.14500000000000007,s3.0,s180
108_88,s1.07,s2.425,s90
108_89,s0.27,s2.775,s270
108_90,s1.485,s2.2,s0
108_91,s1.835,s3.0,s180
108_92,s3.05,s2.425,s90
108_93,s2.25,s2.775,s270
108_94,s3.4650000000000003,s2.2,s0
108_95,s3.8150000000000004,s3.0,s180
108_96,s-3.4650000000000003,s3.3000000000000007,s0
108_97,s-3.1150000000000007,s4.1000000000000005,s180
108_98,s-1.9,s3.525,s90
108_99,s-2.7,s3.875,s270
108_100,s-1.485,s3.3000000000000007,s0
108_101,s-1.135,s4.1000000000000005,s180
108_102,s0.08,s3.5250000000000004,s90
108_103,s-0.72,s3.8750000000000004,s270
108_104,s0.49500000000000005,s3.3000000000000007,s0
108_105,s0.845,s4.1000000000000005,s180
108_106,s2.0599999999999996,s3.5250000000000004,s90
108_107,s1.2599999999999996,s3.8750000000000004,s270
109_0,s-3.4650000000000003,s-3.3000000000000007,s0
109_1,s-3.1150000000000007,s-2.5000000000000004,s180
109_2,s-1.8999999999999995,s-3.0750000000000006,s90
109_3,s-2.6999999999999993,s-2.7250000000000005,s270
109_4,s-1.485,s-3.3000000000000007,s0
109_5,s-1.135,s-2.5000000000000004,s180
109_6,s0.08,s-3.0750000000000006,s90
109_7,s-0.72,s-2.7250000000000005,s270
109_8,s0.49500000000000005,s-3.3000000000000007,s0
109_9,s0.845,s-2.5000000000000004,s180
109_10,s2.06,s-3.0750000000000006,s90
109_11,s1.26,s-2.7250000000000005,s270
109_12,s2.475,s-3.3000000000000007,s0
109_13,s2.825,s-2.5000000000000004,s180
109_14,s4.040000000000001,s-3.0750000000000006,s90
109_15,s3.2400000000000007,s-2.7250000000000005,s270
109_16,s-2.89,s-1.975,s90
109_17,s-3.69,s-1.625,s270
109_18,s-2.475,s-2.2,s0
109_19,s-2.125,s-1.4,s180
109_20,s-0.91,s-1.975,s90
109_21,s-1.71,s-1.625,s270
109_22,s-0.49500000000000005,s-2.2,s0
109_23,s-0.14500000000000007,s-1.4,s180
109_24,s1.07,s-1.975,s90
109_25,s0.27,s-1.625,s270
109_26,s1.485,s-2.2,s0
109_27,s1.835,s-1.4,s180
109_28,s3.05,s-1.975,s90
109_29,s2.25,s-1.625,s270
109_30,s3.4650000000000003,s-2.2,s0
109_31,s3.8150000000000004,s-1.4,s180
109_32,s-3.4650000000000003,s-1.1,s0
109_33,s-3.1150000000000007,s-0.3,s180
109_34,s-1.9,s-0.875,s90
109_35,s-2.7,s-0.525,s270
109_36,s-1.485,s-1.1,s0
109_37,s-1.135,s-0.3,s180
109_38,s0.08,s-0.875,s90
109_39,s-0.72,s-0.525,s270
109_40,s0.49500000000000005,s-1.1,s0
109_41,s0.845,s-0.3,s180
109_42,s2.06,s-0.875,s90
109_43,s1.26,s-0.525,s270
109_44,s2.475,s-1.1,s0
109_45,s2.825,s-0.3,s180
109_46,s4.040000000000001,s-0.875,s90
109_47,s3.2400000000000007,s-0.525,s270
109_48,s-2.8900000000000006,s0.225,s90
109_49,s-3.6900000000000004,s0.575,s270
109_50,s-2.475,s0.0,s0
109_51,s-2.125,s0.8,s180
109_52,s-0.91,s0.225,s90
109_53,s-1.71,s0.575,s270
109_54,s-0.49500000000000005,s0.0,s0
109_55,s-0.14500000000000007,s0.8,s180
109_56,s1.07,s0.22500000000000006,s90
109_57,s0.27,s0.575,s270
109_58,s1.485,s0.0,s0
109_59,s1.835,s0.8,s180
109_60,s3.05,s0.225,s90
109_61,s2.25,s0.575,s270
109_62,s3.4650000000000003,s0.0,s0
109_63,s3.8150000000000004,s0.8,s180
109_64,s-3.4650000000000003,s1.1,s0
109_65,s-3.1150000000000007,s1.9,s180
109_66,s-1.9,s1.325,s90
109_67,s-2.7,s1.675,s270
109_68,s-1.485,s1.1,s0
109_69,s-1.135,s1.9,s180
109_70,s0.08,s1.325,s90
109_71,s-0.72,s1.675,s270
109_72,s0.49500000000000005,s1.1,s0
109_73,s0.845,s1.9,s180
109_74,s2.06,s1.325,s90
109_75,s1.26,s1.675,s270
109_76,s2.475,s1.1,s0
109_77,s2.825,s1.9,s180
109_78,s4.04,s1.325,s90
109_79,s3.24,s1.675,s270
109_80,s-2.8900000000000006,s2.4249999999999994,s90
109_81,s-3.6900000000000004,s2.7749999999999995,s270
109_82,s-2.475,s2.2,s0
109_83,s-2.125,s3.0,s180
109_84,s-0.91,s2.425,s90
109_85,s-1.71,s2.775,s270
109_86,s-0.49500000000000005,s2.2,s0
109_87,s-0.14500000000000007,s3.0,s180
109_88,s1.07,s2.425,s90
109_89,s0.27,s2.775,s270
109_90,s1.485,s2.2,s0
109_91,s1.835,s3.0,s180
109_92,s3.05,s2.425,s90
109_93,s2.25,s2.775,s270
109_94,s3.4650000000000003,s2.2,s0
109_95,s3.8150000000000004,s3.0,s180
109_96,s-3.4650000000000003,s3.3000000000000007,s0
109_97,s-3.1150000000000007,s4.1000000000000005,s180
109_98,s-1.9,s3.525,s90
109_99,s-2.7,s3.875,s270
109_100,s-1.485,s3.3000000000000007,s0
109_101,s-1.135,s4.1000000000000005,s180
109_102,s0.08,s3.5250000000000004,s90
109_103,s-0.72,s3.8750000000000004,s270
109_104,s0.49500000000000005,s3.3000000000000007,s0
109_105,s0.845,s4.1000000000000005,s180
109_106,s2.0599999999999996,s3.5250000000000004,s90
109_107,s1.2599999999999996,s3.8750000000000004,s270
110_0,s-3.4650000000000003,s-3.3000000000000007,s0
110_1,s-3.1150000000000007,s-2.5000000000000004,s180
110_2,s-1.8999999999999995,s-3.0750000000000006,s90
110_3,s-2.6999999999999993,s-2.7250000000000005,s270
110_4,s-1.485,s-3.3000000000000007,s0
110_5,s-1.135,s-2.5000000000000004,s180
110_6,s0.08,s-3.0750000000000006,s90
110_7,s-0.72,s-2.7250000000000005,s270
110_8,s0.49500000000000005,s-3.3000000000000007,s0
110_9,s0.845,s-2.5000000000000004,s180
110_10,s2.06,s-3.0750000000000006,s90
110_11,s1.26,s-2.7250000000000005,s270
110_12,s2.475,s-3.3000000000000007,s0
110_13,s2.825,s-2.5000000000000004,s180
110_14,s4.040000000000001,s-3.0750000000000006,s90
110_15,s3.2400000000000007,s-2.7250000000000005,s270
110_16,s-2.89,s-1.975,s90
110_17,s-3.69,s-1.625,s270
110_18,s-2.475,s-2.2,s0
110_19,s-2.125,s-1.4,s180
110_20,s-0.91,s-1.975,s90
110_21,s-1.71,s-1.625,s270
110_22,s-0.49500000000000005,s-2.2,s0
110_23,s-0.14500000000000007,s-1.4,s180
110_24,s1.07,s-1.975,s90
110_25,s0.27,s-1.625,s270
110_26,s1.485,s-2.2,s0
110_27,s1.835,s-1.4,s180
110_28,s3.05,s-1.975,s90
110_29,s2.25,s-1.625,s270
110_30,s3.4650000000000003,s-2.2,s0
110_31,s3.8150000000000004,s-1.4,s180
110_32,s-3.4650000000000003,s-1.1,s0
110_33,s-3.1150000000000007,s-0.3,s180
110_34,s-1.9,s-0.875,s90
110_35,s-2.7,s-0.525,s270
110_36,s-1.485,s-1.1,s0
110_37,s-1.135,s-0.3,s180
110_38,s0.08,s-0.875,s90
110_39,s-0.72,s-0.525,s270
110_40,s0.49500000000000005,s-1.1,s0
110_41,s0.845,s-0.3,s180
110_42,s2.06,s-0.875,s90
110_43,s1.26,s-0.525,s270
110_44,s2.475,s-1.1,s0
110_45,s2.825,s-0.3,s180
110_46,s4.040000000000001,s-0.875,s90
110_47,s3.2400000000000007,s-0.525,s270
110_48,s-2.8900000000000006,s0.225,s90
110_49,s-3.6900000000000004,s0.575,s270
110_50,s-2.475,s0.0,s0
110_51,s-2.125,s0.8,s180
110_52,s-0.91,s0.225,s90
110_53,s-1.71,s0.575,s270
110_54,s-0.49500000000000005,s0.0,s0
110_55,s-0.14500000000000007,s0.8,s180
110_56,s1.07,s0.22500000000000006,s90
110_57,s0.27,s0.575,s270
110_58,s1.485,s0.0,s0
110_59,s1.835,s0.8,s180
110_60,s3.05,s0.225,s90
110_61,s2.25,s0.575,s270
110_62,s3.4650000000000003,s0.0,s0
110_63,s3.8150000000000004,s0.8,s180
110_64,s-3.4650000000000003,s1.1,s0
110_65,s-3.1150000000000007,s1.9,s180
110_66,s-1.9,s1.325,s90
110_67,s-2.7,s1.675,s270
110_68,s-1.485,s1.1,s0
110_69,s-1.135,s1.9,s180
110_70,s0.08,s1.325,s90
110_71,s-0.72,s1.675,s270
110_72,s0.49500000000000005,s1.1,s0
110_73,s0.845,s1.9,s180
110_74,s2.06,s1.325,s90
110_75,s1.26,s1.675,s270
110_76,s2.475,s1.1,s0
110_77,s2.825,s1.9,s180
110_78,s4.04,s1.325,s90
110_79,s3.24,s1.675,s270
110_80,s-2.8900000000000006,s2.4249999999999994,s90
110_81,s-3.6900000000000004,s2.7749999999999995,s270
110_82,s-2.475,s2.2,s0
110_83,s-2.125,s3.0,s180
110_84,s-0.91,s2.425,s90
110_85,s-1.71,s2.775,s270
110_86,s-0.49500000000000005,s2.2,s0
110_87,s-0.14500000000000007,s3.0,s180
110_88,s1.07,s2.425,s90
110_89,s0.27,s2.775,s270
110_90,s1.485,s2.2,s0
110_91,s1.835,s3.0,s180
110_92,s3.05,s2.425,s90
110_93,s2.25,s2.775,s270
110_94,s3.4650000000000003,s2.2,s0
110_95,s3.8150000000000004,s3.0,s180
110_96,s-3.4650000000000003,s3.3000000000000007,s0
110_97,s-3.1150000000000007,s4.1000000000000005,s180
110_98,s-1.9,s3.525,s90
110_99,s-2.7,s3.875,s270
110_100,s-1.485,s3.3000000000000007,s0
110_101,s-1.135,s4.1000000000000005,s180
110_102,s0.08,s3.5250000000000004,s90
110_103,s-0.72,s3.8750000000000004,s270
110_104,s0.49500000000000005,s3.3000000000000007,s0
110_105,s0.845,s4.1000000000000005,s180
110_106,s2.0599999999999996,s3.5250000000000004,s90
110_107,s1.2599999999999996,s3.8750000000000004,s270
110_108,s2.475,s3.3000000000000007,s0
110_109,s2.825,s4.1000000000000005,s180
111_0,s-3.4650000000000003,s-3.3000000000000007,s0
111_1,s-3.1150000000000007,s-2.5000000000000004,s180
111_2,s-1.8999999999999995,s-3.0750000000000006,s90
111_3,s-2.6999999999999993,s-2.7250000000000005,s270
111_4,s-1.485,s-3.3000000000000007,s0
111_5,s-1.135,s-2.5000000000000004,s180
111_6,s0.08,s-3.0750000000000006,s90
111_7,s-0.72,s-2.7250000000000005,s270
111_8,s0.49500000000000005,s-3.3000000000000007,s0
111_9,s0.845,s-2.5000000000000004,s180
111_10,s2.06,s-3.0750000000000006,s90
111_11,s1.26,s-2.7250000000000005,s270
111_12,s2.475,s-3.3000000000000007,s0
111_13,s2.825,s-2.5000000000000004,s180
111_14,s4.040000000000001,s-3.0750000000000006,s90
111_15,s3.2400000000000007,s-2.7250000000000005,s270
111_16,s-2.89,s-1.975,s90
111_17,s-3.69,s-1.625,s270
111_18,s-2.475,s-2.2,s0
111_19,s-2.125,s-1.4,s180
111_20,s-0.91,s-1.975,s90
111_21,s-1.71,s-1.625,s270
111_22,s-0.49500000000000005,s-2.2,s0
111_23,s-0.14500000000000007,s-1.4,s180
111_24,s1.07,s-1.975,s90
111_25,s0.27,s-1.625,s270
111_26,s1.485,s-2.2,s0
111_27,s1.835,s-1.4,s180
111_28,s3.05,s-1.975,s90
111_29,s2.25,s-1.625,s270
111_30,s3.4650000000000003,s-2.2,s0
111_31,s3.8150000000000004,s-1.4,s180
111_32,s-3.4650000000000003,s-1.1,s0
111_33,s-3.1150000000000007,s-0.3,s180
111_34,s-1.9,s-0.875,s90
111_35,s-2.7,s-0.525,s270
111_36,s-1.485,s-1.1,s0
111_37,s-1.135,s-0.3,s180
111_38,s0.08,s-0.875,s90
111_39,s-0.72,s-0.525,s270
111_40,s0.49500000000000005,s-1.1,s0
111_41,s0.845,s-0.3,s180
111_42,s2.06,s-0.875,s90
111_43,s1.26,s-0.525,s270
111_44,s2.475,s-1.1,s0
111_45,s2.825,s-0.3,s180
111_46,s4.040000000000001,s-0.875,s90
111_47,s3.2400000000000007,s-0.525,s270
111_48,s-2.8900000000000006,s0.225,s90
111_49,s-3.6900000000000004,s0.575,s270
111_50,s-2.475,s0.0,s0
111_51,s-2.125,s0.8,s180
111_52,s-0.91,s0.225,s90
111_53,s-1.71,s0.575,s270
111_54,s-0.49500000000000005,s0.0,s0
111_55,s-0.14500000000000007,s0.8,s180
111_56,s1.07,s0.22500000000000006,s90
111_57,s0.27,s0.575,s270
111_58,s1.485,s0.0,s0
111_59,s1.835,s0.8,s180
111_60,s3.05,s0.225,s90
111_61,s2.25,s0.575,s270
111_62,s3.4650000000000003,s0.0,s0
111_63,s3.8150000000000004,s0.8,s180
111_64,s-3.4650000000000003,s1.1,s0
111_65,s-3.1150000000000007,s1.9,s180
111_66,s-1.9,s1.325,s90
111_67,s-2.7,s1.675,s270
111_68,s-1.485,s1.1,s0
111_69,s-1.135,s1.9,s180
111_70,s0.08,s1.325,s90
111_71,s-0.72,s1.675,s270
111_72,s0.49500000000000005,s1.1,s0
111_73,s0.845,s1.9,s180
111_74,s2.06,s1.325,s90
111_75,s1.26,s1.675,s270
111_76,s2.475,s1.1,s0
111_77,s2.825,s1.9,s180
111_78,s4.04,s1.325,s90
111_79,s3.24,s1.675,s270
111_80,s-2.8900000000000006,s2.4249999999999994,s90
111_81,s-3.6900000000000004,s2.7749999999999995,s270
111_82,s-2.475,s2.2,s0
111_83,s-2.125,s3.0,s180
111_84,s-0.91,s2.425,s90
111_85,s-1.71,s2.775,s270
111_86,s-0.49500000000000005,s2.2,s0
111_87,s-0.14500000000000007,s3.0,s180
111_88,s1.07,s2.425,s90
111_89,s0.27,s2.775,s270
111_90,s1.485,s2.2,s0
111_91,s1.835,s3.0,s180
111_92,s3.05,s2.425,s90
111_93,s2.25,s2.775,s270
111_94,s3.4650000000000003,s2.2,s0
111_95,s3.8150000000000004,s3.0,s180
111_96,s-3.4650000000000003,s3.3000000000000007,s0
111_97,s-3.1150000000000007,s4.1000000000000005,s180
111_98,s-1.9,s3.525,s90
111_99,s-2.7,s3.875,s270
111_100,s-1.485,s3.3000000000000007,s0
111_101,s-1.135,s4.1000000000000005,s180
111_102,s0.08,s3.5250000000000004,s90
111_103,s-0.72,s3.8750000000000004,s270
111_104,s0.49500000000000005,s3.3000000000000007,s0
111_105,s0.845,s4.1000000000000005,s180
111_106,s2.0599999999999996,s3.5250000000000004,s90
111_107,s1.2599999999999996,s3.8750000000000004,s270
111_108,s2.475,s3.3000000000000007,s0
111_109,s2.825,s4.1000000000000005,s180
112_0,s-3.4650000000000003,s-3.3000000000000007,s0
112_1,s-3.1150000000000007,s-2.5000000000000004,s180
112_2,s-1.8999999999999995,s-3.0750000000000006,s90
112_3,s-2.6999999999999993,s-2.7250000000000005,s270
112_4,s-1.485,s-3.3000000000000007,s0
112_5,s-1.135,s-2.5000000000000004,s180
112_6,s0.08,s-3.0750000000000006,s90
112_7,s-0.72,s-2.7250000000000005,s270
112_8,s0.49500000000000005,s-3.3000000000000007,s0
112_9,s0.845,s-2.5000000000000004,s180
112_10,s2.06,s-3.0750000000000006,s90
112_11,s1.26,s-2.7250000000000005,s270
112_12,s2.475,s-3.3000000000000007,s0
112_13,s2.825,s-2.5000000000000004,s180
112_14,s4.040000000000001,s-3.0750000000000006,s90
112_15,s3.2400000000000007,s-2.7250000000000005,s270
112_16,s-2.89,s-1.975,s90
112_17,s-3.69,s-1.625,s270
112_18,s-2.475,s-2.2,s0
112_19,s-2.125,s-1.4,s180
112_20,s-0.91,s-1.975,s90
112_21,s-1.71,s-1.625,s270
112_22,s-0.49500000000000005,s-2.2,s0
112_23,s-0.14500000000000007,s-1.4,s180
112_24,s1.07,s-1.975,s90
112_25,s0.27,s-1.625,s270
112_26,s1.485,s-2.2,s0
112_27,s1.835,s-1.4,s180
112_28,s3.05,s-1.975,s90
112_29,s2.25,s-1.625,s270
112_30,s3.4650000000000003,s-2.2,s0
112_31,s3.8150000000000004,s-1.4,s180
112_32,s-3.4650000000000003,s-1.1,s0
112_33,s-3.1150000000000007,s-0.3,s180
112_34,s-1.9,s-0.875,s90
112_35,s-2.7,s-0.525,s270
112_36,s-1.485,s-1.1,s0
112_37,s-1.135,s-0.3,s180
112_38,s0.08,s-0.875,s90
112_39,s-0.72,s-0.525,s270
112_40,s0.49500000000000005,s-1.1,s0
112_41,s0.845,s-0.3,s180
112_42,s2.06,s-0.875,s90
112_43,s1.26,s-0.525,s270
112_44,s2.475,s-1.1,s0
112_45,s2.825,s-0.3,s180
112_46,s4.040000000000001,s-0.875,s90
112_47,s3.2400000000000007,s-0.525,s270
112_48,s-2.8900000000000006,s0.225,s90
112_49,s-3.6900000000000004,s0.575,s270
112_50,s-2.475,s0.0,s0
112_51,s-2.125,s0.8,s180
112_52,s-0.91,s0.225,s90
112_53,s-1.71,s0.575,s270
112_54,s-0.49500000000000005,s0.0,s0
112_55,s-0.14500000000000007,s0.8,s180
112_56,s1.07,s0.22500000000000006,s90
112_57,s0.27,s0.575,s270
112_58,s1.485,s0.0,s0
112_59,s1.835,s0.8,s180
112_60,s3.05,s0.225,s90
112_61,s2.25,s0.575,s270
112_62,s3.4650000000000003,s0.0,s0
112_63,s3.8150000000000004,s0.8,s180
112_64,s-3.4650000000000003,s1.1,s0
112_65,s-3.1150000000000007,s1.9,s180
112_66,s-1.9,s1.325,s90
112_67,s-2.7,s1.675,s270
112_68,s-1.485,s1.1,s0
112_69,s-1.135,s1.9,s180
112_70,s0.08,s1.325,s90
112_71,s-0.72,s1.675,s270
112_72,s0.49500000000000005,s1.1,s0
112_73,s0.845,s1.9,s180
112_74,s2.06,s1.325,s90
112_75,s1.26,s1.675,s270
112_76,s2.475,s1.1,s0
112_77,s2.825,s1.9,s180
112_78,s4.04,s1.325,s90
112_79,s3.24,s1.675,s270
112_80,s-2.8900000000000006,s2.4249999999999994,s90
112_81,s-3.6900000000000004,s2.7749999999999995,s270
112_82,s-2.475,s2.2,s0
112_83,s-2.125,s3.0,s180
112_84,s-0.91,s2.425,s90
112_85,s-1.71,s2.775,s270
112_86,s-0.49500000000000005,s2.2,s0
112_87,s-0.14500000000000007,s3.0,s180
112_88,s1.07,s2.425,s90
112_89,s0.27,s2.775,s270
112_90,s1.485,s2.2,s0
112_91,s1.835,s3.0,s180
112_92,s3.05,s2.425,s90
112_93,s2.25,s2.775,s270
112_94,s3.4650000000000003,s2.2,s0
112_95,s3.8150000000000004,s3.0,s180
112_96,s-3.4650000000000003,s3.3000000000000007,s0
112_97,s-3.1150000000000007,s4.1000000000000005,s180
112_98,s-1.9,s3.525,s90
112_99,s-2.7,s3.875,s270
112_100,s-1.485,s3.3000000000000007,s0
112_101,s-1.135,s4.1000000000000005,s180
112_102,s0.08,s3.5250000000000004,s90
112_103,s-0.72,s3.8750000000000004,s270
112_104,s0.49500000000000005,s3.3000000000000007,s0
112_105,s0.845,s4.1000000000000005,s180
112_106,s2.0599999999999996,s3.5250000000000004,s90
112_107,s1.2599999999999996,s3.8750000000000004,s270
112_108,s2.475,s3.3000000000000007,s0
112_109,s2.825,s4.1000000000000005,s180
112_110,s4.040000000000001,s3.5250000000000004,s90
112_111,s3.2400000000000007,s3.8750000000000004,s270
113_0,s-3.4650000000000003,s-3.3000000000000007,s0
113_1,s-3.1150000000000007,s-2.5000000000000004,s180
113_2,s-1.8999999999999995,s-3.0750000000000006,s90
113_3,s-2.6999999999999993,s-2.7250000000000005,s270
113_4,s-1.485,s-3.3000000000000007,s0
113_5,s-1.135,s-2.5000000000000004,s180
113_6,s0.08,s-3.0750000000000006,s90
113_7,s-0.72,s-2.7250000000000005,s270
113_8,s0.49500000000000005,s-3.3000000000000007,s0
113_9,s0.845,s-2.5000000000000004,s180
113_10,s2.06,s-3.0750000000000006,s90
113_11,s1.26,s-2.7250000000000005,s270
113_12,s2.475,s-3.3000000000000007,s0
113_13,s2.825,s-2.5000000000000004,s180
113_14,s4.040000000000001,s-3.0750000000000006,s90
113_15,s3.2400000000000007,s-2.7250000000000005,s270
113_16,s-2.89,s-1.975,s90
113_17,s-3.69,s-1.625,s270
113_18,s-2.475,s-2.2,s0
113_19,s-2.125,s-1.4,s180
113_20,s-0.91,s-1.975,s90
113_21,s-1.71,s-1.625,s270
113_22,s-0.49500000000000005,s-2.2,s0
113_23,s-0.14500000000000007,s-1.4,s180
113_24,s1.07,s-1.975,s90
113_25,s0.27,s-1.625,s270
113_26,s1.485,s-2.2,s0
113_27,s1.835,s-1.4,s180
113_28,s3.05,s-1.975,s90
113_29,s2.25,s-1.625,s270
113_30,s3.4650000000000003,s-2.2,s0
113_31,s3.8150000000000004,s-1.4,s180
113_32,s-3.4650000000000003,s-1.1,s0
113_33,s-3.1150000000000007,s-0.3,s180
113_34,s-1.9,s-0.875,s90
113_35,s-2.7,s-0.525,s270
113_36,s-1.485,s-1.1,s0
113_37,s-1.135,s-0.3,s180
113_38,s0.08,s-0.875,s90
113_39,s-0.72,s-0.525,s270
113_40,s0.49500000000000005,s-1.1,s0
113_41,s0.845,s-0.3,s180
113_42,s2.06,s-0.875,s90
113_43,s1.26,s-0.525,s270
113_44,s2.475,s-1.1,s0
113_45,s2.825,s-0.3,s180
113_46,s4.040000000000001,s-0.875,s90
113_47,s3.2400000000000007,s-0.525,s270
113_48,s-2.8900000000000006,s0.225,s90
113_49,s-3.6900000000000004,s0.575,s270
113_50,s-2.475,s0.0,s0
113_51,s-2.125,s0.8,s180
113_52,s-0.91,s0.225,s90
113_53,s-1.71,s0.575,s270
113_54,s-0.49500000000000005,s0.0,s0
113_55,s-0.14500000000000007,s0.8,s180
113_56,s1.07,s0.22500000000000006,s90
113_57,s0.27,s0.575,s270
113_58,s1.485,s0.0,s0
113_59,s1.835,s0.8,s180
113_60,s3.05,s0.225,s90
113_61,s2.25,s0.575,s270
113_62,s3.4650000000000003,s0.0,s0
113_63,s3.8150000000000004,s0.8,s180
113_64,s-3.4650000000000003,s1.1,s0
113_65,s-3.1150000000000007,s1.9,s180
113_66,s-1.9,s1.325,s90
113_67,s-2.7,s1.675,s270
113_68,s-1.485,s1.1,s0
113_69,s-1.135,s1.9,s180
113_70,s0.08,s1.325,s90
113_71,s-0.72,s1.675,s270
113_72,s0.49500000000000005,s1.1,s0
113_73,s0.845,s1.9,s180
113_74,s2.06,s1.325,s90
113_75,s1.26,s1.675,s270
113_76,s2.475,s1.1,s0
113_77,s2.825,s1.9,s180
113_78,s4.04,s1.325,s90
113_79,s3.24,s1.675,s270
113_80,s-2.8900000000000006,s2.4249999999999994,s90
113_81,s-3.6900000000000004,s2.7749999999999995,s270
113_82,s-2.475,s2.2,s0
113_83,s-2.125,s3.0,s180
113_84,s-0.91,s2.425,s90
113_85,s-1.71,s2.775,s270
113_86,s-0.49500000000000005,s2.2,s0
113_87,s-0.14500000000000007,s3.0,s180
113_88,s1.07,s2.425,s90
113_89,s0.27,s2.775,s270
113_90,s1.485,s2.2,s0
113_91,s1.835,s3.0,s180
113_92,s3.05,s2.425,s90
113_93,s2.25,s2.775,s270
113_94,s3.4650000000000003,s2.2,s0
113_95,s3.8150000000000004,s3.0,s180
113_96,s-3.4650000000000003,s3.3000000000000007,s0
113_97,s-3.1150000000000007,s4.1000000000000005,s180
113_98,s-1.9,s3.525,s90
113_99,s-2.7,s3.875,s270
113_100,s-1.485,s3.3000000000000007,s0
113_101,s-1.135,s4.1000000000000005,s180
113_102,s0.08,s3.5250000000000004,s90
113_103,s-0.72,s3.8750000000000004,s270
113_104,s0.49500000000000005,s3.3000000000000007,s0
113_105,s0.845,s4.1000000000000005,s180
113_106,s2.0599999999999996,s3.5250000000000004,s90
113_107,s1.2599999999999996,s3.8750000000000004,s270
113_108,s2.475,s3.3000000000000007,s0
113_109,s2.825,s4.1000000000000005,s180
113_110,s4.040000000000001,s3.5250000000000004,s90
113_111,s3.2400000000000007,s3.8750000000000004,s270
114_0,s-3.4650000000000003,s-3.8500000000000005,s0
114_1,s-3.1150000000000007,s-3.0500000000000007,s180
114_2,s-1.8999999999999995,s-3.6250000000000004,s90
114_3,s-2.6999999999999993,s-3.2750000000000004,s270
114_4,s-1.485,s-3.8500000000000005,s0
114_5,s-1.135,s-3.0500000000000007,s180
114_6,s0.08,s-3.6250000000000004,s90
114_7,s-0.72,s-3.2750000000000004,s270
114_8,s0.49500000000000005,s-3.8500000000000005,s0
114_9,s0.845,s-3.0500000000000007,s180
114_10,s2.06,s-3.625,s90
114_11,s1.26,s-3.275,s270
114_12,s2.475,s-3.8500000000000005,s0
114_13,s2.825,s-3.0500000000000007,s180
114_14,s4.040000000000001,s-3.6250000000000004,s90
114_15,s3.2400000000000007,s-3.2750000000000004,s270
114_16,s-2.89,s-2.525,s90
114_17,s-3.69,s-2.175,s270
114_18,s-2.475,s-2.75,s0
114_19,s-2.125,s-1.95,s180
114_20,s-0.91,s-2.525,s90
114_21,s-1.71,s-2.175,s270
114_22,s-0.49500000000000005,s-2.75,s0
114_23,s-0.14500000000000007,s-1.95,s180
114_24,s1.07,s-2.525,s90
114_25,s0.27,s-2.175,s270
114_26,s1.485,s-2.75,s0
114_27,s1.835,s-1.95,s180
114_28,s3.05,s-2.525,s90
114_29,s2.25,s-2.175,s270
114_30,s3.4650000000000003,s-2.75,s0
114_31,s3.8150000000000004,s-1.95,s180
114_32,s-3.4650000000000003,s-1.65,s0
114_33,s-3.1150000000000007,s-0.8500000000000001,s180
114_34,s-1.9,s-1.425,s90
114_35,s-2.7,s-1.075,s270
114_36,s-1.485,s-1.65,s0
114_37,s-1.135,s-0.8500000000000001,s180
114_38,s0.08,s-1.425,s90
114_39,s-0.7199999999999999,s-1.075,s270
114_40,s0.49500000000000005,s-1.65,s0
114_41,s0.845,s-0.8500000000000001,s180
114_42,s2.06,s-1.425,s90
114_43,s1.26,s-1.075,s270
114_44,s2.475,s-1.65,s0
114_45,s2.825,s-0.8500000000000001,s180
114_46,s4.040000000000001,s-1.4249999999999994,s90
114_47,s3.2400000000000007,s-1.0749999999999995,s270
114_48,s-2.8900000000000006,s-0.325,s90
114_49,s-3.6900000000000004,s0.025,s270
114_50,s-2.475,s-0.55,s0
114_51,s-2.125,s0.25,s180
114_52,s-0.91,s-0.325,s90
114_53,s-1.71,s0.025,s270
114_54,s-0.49500000000000005,s-0.55,s0
114_55,s-0.14500000000000007,s0.25,s180
114_56,s1.07,s-0.32499999999999996,s90
114_57,s0.27,s0.025,s270
114_58,s1.485,s-0.55,s0
114_59,s1.835,s0.25,s180
114_60,s3.05,s-0.325,s90
114_61,s2.25,s0.025,s270
114_62,s3.4650000000000003,s-0.55,s0
114_63,s3.8150000000000004,s0.25,s180
114_64,s-3.4650000000000003,s0.55,s0
114_65,s-3.1150000000000007,s1.35,s180
114_66,s-1.9,s0.775,s90
114_67,s-2.7,s1.125,s270
114_68,s-1.485,s0.55,s0
114_69,s-1.135,s1.35,s180
114_70,s0.08,s0.775,s90
114_71,s-0.72,s1.125,s270
114_72,s0.49500000000000005,s0.55,s0
114_73,s0.845,s1.35,s180
114_74,s2.06,s0.775,s90
114_75,s1.26,s1.125,s270
114_76,s2.475,s0.55,s0
114_77,s2.825,s1.35,s180
114_78,s4.040000000000001,s0.775,s90
114_79,s3.2400000000000007,s1.125,s270
114_80,s-2.8900000000000006,s1.8749999999999996,s90
114_81,s-3.6900000000000004,s2.2249999999999996,s270
114_82,s-2.475,s1.65,s0
114_83,s-2.125,s2.45,s180
114_84,s-0.91,s1.875,s90
114_85,s-1.71,s2.225,s270
114_86,s-0.49500000000000005,s1.65,s0
114_87,s-0.14500000000000007,s2.45,s180
114_88,s1.07,s1.875,s90
114_89,s0.27,s2.225,s270
114_90,s1.485,s1.65,s0
114_91,s1.835,s2.45,s180
114_92,s3.05,s1.875,s90
114_93,s2.25,s2.225,s270
114_94,s3.4650000000000003,s1.65,s0
114_95,s3.8150000000000004,s2.45,s180
114_96,s-3.4650000000000003,s2.75,s0
114_97,s-3.1150000000000007,s3.55,s180
114_98,s-1.9,s2.975,s90
114_99,s-2.7,s3.325,s270
114_100,s-1.485,s2.75,s0
114_101,s-1.135,s3.55,s180
114_102,s0.08,s2.975,s90
114_103,s-0.72,s3.325,s270
114_104,s0.49500000000000005,s2.75,s0
114_105,s0.845,s3.55,s180
114_106,s2.06,s2.975,s90
114_107,s1.26,s3.325,s270
114_108,s2.475,s2.75,s0
114_109,s2.825,s3.55,s180
114_110,s4.04,s2.975,s90
114_111,s3.24,s3.325,s270
114_112,s-2.8900000000000006,s4.075,s90
114_113,s-3.69,s4.425000000000001,s270
115_0,s-3.4650000000000003,s-3.8500000000000005,s0
115_1,s-3.1150000000000007,s-3.0500000000000007,s180
115_2,s-1.8999999999999995,s-3.6250000000000004,s90
115_3,s-2.6999999999999993,s-3.2750000000000004,s270
115_4,s-1.485,s-3.8500000000000005,s0
115_5,s-1.135,s-3.0500000000000007,s180
115_6,s0.08,s-3.6250000000000004,s90
115_7,s-0.72,s-3.2750000000000004,s270
115_8,s0.49500000000000005,s-3.8500000000000005,s0
115_9,s0.845,s-3.0500000000000007,s180
115_10,s2.06,s-3.625,s90
115_11,s1.26,s-3.275,s270
115_12,s2.475,s-3.8500000000000005,s0
115_13,s2.825,s-3.0500000000000007,s180
115_14,s4.040000000000001,s-3.6250000000000004,s90
115_15,s3.2400000000000007,s-3.2750000000000004,s270
115_16,s-2.89,s-2.525,s90
115_17,s-3.69,s-2.175,s270
115_18,s-2.475,s-2.75,s0
115_19,s-2.125,s-1.95,s180
115_20,s-0.91,s-2.525,s90
115_21,s-1.71,s-2.175,s270
115_22,s-0.49500000000000005,s-2.75,s0
115_23,s-0.14500000000000007,s-1.95,s180
115_24,s1.07,s-2.525,s90
115_25,s0.27,s-2.175,s270
115_26,s1.485,s-2.75,s0
115_27,s1.835,s-1.95,s180
115_28,s3.05,s-2.525,s90
115_29,s2.25,s-2.175,s270
115_30,s3.4650000000000003,s-2.75,s0
115_31,s3.8150000000000004,s-1.95,s180
115_32,s-3.4650000000000003,s-1.65,s0
115_33,s-3.1150000000000007,s-0.8500000000000001,s180
115_34,s-1.9,s-1.425,s90
115_35,s-2.7,s-1.075,s270
115_36,s-1.485,s-1.65,s0
115_37,s-1.135,s-0.8500000000000001,s180
115_38,s0.08,s-1.425,s90
115_39,s-0.7199999999999999,s-1.075,s270
115_40,s0.49500000000000005,s-1.65,s0
115_41,s0.845,s-0.8500000000000001,s180
115_42,s2.06,s-1.425,s90
115_43,s1.26,s-1.075,s270
115_44,s2.475,s-1.65,s0
115_45,s2.825,s-0.8500000000000001,s180
115_46,s4.040000000000001,s-1.4249999999999994,s90
115_47,s3.2400000000000007,s-1.0749999999999995,s270
115_48,s-2.8900000000000006,s-0.325,s90
115_49,s-3.6900000000000004,s0.025,s270
115_50,s-2.475,s-0.55,s0
115_51,s-2.125,s0.25,s180
115_52,s-0.91,s-0.325,s90
115_53,s-1.71,s0.025,s270
115_54,s-0.49500000000000005,s-0.55,s0
115_55,s-0.14500000000000007,s0.25,s180
115_56,s1.07,s-0.32499999999999996,s90
115_57,s0.27,s0.025,s270
115_58,s1.485,s-0.55,s0
115_59,s1.835,s0.25,s180
115_60,s3.05,s-0.325,s90
115_61,s2.25,s0.025,s270
115_62,s3.4650000000000003,s-0.55,s0
115_63,s3.8150000000000004,s0.25,s180
115_64,s-3.4650000000000003,s0.55,s0
115_65,s-3.1150000000000007,s1.35,s180
115_66,s-1.9,s0.775,s90
115_67,s-2.7,s1.125,s270
115_68,s-1.485,s0.55,s0
115_69,s-1.135,s1.35,s180
115_70,s0.08,s0.775,s90
115_71,s-0.72,s1.125,s270
115_72,s0.49500000000000005,s0.55,s0
115_73,s0.845,s1.35,s180
115_74,s2.06,s0.775,s90
115_75,s1.26,s1.125,s270
115_76,s2.475,s0.55,s0
115_77,s2.825,s1.35,s180
115_78,s4.040000000000001,s0.775,s90
115_79,s3.2400000000000007,s1.125,s270
115_80,s-2.8900000000000006,s1.8749999999999996,s90
115_81,s-3.6900000000000004,s2.2249999999999996,s270
115_82,s-2.475,s1.65,s0
115_83,s-2.125,s2.45,s180
115_84,s-0.91,s1.875,s90
115_85,s-1.71,s2.225,s270
115_86,s-0.49500000000000005,s1.65,s0
115_87,s-0.14500000000000007,s2.45,s180
115_88,s1.07,s1.875,s90
115_89,s0.27,s2.225,s270
115_90,s1.485,s1.65,s0
115_91,s1.835,s2.45,s180
115_92,s3.05,s1.875,s90
115_93,s2.25,s2.225,s270
115_94,s3.4650000000000003,s1.65,s0
115_95,s3.8150000000000004,s2.45,s180
115_96,s-3.4650000000000003,s2.75,s0
115_97,s-3.1150000000000007,s3.55,s180
115_98,s-1.9,s2.975,s90
115_99,s-2.7,s3.325,s270
115_100,s-1.485,s2.75,s0
115_101,s-1.135,s3.55,s180
115_102,s0.08,s2.975,s90
115_103,s-0.72,s3.325,s270
115_104,s0.49500000000000005,s2.75,s0
115_105,s0.845,s3.55,s180
115_106,s2.06,s2.975,s90
115_107,s1.26,s3.325,s270
115_108,s2.475,s2.75,s0
115_109,s2.825,s3.55,s180
115_110,s4.04,s2.975,s90
115_111,s3.24,s3.325,s270
115_112,s-2.8900000000000006,s4.075,s90
115_113,s-3.69,s4.425000000000001,s270
116_0,s-3.4650000000000003,s-3.8500000000000005,s0
116_1,s-3.1150000000000007,s-3.0500000000000007,s180
116_2,s-1.8999999999999995,s-3.6250000000000004,s90
116_3,s-2.6999999999999993,s-3.2750000000000004,s270
116_4,s-1.485,s-3.8500000000000005,s0
116_5,s-1.135,s-3.0500000000000007,s180
116_6,s0.08,s-3.6250000000000004,s90
116_7,s-0.72,s-3.2750000000000004,s270
116_8,s0.49500000000000005,s-3.8500000000000005,s0
116_9,s0.845,s-3.0500000000000007,s180
116_10,s2.06,s-3.625,s90
116_11,s1.26,s-3.275,s270
116_12,s2.475,s-3.8500000000000005,s0
116_13,s2.825,s-3.0500000000000007,s180
116_14,s4.040000000000001,s-3.6250000000000004,s90
116_15,s3.2400000000000007,s-3.2750000000000004,s270
116_16,s-2.89,s-2.525,s90
116_17,s-3.69,s-2.175,s270
116_18,s-2.475,s-2.75,s0
116_19,s-2.125,s-1.95,s180
116_20,s-0.91,s-2.525,s90
116_21,s-1.71,s-2.175,s270
116_22,s-0.49500000000000005,s-2.75,s0
116_23,s-0.14500000000000007,s-1.95,s180
116_24,s1.07,s-2.525,s90
116_25,s0.27,s-2.175,s270
116_26,s1.485,s-2.75,s0
116_27,s1.835,s-1.95,s180
116_28,s3.05,s-2.525,s90
116_29,s2.25,s-2.175,s270
116_30,s3.4650000000000003,s-2.75,s0
116_31,s3.8150000000000004,s-1.95,s180
116_32,s-3.4650000000000003,s-1.65,s0
116_33,s-3.1150000000000007,s-0.8500000000000001,s180
116_34,s-1.9,s-1.425,s90
116_35,s-2.7,s-1.075,s270
116_36,s-1.485,s-1.65,s0
116_37,s-1.135,s-0.8500000000000001,s180
116_38,s0.08,s-1.425,s90
116_39,s-0.7199999999999999,s-1.075,s270
116_40,s0.49500000000000005,s-1.65,s0
116_41,s0.845,s-0.8500000000000001,s180
116_42,s2.06,s-1.425,s90
116_43,s1.26,s-1.075,s270
116_44,s2.475,s-1.65,s0
116_45,s2.825,s-0.8500000000000001,s180
116_46,s4.040000000000001,s-1.4249999999999994,s90
116_47,s3.2400000000000007,s-1.0749999999999995,s270
116_48,s-2.8900000000000006,s-0.325,s90
116_49,s-3.6900000000000004,s0.025,s270
116_50,s-2.475,s-0.55,s0
116_51,s-2.125,s0.25,s180
116_52,s-0.91,s-0.325,s90
116_53,s-1.71,s0.025,s270
116_54,s-0.49500000000000005,s-0.55,s0
116_55,s-0.14500000000000007,s0.25,s180
116_56,s1.07,s-0.32499999999999996,s90
116_57,s0.27,s0.025,s270
116_58,s1.485,s-0.55,s0
116_59,s1.835,s0.25,s180
116_60,s3.05,s-0.325,s90
116_61,s2.25,s0.025,s270
116_62,s3.4650000000000003,s-0.55,s0
116_63,s3.8150000000000004,s0.25,s180
116_64,s-3.4650000000000003,s0.55,s0
116_65,s-3.1150000000000007,s1.35,s180
116_66,s-1.9,s0.775,s90
116_67,s-2.7,s1.125,s270
116_68,s-1.485,s0.55,s0
116_69,s-1.135,s1.35,s180
116_70,s0.08,s0.775,s90
116_71,s-0.72,s1.125,s270
116_72,s0.49500000000000005,s0.55,s0
116_73,s0.845,s1.35,s180
116_74,s2.06,s0.775,s90
116_75,s1.26,s1.125,s270
116_76,s2.475,s0.55,s0
116_77,s2.825,s1.35,s180
116_78,s4.040000000000001,s0.775,s90
116_79,s3.2400000000000007,s1.125,s270
116_80,s-2.8900000000000006,s1.8749999999999996,s90
116_81,s-3.6900000000000004,s2.2249999999999996,s270
116_82,s-2.475,s1.65,s0
116_83,s-2.125,s2.45,s180
116_84,s-0.91,s1.875,s90
116_85,s-1.71,s2.225,s270
116_86,s-0.49500000000000005,s1.65,s0
116_87,s-0.14500000000000007,s2.45,s180
116_88,s1.07,s1.875,s90
116_89,s0.27,s2.225,s270
116_90,s1.485,s1.65,s0
116_91,s1.835,s2.45,s180
116_92,s3.05,s1.875,s90
116_93,s2.25,s2.225,s270
116_94,s3.4650000000000003,s1.65,s0
116_95,s3.8150000000000004,s2.45,s180
116_96,s-3.4650000000000003,s2.75,s0
116_97,s-3.1150000000000007,s3.55,s180
116_98,s-1.9,s2.975,s90
116_99,s-2.7,s3.325,s270
116_100,s-1.485,s2.75,s0
116_101,s-1.135,s3.55,s180
116_102,s0.08,s2.975,s90
116_103,s-0.72,s3.325,s270
116_104,s0.49500000000000005,s2.75,s0
116_105,s0.845,s3.55,s180
116_106,s2.06,s2.975,s90
116_107,s1.26,s3.325,s270
116_108,s2.475,s2.75,s0
116_109,s2.825,s3.55,s180
116_110,s4.04,s2.975,s90
116_111,s3.24,s3.325,s270
116_112,s-2.8900000000000006,s4.075,s90
116_113,s-3.69,s4.425000000000001,s270
116_114,s-2.475,s3.8500000000000005,s0
116_115,s-2.125,s4.65,s180
117_0,s-3.4650000000000003,s-3.8500000000000005,s0
117_1,s-3.1150000000000007,s-3.0500000000000007,s180
117_2,s-1.8999999999999995,s-3.6250000000000004,s90
117_3,s-2.6999999999999993,s-3.2750000000000004,s270
117_4,s-1.485,s-3.8500000000000005,s0
117_5,s-1.135,s-3.0500000000000007,s180
117_6,s0.08,s-3.6250000000000004,s90
117_7,s-0.72,s-3.2750000000000004,s270
117_8,s0.49500000000000005,s-3.8500000000000005,s0
117_9,s0.845,s-3.0500000000000007,s180
117_10,s2.06,s-3.625,s90
117_11,s1.26,s-3.275,s270
117_12,s2.475,s-3.8500000000000005,s0
117_13,s2.825,s-3.0500000000000007,s180
117_14,s4.040000000000001,s-3.6250000000000004,s90
117_15,s3.2400000000000007,s-3.2750000000000004,s270
117_16,s-2.89,s-2.525,s90
117_17,s-3.69,s-2.175,s270
117_18,s-2.475,s-2.75,s0
117_19,s-2.125,s-1.95,s180
117_20,s-0.91,s-2.525,s90
117_21,s-1.71,s-2.175,s270
117_22,s-0.49500000000000005,s-2.75,s0
117_23,s-0.14500000000000007,s-1.95,s180
117_24,s1.07,s-2.525,s90
117_25,s0.27,s-2.175,s270
117_26,s1.485,s-2.75,s0
117_27,s1.835,s-1.95,s180
117_28,s3.05,s-2.525,s90
117_29,s2.25,s-2.175,s270
117_30,s3.4650000000000003,s-2.75,s0
117_31,s3.8150000000000004,s-1.95,s180
117_32,s-3.4650000000000003,s-1.65,s0
117_33,s-3.1150000000000007,s-0.8500000000000001,s180
117_34,s-1.9,s-1.425,s90
117_35,s-2.7,s-1.075,s270
117_36,s-1.485,s-1.65,s0
117_37,s-1.135,s-0.8500000000000001,s180
117_38,s0.08,s-1.425,s90
117_39,s-0.7199999999999999,s-1.075,s270
117_40,s0.49500000000000005,s-1.65,s0
117_41,s0.845,s-0.8500000000000001,s180
117_42,s2.06,s-1.425,s90
117_43,s1.26,s-1.075,s270
117_44,s2.475,s-1.65,s0
117_45,s2.825,s-0.8500000000000001,s180
117_46,s4.040000000000001,s-1.4249999999999994,s90
117_47,s3.2400000000000007,s-1.0749999999999995,s270
117_48,s-2.8900000000000006,s-0.325,s90
117_49,s-3.6900000000000004,s0.025,s270
117_50,s-2.475,s-0.55,s0
117_51,s-2.125,s0.25,s180
117_52,s-0.91,s-0.325,s90
117_53,s-1.71,s0.025,s270
117_54,s-0.49500000000000005,s-0.55,s0
117_55,s-0.14500000000000007,s0.25,s180
117_56,s1.07,s-0.32499999999999996,s90
117_57,s0.27,s0.025,s270
117_58,s1.485,s-0.55,s0
117_59,s1.835,s0.25,s180
117_60,s3.05,s-0.325,s90
117_61,s2.25,s0.025,s270
117_62,s3.4650000000000003,s-0.55,s0
117_63,s3.8150000000000004,s0.25,s180
117_64,s-3.4650000000000003,s0.55,s0
117_65,s-3.1150000000000007,s1.35,s180
117_66,s-1.9,s0.775,s90
117_67,s-2.7,s1.125,s270
117_68,s-1.485,s0.55,s0
117_69,s-1.135,s1.35,s180
117_70,s0.08,s0.775,s90
117_71,s-0.72,s1.125,s270
117_72,s0.49500000000000005,s0.55,s0
117_73,s0.845,s1.35,s180
117_74,s2.06,s0.775,s90
117_75,s1.26,s1.125,s270
117_76,s2.475,s0.55,s0
117_77,s2.825,s1.35,s180
117_78,s4.040000000000001,s0.775,s90
117_79,s3.2400000000000007,s1.125,s270
117_80,s-2.8900000000000006,s1.8749999999999996,s90
117_81,s-3.6900000000000004,s2.2249999999999996,s270
117_82,s-2.475,s1.65,s0
117_83,s-2.125,s2.45,s180
117_84,s-0.91,s1.875,s90
117_85,s-1.71,s2.225,s270
117_86,s-0.49500000000000005,s1.65,s0
117_87,s-0.14500000000000007,s2.45,s180
117_88,s1.07,s1.875,s90
117_89,s0.27,s2.225,s270
117_90,s1.485,s1.65,s0
117_91,s1.835,s2.45,s180
117_92,s3.05,s1.875,s90
117_93,s2.25,s2.225,s270
117_94,s3.4650000000000003,s1.65,s0
117_95,s3.8150000000000004,s2.45,s180
117_96,s-3.4650000000000003,s2.75,s0
117_97,s-3.1150000000000007,s3.55,s180
117_98,s-1.9,s2.975,s90
117_99,s-2.7,s3.325,s270
117_100,s-1.485,s2.75,s0
117_101,s-1.135,s3.55,s180
117_102,s0.08,s2.975,s90
117_103,s-0.72,s3.325,s270
117_104,s0.49500000000000005,s2.75,s0
117_105,s0.845,s3.55,s180
117_106,s2.06,s2.975,s90
117_107,s1.26,s3.325,s270
117_108,s2.475,s2.75,s0
117_109,s2.825,s3.55,s180
117_110,s4.04,s2.975,s90
117_111,s3.24,s3.325,s270
117_112,s-2.8900000000000006,s4.075,s90
117_113,s-3.69,s4.425000000000001,s270
117_114,s-2.475,s3.8500000000000005,s0
117_115,s-2.125,s4.65,s180
118_0,s-3.4650000000000003,s-3.8500000000000005,s0
118_1,s-3.1150000000000007,s-3.0500000000000007,s180
118_2,s-1.8999999999999995,s-3.6250000000000004,s90
118_3,s-2.6999999999999993,s-3.2750000000000004,s270
118_4,s-1.485,s-3.8500000000000005,s0
118_5,s-1.135,s-3.0500000000000007,s180
118_6,s0.08,s-3.6250000000000004,s90
118_7,s-0.72,s-3.2750000000000004,s270
118_8,s0.49500000000000005,s-3.8500000000000005,s0
118_9,s0.845,s-3.0500000000000007,s180
118_10,s2.06,s-3.625,s90
118_11,s1.26,s-3.275,s270
118_12,s2.475,s-3.8500000000000005,s0
118_13,s2.825,s-3.0500000000000007,s180
118_14,s4.040000000000001,s-3.6250000000000004,s90
118_15,s3.2400000000000007,s-3.2750000000000004,s270
118_16,s-2.89,s-2.525,s90
118_17,s-3.69,s-2.175,s270
118_18,s-2.475,s-2.75,s0
118_19,s-2.125,s-1.95,s180
118_20,s-0.91,s-2.525,s90
118_21,s-1.71,s-2.175,s270
118_22,s-0.49500000000000005,s-2.75,s0
118_23,s-0.14500000000000007,s-1.95,s180
118_24,s1.07,s-2.525,s90
118_25,s0.27,s-2.175,s270
118_26,s1.485,s-2.75,s0
118_27,s1.835,s-1.95,s180
118_28,s3.05,s-2.525,s90
118_29,s2.25,s-2.175,s270
118_30,s3.4650000000000003,s-2.75,s0
118_31,s3.8150000000000004,s-1.95,s180
118_32,s-3.4650000000000003,s-1.65,s0
118_33,s-3.1150000000000007,s-0.8500000000000001,s180
118_34,s-1.9,s-1.425,s90
118_35,s-2.7,s-1.075,s270
118_36,s-1.485,s-1.65,s0
118_37,s-1.135,s-0.8500000000000001,s180
118_38,s0.08,s-1.425,s90
118_39,s-0.7199999999999999,s-1.075,s270
118_40,s0.49500000000000005,s-1.65,s0
118_41,s0.845,s-0.8500000000000001,s180
118_42,s2.06,s-1.425,s90
118_43,s1.26,s-1.075,s270
118_44,s2.475,s-1.65,s0
118_45,s2.825,s-0.8500000000000001,s180
118_46,s4.040000000000001,s-1.4249999999999994,s90
118_47,s3.2400000000000007,s-1.0749999999999995,s270
118_48,s-2.8900000000000006,s-0.325,s90
118_49,s-3.6900000000000004,s0.025,s270
118_50,s-2.475,s-0.55,s0
118_51,s-2.125,s0.25,s180
118_52,s-0.91,s-0.325,s90
118_53,s-1.71,s0.025,s270
118_54,s-0.49500000000000005,s-0.55,s0
118_55,s-0.14500000000000007,s0.25,s180
118_56,s1.07,s-0.32499999999999996,s90
118_57,s0.27,s0.025,s270
118_58,s1.485,s-0.55,s0
118_59,s1.835,s0.25,s180
118_60,s3.05,s-0.325,s90
118_61,s2.25,s0.025,s270
118_62,s3.4650000000000003,s-0.55,s0
118_63,s3.8150000000000004,s0.25,s180
118_64,s-3.4650000000000003,s0.55,s0
118_65,s-3.1150000000000007,s1.35,s180
118_66,s-1.9,s0.775,s90
118_67,s-2.7,s1.125,s270
118_68,s-1.485,s0.55,s0
118_69,s-1.135,s1.35,s180
118_70,s0.08,s0.775,s90
118_71,s-0.72,s1.125,s270
118_72,s0.49500000000000005,s0.55,s0
118_73,s0.845,s1.35,s180
118_74,s2.06,s0.775,s90
118_75,s1.26,s1.125,s270
118_76,s2.475,s0.55,s0
118_77,s2.825,s1.35,s180
118_78,s4.040000000000001,s0.775,s90
118_79,s3.2400000000000007,s1.125,s270
118_80,s-2.8900000000000006,s1.8749999999999996,s90
118_81,s-3.6900000000000004,s2.2249999999999996,s270
118_82,s-2.475,s1.65,s0
118_83,s-2.125,s2.45,s180
118_84,s-0.91,s1.875,s90
118_85,s-1.71,s2.225,s270
118_86,s-0.49500000000000005,s1.65,s0
118_87,s-0.14500000000000007,s2.45,s180
118_88,s1.07,s1.875,s90
118_89,s0.27,s2.225,s270
118_90,s1.485,s1.65,s0
118_91,s1.835,s2.45,s180
118_92,s3.05,s1.875,s90
118_93,s2.25,s2.225,s270
118_94,s3.4650000000000003,s1.65,s0
118_95,s3.8150000000000004,s2.45,s180
118_96,s-3.4650000000000003,s2.75,s0
118_97,s-3.1150000000000007,s3.55,s180
118_98,s-1.9,s2.975,s90
118_99,s-2.7,s3.325,s270
118_100,s-1.485,s2.75,s0
118_101,s-1.135,s3.55,s180
118_102,s0.08,s2.975,s90
118_103,s-0.72,s3.325,s270
118_104,s0.49500000000000005,s2.75,s0
118_105,s0.845,s3.55,s180
118_106,s2.06,s2.975,s90
118_107,s1.26,s3.325,s270
118_108,s2.475,s2.75,s0
118_109,s2.825,s3.55,s180
118_110,s4.04,s2.975,s90
118_111,s3.24,s3.325,s270
118_112,s-2.8900000000000006,s4.075,s90
118_113,s-3.69,s4.425000000000001,s270
118_114,s-2.475,s3.8500000000000005,s0
118_115,s-2.125,s4.65,s180
118_116,s-0.91,s4.075,s90
118_117,s-1.7099999999999995,s4.425,s270
119_0,s-3.4650000000000003,s-3.8500000000000005,s0
119_1,s-3.1150000000000007,s-3.0500000000000007,s180
119_2,s-1.8999999999999995,s-3.6250000000000004,s90
119_3,s-2.6999999999999993,s-3.2750000000000004,s270
119_4,s-1.485,s-3.8500000000000005,s0
119_5,s-1.135,s-3.0500000000000007,s180
119_6,s0.08,s-3.6250000000000004,s90
119_7,s-0.72,s-3.2750000000000004,s270
119_8,s0.49500000000000005,s-3.8500000000000005,s0
119_9,s0.845,s-3.0500000000000007,s180
119_10,s2.06,s-3.625,s90
119_11,s1.26,s-3.275,s270
119_12,s2.475,s-3.8500000000000005,s0
119_13,s2.825,s-3.0500000000000007,s180
119_14,s4.040000000000001,s-3.6250000000000004,s90
119_15,s3.2400000000000007,s-3.2750000000000004,s270
119_16,s-2.89,s-2.525,s90
119_17,s-3.69,s-2.175,s270
119_18,s-2.475,s-2.75,s0
119_19,s-2.125,s-1.95,s180
119_20,s-0.91,s-2.525,s90
119_21,s-1.71,s-2.175,s270
119_22,s-0.49500000000000005,s-2.75,s0
119_23,s-0.14500000000000007,s-1.95,s180
119_24,s1.07,s-2.525,s90
119_25,s0.27,s-2.175,s270
119_26,s1.485,s-2.75,s0
119_27,s1.835,s-1.95,s180
119_28,s3.05,s-2.525,s90
119_29,s2.25,s-2.175,s270
119_30,s3.4650000000000003,s-2.75,s0
119_31,s3.8150000000000004,s-1.95,s180
119_32,s-3.4650000000000003,s-1.65,s0
119_33,s-3.1150000000000007,s-0.8500000000000001,s180
119_34,s-1.9,s-1.425,s90
119_35,s-2.7,s-1.075,s270
119_36,s-1.485,s-1.65,s0
119_37,s-1.135,s-0.8500000000000001,s180
119_38,s0.08,s-1.425,s90
119_39,s-0.7199999999999999,s-1.075,s270
119_40,s0.49500000000000005,s-1.65,s0
119_41,s0.845,s-0.8500000000000001,s180
119_42,s2.06,s-1.425,s90
119_43,s1.26,s-1.075,s270
119_44,s2.475,s-1.65,s0
119_45,s2.825,s-0.8500000000000001,s180
119_46,s4.040000000000001,s-1.4249999999999994,s90
119_47,s3.2400000000000007,s-1.0749999999999995,s270
119_48,s-2.8900000000000006,s-0.325,s90
119_49,s-3.6900000000000004,s0.025,s270
119_50,s-2.475,s-0.55,s0
119_51,s-2.125,s0.25,s180
119_52,s-0.91,s-0.325,s90
119_53,s-1.71,s0.025,s270
119_54,s-0.49500000000000005,s-0.55,s0
119_55,s-0.14500000000000007,s0.25,s180
119_56,s1.07,s-0.32499999999999996,s90
119_57,s0.27,s0.025,s270
119_58,s1.485,s-0.55,s0
119_59,s1.835,s0.25,s180
119_60,s3.05,s-0.325,s90
119_61,s2.25,s0.025,s270
119_62,s3.4650000000000003,s-0.55,s0
119_63,s3.8150000000000004,s0.25,s180
119_64,s-3.4650000000000003,s0.55,s0
119_65,s-3.1150000000000007,s1.35,s180
119_66,s-1.9,s0.775,s90
119_67,s-2.7,s1.125,s270
119_68,s-1.485,s0.55,s0
119_69,s-1.135,s1.35,s180
119_70,s0.08,s0.775,s90
119_71,s-0.72,s1.125,s270
119_72,s0.49500000000000005,s0.55,s0
119_73,s0.845,s1.35,s180
119_74,s2.06,s0.775,s90
119_75,s1.26,s1.125,s270
119_76,s2.475,s0.55,s0
119_77,s2.825,s1.35,s180
119_78,s4.040000000000001,s0.775,s90
119_79,s3.2400000000000007,s1.125,s270
119_80,s-2.8900000000000006,s1.8749999999999996,s90
119_81,s-3.6900000000000004,s2.2249999999999996,s270
119_82,s-2.475,s1.65,s0
119_83,s-2.125,s2.45,s180
119_84,s-0.91,s1.875,s90
119_85,s-1.71,s2.225,s270
119_86,s-0.49500000000000005,s1.65,s0
119_87,s-0.14500000000000007,s2.45,s180
119_88,s1.07,s1.875,s90
119_89,s0.27,s2.225,s270
119_90,s1.485,s1.65,s0
119_91,s1.835,s2.45,s180
119_92,s3.05,s1.875,s90
119_93,s2.25,s2.225,s270
119_94,s3.4650000000000003,s1.65,s0
119_95,s3.8150000000000004,s2.45,s180
119_96,s-3.4650000000000003,s2.75,s0
119_97,s-3.1150000000000007,s3.55,s180
119_98,s-1.9,s2.975,s90
119_99,s-2.7,s3.325,s270
119_100,s-1.485,s2.75,s0
119_101,s-1.135,s3.55,s180
119_102,s0.08,s2.975,s90
119_103,s-0.72,s3.325,s270
119_104,s0.49500000000000005,s2.75,s0
119_105,s0.845,s3.55,s180
119_106,s2.06,s2.975,s90
119_107,s1.26,s3.325,s270
119_108,s2.475,s2.75,s0
119_109,s2.825,s3.55,s180
119_110,s4.04,s2.975,s90
119_111,s3.24,s3.325,s270
119_112,s-2.8900000000000006,s4.075,s90
119_113,s-3.69,s4.425000000000001,s270
119_114,s-2.475,s3.8500000000000005,s0
119_115,s-2.125,s4.65,s180
119_116,s-0.91,s4.075,s90
119_117,s-1.7099999999999995,s4.425,s270
120_0,s-3.4650000000000003,s-3.8500000000000005,s0
120_1,s-3.1150000000000007,s-3.0500000000000007,s180
120_2,s-1.8999999999999995,s-3.6250000000000004,s90
120_3,s-2.6999999999999993,s-3.2750000000000004,s270
120_4,s-1.485,s-3.8500000000000005,s0
120_5,s-1.135,s-3.0500000000000007,s180
120_6,s0.08,s-3.6250000000000004,s90
120_7,s-0.72,s-3.2750000000000004,s270
120_8,s0.49500000000000005,s-3.8500000000000005,s0
120_9,s0.845,s-3.0500000000000007,s180
120_10,s2.06,s-3.625,s90
120_11,s1.26,s-3.275,s270
120_12,s2.475,s-3.8500000000000005,s0
120_13,s2.825,s-3.0500000000000007,s180
120_14,s4.040000000000001,s-3.6250000000000004,s90
120_15,s3.2400000000000007,s-3.2750000000000004,s270
120_16,s-2.89,s-2.525,s90
120_17,s-3.69,s-2.175,s270
120_18,s-2.475,s-2.75,s0
120_19,s-2.125,s-1.95,s180
120_20,s-0.91,s-2.525,s90
120_21,s-1.71,s-2.175,s270
120_22,s-0.49500000000000005,s-2.75,s0
120_23,s-0.14500000000000007,s-1.95,s180
120_24,s1.07,s-2.525,s90
120_25,s0.27,s-2.175,s270
120_26,s1.485,s-2.75,s0
120_27,s1.835,s-1.95,s180
120_28,s3.05,s-2.525,s90
120_29,s2.25,s-2.175,s270
120_30,s3.4650000000000003,s-2.75,s0
120_31,s3.8150000000000004,s-1.95,s180
120_32,s-3.4650000000000003,s-1.65,s0
120_33,s-3.1150000000000007,s-0.8500000000000001,s180
120_34,s-1.9,s-1.425,s90
120_35,s-2.7,s-1.075,s270
120_36,s-1.485,s-1.65,s0
120_37,s-1.135,s-0.8500000000000001,s180
120_38,s0.08,s-1.425,s90
120_39,s-0.7199999999999999,s-1.075,s270
120_40,s0.49500000000000005,s-1.65,s0
120_41,s0.845,s-0.8500000000000001,s180
120_42,s2.06,s-1.425,s90
120_43,s1.26,s-1.075,s270
120_44,s2.475,s-1.65,s0
120_45,s2.825,s-0.8500000000000001,s180
120_46,s4.040000000000001,s-1.4249999999999994,s90
120_47,s3.2400000000000007,s-1.0749999999999995,s270
120_48,s-2.8900000000000006,s-0.325,s90
120_49,s-3.6900000000000004,s0.025,s270
120_50,s-2.475,s-0.55,s0
120_51,s-2.125,s0.25,s180
120_52,s-0.91,s-0.325,s90
120_53,s-1.71,s0.025,s270
120_54,s-0.49500000000000005,s-0.55,s0
120_55,s-0.14500000000000007,s0.25,s180
120_56,s1.07,s-0.32499999999999996,s90
120_57,s0.27,s0.025,s270
120_58,s1.485,s-0.55,s0
120_59,s1.835,s0.25,s180
120_60,s3.05,s-0.325,s90
120_61,s2.25,s0.025,s270
120_62,s3.4650000000000003,s-0.55,s0
120_63,s3.8150000000000004,s0.25,s180
120_64,s-3.4650000000000003,s0.55,s0
120_65,s-3.1150000000000007,s1.35,s180
120_66,s-1.9,s0.775,s90
120_67,s-2.7,s1.125,s270
120_68,s-1.485,s0.55,s0
120_69,s-1.135,s1.35,s180
120_70,s0.08,s0.775,s90
120_71,s-0.72,s1.125,s270
120_72,s0.49500000000000005,s0.55,s0
120_73,s0.845,s1.35,s180
120_74,s2.06,s0.775,s90
120_75,s1.26,s1.125,s270
120_76,s2.475,s0.55,s0
120_77,s2.825,s1.35,s180
120_78,s4.040000000000001,s0.775,s90
120_79,s3.2400000000000007,s1.125,s270
120_80,s-2.8900000000000006,s1.8749999999999996,s90
120_81,s-3.6900000000000004,s2.2249999999999996,s270
120_82,s-2.475,s1.65,s0
120_83,s-2.125,s2.45,s180
120_84,s-0.91,s1.875,s90
120_85,s-1.71,s2.225,s270
120_86,s-0.49500000000000005,s1.65,s0
120_87,s-0.14500000000000007,s2.45,s180
120_88,s1.07,s1.875,s90
120_89,s0.27,s2.225,s270
120_90,s1.485,s1.65,s0
120_91,s1.835,s2.45,s180
120_92,s3.05,s1.875,s90
120_93,s2.25,s2.225,s270
120_94,s3.4650000000000003,s1.65,s0
120_95,s3.8150000000000004,s2.45,s180
120_96,s-3.4650000000000003,s2.75,s0
120_97,s-3.1150000000000007,s3.55,s180
120_98,s-1.9,s2.975,s90
120_99,s-2.7,s3.325,s270
120_100,s-1.485,s2.75,s0
120_101,s-1.135,s3.55,s180
120_102,s0.08,s2.975,s90
120_103,s-0.72,s3.325,s270
120_104,s0.49500000000000005,s2.75,s0
120_105,s0.845,s3.55,s180
120_106,s2.06,s2.975,s90
120_107,s1.26,s3.325,s270
120_108,s2.475,s2.75,s0
120_109,s2.825,s3.55,s180
120_110,s4.04,s2.975,s90
120_111,s3.24,s3.325,s270
120_112,s-2.8900000000000006,s4.075,s90
120_113,s-3.69,s4.425000000000001,s270
120_114,s-2.475,s3.8500000000000005,s0
120_115,s-2.125,s4.65,s180
120_116,s-0.91,s4.075,s90
120_117,s-1.7099999999999995,s4.425,s270
120_118,s-0.49500000000000005,s3.8500000000000005,s0
120_119,s-0.14500000000000007,s4.65,s180
121_0,s-3.4650000000000003,s-3.8500000000000005,s0
121_1,s-3.1150000000000007,s-3.0500000000000007,s180
121_2,s-1.8999999999999995,s-3.6250000000000004,s90
121_3,s-2.6999999999999993,s-3.2750000000000004,s270
121_4,s-1.485,s-3.8500000000000005,s0
121_5,s-1.135,s-3.0500000000000007,s180
121_6,s0.08,s-3.6250000000000004,s90
121_7,s-0.72,s-3.2750000000000004,s270
121_8,s0.49500000000000005,s-3.8500000000000005,s0
121_9,s0.845,s-3.0500000000000007,s180
121_10,s2.06,s-3.625,s90
121_11,s1.26,s-3.275,s270
121_12,s2.475,s-3.8500000000000005,s0
121_13,s2.825,s-3.0500000000000007,s180
121_14,s4.040000000000001,s-3.6250000000000004,s90
121_15,s3.2400000000000007,s-3.2750000000000004,s270
121_16,s-2.89,s-2.525,s90
121_17,s-3.69,s-2.175,s270
121_18,s-2.475,s-2.75,s0
121_19,s-2.125,s-1.95,s180
121_20,s-0.91,s-2.525,s90
121_21,s-1.71,s-2.175,s270
121_22,s-0.49500000000000005,s-2.75,s0
121_23,s-0.14500000000000007,s-1.95,s180
121_24,s1.07,s-2.525,s90
121_25,s0.27,s-2.175,s270
121_26,s1.485,s-2.75,s0
121_27,s1.835,s-1.95,s180
121_28,s3.05,s-2.525,s90
121_29,s2.25,s-2.175,s270
121_30,s3.4650000000000003,s-2.75,s0
121_31,s3.8150000000000004,s-1.95,s180
121_32,s-3.4650000000000003,s-1.65,s0
121_33,s-3.1150000000000007,s-0.8500000000000001,s180
121_34,s-1.9,s-1.425,s90
121_35,s-2.7,s-1.075,s270
121_36,s-1.485,s-1.65,s0
121_37,s-1.135,s-0.8500000000000001,s180
121_38,s0.08,s-1.425,s90
121_39,s-0.7199999999999999,s-1.075,s270
121_40,s0.49500000000000005,s-1.65,s0
121_41,s0.845,s-0.8500000000000001,s180
121_42,s2.06,s-1.425,s90
121_43,s1.26,s-1.075,s270
121_44,s2.475,s-1.65,s0
121_45,s2.825,s-0.8500000000000001,s180
121_46,s4.040000000000001,s-1.4249999999999994,s90
121_47,s3.2400000000000007,s-1.0749999999999995,s270
121_48,s-2.8900000000000006,s-0.325,s90
121_49,s-3.6900000000000004,s0.025,s270
121_50,s-2.475,s-0.55,s0
121_51,s-2.125,s0.25,s180
121_52,s-0.91,s-0.325,s90
121_53,s-1.71,s0.025,s270
121_54,s-0.49500000000000005,s-0.55,s0
121_55,s-0.14500000000000007,s0.25,s180
121_56,s1.07,s-0.32499999999999996,s90
121_57,s0.27,s0.025,s270
121_58,s1.485,s-0.55,s0
121_59,s1.835,s0.25,s180
121_60,s3.05,s-0.325,s90
121_61,s2.25,s0.025,s270
121_62,s3.4650000000000003,s-0.55,s0
121_63,s3.8150000000000004,s0.25,s180
121_64,s-3.4650000000000003,s0.55,s0
121_65,s-3.1150000000000007,s1.35,s180
121_66,s-1.9,s0.775,s90
121_67,s-2.7,s1.125,s270
121_68,s-1.485,s0.55,s0
121_69,s-1.135,s1.35,s180
121_70,s0.08,s0.775,s90
121_71,s-0.72,s1.125,s270
121_72,s0.49500000000000005,s0.55,s0
121_73,s0.845,s1.35,s180
121_74,s2.06,s0.775,s90
121_75,s1.26,s1.125,s270
121_76,s2.475,s0.55,s0
121_77,s2.825,s1.35,s180
121_78,s4.040000000000001,s0.775,s90
121_79,s3.2400000000000007,s1.125,s270
121_80,s-2.8900000000000006,s1.8749999999999996,s90
121_81,s-3.6900000000000004,s2.2249999999999996,s270
121_82,s-2.475,s1.65,s0
121_83,s-2.125,s2.45,s180
121_84,s-0.91,s1.875,s90
121_85,s-1.71,s2.225,s270
121_86,s-0.49500000000000005,s1.65,s0
121_87,s-0.14500000000000007,s2.45,s180
121_88,s1.07,s1.875,s90
121_89,s0.27,s2.225,s270
121_90,s1.485,s1.65,s0
121_91,s1.835,s2.45,s180
121_92,s3.05,s1.875,s90
121_93,s2.25,s2.225,s270
121_94,s3.4650000000000003,s1.65,s0
121_95,s3.8150000000000004,s2.45,s180
121_96,s-3.4650000000000003,s2.75,s0
121_97,s-3.1150000000000007,s3.55,s180
121_98,s-1.9,s2.975,s90
121_99,s-2.7,s3.325,s270
121_100,s-1.485,s2.75,s0
121_101,s-1.135,s3.55,s180
121_102,s0.08,s2.975,s90
121_103,s-0.72,s3.325,s270
121_104,s0.49500000000000005,s2.75,s0
121_105,s0.845,s3.55,s180
121_106,s2.06,s2.975,s90
121_107,s1.26,s3.325,s270
121_108,s2.475,s2.75,s0
121_109,s2.825,s3.55,s180
121_110,s4.04,s2.975,s90
121_111,s3.24,s3.325,s270
121_112,s-2.8900000000000006,s4.075,s90
121_113,s-3.69,s4.425000000000001,s270
121_114,s-2.475,s3.8500000000000005,s0
121_115,s-2.125,s4.65,s180
121_116,s-0.91,s4.075,s90
121_117,s-1.7099999999999995,s4.425,s270
121_118,s-0.49500000000000005,s3.8500000000000005,s0
121_119,s-0.14500000000000007,s4.65,s180
122_0,s-3.4650000000000003,s-3.8500000000000005,s0
122_1,s-3.1150000000000007,s-3.0500000000000007,s180
122_2,s-1.8999999999999995,s-3.6250000000000004,s90
122_3,s-2.6999999999999993,s-3.2750000000000004,s270
122_4,s-1.485,s-3.8500000000000005,s0
122_5,s-1.135,s-3.0500000000000007,s180
122_6,s0.08,s-3.6250000000000004,s90
122_7,s-0.72,s-3.2750000000000004,s270
122_8,s0.49500000000000005,s-3.8500000000000005,s0
122_9,s0.845,s-3.0500000000000007,s180
122_10,s2.06,s-3.625,s90
122_11,s1.26,s-3.275,s270
122_12,s2.475,s-3.8500000000000005,s0
122_13,s2.825,s-3.0500000000000007,s180
122_14,s4.040000000000001,s-3.6250000000000004,s90
122_15,s3.2400000000000007,s-3.2750000000000004,s270
122_16,s-2.89,s-2.525,s90
122_17,s-3.69,s-2.175,s270
122_18,s-2.475,s-2.75,s0
122_19,s-2.125,s-1.95,s180
122_20,s-0.91,s-2.525,s90
122_21,s-1.71,s-2.175,s270
122_22,s-0.49500000000000005,s-2.75,s0
122_23,s-0.14500000000000007,s-1.95,s180
122_24,s1.07,s-2.525,s90
122_25,s0.27,s-2.175,s270
122_26,s1.485,s-2.75,s0
122_27,s1.835,s-1.95,s180
122_28,s3.05,s-2.525,s90
122_29,s2.25,s-2.175,s270
122_30,s3.4650000000000003,s-2.75,s0
122_31,s3.8150000000000004,s-1.95,s180
122_32,s-3.4650000000000003,s-1.65,s0
122_33,s-3.1150000000000007,s-0.8500000000000001,s180
122_34,s-1.9,s-1.425,s90
122_35,s-2.7,s-1.075,s270
122_36,s-1.485,s-1.65,s0
122_37,s-1.135,s-0.8500000000000001,s180
122_38,s0.08,s-1.425,s90
122_39,s-0.7199999999999999,s-1.075,s270
122_40,s0.49500000000000005,s-1.65,s0
122_41,s0.845,s-0.8500000000000001,s180
122_42,s2.06,s-1.425,s90
122_43,s1.26,s-1.075,s270
122_44,s2.475,s-1.65,s0
122_45,s2.825,s-0.8500000000000001,s180
122_46,s4.040000000000001,s-1.4249999999999994,s90
122_47,s3.2400000000000007,s-1.0749999999999995,s270
122_48,s-2.8900000000000006,s-0.325,s90
122_49,s-3.6900000000000004,s0.025,s270
122_50,s-2.475,s-0.55,s0
122_51,s-2.125,s0.25,s180
122_52,s-0.91,s-0.325,s90
122_53,s-1.71,s0.025,s270
122_54,s-0.49500000000000005,s-0.55,s0
122_55,s-0.14500000000000007,s0.25,s180
122_56,s1.07,s-0.32499999999999996,s90
122_57,s0.27,s0.025,s270
122_58,s1.485,s-0.55,s0
122_59,s1.835,s0.25,s180
122_60,s3.05,s-0.325,s90
122_61,s2.25,s0.025,s270
122_62,s3.4650000000000003,s-0.55,s0
122_63,s3.8150000000000004,s0.25,s180
122_64,s-3.4650000000000003,s0.55,s0
122_65,s-3.1150000000000007,s1.35,s180
122_66,s-1.9,s0.775,s90
122_67,s-2.7,s1.125,s270
122_68,s-1.485,s0.55,s0
122_69,s-1.135,s1.35,s180
122_70,s0.08,s0.775,s90
122_71,s-0.72,s1.125,s270
122_72,s0.49500000000000005,s0.55,s0
122_73,s0.845,s1.35,s180
122_74,s2.06,s0.775,s90
122_75,s1.26,s1.125,s270
122_76,s2.475,s0.55,s0
122_77,s2.825,s1.35,s180
122_78,s4.040000000000001,s0.775,s90
122_79,s3.2400000000000007,s1.125,s270
122_80,s-2.8900000000000006,s1.8749999999999996,s90
122_81,s-3.6900000000000004,s2.2249999999999996,s270
122_82,s-2.475,s1.65,s0
122_83,s-2.125,s2.45,s180
122_84,s-0.91,s1.875,s90
122_85,s-1.71,s2.225,s270
122_86,s-0.49500000000000005,s1.65,s0
122_87,s-0.14500000000000007,s2.45,s180
122_88,s1.07,s1.875,s90
122_89,s0.27,s2.225,s270
122_90,s1.485,s1.65,s0
122_91,s1.835,s2.45,s180
122_92,s3.05,s1.875,s90
122_93,s2.25,s2.225,s270
122_94,s3.4650000000000003,s1.65,s0
122_95,s3.8150000000000004,s2.45,s180
122_96,s-3.4650000000000003,s2.75,s0
122_97,s-3.1150000000000007,s3.55,s180
122_98,s-1.9,s2.975,s90
122_99,s-2.7,s3.325,s270
122_100,s-1.485,s2.75,s0
122_101,s-1.135,s3.55,s180
122_102,s0.08,s2.975,s90
122_103,s-0.72,s3.325,s270
122_104,s0.49500000000000005,s2.75,s0
122_105,s0.845,s3.55,s180
122_106,s2.06,s2.975,s90
122_107,s1.26,s3.325,s270
122_108,s2.475,s2.75,s0
122_109,s2.825,s3.55,s180
122_110,s4.04,s2.975,s90
122_111,s3.24,s3.325,s270
122_112,s-2.8900000000000006,s4.075,s90
122_113,s-3.69,s4.425000000000001,s270
122_114,s-2.475,s3.8500000000000005,s0
122_115,s-2.125,s4.65,s180
122_116,s-0.91,s4.075,s90
122_117,s-1.7099999999999995,s4.425,s270
122_118,s-0.49500000000000005,s3.8500000000000005,s0
122_119,s-0.14500000000000007,s4.65,s180
122_120,s1.0699999999999994,s4.075,s90
122_121,s0.27,s4.425000000000001,s270
123_0,s-3.4650000000000003,s-3.8500000000000005,s0
123_1,s-3.1150000000000007,s-3.0500000000000007,s180
123_2,s-1.8999999999999995,s-3.6250000000000004,s90
123_3,s-2.6999999999999993,s-3.2750000000000004,s270
123_4,s-1.485,s-3.8500000000000005,s0
123_5,s-1.135,s-3.0500000000000007,s180
123_6,s0.08,s-3.6250000000000004,s90
123_7,s-0.72,s-3.2750000000000004,s270
123_8,s0.49500000000000005,s-3.8500000000000005,s0
123_9,s0.845,s-3.0500000000000007,s180
123_10,s2.06,s-3.625,s90
123_11,s1.26,s-3.275,s270
123_12,s2.475,s-3.8500000000000005,s0
123_13,s2.825,s-3.0500000000000007,s180
123_14,s4.040000000000001,s-3.6250000000000004,s90
123_15,s3.2400000000000007,s-3.2750000000000004,s270
123_16,s-2.89,s-2.525,s90
123_17,s-3.69,s-2.175,s270
123_18,s-2.475,s-2.75,s0
123_19,s-2.125,s-1.95,s180
123_20,s-0.91,s-2.525,s90
123_21,s-1.71,s-2.175,s270
123_22,s-0.49500000000000005,s-2.75,s0
123_23,s-0.14500000000000007,s-1.95,s180
123_24,s1.07,s-2.525,s90
123_25,s0.27,s-2.175,s270
123_26,s1.485,s-2.75,s0
123_27,s1.835,s-1.95,s180
123_28,s3.05,s-2.525,s90
123_29,s2.25,s-2.175,s270
123_30,s3.4650000000000003,s-2.75,s0
123_31,s3.8150000000000004,s-1.95,s180
123_32,s-3.4650000000000003,s-1.65,s0
123_33,s-3.1150000000000007,s-0.8500000000000001,s180
123_34,s-1.9,s-1.425,s90
123_35,s-2.7,s-1.075,s270
123_36,s-1.485,s-1.65,s0
123_37,s-1.135,s-0.8500000000000001,s180
123_38,s0.08,s-1.425,s90
123_39,s-0.7199999999999999,s-1.075,s270
123_40,s0.49500000000000005,s-1.65,s0
123_41,s0.845,s-0.8500000000000001,s180
123_42,s2.06,s-1.425,s90
123_43,s1.26,s-1.075,s270
123_44,s2.475,s-1.65,s0
123_45,s2.825,s-0.8500000000000001,s180
123_46,s4.040000000000001,s-1.4249999999999994,s90
123_47,s3.2400000000000007,s-1.0749999999999995,s270
123_48,s-2.8900000000000006,s-0.325,s90
123_49,s-3.6900000000000004,s0.025,s270
123_50,s-2.475,s-0.55,s0
123_51,s-2.125,s0.25,s180
123_52,s-0.91,s-0.325,s90
123_53,s-1.71,s0.025,s270
123_54,s-0.49500000000000005,s-0.55,s0
123_55,s-0.14500000000000007,s0.25,s180
123_56,s1.07,s-0.32499999999999996,s90
123_57,s0.27,s0.025,s270
123_58,s1.485,s-0.55,s0
123_59,s1.835,s0.25,s180
123_60,s3.05,s-0.325,s90
123_61,s2.25,s0.025,s270
123_62,s3.4650000000000003,s-0.55,s0
123_63,s3.8150000000000004,s0.25,s180
123_64,s-3.4650000000000003,s0.55,s0
123_65,s-3.1150000000000007,s1.35,s180
123_66,s-1.9,s0.775,s90
123_67,s-2.7,s1.125,s270
123_68,s-1.485,s0.55,s0
123_69,s-1.135,s1.35,s180
123_70,s0.08,s0.775,s90
123_71,s-0.72,s1.125,s270
123_72,s0.49500000000000005,s0.55,s0
123_73,s0.845,s1.35,s180
123_74,s2.06,s0.775,s90
123_75,s1.26,s1.125,s270
123_76,s2.475,s0.55,s0
123_77,s2.825,s1.35,s180
123_78,s4.040000000000001,s0.775,s90
123_79,s3.2400000000000007,s1.125,s270
123_80,s-2.8900000000000006,s1.8749999999999996,s90
123_81,s-3.6900000000000004,s2.2249999999999996,s270
123_82,s-2.475,s1.65,s0
123_83,s-2.125,s2.45,s180
123_84,s-0.91,s1.875,s90
123_85,s-1.71,s2.225,s270
123_86,s-0.49500000000000005,s1.65,s0
123_87,s-0.14500000000000007,s2.45,s180
123_88,s1.07,s1.875,s90
123_89,s0.27,s2.225,s270
123_90,s1.485,s1.65,s0
123_91,s1.835,s2.45,s180
123_92,s3.05,s1.875,s90
123_93,s2.25,s2.225,s270
123_94,s3.4650000000000003,s1.65,s0
123_95,s3.8150000000000004,s2.45,s180
123_96,s-3.4650000000000003,s2.75,s0
123_97,s-3.1150000000000007,s3.55,s180
123_98,s-1.9,s2.975,s90
123_99,s-2.7,s3.325,s270
123_100,s-1.485,s2.75,s0
123_101,s-1.135,s3.55,s180
123_102,s0.08,s2.975,s90
123_103,s-0.72,s3.325,s270
123_104,s0.49500000000000005,s2.75,s0
123_105,s0.845,s3.55,s180
123_106,s2.06,s2.975,s90
123_107,s1.26,s3.325,s270
123_108,s2.475,s2.75,s0
123_109,s2.825,s3.55,s180
123_110,s4.04,s2.975,s90
123_111,s3.24,s3.325,s270
123_112,s-2.8900000000000006,s4.075,s90
123_113,s-3.69,s4.425000000000001,s270
123_114,s-2.475,s3.8500000000000005,s0
123_115,s-2.125,s4.65,s180
123_116,s-0.91,s4.075,s90
123_117,s-1.7099999999999995,s4.425,s270
123_118,s-0.49500000000000005,s3.8500000000000005,s0
123_119,s-0.14500000000000007,s4.65,s180
123_120,s1.0699999999999994,s4.075,s90
123_121,s0.27,s4.425000000000001,s270
124_0,s-3.4650000000000003,s-3.8500000000000005,s0
124_1,s-3.1150000000000007,s-3.0500000000000007,s180
124_2,s-1.8999999999999995,s-3.6250000000000004,s90
124_3,s-2.6999999999999993,s-3.2750000000000004,s270
124_4,s-1.485,s-3.8500000000000005,s0
124_5,s-1.135,s-3.0500000000000007,s180
124_6,s0.08,s-3.6250000000000004,s90
124_7,s-0.72,s-3.2750000000000004,s270
124_8,s0.49500000000000005,s-3.8500000000000005,s0
124_9,s0.845,s-3.0500000000000007,s180
124_10,s2.06,s-3.625,s90
124_11,s1.26,s-3.275,s270
124_12,s2.475,s-3.8500000000000005,s0
124_13,s2.825,s-3.0500000000000007,s180
124_14,s4.040000000000001,s-3.6250000000000004,s90
124_15,s3.2400000000000007,s-3.2750000000000004,s270
124_16,s-2.89,s-2.525,s90
124_17,s-3.69,s-2.175,s270
124_18,s-2.475,s-2.75,s0
124_19,s-2.125,s-1.95,s180
124_20,s-0.91,s-2.525,s90
124_21,s-1.71,s-2.175,s270
124_22,s-0.49500000000000005,s-2.75,s0
124_23,s-0.14500000000000007,s-1.95,s180
124_24,s1.07,s-2.525,s90
124_25,s0.27,s-2.175,s270
124_26,s1.485,s-2.75,s0
124_27,s1.835,s-1.95,s180
124_28,s3.05,s-2.525,s90
124_29,s2.25,s-2.175,s270
124_30,s3.4650000000000003,s-2.75,s0
124_31,s3.8150000000000004,s-1.95,s180
124_32,s-3.4650000000000003,s-1.65,s0
124_33,s-3.1150000000000007,s-0.8500000000000001,s180
124_34,s-1.9,s-1.425,s90
124_35,s-2.7,s-1.075,s270
124_36,s-1.485,s-1.65,s0
124_37,s-1.135,s-0.8500000000000001,s180
124_38,s0.08,s-1.425,s90
124_39,s-0.7199999999999999,s-1.075,s270
124_40,s0.49500000000000005,s-1.65,s0
124_41,s0.845,s-0.8500000000000001,s180
124_42,s2.06,s-1.425,s90
124_43,s1.26,s-1.075,s270
124_44,s2.475,s-1.65,s0
124_45,s2.825,s-0.8500000000000001,s180
124_46,s4.040000000000001,s-1.4249999999999994,s90
124_47,s3.2400000000000007,s-1.0749999999999995,s270
124_48,s-2.8900000000000006,s-0.325,s90
124_49,s-3.6900000000000004,s0.025,s270
124_50,s-2.475,s-0.55,s0
124_51,s-2.125,s0.25,s180
124_52,s-0.91,s-0.325,s90
124_53,s-1.71,s0.025,s270
124_54,s-0.49500000000000005,s-0.55,s0
124_55,s-0.14500000000000007,s0.25,s180
124_56,s1.07,s-0.32499999999999996,s90
124_57,s0.27,s0.025,s270
124_58,s1.485,s-0.55,s0
124_59,s1.835,s0.25,s180
124_60,s3.05,s-0.325,s90
124_61,s2.25,s0.025,s270
124_62,s3.4650000000000003,s-0.55,s0
124_63,s3.8150000000000004,s0.25,s180
124_64,s-3.4650000000000003,s0.55,s0
124_65,s-3.1150000000000007,s1.35,s180
124_66,s-1.9,s0.775,s90
124_67,s-2.7,s1.125,s270
124_68,s-1.485,s0.55,s0
124_69,s-1.135,s1.35,s180
124_70,s0.08,s0.775,s90
124_71,s-0.72,s1.125,s270
124_72,s0.49500000000000005,s0.55,s0
124_73,s0.845,s1.35,s180
124_74,s2.06,s0.775,s90
124_75,s1.26,s1.125,s270
124_76,s2.475,s0.55,s0
124_77,s2.825,s1.35,s180
124_78,s4.040000000000001,s0.775,s90
124_79,s3.2400000000000007,s1.125,s270
124_80,s-2.8900000000000006,s1.8749999999999996,s90
124_81,s-3.6900000000000004,s2.2249999999999996,s270
124_82,s-2.475,s1.65,s0
124_83,s-2.125,s2.45,s180
124_84,s-0.91,s1.875,s90
124_85,s-1.71,s2.225,s270
124_86,s-0.49500000000000005,s1.65,s0
124_87,s-0.14500000000000007,s2.45,s180
124_88,s1.07,s1.875,s90
124_89,s0.27,s2.225,s270
124_90,s1.485,s1.65,s0
124_91,s1.835,s2.45,s180
124_92,s3.05,s1.875,s90
124_93,s2.25,s2.225,s270
124_94,s3.4650000000000003,s1.65,s0
124_95,s3.8150000000000004,s2.45,s180
124_96,s-3.4650000000000003,s2.75,s0
124_97,s-3.1150000000000007,s3.55,s180
124_98,s-1.9,s2.975,s90
124_99,s-2.7,s3.325,s270
124_100,s-1.485,s2.75,s0
124_101,s-1.135,s3.55,s180
124_102,s0.08,s2.975,s90
124_103,s-0.72,s3.325,s270
124_104,s0.49500000000000005,s2.75,s0
124_105,s0.845,s3.55,s180
124_106,s2.06,s2.975,s90
124_107,s1.26,s3.325,s270
124_108,s2.475,s2.75,s0
124_109,s2.825,s3.55,s180
124_110,s4.04,s2.975,s90
124_111,s3.24,s3.325,s270
124_112,s-2.8900000000000006,s4.075,s90
124_113,s-3.69,s4.425000000000001,s270
124_114,s-2.475,s3.8500000000000005,s0
124_115,s-2.125,s4.65,s180
124_116,s-0.91,s4.075,s90
124_117,s-1.7099999999999995,s4.425,s270
124_118,s-0.49500000000000005,s3.8500000000000005,s0
124_119,s-0.14500000000000007,s4.65,s180
124_120,s1.0699999999999994,s4.075,s90
124_121,s0.27,s4.425000000000001,s270
124_122,s1.485,s3.8500000000000005,s0
124_123,s1.835,s4.65,s180
125_0,s-3.4650000000000003,s-3.8500000000000005,s0
125_1,s-3.1150000000000007,s-3.0500000000000007,s180
125_2,s-1.8999999999999995,s-3.6250000000000004,s90
125_3,s-2.6999999999999993,s-3.2750000000000004,s270
125_4,s-1.485,s-3.8500000000000005,s0
125_5,s-1.135,s-3.0500000000000007,s180
125_6,s0.08,s-3.6250000000000004,s90
125_7,s-0.72,s-3.2750000000000004,s270
125_8,s0.49500000000000005,s-3.8500000000000005,s0
125_9,s0.845,s-3.0500000000000007,s180
125_10,s2.06,s-3.625,s90
125_11,s1.26,s-3.275,s270
125_12,s2.475,s-3.8500000000000005,s0
125_13,s2.825,s-3.0500000000000007,s180
125_14,s4.040000000000001,s-3.6250000000000004,s90
125_15,s3.2400000000000007,s-3.2750000000000004,s270
125_16,s-2.89,s-2.525,s90
125_17,s-3.69,s-2.175,s270
125_18,s-2.475,s-2.75,s0
125_19,s-2.125,s-1.95,s180
125_20,s-0.91,s-2.525,s90
125_21,s-1.71,s-2.175,s270
125_22,s-0.49500000000000005,s-2.75,s0
125_23,s-0.14500000000000007,s-1.95,s180
125_24,s1.07,s-2.525,s90
125_25,s0.27,s-2.175,s270
125_26,s1.485,s-2.75,s0
125_27,s1.835,s-1.95,s180
125_28,s3.05,s-2.525,s90
125_29,s2.25,s-2.175,s270
125_30,s3.4650000000000003,s-2.75,s0
125_31,s3.8150000000000004,s-1.95,s180
125_32,s-3.4650000000000003,s-1.65,s0
125_33,s-3.1150000000000007,s-0.8500000000000001,s180
125_34,s-1.9,s-1.425,s90
125_35,s-2.7,s-1.075,s270
125_36,s-1.485,s-1.65,s0
125_37,s-1.135,s-0.8500000000000001,s180
125_38,s0.08,s-1.425,s90
125_39,s-0.7199999999999999,s-1.075,s270
125_40,s0.49500000000000005,s-1.65,s0
125_41,s0.845,s-0.8500000000000001,s180
125_42,s2.06,s-1.425,s90
125_43,s1.26,s-1.075,s270
125_44,s2.475,s-1.65,s0
125_45,s2.825,s-0.8500000000000001,s180
125_46,s4.040000000000001,s-1.4249999999999994,s90
125_47,s3.2400000000000007,s-1.0749999999999995,s270
125_48,s-2.8900000000000006,s-0.325,s90
125_49,s-3.6900000000000004,s0.025,s270
125_50,s-2.475,s-0.55,s0
125_51,s-2.125,s0.25,s180
125_52,s-0.91,s-0.325,s90
125_53,s-1.71,s0.025,s270
125_54,s-0.49500000000000005,s-0.55,s0
125_55,s-0.14500000000000007,s0.25,s180
125_56,s1.07,s-0.32499999999999996,s90
125_57,s0.27,s0.025,s270
125_58,s1.485,s-0.55,s0
125_59,s1.835,s0.25,s180
125_60,s3.05,s-0.325,s90
125_61,s2.25,s0.025,s270
125_62,s3.4650000000000003,s-0.55,s0
125_63,s3.8150000000000004,s0.25,s180
125_64,s-3.4650000000000003,s0.55,s0
125_65,s-3.1150000000000007,s1.35,s180
125_66,s-1.9,s0.775,s90
125_67,s-2.7,s1.125,s270
125_68,s-1.485,s0.55,s0
125_69,s-1.135,s1.35,s180
125_70,s0.08,s0.775,s90
125_71,s-0.72,s1.125,s270
125_72,s0.49500000000000005,s0.55,s0
125_73,s0.845,s1.35,s180
125_74,s2.06,s0.775,s90
125_75,s1.26,s1.125,s270
125_76,s2.475,s0.55,s0
125_77,s2.825,s1.35,s180
125_78,s4.040000000000001,s0.775,s90
125_79,s3.2400000000000007,s1.125,s270
125_80,s-2.8900000000000006,s1.8749999999999996,s90
125_81,s-3.6900000000000004,s2.2249999999999996,s270
125_82,s-2.475,s1.65,s0
125_83,s-2.125,s2.45,s180
125_84,s-0.91,s1.875,s90
125_85,s-1.71,s2.225,s270
125_86,s-0.49500000000000005,s1.65,s0
125_87,s-0.14500000000000007,s2.45,s180
125_88,s1.07,s1.875,s90
125_89,s0.27,s2.225,s270
125_90,s1.485,s1.65,s0
125_91,s1.835,s2.45,s180
125_92,s3.05,s1.875,s90
125_93,s2.25,s2.225,s270
125_94,s3.4650000000000003,s1.65,s0
125_95,s3.8150000000000004,s2.45,s180
125_96,s-3.4650000000000003,s2.75,s0
125_97,s-3.1150000000000007,s3.55,s180
125_98,s-1.9,s2.975,s90
125_99,s-2.7,s3.325,s270
125_100,s-1.485,s2.75,s0
125_101,s-1.135,s3.55,s180
125_102,s0.08,s2.975,s90
125_103,s-0.72,s3.325,s270
125_104,s0.49500000000000005,s2.75,s0
125_105,s0.845,s3.55,s180
125_106,s2.06,s2.975,s90
125_107,s1.26,s3.325,s270
125_108,s2.475,s2.75,s0
125_109,s2.825,s3.55,s180
125_110,s4.04,s2.975,s90
125_111,s3.24,s3.325,s270
125_112,s-2.8900000000000006,s4.075,s90
125_113,s-3.69,s4.425000000000001,s270
125_114,s-2.475,s3.8500000000000005,s0
125_115,s-2.125,s4.65,s180
125_116,s-0.91,s4.075,s90
125_117,s-1.7099999999999995,s4.425,s270
125_118,s-0.49500000000000005,s3.8500000000000005,s0
125_119,s-0.14500000000000007,s4.65,s180
125_120,s1.0699999999999994,s4.075,s90
125_121,s0.27,s4.425000000000001,s270
125_122,s1.485,s3.8500000000000005,s0
125_123,s1.835,s4.65,s180
126_0,s-3.4650000000000003,s-3.8500000000000005,s0
126_1,s-3.1150000000000007,s-3.0500000000000007,s180
126_2,s-1.8999999999999995,s-3.6250000000000004,s90
126_3,s-2.6999999999999993,s-3.2750000000000004,s270
126_4,s-1.485,s-3.8500000000000005,s0
126_5,s-1.135,s-3.0500000000000007,s180
126_6,s0.08,s-3.6250000000000004,s90
126_7,s-0.72,s-3.2750000000000004,s270
126_8,s0.49500000000000005,s-3.8500000000000005,s0
126_9,s0.845,s-3.0500000000000007,s180
126_10,s2.06,s-3.625,s90
126_11,s1.26,s-3.275,s270
126_12,s2.475,s-3.8500000000000005,s0
126_13,s2.825,s-3.0500000000000007,s180
126_14,s4.040000000000001,s-3.6250000000000004,s90
126_15,s3.2400000000000007,s-3.2750000000000004,s270
126_16,s-2.89,s-2.525,s90
126_17,s-3.69,s-2.175,s270
126_18,s-2.475,s-2.75,s0
126_19,s-2.125,s-1.95,s180
126_20,s-0.91,s-2.525,s90
126_21,s-1.71,s-2.175,s270
126_22,s-0.49500000000000005,s-2.75,s0
126_23,s-0.14500000000000007,s-1.95,s180
126_24,s1.07,s-2.525,s90
126_25,s0.27,s-2.175,s270
126_26,s1.485,s-2.75,s0
126_27,s1.835,s-1.95,s180
126_28,s3.05,s-2.525,s90
126_29,s2.25,s-2.175,s270
126_30,s3.4650000000000003,s-2.75,s0
126_31,s3.8150000000000004,s-1.95,s180
126_32,s-3.4650000000000003,s-1.65,s0
126_33,s-3.1150000000000007,s-0.8500000000000001,s180
126_34,s-1.9,s-1.425,s90
126_35,s-2.7,s-1.075,s270
126_36,s-1.485,s-1.65,s0
126_37,s-1.135,s-0.8500000000000001,s180
126_38,s0.08,s-1.425,s90
126_39,s-0.7199999999999999,s-1.075,s270
126_40,s0.49500000000000005,s-1.65,s0
126_41,s0.845,s-0.8500000000000001,s180
126_42,s2.06,s-1.425,s90
126_43,s1.26,s-1.075,s270
126_44,s2.475,s-1.65,s0
126_45,s2.825,s-0.8500000000000001,s180
126_46,s4.040000000000001,s-1.4249999999999994,s90
126_47,s3.2400000000000007,s-1.0749999999999995,s270
126_48,s-2.8900000000000006,s-0.325,s90
126_49,s-3.6900000000000004,s0.025,s270
126_50,s-2.475,s-0.55,s0
126_51,s-2.125,s0.25,s180
126_52,s-0.91,s-0.325,s90
126_53,s-1.71,s0.025,s270
126_54,s-0.49500000000000005,s-0.55,s0
126_55,s-0.14500000000000007,s0.25,s180
126_56,s1.07,s-0.32499999999999996,s90
126_57,s0.27,s0.025,s270
126_58,s1.485,s-0.55,s0
126_59,s1.835,s0.25,s180
126_60,s3.05,s-0.325,s90
126_61,s2.25,s0.025,s270
126_62,s3.4650000000000003,s-0.55,s0
126_63,s3.8150000000000004,s0.25,s180
126_64,s-3.4650000000000003,s0.55,s0
126_65,s-3.1150000000000007,s1.35,s180
126_66,s-1.9,s0.775,s90
126_67,s-2.7,s1.125,s270
126_68,s-1.485,s0.55,s0
126_69,s-1.135,s1.35,s180
126_70,s0.08,s0.775,s90
126_71,s-0.72,s1.125,s270
126_72,s0.49500000000000005,s0.55,s0
126_73,s0.845,s1.35,s180
126_74,s2.06,s0.775,s90
126_75,s1.26,s1.125,s270
126_76,s2.475,s0.55,s0
126_77,s2.825,s1.35,s180
126_78,s4.040000000000001,s0.775,s90
126_79,s3.2400000000000007,s1.125,s270
126_80,s-2.8900000000000006,s1.8749999999999996,s90
126_81,s-3.6900000000000004,s2.2249999999999996,s270
126_82,s-2.475,s1.65,s0
126_83,s-2.125,s2.45,s180
126_84,s-0.91,s1.875,s90
126_85,s-1.71,s2.225,s270
126_86,s-0.49500000000000005,s1.65,s0
126_87,s-0.14500000000000007,s2.45,s180
126_88,s1.07,s1.875,s90
126_89,s0.27,s2.225,s270
126_90,s1.485,s1.65,s0
126_91,s1.835,s2.45,s180
126_92,s3.05,s1.875,s90
126_93,s2.25,s2.225,s270
126_94,s3.4650000000000003,s1.65,s0
126_95,s3.8150000000000004,s2.45,s180
126_96,s-3.4650000000000003,s2.75,s0
126_97,s-3.1150000000000007,s3.55,s180
126_98,s-1.9,s2.975,s90
126_99,s-2.7,s3.325,s270
126_100,s-1.485,s2.75,s0
126_101,s-1.135,s3.55,s180
126_102,s0.08,s2.975,s90
126_103,s-0.72,s3.325,s270
126_104,s0.49500000000000005,s2.75,s0
126_105,s0.845,s3.55,s180
126_106,s2.06,s2.975,s90
126_107,s1.26,s3.325,s270
126_108,s2.475,s2.75,s0
126_109,s2.825,s3.55,s180
126_110,s4.04,s2.975,s90
126_111,s3.24,s3.325,s270
126_112,s-2.8900000000000006,s4.075,s90
126_113,s-3.69,s4.425000000000001,s270
126_114,s-2.475,s3.8500000000000005,s0
126_115,s-2.125,s4.65,s180
126_116,s-0.91,s4.075,s90
126_117,s-1.7099999999999995,s4.425,s270
126_118,s-0.49500000000000005,s3.8500000000000005,s0
126_119,s-0.14500000000000007,s4.65,s180
126_120,s1.0699999999999994,s4.075,s90
126_121,s0.27,s4.425000000000001,s270
126_122,s1.485,s3.8500000000000005,s0
126_123,s1.835,s4.65,s180
126_124,s3.0499999999999994,s4.075,s90
126_125,s2.25,s4.425000000000001,s270
127_0,s-3.4650000000000003,s-3.8500000000000005,s0
127_1,s-3.1150000000000007,s-3.0500000000000007,s180
127_2,s-1.8999999999999995,s-3.6250000000000004,s90
127_3,s-2.6999999999999993,s-3.2750000000000004,s270
127_4,s-1.485,s-3.8500000000000005,s0
127_5,s-1.135,s-3.0500000000000007,s180
127_6,s0.08,s-3.6250000000000004,s90
127_7,s-0.72,s-3.2750000000000004,s270
127_8,s0.49500000000000005,s-3.8500000000000005,s0
127_9,s0.845,s-3.0500000000000007,s180
127_10,s2.06,s-3.625,s90
127_11,s1.26,s-3.275,s270
127_12,s2.475,s-3.8500000000000005,s0
127_13,s2.825,s-3.0500000000000007,s180
127_14,s4.040000000000001,s-3.6250000000000004,s90
127_15,s3.2400000000000007,s-3.2750000000000004,s270
127_16,s-2.89,s-2.525,s90
127_17,s-3.69,s-2.175,s270
127_18,s-2.475,s-2.75,s0
127_19,s-2.125,s-1.95,s180
127_20,s-0.91,s-2.525,s90
127_21,s-1.71,s-2.175,s270
127_22,s-0.49500000000000005,s-2.75,s0
127_23,s-0.14500000000000007,s-1.95,s180
127_24,s1.07,s-2.525,s90
127_25,s0.27,s-2.175,s270
127_26,s1.485,s-2.75,s0
127_27,s1.835,s-1.95,s180
127_28,s3.05,s-2.525,s90
127_29,s2.25,s-2.175,s270
127_30,s3.4650000000000003,s-2.75,s0
127_31,s3.8150000000000004,s-1.95,s180
127_32,s-3.4650000000000003,s-1.65,s0
127_33,s-3.1150000000000007,s-0.8500000000000001,s180
127_34,s-1.9,s-1.425,s90
127_35,s-2.7,s-1.075,s270
127_36,s-1.485,s-1.65,s0
127_37,s-1.135,s-0.8500000000000001,s180
127_38,s0.08,s-1.425,s90
127_39,s-0.7199999999999999,s-1.075,s270
127_40,s0.49500000000000005,s-1.65,s0
127_41,s0.845,s-0.8500000000000001,s180
127_42,s2.06,s-1.425,s90
127_43,s1.26,s-1.075,s270
127_44,s2.475,s-1.65,s0
127_45,s2.825,s-0.8500000000000001,s180
127_46,s4.040000000000001,s-1.4249999999999994,s90
127_47,s3.2400000000000007,s-1.0749999999999995,s270
127_48,s-2.8900000000000006,s-0.325,s90
127_49,s-3.6900000000000004,s0.025,s270
127_50,s-2.475,s-0.55,s0
127_51,s-2.125,s0.25,s180
127_52,s-0.91,s-0.325,s90
127_53,s-1.71,s0.025,s270
127_54,s-0.49500000000000005,s-0.55,s0
127_55,s-0.14500000000000007,s0.25,s180
127_56,s1.07,s-0.32499999999999996,s90
127_57,s0.27,s0.025,s270
127_58,s1.485,s-0.55,s0
127_59,s1.835,s0.25,s180
127_60,s3.05,s-0.325,s90
127_61,s2.25,s0.025,s270
127_62,s3.4650000000000003,s-0.55,s0
127_63,s3.8150000000000004,s0.25,s180
127_64,s-3.4650000000000003,s0.55,s0
127_65,s-3.1150000000000007,s1.35,s180
127_66,s-1.9,s0.775,s90
127_67,s-2.7,s1.125,s270
127_68,s-1.485,s0.55,s0
127_69,s-1.135,s1.35,s180
127_70,s0.08,s0.775,s90
127_71,s-0.72,s1.125,s270
127_72,s0.49500000000000005,s0.55,s0
127_73,s0.845,s1.35,s180
127_74,s2.06,s0.775,s90
127_75,s1.26,s1.125,s270
127_76,s2.475,s0.55,s0
127_77,s2.825,s1.35,s180
127_78,s4.040000000000001,s0.775,s90
127_79,s3.2400000000000007,s1.125,s270
127_80,s-2.8900000000000006,s1.8749999999999996,s90
127_81,s-3.6900000000000004,s2.2249999999999996,s270
127_82,s-2.475,s1.65,s0
127_83,s-2.125,s2.45,s180
127_84,s-0.91,s1.875,s90
127_85,s-1.71,s2.225,s270
127_86,s-0.49500000000000005,s1.65,s0
127_87,s-0.14500000000000007,s2.45,s180
127_88,s1.07,s1.875,s90
127_89,s0.27,s2.225,s270
127_90,s1.485,s1.65,s0
127_91,s1.835,s2.45,s180
127_92,s3.05,s1.875,s90
127_93,s2.25,s2.225,s270
127_94,s3.4650000000000003,s1.65,s0
127_95,s3.8150000000000004,s2.45,s180
127_96,s-3.4650000000000003,s2.75,s0
127_97,s-3.1150000000000007,s3.55,s180
127_98,s-1.9,s2.975,s90
127_99,s-2.7,s3.325,s270
127_100,s-1.485,s2.75,s0
127_101,s-1.135,s3.55,s180
127_102,s0.08,s2.975,s90
127_103,s-0.72,s3.325,s270
127_104,s0.49500000000000005,s2.75,s0
127_105,s0.845,s3.55,s180
127_106,s2.06,s2.975,s90
127_107,s1.26,s3.325,s270
127_108,s2.475,s2.75,s0
127_109,s2.825,s3.55,s180
127_110,s4.04,s2.975,s90
127_111,s3.24,s3.325,s270
127_112,s-2.8900000000000006,s4.075,s90
127_113,s-3.69,s4.425000000000001,s270
127_114,s-2.475,s3.8500000000000005,s0
127_115,s-2.125,s4.65,s180
127_116,s-0.91,s4.075,s90
127_117,s-1.7099999999999995,s4.425,s270
127_118,s-0.49500000000000005,s3.8500000000000005,s0
127_119,s-0.14500000000000007,s4.65,s180
127_120,s1.0699999999999994,s4.075,s90
127_121,s0.27,s4.425000000000001,s270
127_122,s1.485,s3.8500000000000005,s0
127_123,s1.835,s4.65,s180
127_124,s3.0499999999999994,s4.075,s90
127_125,s2.25,s4.425000000000001,s270
128_0,s-3.9600000000000004,s-3.8500000000000005,s0
128_1,s-3.6100000000000003,s-3.0500000000000007,s180
128_2,s-2.3949999999999996,s-3.6250000000000004,s90
128_3,s-3.1949999999999994,s-3.2750000000000004,s270
128_4,s-1.9800000000000002,s-3.8500000000000005,s0
128_5,s-1.6300000000000003,s-3.0500000000000007,s180
128_6,s-0.415,s-3.6250000000000004,s90
128_7,s-1.215,s-3.2750000000000004,s270
128_8,s0.0,s-3.8500000000000005,s0
128_9,s0.35,s-3.0500000000000007,s180
128_10,s1.565,s-3.625,s90
128_11,s0.765,s-3.275,s270
128_12,s1.9800000000000002,s-3.8500000000000005,s0
128_13,s2.33,s-3.0500000000000007,s180
128_14,s3.545,s-3.625,s90
128_15,s2.745,s-3.275,s270
128_16,s3.9600000000000004,s-3.8500000000000005,s0
128_17,s4.3100000000000005,s-3.0500000000000007,s180
128_18,s-3.385,s-2.525,s90
128_19,s-4.185,s-2.175,s270
128_20,s-2.97,s-2.75,s0
128_21,s-2.62,s-1.95,s180
128_22,s-1.405,s-2.525,s90
128_23,s-2.205,s-2.175,s270
128_24,s-0.9900000000000001,s-2.75,s0
128_25,s-0.6400000000000001,s-1.95,s180
128_26,s0.575,s-2.525,s90
128_27,s-0.225,s-2.175,s270
128_28,s0.9900000000000001,s-2.75,s0
128_29,s1.34,s-1.95,s180
128_30,s2.555,s-2.525,s90
128_31,s1.7550000000000003,s-2.175,s270
128_32,s2.97,s-2.75,s0
128_33,s3.32,s-1.95,s180
128_34,s4.535,s-2.5249999999999995,s90
128_35,s3.7350000000000003,s-2.1749999999999994,s270
128_36,s-3.9600000000000004,s-1.65,s0
128_37,s-3.6100000000000003,s-0.8500000000000001,s180
128_38,s-2.395,s-1.425,s90
128_39,s-3.195,s-1.075,s270
128_40,s-1.9800000000000002,s-1.65,s0
128_41,s-1.6300000000000003,s-0.8500000000000001,s180
128_42,s-0.415,s-1.425,s90
128_43,s-1.215,s-1.075,s270
128_44,s0.0,s-1.65,s0
128_45,s0.35,s-0.8500000000000001,s180
128_46,s1.565,s-1.425,s90
128_47,s0.7650000000000001,s-1.075,s270
128_48,s1.9800000000000002,s-1.65,s0
128_49,s2.33,s-0.8500000000000001,s180
128_50,s3.545,s-1.425,s90
128_51,s2.745,s-1.075,s270
128_52,s3.9600000000000004,s-1.65,s0
128_53,s4.3100000000000005,s-0.8500000000000001,s180
128_54,s-3.3850000000000007,s-0.325,s90
128_55,s-4.1850000000000005,s0.025,s270
128_56,s-2.97,s-0.55,s0
128_57,s-2.62,s0.25,s180
128_58,s-1.4050000000000002,s-0.325,s90
128_59,s-2.205,s0.025,s270
128_60,s-0.9900000000000001,s-0.55,s0
128_61,s-0.6400000000000001,s0.25,s180
128_62,s0.575,s-0.325,s90
128_63,s-0.225,s0.025,s270
128_64,s0.9900000000000001,s-0.55,s0
128_65,s1.34,s0.25,s180
128_66,s2.555,s-0.325,s90
128_67,s1.7550000000000003,s0.024999999999999745,s270
128_68,s2.97,s-0.55,s0
128_69,s3.32,s0.25,s180
128_70,s4.535,s-0.325,s90
128_71,s3.7350000000000003,s0.025,s270
128_72,s-3.9600000000000004,s0.55,s0
128_73,s-3.6100000000000003,s1.35,s180
128_74,s-2.395,s0.775,s90
128_75,s-3.195,s1.125,s270
128_76,s-1.9800000000000002,s0.55,s0
128_77,s-1.6300000000000003,s1.35,s180
128_78,s-0.41500000000000015,s0.7749999999999999,s90
128_79,s-1.215,s1.1249999999999998,s270
128_80,s0.0,s0.55,s0
128_81,s0.35,s1.35,s180
128_82,s1.565,s0.7750000000000001,s90
128_83,s0.765,s1.125,s270
128_84,s1.9800000000000002,s0.55,s0
128_85,s2.33,s1.35,s180
128_86,s3.545,s0.775,s90
128_87,s2.745,s1.125,s270
128_88,s3.9600000000000004,s0.55,s0
128_89,s4.3100000000000005,s1.35,s180
128_90,s-3.3850000000000007,s1.8749999999999996,s90
128_91,s-4.1850000000000005,s2.2249999999999996,s270
128_92,s-2.97,s1.65,s0
128_93,s-2.62,s2.45,s180
128_94,s-1.4050000000000002,s1.8749999999999998,s90
128_95,s-2.205,s2.2249999999999996,s270
128_96,s-0.9900000000000001,s1.65,s0
128_97,s-0.6400000000000001,s2.45,s180
128_98,s0.575,s1.875,s90
128_99,s-0.225,s2.225,s270
128_100,s0.9900000000000001,s1.65,s0
128_101,s1.34,s2.45,s180
128_102,s2.555,s1.875,s90
128_103,s1.755,s2.2249999999999996,s270
128_104,s2.97,s1.65,s0
128_105,s3.32,s2.45,s180
128_106,s4.535,s1.875,s90
128_107,s3.735,s2.225,s270
128_108,s-3.9600000000000004,s2.75,s0
128_109,s-3.6100000000000003,s3.55,s180
128_110,s-2.395,s2.975,s90
128_111,s-3.195,s3.325,s270
128_112,s-1.9800000000000002,s2.75,s0
128_113,s-1.6300000000000003,s3.55,s180
128_114,s-0.415,s2.975,s90
128_115,s-1.215,s3.325,s270
128_116,s0.0,s2.75,s0
128_117,s0.35,s3.55,s180
128_118,s1.565,s2.975,s90
128_119,s0.765,s3.325,s270
128_120,s1.9800000000000002,s2.75,s0
128_121,s2.33,s3.55,s180
128_122,s3.545,s2.975,s90
128_123,s2.745,s3.325,s270
128_124,s3.9600000000000004,s2.75,s0
128_125,s4.3100000000000005,s3.55,s180
128_126,s-3.3850000000000007,s4.075,s90
128_127,s-4.185,s4.425000000000001,s270
129_0,s-3.9600000000000004,s-3.8500000000000005,s0
129_1,s-3.6100000000000003,s-3.0500000000000007,s180
129_2,s-2.3949999999999996,s-3.6250000000000004,s90
129_3,s-3.1949999999999994,s-3.2750000000000004,s270
129_4,s-1.9800000000000002,s-3.8500000000000005,s0
129_5,s-1.6300000000000003,s-3.0500000000000007,s180
129_6,s-0.415,s-3.6250000000000004,s90
129_7,s-1.215,s-3.2750000000000004,s270
129_8,s0.0,s-3.8500000000000005,s0
129_9,s0.35,s-3.0500000000000007,s180
129_10,s1.565,s-3.625,s90
129_11,s0.765,s-3.275,s270
129_12,s1.9800000000000002,s-3.8500000000000005,s0
129_13,s2.33,s-3.0500000000000007,s180
129_14,s3.545,s-3.625,s90
129_15,s2.745,s-3.275,s270
129_16,s3.9600000000000004,s-3.8500000000000005,s0
129_17,s4.3100000000000005,s-3.0500000000000007,s180
129_18,s-3.385,s-2.525,s90
129_19,s-4.185,s-2.175,s270
129_20,s-2.97,s-2.75,s0
129_21,s-2.62,s-1.95,s180
129_22,s-1.405,s-2.525,s90
129_23,s-2.205,s-2.175,s270
129_24,s-0.9900000000000001,s-2.75,s0
129_25,s-0.6400000000000001,s-1.95,s180
129_26,s0.575,s-2.525,s90
129_27,s-0.225,s-2.175,s270
129_28,s0.9900000000000001,s-2.75,s0
129_29,s1.34,s-1.95,s180
129_30,s2.555,s-2.525,s90
129_31,s1.7550000000000003,s-2.175,s270
129_32,s2.97,s-2.75,s0
129_33,s3.32,s-1.95,s180
129_34,s4.535,s-2.5249999999999995,s90
129_35,s3.7350000000000003,s-2.1749999999999994,s270
129_36,s-3.9600000000000004,s-1.65,s0
129_37,s-3.6100000000000003,s-0.8500000000000001,s180
129_38,s-2.395,s-1.425,s90
129_39,s-3.195,s-1.075,s270
129_40,s-1.9800000000000002,s-1.65,s0
129_41,s-1.6300000000000003,s-0.8500000000000001,s180
129_42,s-0.415,s-1.425,s90
129_43,s-1.215,s-1.075,s270
129_44,s0.0,s-1.65,s0
129_45,s0.35,s-0.8500000000000001,s180
129_46,s1.565,s-1.425,s90
129_47,s0.7650000000000001,s-1.075,s270
129_48,s1.9800000000000002,s-1.65,s0
129_49,s2.33,s-0.8500000000000001,s180
129_50,s3.545,s-1.425,s90
129_51,s2.745,s-1.075,s270
129_52,s3.9600000000000004,s-1.65,s0
129_53,s4.3100000000000005,s-0.8500000000000001,s180
129_54,s-3.3850000000000007,s-0.325,s90
129_55,s-4.1850000000000005,s0.025,s270
129_56,s-2.97,s-0.55,s0
129_57,s-2.62,s0.25,s180
129_58,s-1.4050000000000002,s-0.325,s90
129_59,s-2.205,s0.025,s270
129_60,s-0.9900000000000001,s-0.55,s0
129_61,s-0.6400000000000001,s0.25,s180
129_62,s0.575,s-0.325,s90
129_63,s-0.225,s0.025,s270
129_64,s0.9900000000000001,s-0.55,s0
129_65,s1.34,s0.25,s180
129_66,s2.555,s-0.325,s90
129_67,s1.7550000000000003,s0.024999999999999745,s270
129_68,s2.97,s-0.55,s0
129_69,s3.32,s0.25,s180
129_70,s4.535,s-0.325,s90
129_71,s3.7350000000000003,s0.025,s270
129_72,s-3.9600000000000004,s0.55,s0
129_73,s-3.6100000000000003,s1.35,s180
129_74,s-2.395,s0.775,s90
129_75,s-3.195,s1.125,s270
129_76,s-1.9800000000000002,s0.55,s0
129_77,s-1.6300000000000003,s1.35,s180
129_78,s-0.41500000000000015,s0.7749999999999999,s90
129_79,s-1.215,s1.1249999999999998,s270
129_80,s0.0,s0.55,s0
129_81,s0.35,s1.35,s180
129_82,s1.565,s0.7750000000000001,s90
129_83,s0.765,s1.125,s270
129_84,s1.9800000000000002,s0.55,s0
129_85,s2.33,s1.35,s180
129_86,s3.545,s0.775,s90
129_87,s2.745,s1.125,s270
129_88,s3.9600000000000004,s0.55,s0
129_89,s4.3100000000000005,s1.35,s180
129_90,s-3.3850000000000007,s1.8749999999999996,s90
129_91,s-4.1850000000000005,s2.2249999999999996,s270
129_92,s-2.97,s1.65,s0
129_93,s-2.62,s2.45,s180
129_94,s-1.4050000000000002,s1.8749999999999998,s90
129_95,s-2.205,s2.2249999999999996,s270
129_96,s-0.9900000000000001,s1.65,s0
129_97,s-0.6400000000000001,s2.45,s180
129_98,s0.575,s1.875,s90
129_99,s-0.225,s2.225,s270
129_100,s0.9900000000000001,s1.65,s0
129_101,s1.34,s2.45,s180
129_102,s2.555,s1.875,s90
129_103,s1.755,s2.2249999999999996,s270
129_104,s2.97,s1.65,s0
129_105,s3.32,s2.45,s180
129_106,s4.535,s1.875,s90
129_107,s3.735,s2.225,s270
129_108,s-3.9600000000000004,s2.75,s0
129_109,s-3.6100000000000003,s3.55,s180
129_110,s-2.395,s2.975,s90
129_111,s-3.195,s3.325,s270
129_112,s-1.9800000000000002,s2.75,s0
129_113,s-1.6300000000000003,s3.55,s180
129_114,s-0.415,s2.975,s90
129_115,s-1.215,s3.325,s270
129_116,s0.0,s2.75,s0
129_117,s0.35,s3.55,s180
129_118,s1.565,s2.975,s90
129_119,s0.765,s3.325,s270
129_120,s1.9800000000000002,s2.75,s0
129_121,s2.33,s3.55,s180
129_122,s3.545,s2.975,s90
129_123,s2.745,s3.325,s270
129_124,s3.9600000000000004,s2.75,s0
129_125,s4.3100000000000005,s3.55,s180
129_126,s-3.3850000000000007,s4.075,s90
129_127,s-4.185,s4.425000000000001,s270
130_0,s-3.9600000000000004,s-3.8500000000000005,s0
130_1,s-3.6100000000000003,s-3.0500000000000007,s180
130_2,s-2.3949999999999996,s-3.6250000000000004,s90
130_3,s-3.1949999999999994,s-3.2750000000000004,s270
130_4,s-1.9800000000000002,s-3.8500000000000005,s0
130_5,s-1.6300000000000003,s-3.0500000000000007,s180
130_6,s-0.415,s-3.6250000000000004,s90
130_7,s-1.215,s-3.2750000000000004,s270
130_8,s0.0,s-3.8500000000000005,s0
130_9,s0.35,s-3.0500000000000007,s180
130_10,s1.565,s-3.625,s90
130_11,s0.765,s-3.275,s270
130_12,s1.9800000000000002,s-3.8500000000000005,s0
130_13,s2.33,s-3.0500000000000007,s180
130_14,s3.545,s-3.625,s90
130_15,s2.745,s-3.275,s270
130_16,s3.9600000000000004,s-3.8500000000000005,s0
130_17,s4.3100000000000005,s-3.0500000000000007,s180
130_18,s-3.385,s-2.525,s90
130_19,s-4.185,s-2.175,s270
130_20,s-2.97,s-2.75,s0
130_21,s-2.62,s-1.95,s180
130_22,s-1.405,s-2.525,s90
130_23,s-2.205,s-2.175,s270
130_24,s-0.9900000000000001,s-2.75,s0
130_25,s-0.6400000000000001,s-1.95,s180
130_26,s0.575,s-2.525,s90
130_27,s-0.225,s-2.175,s270
130_28,s0.9900000000000001,s-2.75,s0
130_29,s1.34,s-1.95,s180
130_30,s2.555,s-2.525,s90
130_31,s1.7550000000000003,s-2.175,s270
130_32,s2.97,s-2.75,s0
130_33,s3.32,s-1.95,s180
130_34,s4.535,s-2.5249999999999995,s90
130_35,s3.7350000000000003,s-2.1749999999999994,s270
130_36,s-3.9600000000000004,s-1.65,s0
130_37,s-3.6100000000000003,s-0.8500000000000001,s180
130_38,s-2.395,s-1.425,s90
130_39,s-3.195,s-1.075,s270
130_40,s-1.9800000000000002,s-1.65,s0
130_41,s-1.6300000000000003,s-0.8500000000000001,s180
130_42,s-0.415,s-1.425,s90
130_43,s-1.215,s-1.075,s270
130_44,s0.0,s-1.65,s0
130_45,s0.35,s-0.8500000000000001,s180
130_46,s1.565,s-1.425,s90
130_47,s0.7650000000000001,s-1.075,s270
130_48,s1.9800000000000002,s-1.65,s0
130_49,s2.33,s-0.8500000000000001,s180
130_50,s3.545,s-1.425,s90
130_51,s2.745,s-1.075,s270
130_52,s3.9600000000000004,s-1.65,s0
130_53,s4.3100000000000005,s-0.8500000000000001,s180
130_54,s-3.3850000000000007,s-0.325,s90
130_55,s-4.1850000000000005,s0.025,s270
130_56,s-2.97,s-0.55,s0
130_57,s-2.62,s0.25,s180
130_58,s-1.4050000000000002,s-0.325,s90
130_59,s-2.205,s0.025,s270
130_60,s-0.9900000000000001,s-0.55,s0
130_61,s-0.6400000000000001,s0.25,s180
130_62,s0.575,s-0.325,s90
130_63,s-0.225,s0.025,s270
130_64,s0.9900000000000001,s-0.55,s0
130_65,s1.34,s0.25,s180
130_66,s2.555,s-0.325,s90
130_67,s1.7550000000000003,s0.024999999999999745,s270
130_68,s2.97,s-0.55,s0
130_69,s3.32,s0.25,s180
130_70,s4.535,s-0.325,s90
130_71,s3.7350000000000003,s0.025,s270
130_72,s-3.9600000000000004,s0.55,s0
130_73,s-3.6100000000000003,s1.35,s180
130_74,s-2.395,s0.775,s90
130_75,s-3.195,s1.125,s270
130_76,s-1.9800000000000002,s0.55,s0
130_77,s-1.6300000000000003,s1.35,s180
130_78,s-0.41500000000000015,s0.7749999999999999,s90
130_79,s-1.215,s1.1249999999999998,s270
130_80,s0.0,s0.55,s0
130_81,s0.35,s1.35,s180
130_82,s1.565,s0.7750000000000001,s90
130_83,s0.765,s1.125,s270
130_84,s1.9800000000000002,s0.55,s0
130_85,s2.33,s1.35,s180
130_86,s3.545,s0.775,s90
130_87,s2.745,s1.125,s270
130_88,s3.9600000000000004,s0.55,s0
130_89,s4.3100000000000005,s1.35,s180
130_90,s-3.3850000000000007,s1.8749999999999996,s90
130_91,s-4.1850000000000005,s2.2249999999999996,s270
130_92,s-2.97,s1.65,s0
130_93,s-2.62,s2.45,s180
130_94,s-1.4050000000000002,s1.8749999999999998,s90
130_95,s-2.205,s2.2249999999999996,s270
130_96,s-0.9900000000000001,s1.65,s0
130_97,s-0.6400000000000001,s2.45,s180
130_98,s0.575,s1.875,s90
130_99,s-0.225,s2.225,s270
130_100,s0.9900000000000001,s1.65,s0
130_101,s1.34,s2.45,s180
130_102,s2.555,s1.875,s90
130_103,s1.755,s2.2249999999999996,s270
130_104,s2.97,s1.65,s0
130_105,s3.32,s2.45,s180
130_106,s4.535,s1.875,s90
130_107,s3.735,s2.225,s270
130_108,s-3.9600000000000004,s2.75,s0
130_109,s-3.6100000000000003,s3.55,s180
130_110,s-2.395,s2.975,s90
130_111,s-3.195,s3.325,s270
130_112,s-1.9800000000000002,s2.75,s0
130_113,s-1.6300000000000003,s3.55,s180
130_114,s-0.415,s2.975,s90
130_115,s-1.215,s3.325,s270
130_116,s0.0,s2.75,s0
130_117,s0.35,s3.55,s180
130_118,s1.565,s2.975,s90
130_119,s0.765,s3.325,s270
130_120,s1.9800000000000002,s2.75,s0
130_121,s2.33,s3.55,s180
130_122,s3.545,s2.975,s90
130_123,s2.745,s3.325,s270
130_124,s3.9600000000000004,s2.75,s0
130_125,s4.3100000000000005,s3.55,s180
130_126,s-3.3850000000000007,s4.075,s90
130_127,s-4.185,s4.425000000000001,s270
130_128,s-2.97,s3.8500000000000005,s0
130_129,s-2.62,s4.65,s180
131_0,s-3.9600000000000004,s-3.8500000000000005,s0
131_1,s-3.6100000000000003,s-3.0500000000000007,s180
131_2,s-2.3949999999999996,s-3.6250000000000004,s90
131_3,s-3.1949999999999994,s-3.2750000000000004,s270
131_4,s-1.9800000000000002,s-3.8500000000000005,s0
131_5,s-1.6300000000000003,s-3.0500000000000007,s180
131_6,s-0.415,s-3.6250000000000004,s90
131_7,s-1.215,s-3.2750000000000004,s270
131_8,s0.0,s-3.8500000000000005,s0
131_9,s0.35,s-3.0500000000000007,s180
131_10,s1.565,s-3.625,s90
131_11,s0.765,s-3.275,s270
131_12,s1.9800000000000002,s-3.8500000000000005,s0
131_13,s2.33,s-3.0500000000000007,s180
131_14,s3.545,s-3.625,s90
131_15,s2.745,s-3.275,s270
131_16,s3.9600000000000004,s-3.8500000000000005,s0
131_17,s4.3100000000000005,s-3.0500000000000007,s180
131_18,s-3.385,s-2.525,s90
131_19,s-4.185,s-2.175,s270
131_20,s-2.97,s-2.75,s0
131_21,s-2.62,s-1.95,s180
131_22,s-1.405,s-2.525,s90
131_23,s-2.205,s-2.175,s270
131_24,s-0.9900000000000001,s-2.75,s0
131_25,s-0.6400000000000001,s-1.95,s180
131_26,s0.575,s-2.525,s90
131_27,s-0.225,s-2.175,s270
131_28,s0.9900000000000001,s-2.75,s0
131_29,s1.34,s-1.95,s180
131_30,s2.555,s-2.525,s90
131_31,s1.7550000000000003,s-2.175,s270
131_32,s2.97,s-2.75,s0
131_33,s3.32,s-1.95,s180
131_34,s4.535,s-2.5249999999999995,s90
131_35,s3.7350000000000003,s-2.1749999999999994,s270
131_36,s-3.9600000000000004,s-1.65,s0
131_37,s-3.6100000000000003,s-0.8500000000000001,s180
131_38,s-2.395,s-1.425,s90
131_39,s-3.195,s-1.075,s270
131_40,s-1.9800000000000002,s-1.65,s0
131_41,s-1.6300000000000003,s-0.8500000000000001,s180
131_42,s-0.415,s-1.425,s90
131_43,s-1.215,s-1.075,s270
131_44,s0.0,s-1.65,s0
131_45,s0.35,s-0.8500000000000001,s180
131_46,s1.565,s-1.425,s90
131_47,s0.7650000000000001,s-1.075,s270
131_48,s1.9800000000000002,s-1.65,s0
131_49,s2.33,s-0.8500000000000001,s180
131_50,s3.545,s-1.425,s90
131_51,s2.745,s-1.075,s270
131_52,s3.9600000000000004,s-1.65,s0
131_53,s4.3100000000000005,s-0.8500000000000001,s180
131_54,s-3.3850000000000007,s-0.325,s90
131_55,s-4.1850000000000005,s0.025,s270
131_56,s-2.97,s-0.55,s0
131_57,s-2.62,s0.25,s180
131_58,s-1.4050000000000002,s-0.325,s90
131_59,s-2.205,s0.025,s270
131_60,s-0.9900000000000001,s-0.55,s0
131_61,s-0.6400000000000001,s0.25,s180
131_62,s0.575,s-0.325,s90
131_63,s-0.225,s0.025,s270
131_64,s0.9900000000000001,s-0.55,s0
131_65,s1.34,s0.25,s180
131_66,s2.555,s-0.325,s90
131_67,s1.7550000000000003,s0.024999999999999745,s270
131_68,s2.97,s-0.55,s0
131_69,s3.32,s0.25,s180
131_70,s4.535,s-0.325,s90
131_71,s3.7350000000000003,s0.025,s270
131_72,s-3.9600000000000004,s0.55,s0
131_73,s-3.6100000000000003,s1.35,s180
131_74,s-2.395,s0.775,s90
131_75,s-3.195,s1.125,s270
131_76,s-1.9800000000000002,s0.55,s0
131_77,s-1.6300000000000003,s1.35,s180
131_78,s-0.41500000000000015,s0.7749999999999999,s90
131_79,s-1.215,s1.1249999999999998,s270
131_80,s0.0,s0.55,s0
131_81,s0.35,s1.35,s180
131_82,s1.565,s0.7750000000000001,s90
131_83,s0.765,s1.125,s270
131_84,s1.9800000000000002,s0.55,s0
131_85,s2.33,s1.35,s180
131_86,s3.545,s0.775,s90
131_87,s2.745,s1.125,s270
131_88,s3.9600000000000004,s0.55,s0
131_89,s4.3100000000000005,s1.35,s180
131_90,s-3.3850000000000007,s1.8749999999999996,s90
131_91,s-4.1850000000000005,s2.2249999999999996,s270
131_92,s-2.97,s1.65,s0
131_93,s-2.62,s2.45,s180
131_94,s-1.4050000000000002,s1.8749999999999998,s90
131_95,s-2.205,s2.2249999999999996,s270
131_96,s-0.9900000000000001,s1.65,s0
131_97,s-0.6400000000000001,s2.45,s180
131_98,s0.575,s1.875,s90
131_99,s-0.225,s2.225,s270
131_100,s0.9900000000000001,s1.65,s0
131_101,s1.34,s2.45,s180
131_102,s2.555,s1.875,s90
131_103,s1.755,s2.2249999999999996,s270
131_104,s2.97,s1.65,s0
131_105,s3.32,s2.45,s180
131_106,s4.535,s1.875,s90
131_107,s3.735,s2.225,s270
131_108,s-3.9600000000000004,s2.75,s0
131_109,s-3.6100000000000003,s3.55,s180
131_110,s-2.395,s2.975,s90
131_111,s-3.195,s3.325,s270
131_112,s-1.9800000000000002,s2.75,s0
131_113,s-1.6300000000000003,s3.55,s180
131_114,s-0.415,s2.975,s90
131_115,s-1.215,s3.325,s270
131_116,s0.0,s2.75,s0
131_117,s0.35,s3.55,s180
131_118,s1.565,s2.975,s90
131_119,s0.765,s3.325,s270
131_120,s1.9800000000000002,s2.75,s0
131_121,s2.33,s3.55,s180
131_122,s3.545,s2.975,s90
131_123,s2.745,s3.325,s270
131_124,s3.9600000000000004,s2.75,s0
131_125,s4.3100000000000005,s3.55,s180
131_126,s-3.3850000000000007,s4.075,s90
131_127,s-4.185,s4.425000000000001,s270
131_128,s-2.97,s3.8500000000000005,s0
131_129,s-2.62,s4.65,s180
132_0,s-3.9600000000000004,s-3.8500000000000005,s0
132_1,s-3.6100000000000003,s-3.0500000000000007,s180
132_2,s-2.3949999999999996,s-3.6250000000000004,s90
132_3,s-3.1949999999999994,s-3.2750000000000004,s270
132_4,s-1.9800000000000002,s-3.8500000000000005,s0
132_5,s-1.6300000000000003,s-3.0500000000000007,s180
132_6,s-0.415,s-3.6250000000000004,s90
132_7,s-1.215,s-3.2750000000000004,s270
132_8,s0.0,s-3.8500000000000005,s0
132_9,s0.35,s-3.0500000000000007,s180
132_10,s1.565,s-3.625,s90
132_11,s0.765,s-3.275,s270
132_12,s1.9800000000000002,s-3.8500000000000005,s0
132_13,s2.33,s-3.0500000000000007,s180
132_14,s3.545,s-3.625,s90
132_15,s2.745,s-3.275,s270
132_16,s3.9600000000000004,s-3.8500000000000005,s0
132_17,s4.3100000000000005,s-3.0500000000000007,s180
132_18,s-3.385,s-2.525,s90
132_19,s-4.185,s-2.175,s270
132_20,s-2.97,s-2.75,s0
132_21,s-2.62,s-1.95,s180
132_22,s-1.405,s-2.525,s90
132_23,s-2.205,s-2.175,s270
132_24,s-0.9900000000000001,s-2.75,s0
132_25,s-0.6400000000000001,s-1.95,s180
132_26,s0.575,s-2.525,s90
132_27,s-0.225,s-2.175,s270
132_28,s0.9900000000000001,s-2.75,s0
132_29,s1.34,s-1.95,s180
132_30,s2.555,s-2.525,s90
132_31,s1.7550000000000003,s-2.175,s270
132_32,s2.97,s-2.75,s0
132_33,s3.32,s-1.95,s180
132_34,s4.535,s-2.5249999999999995,s90
132_35,s3.7350000000000003,s-2.1749999999999994,s270
132_36,s-3.9600000000000004,s-1.65,s0
132_37,s-3.6100000000000003,s-0.8500000000000001,s180
132_38,s-2.395,s-1.425,s90
132_39,s-3.195,s-1.075,s270
132_40,s-1.9800000000000002,s-1.65,s0
132_41,s-1.6300000000000003,s-0.8500000000000001,s180
132_42,s-0.415,s-1.425,s90
132_43,s-1.215,s-1.075,s270
132_44,s0.0,s-1.65,s0
132_45,s0.35,s-0.8500000000000001,s180
132_46,s1.565,s-1.425,s90
132_47,s0.7650000000000001,s-1.075,s270
132_48,s1.9800000000000002,s-1.65,s0
132_49,s2.33,s-0.8500000000000001,s180
132_50,s3.545,s-1.425,s90
132_51,s2.745,s-1.075,s270
132_52,s3.9600000000000004,s-1.65,s0
132_53,s4.3100000000000005,s-0.8500000000000001,s180
132_54,s-3.3850000000000007,s-0.325,s90
132_55,s-4.1850000000000005,s0.025,s270
132_56,s-2.97,s-0.55,s0
132_57,s-2.62,s0.25,s180
132_58,s-1.4050000000000002,s-0.325,s90
132_59,s-2.205,s0.025,s270
132_60,s-0.9900000000000001,s-0.55,s0
132_61,s-0.6400000000000001,s0.25,s180
132_62,s0.575,s-0.325,s90
132_63,s-0.225,s0.025,s270
132_64,s0.9900000000000001,s-0.55,s0
132_65,s1.34,s0.25,s180
132_66,s2.555,s-0.325,s90
132_67,s1.7550000000000003,s0.024999999999999745,s270
132_68,s2.97,s-0.55,s0
132_69,s3.32,s0.25,s180
132_70,s4.535,s-0.325,s90
132_71,s3.7350000000000003,s0.025,s270
132_72,s-3.9600000000000004,s0.55,s0
132_73,s-3.6100000000000003,s1.35,s180
132_74,s-2.395,s0.775,s90
132_75,s-3.195,s1.125,s270
132_76,s-1.9800000000000002,s0.55,s0
132_77,s-1.6300000000000003,s1.35,s180
132_78,s-0.41500000000000015,s0.7749999999999999,s90
132_79,s-1.215,s1.1249999999999998,s270
132_80,s0.0,s0.55,s0
132_81,s0.35,s1.35,s180
132_82,s1.565,s0.7750000000000001,s90
132_83,s0.765,s1.125,s270
132_84,s1.9800000000000002,s0.55,s0
132_85,s2.33,s1.35,s180
132_86,s3.545,s0.775,s90
132_87,s2.745,s1.125,s270
132_88,s3.9600000000000004,s0.55,s0
132_89,s4.3100000000000005,s1.35,s180
132_90,s-3.3850000000000007,s1.8749999999999996,s90
132_91,s-4.1850000000000005,s2.2249999999999996,s270
132_92,s-2.97,s1.65,s0
132_93,s-2.62,s2.45,s180
132_94,s-1.4050000000000002,s1.8749999999999998,s90
132_95,s-2.205,s2.2249999999999996,s270
132_96,s-0.9900000000000001,s1.65,s0
132_97,s-0.6400000000000001,s2.45,s180
132_98,s0.575,s1.875,s90
132_99,s-0.225,s2.225,s270
132_100,s0.9900000000000001,s1.65,s0
132_101,s1.34,s2.45,s180
132_102,s2.555,s1.875,s90
132_103,s1.755,s2.2249999999999996,s270
132_104,s2.97,s1.65,s0
132_105,s3.32,s2.45,s180
132_106,s4.535,s1.875,s90
132_107,s3.735,s2.225,s270
132_108,s-3.9600000000000004,s2.75,s0
132_109,s-3.6100000000000003,s3.55,s180
132_110,s-2.395,s2.975,s90
132_111,s-3.195,s3.325,s270
132_112,s-1.9800000000000002,s2.75,s0
132_113,s-1.6300000000000003,s3.55,s180
132_114,s-0.415,s2.975,s90
132_115,s-1.215,s3.325,s270
132_116,s0.0,s2.75,s0
132_117,s0.35,s3.55,s180
132_118,s1.565,s2.975,s90
132_119,s0.765,s3.325,s270
132_120,s1.9800000000000002,s2.75,s0
132_121,s2.33,s3.55,s180
132_122,s3.545,s2.975,s90
132_123,s2.745,s3.325,s270
132_124,s3.9600000000000004,s2.75,s0
132_125,s4.3100000000000005,s3.55,s180
132_126,s-3.3850000000000007,s4.075,s90
132_127,s-4.185,s4.425000000000001,s270
132_128,s-2.97,s3.8500000000000005,s0
132_129,s-2.62,s4.65,s180
132_130,s-1.4050000000000005,s4.075000000000001,s90
132_131,s-2.205,s4.425000000000001,s270
133_0,s-3.9600000000000004,s-3.8500000000000005,s0
133_1,s-3.6100000000000003,s-3.0500000000000007,s180
133_2,s-2.3949999999999996,s-3.6250000000000004,s90
133_3,s-3.1949999999999994,s-3.2750000000000004,s270
133_4,s-1.9800000000000002,s-3.8500000000000005,s0
133_5,s-1.6300000000000003,s-3.0500000000000007,s180
133_6,s-0.415,s-3.6250000000000004,s90
133_7,s-1.215,s-3.2750000000000004,s270
133_8,s0.0,s-3.8500000000000005,s0
133_9,s0.35,s-3.0500000000000007,s180
133_10,s1.565,s-3.625,s90
133_11,s0.765,s-3.275,s270
133_12,s1.9800000000000002,s-3.8500000000000005,s0
133_13,s2.33,s-3.0500000000000007,s180
133_14,s3.545,s-3.625,s90
133_15,s2.745,s-3.275,s270
133_16,s3.9600000000000004,s-3.8500000000000005,s0
133_17,s4.3100000000000005,s-3.0500000000000007,s180
133_18,s-3.385,s-2.525,s90
133_19,s-4.185,s-2.175,s270
133_20,s-2.97,s-2.75,s0
133_21,s-2.62,s-1.95,s180
133_22,s-1.405,s-2.525,s90
133_23,s-2.205,s-2.175,s270
133_24,s-0.9900000000000001,s-2.75,s0
133_25,s-0.6400000000000001,s-1.95,s180
133_26,s0.575,s-2.525,s90
133_27,s-0.225,s-2.175,s270
133_28,s0.9900000000000001,s-2.75,s0
133_29,s1.34,s-1.95,s180
133_30,s2.555,s-2.525,s90
133_31,s1.7550000000000003,s-2.175,s270
133_32,s2.97,s-2.75,s0
133_33,s3.32,s-1.95,s180
133_34,s4.535,s-2.5249999999999995,s90
133_35,s3.7350000000000003,s-2.1749999999999994,s270
133_36,s-3.9600000000000004,s-1.65,s0
133_37,s-3.6100000000000003,s-0.8500000000000001,s180
133_38,s-2.395,s-1.425,s90
133_39,s-3.195,s-1.075,s270
133_40,s-1.9800000000000002,s-1.65,s0
133_41,s-1.6300000000000003,s-0.8500000000000001,s180
133_42,s-0.415,s-1.425,s90
133_43,s-1.215,s-1.075,s270
133_44,s0.0,s-1.65,s0
133_45,s0.35,s-0.8500000000000001,s180
133_46,s1.565,s-1.425,s90
133_47,s0.7650000000000001,s-1.075,s270
133_48,s1.9800000000000002,s-1.65,s0
133_49,s2.33,s-0.8500000000000001,s180
133_50,s3.545,s-1.425,s90
133_51,s2.745,s-1.075,s270
133_52,s3.9600000000000004,s-1.65,s0
133_53,s4.3100000000000005,s-0.8500000000000001,s180
133_54,s-3.3850000000000007,s-0.325,s90
133_55,s-4.1850000000000005,s0.025,s270
133_56,s-2.97,s-0.55,s0
133_57,s-2.62,s0.25,s180
133_58,s-1.4050000000000002,s-0.325,s90
133_59,s-2.205,s0.025,s270
133_60,s-0.9900000000000001,s-0.55,s0
133_61,s-0.6400000000000001,s0.25,s180
133_62,s0.575,s-0.325,s90
133_63,s-0.225,s0.025,s270
133_64,s0.9900000000000001,s-0.55,s0
133_65,s1.34,s0.25,s180
133_66,s2.555,s-0.325,s90
133_67,s1.7550000000000003,s0.024999999999999745,s270
133_68,s2.97,s-0.55,s0
133_69,s3.32,s0.25,s180
133_70,s4.535,s-0.325,s90
133_71,s3.7350000000000003,s0.025,s270
133_72,s-3.9600000000000004,s0.55,s0
133_73,s-3.6100000000000003,s1.35,s180
133_74,s-2.395,s0.775,s90
133_75,s-3.195,s1.125,s270
133_76,s-1.9800000000000002,s0.55,s0
133_77,s-1.6300000000000003,s1.35,s180
133_78,s-0.41500000000000015,s0.7749999999999999,s90
133_79,s-1.215,s1.1249999999999998,s270
133_80,s0.0,s0.55,s0
133_81,s0.35,s1.35,s180
133_82,s1.565,s0.7750000000000001,s90
133_83,s0.765,s1.125,s270
133_84,s1.9800000000000002,s0.55,s0
133_85,s2.33,s1.35,s180
133_86,s3.545,s0.775,s90
133_87,s2.745,s1.125,s270
133_88,s3.9600000000000004,s0.55,s0
133_89,s4.3100000000000005,s1.35,s180
133_90,s-3.3850000000000007,s1.8749999999999996,s90
133_91,s-4.1850000000000005,s2.2249999999999996,s270
133_92,s-2.97,s1.65,s0
133_93,s-2.62,s2.45,s180
133_94,s-1.4050000000000002,s1.8749999999999998,s90
133_95,s-2.205,s2.2249999999999996,s270
133_96,s-0.9900000000000001,s1.65,s0
133_97,s-0.6400000000000001,s2.45,s180
133_98,s0.575,s1.875,s90
133_99,s-0.225,s2.225,s270
133_100,s0.9900000000000001,s1.65,s0
133_101,s1.34,s2.45,s180
133_102,s2.555,s1.875,s90
133_103,s1.755,s2.2249999999999996,s270
133_104,s2.97,s1.65,s0
133_105,s3.32,s2.45,s180
133_106,s4.535,s1.875,s90
133_107,s3.735,s2.225,s270
133_108,s-3.9600000000000004,s2.75,s0
133_109,s-3.6100000000000003,s3.55,s180
133_110,s-2.395,s2.975,s90
133_111,s-3.195,s3.325,s270
133_112,s-1.9800000000000002,s2.75,s0
133_113,s-1.6300000000000003,s3.55,s180
133_114,s-0.415,s2.975,s90
133_115,s-1.215,s3.325,s270
133_116,s0.0,s2.75,s0
133_117,s0.35,s3.55,s180
133_118,s1.565,s2.975,s90
133_119,s0.765,s3.325,s270
133_120,s1.9800000000000002,s2.75,s0
133_121,s2.33,s3.55,s180
133_122,s3.545,s2.975,s90
133_123,s2.745,s3.325,s270
133_124,s3.9600000000000004,s2.75,s0
133_125,s4.3100000000000005,s3.55,s180
133_126,s-3.3850000000000007,s4.075,s90
133_127,s-4.185,s4.425000000000001,s270
133_128,s-2.97,s3.8500000000000005,s0
133_129,s-2.62,s4.65,s180
133_130,s-1.4050000000000005,s4.075000000000001,s90
133_131,s-2.205,s4.425000000000001,s270
134_0,s-3.9600000000000004,s-3.8500000000000005,s0
134_1,s-3.6100000000000003,s-3.0500000000000007,s180
134_2,s-2.3949999999999996,s-3.6250000000000004,s90
134_3,s-3.1949999999999994,s-3.2750000000000004,s270
134_4,s-1.9800000000000002,s-3.8500000000000005,s0
134_5,s-1.6300000000000003,s-3.0500000000000007,s180
134_6,s-0.415,s-3.6250000000000004,s90
134_7,s-1.215,s-3.2750000000000004,s270
134_8,s0.0,s-3.8500000000000005,s0
134_9,s0.35,s-3.0500000000000007,s180
134_10,s1.565,s-3.625,s90
134_11,s0.765,s-3.275,s270
134_12,s1.9800000000000002,s-3.8500000000000005,s0
134_13,s2.33,s-3.0500000000000007,s180
134_14,s3.545,s-3.625,s90
134_15,s2.745,s-3.275,s270
134_16,s3.9600000000000004,s-3.8500000000000005,s0
134_17,s4.3100000000000005,s-3.0500000000000007,s180
134_18,s-3.385,s-2.525,s90
134_19,s-4.185,s-2.175,s270
134_20,s-2.97,s-2.75,s0
134_21,s-2.62,s-1.95,s180
134_22,s-1.405,s-2.525,s90
134_23,s-2.205,s-2.175,s270
134_24,s-0.9900000000000001,s-2.75,s0
134_25,s-0.6400000000000001,s-1.95,s180
134_26,s0.575,s-2.525,s90
134_27,s-0.225,s-2.175,s270
134_28,s0.9900000000000001,s-2.75,s0
134_29,s1.34,s-1.95,s180
134_30,s2.555,s-2.525,s90
134_31,s1.7550000000000003,s-2.175,s270
134_32,s2.97,s-2.75,s0
134_33,s3.32,s-1.95,s180
134_34,s4.535,s-2.5249999999999995,s90
134_35,s3.7350000000000003,s-2.1749999999999994,s270
134_36,s-3.9600000000000004,s-1.65,s0
134_37,s-3.6100000000000003,s-0.8500000000000001,s180
134_38,s-2.395,s-1.425,s90
134_39,s-3.195,s-1.075,s270
134_40,s-1.9800000000000002,s-1.65,s0
134_41,s-1.6300000000000003,s-0.8500000000000001,s180
134_42,s-0.415,s-1.425,s90
134_43,s-1.215,s-1.075,s270
134_44,s0.0,s-1.65,s0
134_45,s0.35,s-0.8500000000000001,s180
134_46,s1.565,s-1.425,s90
134_47,s0.7650000000000001,s-1.075,s270
134_48,s1.9800000000000002,s-1.65,s0
134_49,s2.33,s-0.8500000000000001,s180
134_50,s3.545,s-1.425,s90
134_51,s2.745,s-1.075,s270
134_52,s3.9600000000000004,s-1.65,s0
134_53,s4.3100000000000005,s-0.8500000000000001,s180
134_54,s-3.3850000000000007,s-0.325,s90
134_55,s-4.1850000000000005,s0.025,s270
134_56,s-2.97,s-0.55,s0
134_57,s-2.62,s0.25,s180
134_58,s-1.4050000000000002,s-0.325,s90
134_59,s-2.205,s0.025,s270
134_60,s-0.9900000000000001,s-0.55,s0
134_61,s-0.6400000000000001,s0.25,s180
134_62,s0.575,s-0.325,s90
134_63,s-0.225,s0.025,s270
134_64,s0.9900000000000001,s-0.55,s0
134_65,s1.34,s0.25,s180
134_66,s2.555,s-0.325,s90
134_67,s1.7550000000000003,s0.024999999999999745,s270
134_68,s2.97,s-0.55,s0
134_69,s3.32,s0.25,s180
134_70,s4.535,s-0.325,s90
134_71,s3.7350000000000003,s0.025,s270
134_72,s-3.9600000000000004,s0.55,s0
134_73,s-3.6100000000000003,s1.35,s180
134_74,s-2.395,s0.775,s90
134_75,s-3.195,s1.125,s270
134_76,s-1.9800000000000002,s0.55,s0
134_77,s-1.6300000000000003,s1.35,s180
134_78,s-0.41500000000000015,s0.7749999999999999,s90
134_79,s-1.215,s1.1249999999999998,s270
134_80,s0.0,s0.55,s0
134_81,s0.35,s1.35,s180
134_82,s1.565,s0.7750000000000001,s90
134_83,s0.765,s1.125,s270
134_84,s1.9800000000000002,s0.55,s0
134_85,s2.33,s1.35,s180
134_86,s3.545,s0.775,s90
134_87,s2.745,s1.125,s270
134_88,s3.9600000000000004,s0.55,s0
134_89,s4.3100000000000005,s1.35,s180
134_90,s-3.3850000000000007,s1.8749999999999996,s90
134_91,s-4.1850000000000005,s2.2249999999999996,s270
134_92,s-2.97,s1.65,s0
134_93,s-2.62,s2.45,s180
134_94,s-1.4050000000000002,s1.8749999999999998,s90
134_95,s-2.205,s2.2249999999999996,s270
134_96,s-0.9900000000000001,s1.65,s0
134_97,s-0.6400000000000001,s2.45,s180
134_98,s0.575,s1.875,s90
134_99,s-0.225,s2.225,s270
134_100,s0.9900000000000001,s1.65,s0
134_101,s1.34,s2.45,s180
134_102,s2.555,s1.875,s90
134_103,s1.755,s2.2249999999999996,s270
134_104,s2.97,s1.65,s0
134_105,s3.32,s2.45,s180
134_106,s4.535,s1.875,s90
134_107,s3.735,s2.225,s270
134_108,s-3.9600000000000004,s2.75,s0
134_109,s-3.6100000000000003,s3.55,s180
134_110,s-2.395,s2.975,s90
134_111,s-3.195,s3.325,s270
134_112,s-1.9800000000000002,s2.75,s0
134_113,s-1.6300000000000003,s3.55,s180
134_114,s-0.415,s2.975,s90
134_115,s-1.215,s3.325,s270
134_116,s0.0,s2.75,s0
134_117,s0.35,s3.55,s180
134_118,s1.565,s2.975,s90
134_119,s0.765,s3.325,s270
134_120,s1.9800000000000002,s2.75,s0
134_121,s2.33,s3.55,s180
134_122,s3.545,s2.975,s90
134_123,s2.745,s3.325,s270
134_124,s3.9600000000000004,s2.75,s0
134_125,s4.3100000000000005,s3.55,s180
134_126,s-3.3850000000000007,s4.075,s90
134_127,s-4.185,s4.425000000000001,s270
134_128,s-2.97,s3.8500000000000005,s0
134_129,s-2.62,s4.65,s180
134_130,s-1.4050000000000005,s4.075000000000001,s90
134_131,s-2.205,s4.425000000000001,s270
134_132,s-0.9900000000000001,s3.8500000000000005,s0
134_133,s-0.6400000000000001,s4.65,s180
135_0,s-3.9600000000000004,s-3.8500000000000005,s0
135_1,s-3.6100000000000003,s-3.0500000000000007,s180
135_2,s-2.3949999999999996,s-3.6250000000000004,s90
135_3,s-3.1949999999999994,s-3.2750000000000004,s270
135_4,s-1.9800000000000002,s-3.8500000000000005,s0
135_5,s-1.6300000000000003,s-3.0500000000000007,s180
135_6,s-0.415,s-3.6250000000000004,s90
135_7,s-1.215,s-3.2750000000000004,s270
135_8,s0.0,s-3.8500000000000005,s0
135_9,s0.35,s-3.0500000000000007,s180
135_10,s1.565,s-3.625,s90
135_11,s0.765,s-3.275,s270
135_12,s1.9800000000000002,s-3.8500000000000005,s0
135_13,s2.33,s-3.0500000000000007,s180
135_14,s3.545,s-3.625,s90
135_15,s2.745,s-3.275,s270
135_16,s3.9600000000000004,s-3.8500000000000005,s0
135_17,s4.3100000000000005,s-3.0500000000000007,s180
135_18,s-3.385,s-2.525,s90
135_19,s-4.185,s-2.175,s270
135_20,s-2.97,s-2.75,s0
135_21,s-2.62,s-1.95,s180
135_22,s-1.405,s-2.525,s90
135_23,s-2.205,s-2.175,s270
135_24,s-0.9900000000000001,s-2.75,s0
135_25,s-0.6400000000000001,s-1.95,s180
135_26,s0.575,s-2.525,s90
135_27,s-0.225,s-2.175,s270
135_28,s0.9900000000000001,s-2.75,s0
135_29,s1.34,s-1.95,s180
135_30,s2.555,s-2.525,s90
135_31,s1.7550000000000003,s-2.175,s270
135_32,s2.97,s-2.75,s0
135_33,s3.32,s-1.95,s180
135_34,s4.535,s-2.5249999999999995,s90
135_35,s3.7350000000000003,s-2.1749999999999994,s270
135_36,s-3.9600000000000004,s-1.65,s0
135_37,s-3.6100000000000003,s-0.8500000000000001,s180
135_38,s-2.395,s-1.425,s90
135_39,s-3.195,s-1.075,s270
135_40,s-1.9800000000000002,s-1.65,s0
135_41,s-1.6300000000000003,s-0.8500000000000001,s180
135_42,s-0.415,s-1.425,s90
135_43,s-1.215,s-1.075,s270
135_44,s0.0,s-1.65,s0
135_45,s0.35,s-0.8500000000000001,s180
135_46,s1.565,s-1.425,s90
135_47,s0.7650000000000001,s-1.075,s270
135_48,s1.9800000000000002,s-1.65,s0
135_49,s2.33,s-0.8500000000000001,s180
135_50,s3.545,s-1.425,s90
135_51,s2.745,s-1.075,s270
135_52,s3.9600000000000004,s-1.65,s0
135_53,s4.3100000000000005,s-0.8500000000000001,s180
135_54,s-3.3850000000000007,s-0.325,s90
135_55,s-4.1850000000000005,s0.025,s270
135_56,s-2.97,s-0.55,s0
135_57,s-2.62,s0.25,s180
135_58,s-1.4050000000000002,s-0.325,s90
135_59,s-2.205,s0.025,s270
135_60,s-0.9900000000000001,s-0.55,s0
135_61,s-0.6400000000000001,s0.25,s180
135_62,s0.575,s-0.325,s90
135_63,s-0.225,s0.025,s270
135_64,s0.9900000000000001,s-0.55,s0
135_65,s1.34,s0.25,s180
135_66,s2.555,s-0.325,s90
135_67,s1.7550000000000003,s0.024999999999999745,s270
135_68,s2.97,s-0.55,s0
135_69,s3.32,s0.25,s180
135_70,s4.535,s-0.325,s90
135_71,s3.7350000000000003,s0.025,s270
135_72,s-3.9600000000000004,s0.55,s0
135_73,s-3.6100000000000003,s1.35,s180
135_74,s-2.395,s0.775,s90
135_75,s-3.195,s1.125,s270
135_76,s-1.9800000000000002,s0.55,s0
135_77,s-1.6300000000000003,s1.35,s180
135_78,s-0.41500000000000015,s0.7749999999999999,s90
135_79,s-1.215,s1.1249999999999998,s270
135_80,s0.0,s0.55,s0
135_81,s0.35,s1.35,s180
135_82,s1.565,s0.7750000000000001,s90
135_83,s0.765,s1.125,s270
135_84,s1.9800000000000002,s0.55,s0
135_85,s2.33,s1.35,s180
135_86,s3.545,s0.775,s90
135_87,s2.745,s1.125,s270
135_88,s3.9600000000000004,s0.55,s0
135_89,s4.3100000000000005,s1.35,s180
135_90,s-3.3850000000000007,s1.8749999999999996,s90
135_91,s-4.1850000000000005,s2.2249999999999996,s270
135_92,s-2.97,s1.65,s0
135_93,s-2.62,s2.45,s180
135_94,s-1.4050000000000002,s1.8749999999999998,s90
135_95,s-2.205,s2.2249999999999996,s270
135_96,s-0.9900000000000001,s1.65,s0
135_97,s-0.6400000000000001,s2.45,s180
135_98,s0.575,s1.875,s90
135_99,s-0.225,s2.225,s270
135_100,s0.9900000000000001,s1.65,s0
135_101,s1.34,s2.45,s180
135_102,s2.555,s1.875,s90
135_103,s1.755,s2.2249999999999996,s270
135_104,s2.97,s1.65,s0
135_105,s3.32,s2.45,s180
135_106,s4.535,s1.875,s90
135_107,s3.735,s2.225,s270
135_108,s-3.9600000000000004,s2.75,s0
135_109,s-3.6100000000000003,s3.55,s180
135_110,s-2.395,s2.975,s90
135_111,s-3.195,s3.325,s270
135_112,s-1.9800000000000002,s2.75,s0
135_113,s-1.6300000000000003,s3.55,s180
135_114,s-0.415,s2.975,s90
135_115,s-1.215,s3.325,s270
135_116,s0.0,s2.75,s0
135_117,s0.35,s3.55,s180
135_118,s1.565,s2.975,s90
135_119,s0.765,s3.325,s270
135_120,s1.9800000000000002,s2.75,s0
135_121,s2.33,s3.55,s180
135_122,s3.545,s2.975,s90
135_123,s2.745,s3.325,s270
135_124,s3.9600000000000004,s2.75,s0
135_125,s4.3100000000000005,s3.55,s180
135_126,s-3.3850000000000007,s4.075,s90
135_127,s-4.185,s4.425000000000001,s270
135_128,s-2.97,s3.8500000000000005,s0
135_129,s-2.62,s4.65,s180
135_130,s-1.4050000000000005,s4.075000000000001,s90
135_131,s-2.205,s4.425000000000001,s270
135_132,s-0.9900000000000001,s3.8500000000000005,s0
135_133,s-0.6400000000000001,s4.65,s180
136_0,s-3.9600000000000004,s-3.8500000000000005,s0
136_1,s-3.6100000000000003,s-3.0500000000000007,s180
136_2,s-2.3949999999999996,s-3.6250000000000004,s90
136_3,s-3.1949999999999994,s-3.2750000000000004,s270
136_4,s-1.9800000000000002,s-3.8500000000000005,s0
136_5,s-1.6300000000000003,s-3.0500000000000007,s180
136_6,s-0.415,s-3.6250000000000004,s90
136_7,s-1.215,s-3.2750000000000004,s270
136_8,s0.0,s-3.8500000000000005,s0
136_9,s0.35,s-3.0500000000000007,s180
136_10,s1.565,s-3.625,s90
136_11,s0.765,s-3.275,s270
136_12,s1.9800000000000002,s-3.8500000000000005,s0
136_13,s2.33,s-3.0500000000000007,s180
136_14,s3.545,s-3.625,s90
136_15,s2.745,s-3.275,s270
136_16,s3.9600000000000004,s-3.8500000000000005,s0
136_17,s4.3100000000000005,s-3.0500000000000007,s180
136_18,s-3.385,s-2.525,s90
136_19,s-4.185,s-2.175,s270
136_20,s-2.97,s-2.75,s0
136_21,s-2.62,s-1.95,s180
136_22,s-1.405,s-2.525,s90
136_23,s-2.205,s-2.175,s270
136_24,s-0.9900000000000001,s-2.75,s0
136_25,s-0.6400000000000001,s-1.95,s180
136_26,s0.575,s-2.525,s90
136_27,s-0.225,s-2.175,s270
136_28,s0.9900000000000001,s-2.75,s0
136_29,s1.34,s-1.95,s180
136_30,s2.555,s-2.525,s90
136_31,s1.7550000000000003,s-2.175,s270
136_32,s2.97,s-2.75,s0
136_33,s3.32,s-1.95,s180
136_34,s4.535,s-2.5249999999999995,s90
136_35,s3.7350000000000003,s-2.1749999999999994,s270
136_36,s-3.9600000000000004,s-1.65,s0
136_37,s-3.6100000000000003,s-0.8500000000000001,s180
136_38,s-2.395,s-1.425,s90
136_39,s-3.195,s-1.075,s270
136_40,s-1.9800000000000002,s-1.65,s0
136_41,s-1.6300000000000003,s-0.8500000000000001,s180
136_42,s-0.415,s-1.425,s90
136_43,s-1.215,s-1.075,s270
136_44,s0.0,s-1.65,s0
136_45,s0.35,s-0.8500000000000001,s180
136_46,s1.565,s-1.425,s90
136_47,s0.7650000000000001,s-1.075,s270
136_48,s1.9800000000000002,s-1.65,s0
136_49,s2.33,s-0.8500000000000001,s180
136_50,s3.545,s-1.425,s90
136_51,s2.745,s-1.075,s270
136_52,s3.9600000000000004,s-1.65,s0
136_53,s4.3100000000000005,s-0.8500000000000001,s180
136_54,s-3.3850000000000007,s-0.325,s90
136_55,s-4.1850000000000005,s0.025,s270
136_56,s-2.97,s-0.55,s0
136_57,s-2.62,s0.25,s180
136_58,s-1.4050000000000002,s-0.325,s90
136_59,s-2.205,s0.025,s270
136_60,s-0.9900000000000001,s-0.55,s0
136_61,s-0.6400000000000001,s0.25,s180
136_62,s0.575,s-0.325,s90
136_63,s-0.225,s0.025,s270
136_64,s0.9900000000000001,s-0.55,s0
136_65,s1.34,s0.25,s180
136_66,s2.555,s-0.325,s90
136_67,s1.7550000000000003,s0.024999999999999745,s270
136_68,s2.97,s-0.55,s0
136_69,s3.32,s0.25,s180
136_70,s4.535,s-0.325,s90
136_71,s3.7350000000000003,s0.025,s270
136_72,s-3.9600000000000004,s0.55,s0
136_73,s-3.6100000000000003,s1.35,s180
136_74,s-2.395,s0.775,s90
136_75,s-3.195,s1.125,s270
136_76,s-1.9800000000000002,s0.55,s0
136_77,s-1.6300000000000003,s1.35,s180
136_78,s-0.41500000000000015,s0.7749999999999999,s90
136_79,s-1.215,s1.1249999999999998,s270
136_80,s0.0,s0.55,s0
136_81,s0.35,s1.35,s180
136_82,s1.565,s0.7750000000000001,s90
136_83,s0.765,s1.125,s270
136_84,s1.9800000000000002,s0.55,s0
136_85,s2.33,s1.35,s180
136_86,s3.545,s0.775,s90
136_87,s2.745,s1.125,s270
136_88,s3.9600000000000004,s0.55,s0
136_89,s4.3100000000000005,s1.35,s180
136_90,s-3.3850000000000007,s1.8749999999999996,s90
136_91,s-4.1850000000000005,s2.2249999999999996,s270
136_92,s-2.97,s1.65,s0
136_93,s-2.62,s2.45,s180
136_94,s-1.4050000000000002,s1.8749999999999998,s90
136_95,s-2.205,s2.2249999999999996,s270
136_96,s-0.9900000000000001,s1.65,s0
136_97,s-0.6400000000000001,s2.45,s180
136_98,s0.575,s1.875,s90
136_99,s-0.225,s2.225,s270
136_100,s0.9900000000000001,s1.65,s0
136_101,s1.34,s2.45,s180
136_102,s2.555,s1.875,s90
136_103,s1.755,s2.2249999999999996,s270
136_104,s2.97,s1.65,s0
136_105,s3.32,s2.45,s180
136_106,s4.535,s1.875,s90
136_107,s3.735,s2.225,s270
136_108,s-3.9600000000000004,s2.75,s0
136_109,s-3.6100000000000003,s3.55,s180
136_110,s-2.395,s2.975,s90
136_111,s-3.195,s3.325,s270
136_112,s-1.9800000000000002,s2.75,s0
136_113,s-1.6300000000000003,s3.55,s180
136_114,s-0.415,s2.975,s90
136_115,s-1.215,s3.325,s270
136_116,s0.0,s2.75,s0
136_117,s0.35,s3.55,s180
136_118,s1.565,s2.975,s90
136_119,s0.765,s3.325,s270
136_120,s1.9800000000000002,s2.75,s0
136_121,s2.33,s3.55,s180
136_122,s3.545,s2.975,s90
136_123,s2.745,s3.325,s270
136_124,s3.9600000000000004,s2.75,s0
136_125,s4.3100000000000005,s3.55,s180
136_126,s-3.3850000000000007,s4.075,s90
136_127,s-4.185,s4.425000000000001,s270
136_128,s-2.97,s3.8500000000000005,s0
136_129,s-2.62,s4.65,s180
136_130,s-1.4050000000000005,s4.075000000000001,s90
136_131,s-2.205,s4.425000000000001,s270
136_132,s-0.9900000000000001,s3.8500000000000005,s0
136_133,s-0.6400000000000001,s4.65,s180
136_134,s0.575,s4.075,s90
136_135,s-0.22499999999999948,s4.425000000000001,s270
137_0,s-3.9600000000000004,s-3.8500000000000005,s0
137_1,s-3.6100000000000003,s-3.0500000000000007,s180
137_2,s-2.3949999999999996,s-3.6250000000000004,s90
137_3,s-3.1949999999999994,s-3.2750000000000004,s270
137_4,s-1.9800000000000002,s-3.8500000000000005,s0
137_5,s-1.6300000000000003,s-3.0500000000000007,s180
137_6,s-0.415,s-3.6250000000000004,s90
137_7,s-1.215,s-3.2750000000000004,s270
137_8,s0.0,s-3.8500000000000005,s0
137_9,s0.35,s-3.0500000000000007,s180
137_10,s1.565,s-3.625,s90
137_11,s0.765,s-3.275,s270
137_12,s1.9800000000000002,s-3.8500000000000005,s0
137_13,s2.33,s-3.0500000000000007,s180
137_14,s3.545,s-3.625,s90
137_15,s2.745,s-3.275,s270
137_16,s3.9600000000000004,s-3.8500000000000005,s0
137_17,s4.3100000000000005,s-3.0500000000000007,s180
137_18,s-3.385,s-2.525,s90
137_19,s-4.185,s-2.175,s270
137_20,s-2.97,s-2.75,s0
137_21,s-2.62,s-1.95,s180
137_22,s-1.405,s-2.525,s90
137_23,s-2.205,s-2.175,s270
137_24,s-0.9900000000000001,s-2.75,s0
137_25,s-0.6400000000000001,s-1.95,s180
137_26,s0.575,s-2.525,s90
137_27,s-0.225,s-2.175,s270
137_28,s0.9900000000000001,s-2.75,s0
137_29,s1.34,s-1.95,s180
137_30,s2.555,s-2.525,s90
137_31,s1.7550000000000003,s-2.175,s270
137_32,s2.97,s-2.75,s0
137_33,s3.32,s-1.95,s180
137_34,s4.535,s-2.5249999999999995,s90
137_35,s3.7350000000000003,s-2.1749999999999994,s270
137_36,s-3.9600000000000004,s-1.65,s0
137_37,s-3.6100000000000003,s-0.8500000000000001,s180
137_38,s-2.395,s-1.425,s90
137_39,s-3.195,s-1.075,s270
137_40,s-1.9800000000000002,s-1.65,s0
137_41,s-1.6300000000000003,s-0.8500000000000001,s180
137_42,s-0.415,s-1.425,s90
137_43,s-1.215,s-1.075,s270
137_44,s0.0,s-1.65,s0
137_45,s0.35,s-0.8500000000000001,s180
137_46,s1.565,s-1.425,s90
137_47,s0.7650000000000001,s-1.075,s270
137_48,s1.9800000000000002,s-1.65,s0
137_49,s2.33,s-0.8500000000000001,s180
137_50,s3.545,s-1.425,s90
137_51,s2.745,s-1.075,s270
137_52,s3.9600000000000004,s-1.65,s0
137_53,s4.3100000000000005,s-0.8500000000000001,s180
137_54,s-3.3850000000000007,s-0.325,s90
137_55,s-4.1850000000000005,s0.025,s270
137_56,s-2.97,s-0.55,s0
137_57,s-2.62,s0.25,s180
137_58,s-1.4050000000000002,s-0.325,s90
137_59,s-2.205,s0.025,s270
137_60,s-0.9900000000000001,s-0.55,s0
137_61,s-0.6400000000000001,s0.25,s180
137_62,s0.575,s-0.325,s90
137_63,s-0.225,s0.025,s270
137_64,s0.9900000000000001,s-0.55,s0
137_65,s1.34,s0.25,s180
137_66,s2.555,s-0.325,s90
137_67,s1.7550000000000003,s0.024999999999999745,s270
137_68,s2.97,s-0.55,s0
137_69,s3.32,s0.25,s180
137_70,s4.535,s-0.325,s90
137_71,s3.7350000000000003,s0.025,s270
137_72,s-3.9600000000000004,s0.55,s0
137_73,s-3.6100000000000003,s1.35,s180
137_74,s-2.395,s0.775,s90
137_75,s-3.195,s1.125,s270
137_76,s-1.9800000000000002,s0.55,s0
137_77,s-1.6300000000000003,s1.35,s180
137_78,s-0.41500000000000015,s0.7749999999999999,s90
137_79,s-1.215,s1.1249999999999998,s270
137_80,s0.0,s0.55,s0
137_81,s0.35,s1.35,s180
137_82,s1.565,s0.7750000000000001,s90
137_83,s0.765,s1.125,s270
137_84,s1.9800000000000002,s0.55,s0
137_85,s2.33,s1.35,s180
137_86,s3.545,s0.775,s90
137_87,s2.745,s1.125,s270
137_88,s3.9600000000000004,s0.55,s0
137_89,s4.3100000000000005,s1.35,s180
137_90,s-3.3850000000000007,s1.8749999999999996,s90
137_91,s-4.1850000000000005,s2.2249999999999996,s270
137_92,s-2.97,s1.65,s0
137_93,s-2.62,s2.45,s180
137_94,s-1.4050000000000002,s1.8749999999999998,s90
137_95,s-2.205,s2.2249999999999996,s270
137_96,s-0.9900000000000001,s1.65,s0
137_97,s-0.6400000000000001,s2.45,s180
137_98,s0.575,s1.875,s90
137_99,s-0.225,s2.225,s270
137_100,s0.9900000000000001,s1.65,s0
137_101,s1.34,s2.45,s180
137_102,s2.555,s1.875,s90
137_103,s1.755,s2.2249999999999996,s270
137_104,s2.97,s1.65,s0
137_105,s3.32,s2.45,s180
137_106,s4.535,s1.875,s90
137_107,s3.735,s2.225,s270
137_108,s-3.9600000000000004,s2.75,s0
137_109,s-3.6100000000000003,s3.55,s180
137_110,s-2.395,s2.975,s90
137_111,s-3.195,s3.325,s270
137_112,s-1.9800000000000002,s2.75,s0
137_113,s-1.6300000000000003,s3.55,s180
137_114,s-0.415,s2.975,s90
137_115,s-1.215,s3.325,s270
137_116,s0.0,s2.75,s0
137_117,s0.35,s3.55,s180
137_118,s1.565,s2.975,s90
137_119,s0.765,s3.325,s270
137_120,s1.9800000000000002,s2.75,s0
137_121,s2.33,s3.55,s180
137_122,s3.545,s2.975,s90
137_123,s2.745,s3.325,s270
137_124,s3.9600000000000004,s2.75,s0
137_125,s4.3100000000000005,s3.55,s180
137_126,s-3.3850000000000007,s4.075,s90
137_127,s-4.185,s4.425000000000001,s270
137_128,s-2.97,s3.8500000000000005,s0
137_129,s-2.62,s4.65,s180
137_130,s-1.4050000000000005,s4.075000000000001,s90
137_131,s-2.205,s4.425000000000001,s270
137_132,s-0.9900000000000001,s3.8500000000000005,s0
137_133,s-0.6400000000000001,s4.65,s180
137_134,s0.575,s4.075,s90
137_135,s-0.22499999999999948,s4.425000000000001,s270
138_0,s-3.9600000000000004,s-3.8500000000000005,s0
138_1,s-3.6100000000000003,s-3.0500000000000007,s180
138_2,s-2.3949999999999996,s-3.6250000000000004,s90
138_3,s-3.1949999999999994,s-3.2750000000000004,s270
138_4,s-1.9800000000000002,s-3.8500000000000005,s0
138_5,s-1.6300000000000003,s-3.0500000000000007,s180
138_6,s-0.415,s-3.6250000000000004,s90
138_7,s-1.215,s-3.2750000000000004,s270
138_8,s0.0,s-3.8500000000000005,s0
138_9,s0.35,s-3.0500000000000007,s180
138_10,s1.565,s-3.625,s90
138_11,s0.765,s-3.275,s270
138_12,s1.9800000000000002,s-3.8500000000000005,s0
138_13,s2.33,s-3.0500000000000007,s180
138_14,s3.545,s-3.625,s90
138_15,s2.745,s-3.275,s270
138_16,s3.9600000000000004,s-3.8500000000000005,s0
138_17,s4.3100000000000005,s-3.0500000000000007,s180
138_18,s-3.385,s-2.525,s90
138_19,s-4.185,s-2.175,s270
138_20,s-2.97,s-2.75,s0
138_21,s-2.62,s-1.95,s180
138_22,s-1.405,s-2.525,s90
138_23,s-2.205,s-2.175,s270
138_24,s-0.9900000000000001,s-2.75,s0
138_25,s-0.6400000000000001,s-1.95,s180
138_26,s0.575,s-2.525,s90
138_27,s-0.225,s-2.175,s270
138_28,s0.9900000000000001,s-2.75,s0
138_29,s1.34,s-1.95,s180
138_30,s2.555,s-2.525,s90
138_31,s1.7550000000000003,s-2.175,s270
138_32,s2.97,s-2.75,s0
138_33,s3.32,s-1.95,s180
138_34,s4.535,s-2.5249999999999995,s90
138_35,s3.7350000000000003,s-2.1749999999999994,s270
138_36,s-3.9600000000000004,s-1.65,s0
138_37,s-3.6100000000000003,s-0.8500000000000001,s180
138_38,s-2.395,s-1.425,s90
138_39,s-3.195,s-1.075,s270
138_40,s-1.9800000000000002,s-1.65,s0
138_41,s-1.6300000000000003,s-0.8500000000000001,s180
138_42,s-0.415,s-1.425,s90
138_43,s-1.215,s-1.075,s270
138_44,s0.0,s-1.65,s0
138_45,s0.35,s-0.8500000000000001,s180
138_46,s1.565,s-1.425,s90
138_47,s0.7650000000000001,s-1.075,s270
138_48,s1.9800000000000002,s-1.65,s0
138_49,s2.33,s-0.8500000000000001,s180
138_50,s3.545,s-1.425,s90
138_51,s2.745,s-1.075,s270
138_52,s3.9600000000000004,s-1.65,s0
138_53,s4.3100000000000005,s-0.8500000000000001,s180
138_54,s-3.3850000000000007,s-0.325,s90
138_55,s-4.1850000000000005,s0.025,s270
138_56,s-2.97,s-0.55,s0
138_57,s-2.62,s0.25,s180
138_58,s-1.4050000000000002,s-0.325,s90
138_59,s-2.205,s0.025,s270
138_60,s-0.9900000000000001,s-0.55,s0
138_61,s-0.6400000000000001,s0.25,s180
138_62,s0.575,s-0.325,s90
138_63,s-0.225,s0.025,s270
138_64,s0.9900000000000001,s-0.55,s0
138_65,s1.34,s0.25,s180
138_66,s2.555,s-0.325,s90
138_67,s1.7550000000000003,s0.024999999999999745,s270
138_68,s2.97,s-0.55,s0
138_69,s3.32,s0.25,s180
138_70,s4.535,s-0.325,s90
138_71,s3.7350000000000003,s0.025,s270
138_72,s-3.9600000000000004,s0.55,s0
138_73,s-3.6100000000000003,s1.35,s180
138_74,s-2.395,s0.775,s90
138_75,s-3.195,s1.125,s270
138_76,s-1.9800000000000002,s0.55,s0
138_77,s-1.6300000000000003,s1.35,s180
138_78,s-0.41500000000000015,s0.7749999999999999,s90
138_79,s-1.215,s1.1249999999999998,s270
138_80,s0.0,s0.55,s0
138_81,s0.35,s1.35,s180
138_82,s1.565,s0.7750000000000001,s90
138_83,s0.765,s1.125,s270
138_84,s1.9800000000000002,s0.55,s0
138_85,s2.33,s1.35,s180
138_86,s3.545,s0.775,s90
138_87,s2.745,s1.125,s270
138_88,s3.9600000000000004,s0.55,s0
138_89,s4.3100000000000005,s1.35,s180
138_90,s-3.3850000000000007,s1.8749999999999996,s90
138_91,s-4.1850000000000005,s2.2249999999999996,s270
138_92,s-2.97,s1.65,s0
138_93,s-2.62,s2.45,s180
138_94,s-1.4050000000000002,s1.8749999999999998,s90
138_95,s-2.205,s2.2249999999999996,s270
138_96,s-0.9900000000000001,s1.65,s0
138_97,s-0.6400000000000001,s2.45,s180
138_98,s0.575,s1.875,s90
138_99,s-0.225,s2.225,s270
138_100,s0.9900000000000001,s1.65,s0
138_101,s1.34,s2.45,s180
138_102,s2.555,s1.875,s90
138_103,s1.755,s2.2249999999999996,s270
138_104,s2.97,s1.65,s0
138_105,s3.32,s2.45,s180
138_106,s4.535,s1.875,s90
138_107,s3.735,s2.225,s270
138_108,s-3.9600000000000004,s2.75,s0
138_109,s-3.6100000000000003,s3.55,s180
138_110,s-2.395,s2.975,s90
138_111,s-3.195,s3.325,s270
138_112,s-1.9800000000000002,s2.75,s0
138_113,s-1.6300000000000003,s3.55,s180
138_114,s-0.415,s2.975,s90
138_115,s-1.215,s3.325,s270
138_116,s0.0,s2.75,s0
138_117,s0.35,s3.55,s180
138_118,s1.565,s2.975,s90
138_119,s0.765,s3.325,s270
138_120,s1.9800000000000002,s2.75,s0
138_121,s2.33,s3.55,s180
138_122,s3.545,s2.975,s90
138_123,s2.745,s3.325,s270
138_124,s3.9600000000000004,s2.75,s0
138_125,s4.3100000000000005,s3.55,s180
138_126,s-3.3850000000000007,s4.075,s90
138_127,s-4.185,s4.425000000000001,s270
138_128,s-2.97,s3.8500000000000005,s0
138_129,s-2.62,s4.65,s180
138_130,s-1.4050000000000005,s4.075000000000001,s90
138_131,s-2.205,s4.425000000000001,s270
138_132,s-0.9900000000000001,s3.8500000000000005,s0
138_133,s-0.6400000000000001,s4.65,s180
138_134,s0.575,s4.075,s90
138_135,s-0.22499999999999948,s4.425000000000001,s270
138_136,s0.9900000000000001,s3.8500000000000005,s0
138_137,s1.34,s4.65,s180
139_0,s-3.9600000000000004,s-3.8500000000000005,s0
139_1,s-3.6100000000000003,s-3.0500000000000007,s180
139_2,s-2.3949999999999996,s-3.6250000000000004,s90
139_3,s-3.1949999999999994,s-3.2750000000000004,s270
139_4,s-1.9800000000000002,s-3.8500000000000005,s0
139_5,s-1.6300000000000003,s-3.0500000000000007,s180
139_6,s-0.415,s-3.6250000000000004,s90
139_7,s-1.215,s-3.2750000000000004,s270
139_8,s0.0,s-3.8500000000000005,s0
139_9,s0.35,s-3.0500000000000007,s180
139_10,s1.565,s-3.625,s90
139_11,s0.765,s-3.275,s270
139_12,s1.9800000000000002,s-3.8500000000000005,s0
139_13,s2.33,s-3.0500000000000007,s180
139_14,s3.545,s-3.625,s90
139_15,s2.745,s-3.275,s270
139_16,s3.9600000000000004,s-3.8500000000000005,s0
139_17,s4.3100000000000005,s-3.0500000000000007,s180
139_18,s-3.385,s-2.525,s90
139_19,s-4.185,s-2.175,s270
139_20,s-2.97,s-2.75,s0
139_21,s-2.62,s-1.95,s180
139_22,s-1.405,s-2.525,s90
139_23,s-2.205,s-2.175,s270
139_24,s-0.9900000000000001,s-2.75,s0
139_25,s-0.6400000000000001,s-1.95,s180
139_26,s0.575,s-2.525,s90
139_27,s-0.225,s-2.175,s270
139_28,s0.9900000000000001,s-2.75,s0
139_29,s1.34,s-1.95,s180
139_30,s2.555,s-2.525,s90
139_31,s1.7550000000000003,s-2.175,s270
139_32,s2.97,s-2.75,s0
139_33,s3.32,s-1.95,s180
139_34,s4.535,s-2.5249999999999995,s90
139_35,s3.7350000000000003,s-2.1749999999999994,s270
139_36,s-3.9600000000000004,s-1.65,s0
139_37,s-3.6100000000000003,s-0.8500000000000001,s180
139_38,s-2.395,s-1.425,s90
139_39,s-3.195,s-1.075,s270
139_40,s-1.9800000000000002,s-1.65,s0
139_41,s-1.6300000000000003,s-0.8500000000000001,s180
139_42,s-0.415,s-1.425,s90
139_43,s-1.215,s-1.075,s270
139_44,s0.0,s-1.65,s0
139_45,s0.35,s-0.8500000000000001,s180
139_46,s1.565,s-1.425,s90
139_47,s0.7650000000000001,s-1.075,s270
139_48,s1.9800000000000002,s-1.65,s0
139_49,s2.33,s-0.8500000000000001,s180
139_50,s3.545,s-1.425,s90
139_51,s2.745,s-1.075,s270
139_52,s3.9600000000000004,s-1.65,s0
139_53,s4.3100000000000005,s-0.8500000000000001,s180
139_54,s-3.3850000000000007,s-0.325,s90
139_55,s-4.1850000000000005,s0.025,s270
139_56,s-2.97,s-0.55,s0
139_57,s-2.62,s0.25,s180
139_58,s-1.4050000000000002,s-0.325,s90
139_59,s-2.205,s0.025,s270
139_60,s-0.9900000000000001,s-0.55,s0
139_61,s-0.6400000000000001,s0.25,s180
139_62,s0.575,s-0.325,s90
139_63,s-0.225,s0.025,s270
139_64,s0.9900000000000001,s-0.55,s0
139_65,s1.34,s0.25,s180
139_66,s2.555,s-0.325,s90
139_67,s1.7550000000000003,s0.024999999999999745,s270
139_68,s2.97,s-0.55,s0
139_69,s3.32,s0.25,s180
139_70,s4.535,s-0.325,s90
139_71,s3.7350000000000003,s0.025,s270
139_72,s-3.9600000000000004,s0.55,s0
139_73,s-3.6100000000000003,s1.35,s180
139_74,s-2.395,s0.775,s90
139_75,s-3.195,s1.125,s270
139_76,s-1.9800000000000002,s0.55,s0
139_77,s-1.6300000000000003,s1.35,s180
139_78,s-0.41500000000000015,s0.7749999999999999,s90
139_79,s-1.215,s1.1249999999999998,s270
139_80,s0.0,s0.55,s0
139_81,s0.35,s1.35,s180
139_82,s1.565,s0.7750000000000001,s90
139_83,s0.765,s1.125,s270
139_84,s1.9800000000000002,s0.55,s0
139_85,s2.33,s1.35,s180
139_86,s3.545,s0.775,s90
139_87,s2.745,s1.125,s270
139_88,s3.9600000000000004,s0.55,s0
139_89,s4.3100000000000005,s1.35,s180
139_90,s-3.3850000000000007,s1.8749999999999996,s90
139_91,s-4.1850000000000005,s2.2249999999999996,s270
139_92,s-2.97,s1.65,s0
139_93,s-2.62,s2.45,s180
139_94,s-1.4050000000000002,s1.8749999999999998,s90
139_95,s-2.205,s2.2249999999999996,s270
139_96,s-0.9900000000000001,s1.65,s0
139_97,s-0.6400000000000001,s2.45,s180
139_98,s0.575,s1.875,s90
139_99,s-0.225,s2.225,s270
139_100,s0.9900000000000001,s1.65,s0
139_101,s1.34,s2.45,s180
139_102,s2.555,s1.875,s90
139_103,s1.755,s2.2249999999999996,s270
139_104,s2.97,s1.65,s0
139_105,s3.32,s2.45,s180
139_106,s4.535,s1.875,s90
139_107,s3.735,s2.225,s270
139_108,s-3.9600000000000004,s2.75,s0
139_109,s-3.6100000000000003,s3.55,s180
139_110,s-2.395,s2.975,s90
139_111,s-3.195,s3.325,s270
139_112,s-1.9800000000000002,s2.75,s0
139_113,s-1.6300000000000003,s3.55,s180
139_114,s-0.415,s2.975,s90
139_115,s-1.215,s3.325,s270
139_116,s0.0,s2.75,s0
139_117,s0.35,s3.55,s180
139_118,s1.565,s2.975,s90
139_119,s0.765,s3.325,s270
139_120,s1.9800000000000002,s2.75,s0
139_121,s2.33,s3.55,s180
139_122,s3.545,s2.975,s90
139_123,s2.745,s3.325,s270
139_124,s3.9600000000000004,s2.75,s0
139_125,s4.3100000000000005,s3.55,s180
139_126,s-3.3850000000000007,s4.075,s90
139_127,s-4.185,s4.425000000000001,s270
139_128,s-2.97,s3.8500000000000005,s0
139_129,s-2.62,s4.65,s180
139_130,s-1.4050000000000005,s4.075000000000001,s90
139_131,s-2.205,s4.425000000000001,s270
139_132,s-0.9900000000000001,s3.8500000000000005,s0
139_133,s-0.6400000000000001,s4.65,s180
139_134,s0.575,s4.075,s90
139_135,s-0.22499999999999948,s4.425000000000001,s270
139_136,s0.9900000000000001,s3.8500000000000005,s0
139_137,s1.34,s4.65,s180
140_0,s-3.9600000000000004,s-3.8500000000000005,s0
140_1,s-3.6100000000000003,s-3.0500000000000007,s180
140_2,s-2.3949999999999996,s-3.6250000000000004,s90
140_3,s-3.1949999999999994,s-3.2750000000000004,s270
140_4,s-1.9800000000000002,s-3.8500000000000005,s0
140_5,s-1.6300000000000003,s-3.0500000000000007,s180
140_6,s-0.415,s-3.6250000000000004,s90
140_7,s-1.215,s-3.2750000000000004,s270
140_8,s0.0,s-3.8500000000000005,s0
140_9,s0.35,s-3.0500000000000007,s180
140_10,s1.565,s-3.625,s90
140_11,s0.765,s-3.275,s270
140_12,s1.9800000000000002,s-3.8500000000000005,s0
140_13,s2.33,s-3.0500000000000007,s180
140_14,s3.545,s-3.625,s90
140_15,s2.745,s-3.275,s270
140_16,s3.9600000000000004,s-3.8500000000000005,s0
140_17,s4.3100000000000005,s-3.0500000000000007,s180
140_18,s-3.385,s-2.525,s90
140_19,s-4.185,s-2.175,s270
140_20,s-2.97,s-2.75,s0
140_21,s-2.62,s-1.95,s180
140_22,s-1.405,s-2.525,s90
140_23,s-2.205,s-2.175,s270
140_24,s-0.9900000000000001,s-2.75,s0
140_25,s-0.6400000000000001,s-1.95,s180
140_26,s0.575,s-2.525,s90
140_27,s-0.225,s-2.175,s270
140_28,s0.9900000000000001,s-2.75,s0
140_29,s1.34,s-1.95,s180
140_30,s2.555,s-2.525,s90
140_31,s1.7550000000000003,s-2.175,s270
140_32,s2.97,s-2.75,s0
140_33,s3.32,s-1.95,s180
140_34,s4.535,s-2.5249999999999995,s90
140_35,s3.7350000000000003,s-2.1749999999999994,s270
140_36,s-3.9600000000000004,s-1.65,s0
140_37,s-3.6100000000000003,s-0.8500000000000001,s180
140_38,s-2.395,s-1.425,s90
140_39,s-3.195,s-1.075,s270
140_40,s-1.9800000000000002,s-1.65,s0
140_41,s-1.6300000000000003,s-0.8500000000000001,s180
140_42,s-0.415,s-1.425,s90
140_43,s-1.215,s-1.075,s270
140_44,s0.0,s-1.65,s0
140_45,s0.35,s-0.8500000000000001,s180
140_46,s1.565,s-1.425,s90
140_47,s0.7650000000000001,s-1.075,s270
140_48,s1.9800000000000002,s-1.65,s0
140_49,s2.33,s-0.8500000000000001,s180
140_50,s3.545,s-1.425,s90
140_51,s2.745,s-1.075,s270
140_52,s3.9600000000000004,s-1.65,s0
140_53,s4.3100000000000005,s-0.8500000000000001,s180
140_54,s-3.3850000000000007,s-0.325,s90
140_55,s-4.1850000000000005,s0.025,s270
140_56,s-2.97,s-0.55,s0
140_57,s-2.62,s0.25,s180
140_58,s-1.4050000000000002,s-0.325,s90
140_59,s-2.205,s0.025,s270
140_60,s-0.9900000000000001,s-0.55,s0
140_61,s-0.6400000000000001,s0.25,s180
140_62,s0.575,s-0.325,s90
140_63,s-0.225,s0.025,s270
140_64,s0.9900000000000001,s-0.55,s0
140_65,s1.34,s0.25,s180
140_66,s2.555,s-0.325,s90
140_67,s1.7550000000000003,s0.024999999999999745,s270
140_68,s2.97,s-0.55,s0
140_69,s3.32,s0.25,s180
140_70,s4.535,s-0.325,s90
140_71,s3.7350000000000003,s0.025,s270
140_72,s-3.9600000000000004,s0.55,s0
140_73,s-3.6100000000000003,s1.35,s180
140_74,s-2.395,s0.775,s90
140_75,s-3.195,s1.125,s270
140_76,s-1.9800000000000002,s0.55,s0
140_77,s-1.6300000000000003,s1.35,s180
140_78,s-0.41500000000000015,s0.7749999999999999,s90
140_79,s-1.215,s1.1249999999999998,s270
140_80,s0.0,s0.55,s0
140_81,s0.35,s1.35,s180
140_82,s1.565,s0.7750000000000001,s90
140_83,s0.765,s1.125,s270
140_84,s1.9800000000000002,s0.55,s0
140_85,s2.33,s1.35,s180
140_86,s3.545,s0.775,s90
140_87,s2.745,s1.125,s270
140_88,s3.9600000000000004,s0.55,s0
140_89,s4.3100000000000005,s1.35,s180
140_90,s-3.3850000000000007,s1.8749999999999996,s90
140_91,s-4.1850000000000005,s2.2249999999999996,s270
140_92,s-2.97,s1.65,s0
140_93,s-2.62,s2.45,s180
140_94,s-1.4050000000000002,s1.8749999999999998,s90
140_95,s-2.205,s2.2249999999999996,s270
140_96,s-0.9900000000000001,s1.65,s0
140_97,s-0.6400000000000001,s2.45,s180
140_98,s0.575,s1.875,s90
140_99,s-0.225,s2.225,s270
140_100,s0.9900000000000001,s1.65,s0
140_101,s1.34,s2.45,s180
140_102,s2.555,s1.875,s90
140_103,s1.755,s2.2249999999999996,s270
140_104,s2.97,s1.65,s0
140_105,s3.32,s2.45,s180
140_106,s4.535,s1.875,s90
140_107,s3.735,s2.225,s270
140_108,s-3.9600000000000004,s2.75,s0
140_109,s-3.6100000000000003,s3.55,s180
140_110,s-2.395,s2.975,s90
140_111,s-3.195,s3.325,s270
140_112,s-1.9800000000000002,s2.75,s0
140_113,s-1.6300000000000003,s3.55,s180
140_114,s-0.415,s2.975,s90
140_115,s-1.215,s3.325,s270
140_116,s0.0,s2.75,s0
140_117,s0.35,s3.55,s180
140_118,s1.565,s2.975,s90
140_119,s0.765,s3.325,s270
140_120,s1.9800000000000002,s2.75,s0
140_121,s2.33,s3.55,s180
140_122,s3.545,s2.975,s90
140_123,s2.745,s3.325,s270
140_124,s3.9600000000000004,s2.75,s0
140_125,s4.3100000000000005,s3.55,s180
140_126,s-3.3850000000000007,s4.075,s90
140_127,s-4.185,s4.425000000000001,s270
140_128,s-2.97,s3.8500000000000005,s0
140_129,s-2.62,s4.65,s180
140_130,s-1.4050000000000005,s4.075000000000001,s90
140_131,s-2.205,s4.425000000000001,s270
140_132,s-0.9900000000000001,s3.8500000000000005,s0
140_133,s-0.6400000000000001,s4.65,s180
140_134,s0.575,s4.075,s90
140_135,s-0.22499999999999948,s4.425000000000001,s270
140_136,s0.9900000000000001,s3.8500000000000005,s0
140_137,s1.34,s4.65,s180
140_138,s2.5550000000000006,s4.075,s90
140_139,s1.755000000000001,s4.425,s270
141_0,s-3.9600000000000004,s-3.8500000000000005,s0
141_1,s-3.6100000000000003,s-3.0500000000000007,s180
141_2,s-2.3949999999999996,s-3.6250000000000004,s90
141_3,s-3.1949999999999994,s-3.2750000000000004,s270
141_4,s-1.9800000000000002,s-3.8500000000000005,s0
141_5,s-1.6300000000000003,s-3.0500000000000007,s180
141_6,s-0.415,s-3.6250000000000004,s90
141_7,s-1.215,s-3.2750000000000004,s270
141_8,s0.0,s-3.8500000000000005,s0
141_9,s0.35,s-3.0500000000000007,s180
141_10,s1.565,s-3.625,s90
141_11,s0.765,s-3.275,s270
141_12,s1.9800000000000002,s-3.8500000000000005,s0
141_13,s2.33,s-3.0500000000000007,s180
141_14,s3.545,s-3.625,s90
141_15,s2.745,s-3.275,s270
141_16,s3.9600000000000004,s-3.8500000000000005,s0
141_17,s4.3100000000000005,s-3.0500000000000007,s180
141_18,s-3.385,s-2.525,s90
141_19,s-4.185,s-2.175,s270
141_20,s-2.97,s-2.75,s0
141_21,s-2.62,s-1.95,s180
141_22,s-1.405,s-2.525,s90
141_23,s-2.205,s-2.175,s270
141_24,s-0.9900000000000001,s-2.75,s0
141_25,s-0.6400000000000001,s-1.95,s180
141_26,s0.575,s-2.525,s90
141_27,s-0.225,s-2.175,s270
141_28,s0.9900000000000001,s-2.75,s0
141_29,s1.34,s-1.95,s180
141_30,s2.555,s-2.525,s90
141_31,s1.7550000000000003,s-2.175,s270
141_32,s2.97,s-2.75,s0
141_33,s3.32,s-1.95,s180
141_34,s4.535,s-2.5249999999999995,s90
141_35,s3.7350000000000003,s-2.1749999999999994,s270
141_36,s-3.9600000000000004,s-1.65,s0
141_37,s-3.6100000000000003,s-0.8500000000000001,s180
141_38,s-2.395,s-1.425,s90
141_39,s-3.195,s-1.075,s270
141_40,s-1.9800000000000002,s-1.65,s0
141_41,s-1.6300000000000003,s-0.8500000000000001,s180
141_42,s-0.415,s-1.425,s90
141_43,s-1.215,s-1.075,s270
141_44,s0.0,s-1.65,s0
141_45,s0.35,s-0.8500000000000001,s180
141_46,s1.565,s-1.425,s90
141_47,s0.7650000000000001,s-1.075,s270
141_48,s1.9800000000000002,s-1.65,s0
141_49,s2.33,s-0.8500000000000001,s180
141_50,s3.545,s-1.425,s90
141_51,s2.745,s-1.075,s270
141_52,s3.9600000000000004,s-1.65,s0
141_53,s4.3100000000000005,s-0.8500000000000001,s180
141_54,s-3.3850000000000007,s-0.325,s90
141_55,s-4.1850000000000005,s0.025,s270
141_56,s-2.97,s-0.55,s0
141_57,s-2.62,s0.25,s180
141_58,s-1.4050000000000002,s-0.325,s90
141_59,s-2.205,s0.025,s270
141_60,s-0.9900000000000001,s-0.55,s0
141_61,s-0.6400000000000001,s0.25,s180
141_62,s0.575,s-0.325,s90
141_63,s-0.225,s0.025,s270
141_64,s0.9900000000000001,s-0.55,s0
141_65,s1.34,s0.25,s180
141_66,s2.555,s-0.325,s90
141_67,s1.7550000000000003,s0.024999999999999745,s270
141_68,s2.97,s-0.55,s0
141_69,s3.32,s0.25,s180
141_70,s4.535,s-0.325,s90
141_71,s3.7350000000000003,s0.025,s270
141_72,s-3.9600000000000004,s0.55,s0
141_73,s-3.6100000000000003,s1.35,s180
141_74,s-2.395,s0.775,s90
141_75,s-3.195,s1.125,s270
141_76,s-1.9800000000000002,s0.55,s0
141_77,s-1.6300000000000003,s1.35,s180
141_78,s-0.41500000000000015,s0.7749999999999999,s90
141_79,s-1.215,s1.1249999999999998,s270
141_80,s0.0,s0.55,s0
141_81,s0.35,s1.35,s180
141_82,s1.565,s0.7750000000000001,s90
141_83,s0.765,s1.125,s270
141_84,s1.9800000000000002,s0.55,s0
141_85,s2.33,s1.35,s180
141_86,s3.545,s0.775,s90
141_87,s2.745,s1.125,s270
141_88,s3.9600000000000004,s0.55,s0
141_89,s4.3100000000000005,s1.35,s180
141_90,s-3.3850000000000007,s1.8749999999999996,s90
141_91,s-4.1850000000000005,s2.2249999999999996,s270
141_92,s-2.97,s1.65,s0
141_93,s-2.62,s2.45,s180
141_94,s-1.4050000000000002,s1.8749999999999998,s90
141_95,s-2.205,s2.2249999999999996,s270
141_96,s-0.9900000000000001,s1.65,s0
141_97,s-0.6400000000000001,s2.45,s180
141_98,s0.575,s1.875,s90
141_99,s-0.225,s2.225,s270
141_100,s0.9900000000000001,s1.65,s0
141_101,s1.34,s2.45,s180
141_102,s2.555,s1.875,s90
141_103,s1.755,s2.2249999999999996,s270
141_104,s2.97,s1.65,s0
141_105,s3.32,s2.45,s180
141_106,s4.535,s1.875,s90
141_107,s3.735,s2.225,s270
141_108,s-3.9600000000000004,s2.75,s0
141_109,s-3.6100000000000003,s3.55,s180
141_110,s-2.395,s2.975,s90
141_111,s-3.195,s3.325,s270
141_112,s-1.9800000000000002,s2.75,s0
141_113,s-1.6300000000000003,s3.55,s180
141_114,s-0.415,s2.975,s90
141_115,s-1.215,s3.325,s270
141_116,s0.0,s2.75,s0
141_117,s0.35,s3.55,s180
141_118,s1.565,s2.975,s90
141_119,s0.765,s3.325,s270
141_120,s1.9800000000000002,s2.75,s0
141_121,s2.33,s3.55,s180
141_122,s3.545,s2.975,s90
141_123,s2.745,s3.325,s270
141_124,s3.9600000000000004,s2.75,s0
141_125,s4.3100000000000005,s3.55,s180
141_126,s-3.3850000000000007,s4.075,s90
141_127,s-4.185,s4.425000000000001,s270
141_128,s-2.97,s3.8500000000000005,s0
141_129,s-2.62,s4.65,s180
141_130,s-1.4050000000000005,s4.075000000000001,s90
141_131,s-2.205,s4.425000000000001,s270
141_132,s-0.9900000000000001,s3.8500000000000005,s0
141_133,s-0.6400000000000001,s4.65,s180
141_134,s0.575,s4.075,s90
141_135,s-0.22499999999999948,s4.425000000000001,s270
141_136,s0.9900000000000001,s3.8500000000000005,s0
141_137,s1.34,s4.65,s180
141_138,s2.5550000000000006,s4.075,s90
141_139,s1.755000000000001,s4.425,s270
142_0,s-3.9600000000000004,s-3.8500000000000005,s0
142_1,s-3.6100000000000003,s-3.0500000000000007,s180
142_2,s-2.3949999999999996,s-3.6250000000000004,s90
142_3,s-3.1949999999999994,s-3.2750000000000004,s270
142_4,s-1.9800000000000002,s-3.8500000000000005,s0
142_5,s-1.6300000000000003,s-3.0500000000000007,s180
142_6,s-0.415,s-3.6250000000000004,s90
142_7,s-1.215,s-3.2750000000000004,s270
142_8,s0.0,s-3.8500000000000005,s0
142_9,s0.35,s-3.0500000000000007,s180
142_10,s1.565,s-3.625,s90
142_11,s0.765,s-3.275,s270
142_12,s1.9800000000000002,s-3.8500000000000005,s0
142_13,s2.33,s-3.0500000000000007,s180
142_14,s3.545,s-3.625,s90
142_15,s2.745,s-3.275,s270
142_16,s3.9600000000000004,s-3.8500000000000005,s0
142_17,s4.3100000000000005,s-3.0500000000000007,s180
142_18,s-3.385,s-2.525,s90
142_19,s-4.185,s-2.175,s270
142_20,s-2.97,s-2.75,s0
142_21,s-2.62,s-1.95,s180
142_22,s-1.405,s-2.525,s90
142_23,s-2.205,s-2.175,s270
142_24,s-0.9900000000000001,s-2.75,s0
142_25,s-0.6400000000000001,s-1.95,s180
142_26,s0.575,s-2.525,s90
142_27,s-0.225,s-2.175,s270
142_28,s0.9900000000000001,s-2.75,s0
142_29,s1.34,s-1.95,s180
142_30,s2.555,s-2.525,s90
142_31,s1.7550000000000003,s-2.175,s270
142_32,s2.97,s-2.75,s0
142_33,s3.32,s-1.95,s180
142_34,s4.535,s-2.5249999999999995,s90
142_35,s3.7350000000000003,s-2.1749999999999994,s270
142_36,s-3.9600000000000004,s-1.65,s0
142_37,s-3.6100000000000003,s-0.8500000000000001,s180
142_38,s-2.395,s-1.425,s90
142_39,s-3.195,s-1.075,s270
142_40,s-1.9800000000000002,s-1.65,s0
142_41,s-1.6300000000000003,s-0.8500000000000001,s180
142_42,s-0.415,s-1.425,s90
142_43,s-1.215,s-1.075,s270
142_44,s0.0,s-1.65,s0
142_45,s0.35,s-0.8500000000000001,s180
142_46,s1.565,s-1.425,s90
142_47,s0.7650000000000001,s-1.075,s270
142_48,s1.9800000000000002,s-1.65,s0
142_49,s2.33,s-0.8500000000000001,s180
142_50,s3.545,s-1.425,s90
142_51,s2.745,s-1.075,s270
142_52,s3.9600000000000004,s-1.65,s0
142_53,s4.3100000000000005,s-0.8500000000000001,s180
142_54,s-3.3850000000000007,s-0.325,s90
142_55,s-4.1850000000000005,s0.025,s270
142_56,s-2.97,s-0.55,s0
142_57,s-2.62,s0.25,s180
142_58,s-1.4050000000000002,s-0.325,s90
142_59,s-2.205,s0.025,s270
142_60,s-0.9900000000000001,s-0.55,s0
142_61,s-0.6400000000000001,s0.25,s180
142_62,s0.575,s-0.325,s90
142_63,s-0.225,s0.025,s270
142_64,s0.9900000000000001,s-0.55,s0
142_65,s1.34,s0.25,s180
142_66,s2.555,s-0.325,s90
142_67,s1.7550000000000003,s0.024999999999999745,s270
142_68,s2.97,s-0.55,s0
142_69,s3.32,s0.25,s180
142_70,s4.535,s-0.325,s90
142_71,s3.7350000000000003,s0.025,s270
142_72,s-3.9600000000000004,s0.55,s0
142_73,s-3.6100000000000003,s1.35,s180
142_74,s-2.395,s0.775,s90
142_75,s-3.195,s1.125,s270
142_76,s-1.9800000000000002,s0.55,s0
142_77,s-1.6300000000000003,s1.35,s180
142_78,s-0.41500000000000015,s0.7749999999999999,s90
142_79,s-1.215,s1.1249999999999998,s270
142_80,s0.0,s0.55,s0
142_81,s0.35,s1.35,s180
142_82,s1.565,s0.7750000000000001,s90
142_83,s0.765,s1.125,s270
142_84,s1.9800000000000002,s0.55,s0
142_85,s2.33,s1.35,s180
142_86,s3.545,s0.775,s90
142_87,s2.745,s1.125,s270
142_88,s3.9600000000000004,s0.55,s0
142_89,s4.3100000000000005,s1.35,s180
142_90,s-3.3850000000000007,s1.8749999999999996,s90
142_91,s-4.1850000000000005,s2.2249999999999996,s270
142_92,s-2.97,s1.65,s0
142_93,s-2.62,s2.45,s180
142_94,s-1.4050000000000002,s1.8749999999999998,s90
142_95,s-2.205,s2.2249999999999996,s270
142_96,s-0.9900000000000001,s1.65,s0
142_97,s-0.6400000000000001,s2.45,s180
142_98,s0.575,s1.875,s90
142_99,s-0.225,s2.225,s270
142_100,s0.9900000000000001,s1.65,s0
142_101,s1.34,s2.45,s180
142_102,s2.555,s1.875,s90
142_103,s1.755,s2.2249999999999996,s270
142_104,s2.97,s1.65,s0
142_105,s3.32,s2.45,s180
142_106,s4.535,s1.875,s90
142_107,s3.735,s2.225,s270
142_108,s-3.9600000000000004,s2.75,s0
142_109,s-3.6100000000000003,s3.55,s180
142_110,s-2.395,s2.975,s90
142_111,s-3.195,s3.325,s270
142_112,s-1.9800000000000002,s2.75,s0
142_113,s-1.6300000000000003,s3.55,s180
142_114,s-0.415,s2.975,s90
142_115,s-1.215,s3.325,s270
142_116,s0.0,s2.75,s0
142_117,s0.35,s3.55,s180
142_118,s1.565,s2.975,s90
142_119,s0.765,s3.325,s270
142_120,s1.9800000000000002,s2.75,s0
142_121,s2.33,s3.55,s180
142_122,s3.545,s2.975,s90
142_123,s2.745,s3.325,s270
142_124,s3.9600000000000004,s2.75,s0
142_125,s4.3100000000000005,s3.55,s180
142_126,s-3.3850000000000007,s4.075,s90
142_127,s-4.185,s4.425000000000001,s270
142_128,s-2.97,s3.8500000000000005,s0
142_129,s-2.62,s4.65,s180
142_130,s-1.4050000000000005,s4.075000000000001,s90
142_131,s-2.205,s4.425000000000001,s270
142_132,s-0.9900000000000001,s3.8500000000000005,s0
142_133,s-0.6400000000000001,s4.65,s180
142_134,s0.575,s4.075,s90
142_135,s-0.22499999999999948,s4.425000000000001,s270
142_136,s0.9900000000000001,s3.8500000000000005,s0
142_137,s1.34,s4.65,s180
142_138,s2.5550000000000006,s4.075,s90
142_139,s1.755000000000001,s4.425,s270
142_140,s2.97,s3.8500000000000005,s0
142_141,s3.32,s4.65,s180
143_0,s-3.9600000000000004,s-3.8500000000000005,s0
143_1,s-3.6100000000000003,s-3.0500000000000007,s180
143_2,s-2.3949999999999996,s-3.6250000000000004,s90
143_3,s-3.1949999999999994,s-3.2750000000000004,s270
143_4,s-1.9800000000000002,s-3.8500000000000005,s0
143_5,s-1.6300000000000003,s-3.0500000000000007,s180
143_6,s-0.415,s-3.6250000000000004,s90
143_7,s-1.215,s-3.2750000000000004,s270
143_8,s0.0,s-3.8500000000000005,s0
143_9,s0.35,s-3.0500000000000007,s180
143_10,s1.565,s-3.625,s90
143_11,s0.765,s-3.275,s270
143_12,s1.9800000000000002,s-3.8500000000000005,s0
143_13,s2.33,s-3.0500000000000007,s180
143_14,s3.545,s-3.625,s90
143_15,s2.745,s-3.275,s270
143_16,s3.9600000000000004,s-3.8500000000000005,s0
143_17,s4.3100000000000005,s-3.0500000000000007,s180
143_18,s-3.385,s-2.525,s90
143_19,s-4.185,s-2.175,s270
143_20,s-2.97,s-2.75,s0
143_21,s-2.62,s-1.95,s180
143_22,s-1.405,s-2.525,s90
143_23,s-2.205,s-2.175,s270
143_24,s-0.9900000000000001,s-2.75,s0
143_25,s-0.6400000000000001,s-1.95,s180
143_26,s0.575,s-2.525,s90
143_27,s-0.225,s-2.175,s270
143_28,s0.9900000000000001,s-2.75,s0
143_29,s1.34,s-1.95,s180
143_30,s2.555,s-2.525,s90
143_31,s1.7550000000000003,s-2.175,s270
143_32,s2.97,s-2.75,s0
143_33,s3.32,s-1.95,s180
143_34,s4.535,s-2.5249999999999995,s90
143_35,s3.7350000000000003,s-2.1749999999999994,s270
143_36,s-3.9600000000000004,s-1.65,s0
143_37,s-3.6100000000000003,s-0.8500000000000001,s180
143_38,s-2.395,s-1.425,s90
143_39,s-3.195,s-1.075,s270
143_40,s-1.9800000000000002,s-1.65,s0
143_41,s-1.6300000000000003,s-0.8500000000000001,s180
143_42,s-0.415,s-1.425,s90
143_43,s-1.215,s-1.075,s270
143_44,s0.0,s-1.65,s0
143_45,s0.35,s-0.8500000000000001,s180
143_46,s1.565,s-1.425,s90
143_47,s0.7650000000000001,s-1.075,s270
143_48,s1.9800000000000002,s-1.65,s0
143_49,s2.33,s-0.8500000000000001,s180
143_50,s3.545,s-1.425,s90
143_51,s2.745,s-1.075,s270
143_52,s3.9600000000000004,s-1.65,s0
143_53,s4.3100000000000005,s-0.8500000000000001,s180
143_54,s-3.3850000000000007,s-0.325,s90
143_55,s-4.1850000000000005,s0.025,s270
143_56,s-2.97,s-0.55,s0
143_57,s-2.62,s0.25,s180
143_58,s-1.4050000000000002,s-0.325,s90
143_59,s-2.205,s0.025,s270
143_60,s-0.9900000000000001,s-0.55,s0
143_61,s-0.6400000000000001,s0.25,s180
143_62,s0.575,s-0.325,s90
143_63,s-0.225,s0.025,s270
143_64,s0.9900000000000001,s-0.55,s0
143_65,s1.34,s0.25,s180
143_66,s2.555,s-0.325,s90
143_67,s1.7550000000000003,s0.024999999999999745,s270
143_68,s2.97,s-0.55,s0
143_69,s3.32,s0.25,s180
143_70,s4.535,s-0.325,s90
143_71,s3.7350000000000003,s0.025,s270
143_72,s-3.9600000000000004,s0.55,s0
143_73,s-3.6100000000000003,s1.35,s180
143_74,s-2.395,s0.775,s90
143_75,s-3.195,s1.125,s270
143_76,s-1.9800000000000002,s0.55,s0
143_77,s-1.6300000000000003,s1.35,s180
143_78,s-0.41500000000000015,s0.7749999999999999,s90
143_79,s-1.215,s1.1249999999999998,s270
143_80,s0.0,s0.55,s0
143_81,s0.35,s1.35,s180
143_82,s1.565,s0.7750000000000001,s90
143_83,s0.765,s1.125,s270
143_84,s1.9800000000000002,s0.55,s0
143_85,s2.33,s1.35,s180
143_86,s3.545,s0.775,s90
143_87,s2.745,s1.125,s270
143_88,s3.9600000000000004,s0.55,s0
143_89,s4.3100000000000005,s1.35,s180
143_90,s-3.3850000000000007,s1.8749999999999996,s90
143_91,s-4.1850000000000005,s2.2249999999999996,s270
143_92,s-2.97,s1.65,s0
143_93,s-2.62,s2.45,s180
143_94,s-1.4050000000000002,s1.8749999999999998,s90
143_95,s-2.205,s2.2249999999999996,s270
143_96,s-0.9900000000000001,s1.65,s0
143_97,s-0.6400000000000001,s2.45,s180
143_98,s0.575,s1.875,s90
143_99,s-0.225,s2.225,s270
143_100,s0.9900000000000001,s1.65,s0
143_101,s1.34,s2.45,s180
143_102,s2.555,s1.875,s90
143_103,s1.755,s2.2249999999999996,s270
143_104,s2.97,s1.65,s0
143_105,s3.32,s2.45,s180
143_106,s4.535,s1.875,s90
143_107,s3.735,s2.225,s270
143_108,s-3.9600000000000004,s2.75,s0
143_109,s-3.6100000000000003,s3.55,s180
143_110,s-2.395,s2.975,s90
143_111,s-3.195,s3.325,s270
143_112,s-1.9800000000000002,s2.75,s0
143_113,s-1.6300000000000003,s3.55,s180
143_114,s-0.415,s2.975,s90
143_115,s-1.215,s3.325,s270
143_116,s0.0,s2.75,s0
143_117,s0.35,s3.55,s180
143_118,s1.565,s2.975,s90
143_119,s0.765,s3.325,s270
143_120,s1.9800000000000002,s2.75,s0
143_121,s2.33,s3.55,s180
143_122,s3.545,s2.975,s90
143_123,s2.745,s3.325,s270
143_124,s3.9600000000000004,s2.75,s0
143_125,s4.3100000000000005,s3.55,s180
143_126,s-3.3850000000000007,s4.075,s90
143_127,s-4.185,s4.425000000000001,s270
143_128,s-2.97,s3.8500000000000005,s0
143_129,s-2.62,s4.65,s180
143_130,s-1.4050000000000005,s4.075000000000001,s90
143_131,s-2.205,s4.425000000000001,s270
143_132,s-0.9900000000000001,s3.8500000000000005,s0
143_133,s-0.6400000000000001,s4.65,s180
143_134,s0.575,s4.075,s90
143_135,s-0.22499999999999948,s4.425000000000001,s270
143_136,s0.9900000000000001,s3.8500000000000005,s0
143_137,s1.34,s4.65,s180
143_138,s2.5550000000000006,s4.075,s90
143_139,s1.755000000000001,s4.425,s270
143_140,s2.97,s3.8500000000000005,s0
143_141,s3.32,s4.65,s180
144_0,s-3.9600000000000004,s-3.8500000000000005,s0
144_1,s-3.6100000000000003,s-3.0500000000000007,s180
144_2,s-2.3949999999999996,s-3.6250000000000004,s90
144_3,s-3.1949999999999994,s-3.2750000000000004,s270
144_4,s-1.9800000000000002,s-3.8500000000000005,s0
144_5,s-1.6300000000000003,s-3.0500000000000007,s180
144_6,s-0.415,s-3.6250000000000004,s90
144_7,s-1.215,s-3.2750000000000004,s270
144_8,s0.0,s-3.8500000000000005,s0
144_9,s0.35,s-3.0500000000000007,s180
144_10,s1.565,s-3.625,s90
144_11,s0.765,s-3.275,s270
144_12,s1.9800000000000002,s-3.8500000000000005,s0
144_13,s2.33,s-3.0500000000000007,s180
144_14,s3.545,s-3.625,s90
144_15,s2.745,s-3.275,s270
144_16,s3.9600000000000004,s-3.8500000000000005,s0
144_17,s4.3100000000000005,s-3.0500000000000007,s180
144_18,s-3.385,s-2.525,s90
144_19,s-4.185,s-2.175,s270
144_20,s-2.97,s-2.75,s0
144_21,s-2.62,s-1.95,s180
144_22,s-1.405,s-2.525,s90
144_23,s-2.205,s-2.175,s270
144_24,s-0.9900000000000001,s-2.75,s0
144_25,s-0.6400000000000001,s-1.95,s180
144_26,s0.575,s-2.525,s90
144_27,s-0.225,s-2.175,s270
144_28,s0.9900000000000001,s-2.75,s0
144_29,s1.34,s-1.95,s180
144_30,s2.555,s-2.525,s90
144_31,s1.7550000000000003,s-2.175,s270
144_32,s2.97,s-2.75,s0
144_33,s3.32,s-1.95,s180
144_34,s4.535,s-2.5249999999999995,s90
144_35,s3.7350000000000003,s-2.1749999999999994,s270
144_36,s-3.9600000000000004,s-1.65,s0
144_37,s-3.6100000000000003,s-0.8500000000000001,s180
144_38,s-2.395,s-1.425,s90
144_39,s-3.195,s-1.075,s270
144_40,s-1.9800000000000002,s-1.65,s0
144_41,s-1.6300000000000003,s-0.8500000000000001,s180
144_42,s-0.415,s-1.425,s90
144_43,s-1.215,s-1.075,s270
144_44,s0.0,s-1.65,s0
144_45,s0.35,s-0.8500000000000001,s180
144_46,s1.565,s-1.425,s90
144_47,s0.7650000000000001,s-1.075,s270
144_48,s1.9800000000000002,s-1.65,s0
144_49,s2.33,s-0.8500000000000001,s180
144_50,s3.545,s-1.425,s90
144_51,s2.745,s-1.075,s270
144_52,s3.9600000000000004,s-1.65,s0
144_53,s4.3100000000000005,s-0.8500000000000001,s180
144_54,s-3.3850000000000007,s-0.325,s90
144_55,s-4.1850000000000005,s0.025,s270
144_56,s-2.97,s-0.55,s0
144_57,s-2.62,s0.25,s180
144_58,s-1.4050000000000002,s-0.325,s90
144_59,s-2.205,s0.025,s270
144_60,s-0.9900000000000001,s-0.55,s0
144_61,s-0.6400000000000001,s0.25,s180
144_62,s0.575,s-0.325,s90
144_63,s-0.225,s0.025,s270
144_64,s0.9900000000000001,s-0.55,s0
144_65,s1.34,s0.25,s180
144_66,s2.555,s-0.325,s90
144_67,s1.7550000000000003,s0.024999999999999745,s270
144_68,s2.97,s-0.55,s0
144_69,s3.32,s0.25,s180
144_70,s4.535,s-0.325,s90
144_71,s3.7350000000000003,s0.025,s270
144_72,s-3.9600000000000004,s0.55,s0
144_73,s-3.6100000000000003,s1.35,s180
144_74,s-2.395,s0.775,s90
144_75,s-3.195,s1.125,s270
144_76,s-1.9800000000000002,s0.55,s0
144_77,s-1.6300000000000003,s1.35,s180
144_78,s-0.41500000000000015,s0.7749999999999999,s90
144_79,s-1.215,s1.1249999999999998,s270
144_80,s0.0,s0.55,s0
144_81,s0.35,s1.35,s180
144_82,s1.565,s0.7750000000000001,s90
144_83,s0.765,s1.125,s270
144_84,s1.9800000000000002,s0.55,s0
144_85,s2.33,s1.35,s180
144_86,s3.545,s0.775,s90
144_87,s2.745,s1.125,s270
144_88,s3.9600000000000004,s0.55,s0
144_89,s4.3100000000000005,s1.35,s180
144_90,s-3.3850000000000007,s1.8749999999999996,s90
144_91,s-4.1850000000000005,s2.2249999999999996,s270
144_92,s-2.97,s1.65,s0
144_93,s-2.62,s2.45,s180
144_94,s-1.4050000000000002,s1.8749999999999998,s90
144_95,s-2.205,s2.2249999999999996,s270
144_96,s-0.9900000000000001,s1.65,s0
144_97,s-0.6400000000000001,s2.45,s180
144_98,s0.575,s1.875,s90
144_99,s-0.225,s2.225,s270
144_100,s0.9900000000000001,s1.65,s0
144_101,s1.34,s2.45,s180
144_102,s2.555,s1.875,s90
144_103,s1.755,s2.2249999999999996,s270
144_104,s2.97,s1.65,s0
144_105,s3.32,s2.45,s180
144_106,s4.535,s1.875,s90
144_107,s3.735,s2.225,s270
144_108,s-3.9600000000000004,s2.75,s0
144_109,s-3.6100000000000003,s3.55,s180
144_110,s-2.395,s2.975,s90
144_111,s-3.195,s3.325,s270
144_112,s-1.9800000000000002,s2.75,s0
144_113,s-1.6300000000000003,s3.55,s180
144_114,s-0.415,s2.975,s90
144_115,s-1.215,s3.325,s270
144_116,s0.0,s2.75,s0
144_117,s0.35,s3.55,s180
144_118,s1.565,s2.975,s90
144_119,s0.765,s3.325,s270
144_120,s1.9800000000000002,s2.75,s0
144_121,s2.33,s3.55,s180
144_122,s3.545,s2.975,s90
144_123,s2.745,s3.325,s270
144_124,s3.9600000000000004,s2.75,s0
144_125,s4.3100000000000005,s3.55,s180
144_126,s-3.3850000000000007,s4.075,s90
144_127,s-4.185,s4.425000000000001,s270
144_128,s-2.97,s3.8500000000000005,s0
144_129,s-2.62,s4.65,s180
144_130,s-1.4050000000000005,s4.075000000000001,s90
144_131,s-2.205,s4.425000000000001,s270
144_132,s-0.9900000000000001,s3.8500000000000005,s0
144_133,s-0.6400000000000001,s4.65,s180
144_134,s0.575,s4.075,s90
144_135,s-0.22499999999999948,s4.425000000000001,s270
144_136,s0.9900000000000001,s3.8500000000000005,s0
144_137,s1.34,s4.65,s180
144_138,s2.5550000000000006,s4.075,s90
144_139,s1.755000000000001,s4.425,s270
144_140,s2.97,s3.8500000000000005,s0
144_141,s3.32,s4.65,s180
144_142,s4.535,s4.075,s90
144_143,s3.735000000000001,s4.425000000000001,s270
145_0,s-3.9600000000000004,s-3.8500000000000005,s0
145_1,s-3.6100000000000003,s-3.0500000000000007,s180
145_2,s-2.3949999999999996,s-3.6250000000000004,s90
145_3,s-3.1949999999999994,s-3.2750000000000004,s270
145_4,s-1.9800000000000002,s-3.8500000000000005,s0
145_5,s-1.6300000000000003,s-3.0500000000000007,s180
145_6,s-0.415,s-3.6250000000000004,s90
145_7,s-1.215,s-3.2750000000000004,s270
145_8,s0.0,s-3.8500000000000005,s0
145_9,s0.35,s-3.0500000000000007,s180
145_10,s1.565,s-3.625,s90
145_11,s0.765,s-3.275,s270
145_12,s1.9800000000000002,s-3.8500000000000005,s0
145_13,s2.33,s-3.0500000000000007,s180
145_14,s3.545,s-3.625,s90
145_15,s2.745,s-3.275,s270
145_16,s3.9600000000000004,s-3.8500000000000005,s0
145_17,s4.3100000000000005,s-3.0500000000000007,s180
145_18,s-3.385,s-2.525,s90
145_19,s-4.185,s-2.175,s270
145_20,s-2.97,s-2.75,s0
145_21,s-2.62,s-1.95,s180
145_22,s-1.405,s-2.525,s90
145_23,s-2.205,s-2.175,s270
145_24,s-0.9900000000000001,s-2.75,s0
145_25,s-0.6400000000000001,s-1.95,s180
145_26,s0.575,s-2.525,s90
145_27,s-0.225,s-2.175,s270
145_28,s0.9900000000000001,s-2.75,s0
145_29,s1.34,s-1.95,s180
145_30,s2.555,s-2.525,s90
145_31,s1.7550000000000003,s-2.175,s270
145_32,s2.97,s-2.75,s0
145_33,s3.32,s-1.95,s180
145_34,s4.535,s-2.5249999999999995,s90
145_35,s3.7350000000000003,s-2.1749999999999994,s270
145_36,s-3.9600000000000004,s-1.65,s0
145_37,s-3.6100000000000003,s-0.8500000000000001,s180
145_38,s-2.395,s-1.425,s90
145_39,s-3.195,s-1.075,s270
145_40,s-1.9800000000000002,s-1.65,s0
145_41,s-1.6300000000000003,s-0.8500000000000001,s180
145_42,s-0.415,s-1.425,s90
145_43,s-1.215,s-1.075,s270
145_44,s0.0,s-1.65,s0
145_45,s0.35,s-0.8500000000000001,s180
145_46,s1.565,s-1.425,s90
145_47,s0.7650000000000001,s-1.075,s270
145_48,s1.9800000000000002,s-1.65,s0
145_49,s2.33,s-0.8500000000000001,s180
145_50,s3.545,s-1.425,s90
145_51,s2.745,s-1.075,s270
145_52,s3.9600000000000004,s-1.65,s0
145_53,s4.3100000000000005,s-0.8500000000000001,s180
145_54,s-3.3850000000000007,s-0.325,s90
145_55,s-4.1850000000000005,s0.025,s270
145_56,s-2.97,s-0.55,s0
145_57,s-2.62,s0.25,s180
145_58,s-1.4050000000000002,s-0.325,s90
145_59,s-2.205,s0.025,s270
145_60,s-0.9900000000000001,s-0.55,s0
145_61,s-0.6400000000000001,s0.25,s180
145_62,s0.575,s-0.325,s90
145_63,s-0.225,s0.025,s270
145_64,s0.9900000000000001,s-0.55,s0
145_65,s1.34,s0.25,s180
145_66,s2.555,s-0.325,s90
145_67,s1.7550000000000003,s0.024999999999999745,s270
145_68,s2.97,s-0.55,s0
145_69,s3.32,s0.25,s180
145_70,s4.535,s-0.325,s90
145_71,s3.7350000000000003,s0.025,s270
145_72,s-3.9600000000000004,s0.55,s0
145_73,s-3.6100000000000003,s1.35,s180
145_74,s-2.395,s0.775,s90
145_75,s-3.195,s1.125,s270
145_76,s-1.9800000000000002,s0.55,s0
145_77,s-1.6300000000000003,s1.35,s180
145_78,s-0.41500000000000015,s0.7749999999999999,s90
145_79,s-1.215,s1.1249999999999998,s270
145_80,s0.0,s0.55,s0
145_81,s0.35,s1.35,s180
145_82,s1.565,s0.7750000000000001,s90
145_83,s0.765,s1.125,s270
145_84,s1.9800000000000002,s0.55,s0
145_85,s2.33,s1.35,s180
145_86,s3.545,s0.775,s90
145_87,s2.745,s1.125,s270
145_88,s3.9600000000000004,s0.55,s0
145_89,s4.3100000000000005,s1.35,s180
145_90,s-3.3850000000000007,s1.8749999999999996,s90
145_91,s-4.1850000000000005,s2.2249999999999996,s270
145_92,s-2.97,s1.65,s0
145_93,s-2.62,s2.45,s180
145_94,s-1.4050000000000002,s1.8749999999999998,s90
145_95,s-2.205,s2.2249999999999996,s270
145_96,s-0.9900000000000001,s1.65,s0
145_97,s-0.6400000000000001,s2.45,s180
145_98,s0.575,s1.875,s90
145_99,s-0.225,s2.225,s270
145_100,s0.9900000000000001,s1.65,s0
145_101,s1.34,s2.45,s180
145_102,s2.555,s1.875,s90
145_103,s1.755,s2.2249999999999996,s270
145_104,s2.97,s1.65,s0
145_105,s3.32,s2.45,s180
145_106,s4.535,s1.875,s90
145_107,s3.735,s2.225,s270
145_108,s-3.9600000000000004,s2.75,s0
145_109,s-3.6100000000000003,s3.55,s180
145_110,s-2.395,s2.975,s90
145_111,s-3.195,s3.325,s270
145_112,s-1.9800000000000002,s2.75,s0
145_113,s-1.6300000000000003,s3.55,s180
145_114,s-0.415,s2.975,s90
145_115,s-1.215,s3.325,s270
145_116,s0.0,s2.75,s0
145_117,s0.35,s3.55,s180
145_118,s1.565,s2.975,s90
145_119,s0.765,s3.325,s270
145_120,s1.9800000000000002,s2.75,s0
145_121,s2.33,s3.55,s180
145_122,s3.545,s2.975,s90
145_123,s2.745,s3.325,s270
145_124,s3.9600000000000004,s2.75,s0
145_125,s4.3100000000000005,s3.55,s180
145_126,s-3.3850000000000007,s4.075,s90
145_127,s-4.185,s4.425000000000001,s270
145_128,s-2.97,s3.8500000000000005,s0
145_129,s-2.62,s4.65,s180
145_130,s-1.4050000000000005,s4.075000000000001,s90
145_131,s-2.205,s4.425000000000001,s270
145_132,s-0.9900000000000001,s3.8500000000000005,s0
145_133,s-0.6400000000000001,s4.65,s180
145_134,s0.575,s4.075,s90
145_135,s-0.22499999999999948,s4.425000000000001,s270
145_136,s0.9900000000000001,s3.8500000000000005,s0
145_137,s1.34,s4.65,s180
145_138,s2.5550000000000006,s4.075,s90
145_139,s1.755000000000001,s4.425,s270
145_140,s2.97,s3.8500000000000005,s0
145_141,s3.32,s4.65,s180
145_142,s4.535,s4.075,s90
145_143,s3.735000000000001,s4.425000000000001,s270
146_0,s-3.9600000000000004,s-4.4,s0
146_1,s-3.6100000000000003,s-3.6,s180
146_2,s-2.395,s-4.175,s90
146_3,s-3.195,s-3.825,s270
146_4,s-1.9800000000000002,s-4.4,s0
146_5,s-1.6300000000000003,s-3.6,s180
146_6,s-0.415,s-4.175,s90
146_7,s-1.215,s-3.825,s270
146_8,s0.0,s-4.4,s0
146_9,s0.35,s-3.6,s180
146_10,s1.565,s-4.175,s90
146_11,s0.765,s-3.825,s270
146_12,s1.9800000000000002,s-4.4,s0
146_13,s2.33,s-3.6,s180
146_14,s3.545,s-4.175,s90
146_15,s2.745,s-3.825,s270
146_16,s3.9600000000000004,s-4.4,s0
146_17,s4.3100000000000005,s-3.6,s180
146_18,s-3.3850000000000007,s-3.0750000000000006,s90
146_19,s-4.1850000000000005,s-2.7250000000000005,s270
146_20,s-2.97,s-3.3000000000000007,s0
146_21,s-2.62,s-2.5000000000000004,s180
146_22,s-1.4050000000000005,s-3.0750000000000006,s90
146_23,s-2.2050000000000005,s-2.7250000000000005,s270
146_24,s-0.9900000000000001,s-3.3000000000000007,s0
146_25,s-0.6400000000000001,s-2.5000000000000004,s180
146_26,s0.575,s-3.0750000000000006,s90
146_27,s-0.225,s-2.7250000000000005,s270
146_28,s0.9900000000000001,s-3.3000000000000007,s0
146_29,s1.34,s-2.5000000000000004,s180
146_30,s2.555,s-3.075000000000001,s90
146_31,s1.7550000000000003,s-2.725000000000001,s270
146_32,s2.97,s-3.3000000000000007,s0
146_33,s3.32,s-2.5000000000000004,s180
146_34,s4.535,s-3.0750000000000006,s90
146_35,s3.7350000000000003,s-2.7250000000000005,s270
146_36,s-3.9600000000000004,s-2.2,s0
146_37,s-3.6100000000000003,s-1.4,s180
146_38,s-2.395,s-1.975,s90
146_39,s-3.195,s-1.625,s270
146_40,s-1.9800000000000002,s-2.2,s0
146_41,s-1.6300000000000003,s-1.4,s180
146_42,s-0.415,s-1.975,s90
146_43,s-1.215,s-1.625,s270
146_44,s0.0,s-2.2,s0
146_45,s0.35,s-1.4,s180
146_46,s1.565,s-1.975,s90
146_47,s0.765,s-1.625,s270
146_48,s1.9800000000000002,s-2.2,s0
146_49,s2.33,s-1.4,s180
146_50,s3.545,s-1.975,s90
146_51,s2.745,s-1.625,s270
146_52,s3.9600000000000004,s-2.2,s0
146_53,s4.3100000000000005,s-1.4,s180
146_54,s-3.3850000000000007,s-0.875,s90
146_55,s-4.1850000000000005,s-0.525,s270
146_56,s-2.97,s-1.1,s0
146_57,s-2.62,s-0.3,s180
146_58,s-1.405,s-0.875,s90
146_59,s-2.205,s-0.525,s270
146_60,s-0.9900000000000001,s-1.1,s0
146_61,s-0.6400000000000001,s-0.3,s180
146_62,s0.575,s-0.875,s90
146_63,s-0.225,s-0.525,s270
146_64,s0.9900000000000001,s-1.1,s0
146_65,s1.34,s-0.3,s180
146_66,s2.555,s-0.8749999999999998,s90
146_67,s1.7550000000000003,s-0.525,s270
146_68,s2.97,s-1.1,s0
146_69,s3.32,s-0.3,s180
146_70,s4.535,s-0.8749999999999994,s90
146_71,s3.7350000000000003,s-0.5249999999999995,s270
146_72,s-3.9600000000000004,s0.0,s0
146_73,s-3.6100000000000003,s0.8,s180
146_74,s-2.395,s0.225,s90
146_75,s-3.195,s0.575,s270
146_76,s-1.9800000000000002,s0.0,s0
146_77,s-1.6300000000000003,s0.8,s180
146_78,s-0.41500000000000015,s0.22499999999999987,s90
146_79,s-1.215,s0.5749999999999998,s270
146_80,s0.0,s0.0,s0
146_81,s0.35,s0.8,s180
146_82,s1.565,s0.22500000000000012,s90
146_83,s0.765,s0.575,s270
146_84,s1.9800000000000002,s0.0,s0
146_85,s2.33,s0.8,s180
146_86,s3.545,s0.225,s90
146_87,s2.745,s0.575,s270
146_88,s3.9600000000000004,s0.0,s0
146_89,s4.3100000000000005,s0.8,s180
146_90,s-3.3850000000000007,s1.3249999999999995,s90
146_91,s-4.1850000000000005,s1.6749999999999994,s270
146_92,s-2.97,s1.1,s0
146_93,s-2.62,s1.9,s180
146_94,s-1.4050000000000002,s1.3249999999999997,s90
146_95,s-2.205,s1.6749999999999998,s270
146_96,s-0.9900000000000001,s1.1,s0
146_97,s-0.6400000000000001,s1.9,s180
146_98,s0.575,s1.325,s90
146_99,s-0.225,s1.675,s270
146_100,s0.9900000000000001,s1.1,s0
146_101,s1.34,s1.9,s180
146_102,s2.555,s1.325,s90
146_103,s1.755,s1.6749999999999998,s270
146_104,s2.97,s1.1,s0
146_105,s3.32,s1.9,s180
146_106,s4.535,s1.325,s90
146_107,s3.735,s1.675,s270
146_108,s-3.9600000000000004,s2.2,s0
146_109,s-3.6100000000000003,s3.0,s180
146_110,s-2.395,s2.425,s90
146_111,s-3.195,s2.775,s270
146_112,s-1.9800000000000002,s2.2,s0
146_113,s-1.6300000000000003,s3.0,s180
146_114,s-0.415,s2.425,s90
146_115,s-1.215,s2.775,s270
146_116,s0.0,s2.2,s0
146_117,s0.35,s3.0,s180
146_118,s1.565,s2.425,s90
146_119,s0.765,s2.775,s270
146_120,s1.9800000000000002,s2.2,s0
146_121,s2.33,s3.0,s180
146_122,s3.545,s2.425,s90
146_123,s2.745,s2.775,s270
146_124,s3.9600000000000004,s2.2,s0
146_125,s4.3100000000000005,s3.0,s180
146_126,s-3.3850000000000007,s3.5250000000000004,s90
146_127,s-4.1850000000000005,s3.8750000000000004,s270
146_128,s-2.97,s3.3000000000000007,s0
146_129,s-2.62,s4.1000000000000005,s180
146_130,s-1.4050000000000002,s3.5250000000000012,s90
146_131,s-2.205,s3.875000000000001,s270
146_132,s-0.9900000000000001,s3.3000000000000007,s0
146_133,s-0.6400000000000001,s4.1000000000000005,s180
146_134,s0.575,s3.5250000000000004,s90
146_135,s-0.225,s3.8750000000000004,s270
146_136,s0.9900000000000001,s3.3000000000000007,s0
146_137,s1.34,s4.1000000000000005,s180
146_138,s2.5550000000000006,s3.5250000000000004,s90
146_139,s1.7550000000000006,s3.875,s270
146_140,s2.97,s3.3000000000000007,s0
146_141,s3.32,s4.1000000000000005,s180
146_142,s4.535,s3.5250000000000004,s90
146_143,s3.7350000000000003,s3.8750000000000004,s270
146_144,s-3.9600000000000004,s4.4,s0
146_145,s-3.6100000000000003,s5.2,s180
147_0,s-3.9600000000000004,s-4.4,s0
147_1,s-3.6100000000000003,s-3.6,s180
147_2,s-2.395,s-4.175,s90
147_3,s-3.195,s-3.825,s270
147_4,s-1.9800000000000002,s-4.4,s0
147_5,s-1.6300000000000003,s-3.6,s180
147_6,s-0.415,s-4.175,s90
147_7,s-1.215,s-3.825,s270
147_8,s0.0,s-4.4,s0
147_9,s0.35,s-3.6,s180
147_10,s1.565,s-4.175,s90
147_11,s0.765,s-3.825,s270
147_12,s1.9800000000000002,s-4.4,s0
147_13,s2.33,s-3.6,s180
147_14,s3.545,s-4.175,s90
147_15,s2.745,s-3.825,s270
147_16,s3.9600000000000004,s-4.4,s0
147_17,s4.3100000000000005,s-3.6,s180
147_18,s-3.3850000000000007,s-3.0750000000000006,s90
147_19,s-4.1850000000000005,s-2.7250000000000005,s270
147_20,s-2.97,s-3.3000000000000007,s0
147_21,s-2.62,s-2.5000000000000004,s180
147_22,s-1.4050000000000005,s-3.0750000000000006,s90
147_23,s-2.2050000000000005,s-2.7250000000000005,s270
147_24,s-0.9900000000000001,s-3.3000000000000007,s0
147_25,s-0.6400000000000001,s-2.5000000000000004,s180
147_26,s0.575,s-3.0750000000000006,s90
147_27,s-0.225,s-2.7250000000000005,s270
147_28,s0.9900000000000001,s-3.3000000000000007,s0
147_29,s1.34,s-2.5000000000000004,s180
147_30,s2.555,s-3.075000000000001,s90
147_31,s1.7550000000000003,s-2.725000000000001,s270
147_32,s2.97,s-3.3000000000000007,s0
147_33,s3.32,s-2.5000000000000004,s180
147_34,s4.535,s-3.0750000000000006,s90
147_35,s3.7350000000000003,s-2.7250000000000005,s270
147_36,s-3.9600000000000004,s-2.2,s0
147_37,s-3.6100000000000003,s-1.4,s180
147_38,s-2.395,s-1.975,s90
147_39,s-3.195,s-1.625,s270
147_40,s-1.9800000000000002,s-2.2,s0
147_41,s-1.6300000000000003,s-1.4,s180
147_42,s-0.415,s-1.975,s90
147_43,s-1.215,s-1.625,s270
147_44,s0.0,s-2.2,s0
147_45,s0.35,s-1.4,s180
147_46,s1.565,s-1.975,s90
147_47,s0.765,s-1.625,s270
147_48,s1.9800000000000002,s-2.2,s0
147_49,s2.33,s-1.4,s180
147_50,s3.545,s-1.975,s90
147_51,s2.745,s-1.625,s270
147_52,s3.9600000000000004,s-2.2,s0
147_53,s4.3100000000000005,s-1.4,s180
147_54,s-3.3850000000000007,s-0.875,s90
147_55,s-4.1850000000000005,s-0.525,s270
147_56,s-2.97,s-1.1,s0
147_57,s-2.62,s-0.3,s180
147_58,s-1.405,s-0.875,s90
147_59,s-2.205,s-0.525,s270
147_60,s-0.9900000000000001,s-1.1,s0
147_61,s-0.6400000000000001,s-0.3,s180
147_62,s0.575,s-0.875,s90
147_63,s-0.225,s-0.525,s270
147_64,s0.9900000000000001,s-1.1,s0
147_65,s1.34,s-0.3,s180
147_66,s2.555,s-0.8749999999999998,s90
147_67,s1.7550000000000003,s-0.525,s270
147_68,s2.97,s-1.1,s0
147_69,s3.32,s-0.3,s180
147_70,s4.535,s-0.8749999999999994,s90
147_71,s3.7350000000000003,s-0.5249999999999995,s270
147_72,s-3.9600000000000004,s0.0,s0
147_73,s-3.6100000000000003,s0.8,s180
147_74,s-2.395,s0.225,s90
147_75,s-3.195,s0.575,s270
147_76,s-1.9800000000000002,s0.0,s0
147_77,s-1.6300000000000003,s0.8,s180
147_78,s-0.41500000000000015,s0.22499999999999987,s90
147_79,s-1.215,s0.5749999999999998,s270
147_80,s0.0,s0.0,s0
147_81,s0.35,s0.8,s180
147_82,s1.565,s0.22500000000000012,s90
147_83,s0.765,s0.575,s270
147_84,s1.9800000000000002,s0.0,s0
147_85,s2.33,s0.8,s180
147_86,s3.545,s0.225,s90
147_87,s2.745,s0.575,s270
147_88,s3.9600000000000004,s0.0,s0
147_89,s4.3100000000000005,s0.8,s180
147_90,s-3.3850000000000007,s1.3249999999999995,s90
147_91,s-4.1850000000000005,s1.6749999999999994,s270
147_92,s-2.97,s1.1,s0
147_93,s-2.62,s1.9,s180
147_94,s-1.4050000000000002,s1.3249999999999997,s90
147_95,s-2.205,s1.6749999999999998,s270
147_96,s-0.9900000000000001,s1.1,s0
147_97,s-0.6400000000000001,s1.9,s180
147_98,s0.575,s1.325,s90
147_99,s-0.225,s1.675,s270
147_100,s0.9900000000000001,s1.1,s0
147_101,s1.34,s1.9,s180
147_102,s2.555,s1.325,s90
147_103,s1.755,s1.6749999999999998,s270
147_104,s2.97,s1.1,s0
147_105,s3.32,s1.9,s180
147_106,s4.535,s1.325,s90
147_107,s3.735,s1.675,s270
147_108,s-3.9600000000000004,s2.2,s0
147_109,s-3.6100000000000003,s3.0,s180
147_110,s-2.395,s2.425,s90
147_111,s-3.195,s2.775,s270
147_112,s-1.9800000000000002,s2.2,s0
147_113,s-1.6300000000000003,s3.0,s180
147_114,s-0.415,s2.425,s90
147_115,s-1.215,s2.775,s270
147_116,s0.0,s2.2,s0
147_117,s0.35,s3.0,s180
147_118,s1.565,s2.425,s90
147_119,s0.765,s2.775,s270
147_120,s1.9800000000000002,s2.2,s0
147_121,s2.33,s3.0,s180
147_122,s3.545,s2.425,s90
147_123,s2.745,s2.775,s270
147_124,s3.9600000000000004,s2.2,s0
147_125,s4.3100000000000005,s3.0,s180
147_126,s-3.3850000000000007,s3.5250000000000004,s90
147_127,s-4.1850000000000005,s3.8750000000000004,s270
147_128,s-2.97,s3.3000000000000007,s0
147_129,s-2.62,s4.1000000000000005,s180
147_130,s-1.4050000000000002,s3.5250000000000012,s90
147_131,s-2.205,s3.875000000000001,s270
147_132,s-0.9900000000000001,s3.3000000000000007,s0
147_133,s-0.6400000000000001,s4.1000000000000005,s180
147_134,s0.575,s3.5250000000000004,s90
147_135,s-0.225,s3.8750000000000004,s270
147_136,s0.9900000000000001,s3.3000000000000007,s0
147_137,s1.34,s4.1000000000000005,s180
147_138,s2.5550000000000006,s3.5250000000000004,s90
147_139,s1.7550000000000006,s3.875,s270
147_140,s2.97,s3.3000000000000007,s0
147_141,s3.32,s4.1000000000000005,s180
147_142,s4.535,s3.5250000000000004,s90
147_143,s3.7350000000000003,s3.8750000000000004,s270
147_144,s-3.9600000000000004,s4.4,s0
147_145,s-3.6100000000000003,s5.2,s180
148_0,s-3.9600000000000004,s-4.4,s0
148_1,s-3.6100000000000003,s-3.6,s180
148_2,s-2.395,s-4.175,s90
148_3,s-3.195,s-3.825,s270
148_4,s-1.9800000000000002,s-4.4,s0
148_5,s-1.6300000000000003,s-3.6,s180
148_6,s-0.415,s-4.175,s90
148_7,s-1.215,s-3.825,s270
148_8,s0.0,s-4.4,s0
148_9,s0.35,s-3.6,s180
148_10,s1.565,s-4.175,s90
148_11,s0.765,s-3.825,s270
148_12,s1.9800000000000002,s-4.4,s0
148_13,s2.33,s-3.6,s180
148_14,s3.545,s-4.175,s90
148_15,s2.745,s-3.825,s270
148_16,s3.9600000000000004,s-4.4,s0
148_17,s4.3100000000000005,s-3.6,s180
148_18,s-3.3850000000000007,s-3.0750000000000006,s90
148_19,s-4.1850000000000005,s-2.7250000000000005,s270
148_20,s-2.97,s-3.3000000000000007,s0
148_21,s-2.62,s-2.5000000000000004,s180
148_22,s-1.4050000000000005,s-3.0750000000000006,s90
148_23,s-2.2050000000000005,s-2.7250000000000005,s270
148_24,s-0.9900000000000001,s-3.3000000000000007,s0
148_25,s-0.6400000000000001,s-2.5000000000000004,s180
148_26,s0.575,s-3.0750000000000006,s90
148_27,s-0.225,s-2.7250000000000005,s270
148_28,s0.9900000000000001,s-3.3000000000000007,s0
148_29,s1.34,s-2.5000000000000004,s180
148_30,s2.555,s-3.075000000000001,s90
148_31,s1.7550000000000003,s-2.725000000000001,s270
148_32,s2.97,s-3.3000000000000007,s0
148_33,s3.32,s-2.5000000000000004,s180
148_34,s4.535,s-3.0750000000000006,s90
148_35,s3.7350000000000003,s-2.7250000000000005,s270
148_36,s-3.9600000000000004,s-2.2,s0
148_37,s-3.6100000000000003,s-1.4,s180
148_38,s-2.395,s-1.975,s90
148_39,s-3.195,s-1.625,s270
148_40,s-1.9800000000000002,s-2.2,s0
148_41,s-1.6300000000000003,s-1.4,s180
148_42,s-0.415,s-1.975,s90
148_43,s-1.215,s-1.625,s270
148_44,s0.0,s-2.2,s0
148_45,s0.35,s-1.4,s180
148_46,s1.565,s-1.975,s90
148_47,s0.765,s-1.625,s270
148_48,s1.9800000000000002,s-2.2,s0
148_49,s2.33,s-1.4,s180
148_50,s3.545,s-1.975,s90
148_51,s2.745,s-1.625,s270
148_52,s3.9600000000000004,s-2.2,s0
148_53,s4.3100000000000005,s-1.4,s180
148_54,s-3.3850000000000007,s-0.875,s90
148_55,s-4.1850000000000005,s-0.525,s270
148_56,s-2.97,s-1.1,s0
148_57,s-2.62,s-0.3,s180
148_58,s-1.405,s-0.875,s90
148_59,s-2.205,s-0.525,s270
148_60,s-0.9900000000000001,s-1.1,s0
148_61,s-0.6400000000000001,s-0.3,s180
148_62,s0.575,s-0.875,s90
148_63,s-0.225,s-0.525,s270
148_64,s0.9900000000000001,s-1.1,s0
148_65,s1.34,s-0.3,s180
148_66,s2.555,s-0.8749999999999998,s90
148_67,s1.7550000000000003,s-0.525,s270
148_68,s2.97,s-1.1,s0
148_69,s3.32,s-0.3,s180
148_70,s4.535,s-0.8749999999999994,s90
148_71,s3.7350000000000003,s-0.5249999999999995,s270
148_72,s-3.9600000000000004,s0.0,s0
148_73,s-3.6100000000000003,s0.8,s180
148_74,s-2.395,s0.225,s90
148_75,s-3.195,s0.575,s270
148_76,s-1.9800000000000002,s0.0,s0
148_77,s-1.6300000000000003,s0.8,s180
148_78,s-0.41500000000000015,s0.22499999999999987,s90
148_79,s-1.215,s0.5749999999999998,s270
148_80,s0.0,s0.0,s0
148_81,s0.35,s0.8,s180
148_82,s1.565,s0.22500000000000012,s90
148_83,s0.765,s0.575,s270
148_84,s1.9800000000000002,s0.0,s0
148_85,s2.33,s0.8,s180
148_86,s3.545,s0.225,s90
148_87,s2.745,s0.575,s270
148_88,s3.9600000000000004,s0.0,s0
148_89,s4.3100000000000005,s0.8,s180
148_90,s-3.3850000000000007,s1.3249999999999995,s90
148_91,s-4.1850000000000005,s1.6749999999999994,s270
148_92,s-2.97,s1.1,s0
148_93,s-2.62,s1.9,s180
148_94,s-1.4050000000000002,s1.3249999999999997,s90
148_95,s-2.205,s1.6749999999999998,s270
148_96,s-0.9900000000000001,s1.1,s0
148_97,s-0.6400000000000001,s1.9,s180
148_98,s0.575,s1.325,s90
148_99,s-0.225,s1.675,s270
148_100,s0.9900000000000001,s1.1,s0
148_101,s1.34,s1.9,s180
148_102,s2.555,s1.325,s90
148_103,s1.755,s1.6749999999999998,s270
148_104,s2.97,s1.1,s0
148_105,s3.32,s1.9,s180
148_106,s4.535,s1.325,s90
148_107,s3.735,s1.675,s270
148_108,s-3.9600000000000004,s2.2,s0
148_109,s-3.6100000000000003,s3.0,s180
148_110,s-2.395,s2.425,s90
148_111,s-3.195,s2.775,s270
148_112,s-1.9800000000000002,s2.2,s0
148_113,s-1.6300000000000003,s3.0,s180
148_114,s-0.415,s2.425,s90
148_115,s-1.215,s2.775,s270
148_116,s0.0,s2.2,s0
148_117,s0.35,s3.0,s180
148_118,s1.565,s2.425,s90
148_119,s0.765,s2.775,s270
148_120,s1.9800000000000002,s2.2,s0
148_121,s2.33,s3.0,s180
148_122,s3.545,s2.425,s90
148_123,s2.745,s2.775,s270
148_124,s3.9600000000000004,s2.2,s0
148_125,s4.3100000000000005,s3.0,s180
148_126,s-3.3850000000000007,s3.5250000000000004,s90
148_127,s-4.1850000000000005,s3.8750000000000004,s270
148_128,s-2.97,s3.3000000000000007,s0
148_129,s-2.62,s4.1000000000000005,s180
148_130,s-1.4050000000000002,s3.5250000000000012,s90
148_131,s-2.205,s3.875000000000001,s270
148_132,s-0.9900000000000001,s3.3000000000000007,s0
148_133,s-0.6400000000000001,s4.1000000000000005,s180
148_134,s0.575,s3.5250000000000004,s90
148_135,s-0.225,s3.8750000000000004,s270
148_136,s0.9900000000000001,s3.3000000000000007,s0
148_137,s1.34,s4.1000000000000005,s180
148_138,s2.5550000000000006,s3.5250000000000004,s90
148_139,s1.7550000000000006,s3.875,s270
148_140,s2.97,s3.3000000000000007,s0
148_141,s3.32,s4.1000000000000005,s180
148_142,s4.535,s3.5250000000000004,s90
148_143,s3.7350000000000003,s3.8750000000000004,s270
148_144,s-3.9600000000000004,s4.4,s0
148_145,s-3.6100000000000003,s5.2,s180
148_146,s-2.395,s4.625,s90
148_147,s-3.195,s4.975,s270
149_0,s-3.9600000000000004,s-4.4,s0
149_1,s-3.6100000000000003,s-3.6,s180
149_2,s-2.395,s-4.175,s90
149_3,s-3.195,s-3.825,s270
149_4,s-1.9800000000000002,s-4.4,s0
149_5,s-1.6300000000000003,s-3.6,s180
149_6,s-0.415,s-4.175,s90
149_7,s-1.215,s-3.825,s270
149_8,s0.0,s-4.4,s0
149_9,s0.35,s-3.6,s180
149_10,s1.565,s-4.175,s90
149_11,s0.765,s-3.825,s270
149_12,s1.9800000000000002,s-4.4,s0
149_13,s2.33,s-3.6,s180
149_14,s3.545,s-4.175,s90
149_15,s2.745,s-3.825,s270
149_16,s3.9600000000000004,s-4.4,s0
149_17,s4.3100000000000005,s-3.6,s180
149_18,s-3.3850000000000007,s-3.0750000000000006,s90
149_19,s-4.1850000000000005,s-2.7250000000000005,s270
149_20,s-2.97,s-3.3000000000000007,s0
149_21,s-2.62,s-2.5000000000000004,s180
149_22,s-1.4050000000000005,s-3.0750000000000006,s90
149_23,s-2.2050000000000005,s-2.7250000000000005,s270
149_24,s-0.9900000000000001,s-3.3000000000000007,s0
149_25,s-0.6400000000000001,s-2.5000000000000004,s180
149_26,s0.575,s-3.0750000000000006,s90
149_27,s-0.225,s-2.7250000000000005,s270
149_28,s0.9900000000000001,s-3.3000000000000007,s0
149_29,s1.34,s-2.5000000000000004,s180
149_30,s2.555,s-3.075000000000001,s90
149_31,s1.7550000000000003,s-2.725000000000001,s270
149_32,s2.97,s-3.3000000000000007,s0
149_33,s3.32,s-2.5000000000000004,s180
149_34,s4.535,s-3.0750000000000006,s90
149_35,s3.7350000000000003,s-2.7250000000000005,s270
149_36,s-3.9600000000000004,s-2.2,s0
149_37,s-3.6100000000000003,s-1.4,s180
149_38,s-2.395,s-1.975,s90
149_39,s-3.195,s-1.625,s270
149_40,s-1.9800000000000002,s-2.2,s0
149_41,s-1.6300000000000003,s-1.4,s180
149_42,s-0.415,s-1.975,s90
149_43,s-1.215,s-1.625,s270
149_44,s0.0,s-2.2,s0
149_45,s0.35,s-1.4,s180
149_46,s1.565,s-1.975,s90
149_47,s0.765,s-1.625,s270
149_48,s1.9800000000000002,s-2.2,s0
149_49,s2.33,s-1.4,s180
149_50,s3.545,s-1.975,s90
149_51,s2.745,s-1.625,s270
149_52,s3.9600000000000004,s-2.2,s0
149_53,s4.3100000000000005,s-1.4,s180
149_54,s-3.3850000000000007,s-0.875,s90
149_55,s-4.1850000000000005,s-0.525,s270
149_56,s-2.97,s-1.1,s0
149_57,s-2.62,s-0.3,s180
149_58,s-1.405,s-0.875,s90
149_59,s-2.205,s-0.525,s270
149_60,s-0.9900000000000001,s-1.1,s0
149_61,s-0.6400000000000001,s-0.3,s180
149_62,s0.575,s-0.875,s90
149_63,s-0.225,s-0.525,s270
149_64,s0.9900000000000001,s-1.1,s0
149_65,s1.34,s-0.3,s180
149_66,s2.555,s-0.8749999999999998,s90
149_67,s1.7550000000000003,s-0.525,s270
149_68,s2.97,s-1.1,s0
149_69,s3.32,s-0.3,s180
149_70,s4.535,s-0.8749999999999994,s90
149_71,s3.7350000000000003,s-0.5249999999999995,s270
149_72,s-3.9600000000000004,s0.0,s0
149_73,s-3.6100000000000003,s0.8,s180
149_74,s-2.395,s0.225,s90
149_75,s-3.195,s0.575,s270
149_76,s-1.9800000000000002,s0.0,s0
149_77,s-1.6300000000000003,s0.8,s180
149_78,s-0.41500000000000015,s0.22499999999999987,s90
149_79,s-1.215,s0.5749999999999998,s270
149_80,s0.0,s0.0,s0
149_81,s0.35,s0.8,s180
149_82,s1.565,s0.22500000000000012,s90
149_83,s0.765,s0.575,s270
149_84,s1.9800000000000002,s0.0,s0
149_85,s2.33,s0.8,s180
149_86,s3.545,s0.225,s90
149_87,s2.745,s0.575,s270
149_88,s3.9600000000000004,s0.0,s0
149_89,s4.3100000000000005,s0.8,s180
149_90,s-3.3850000000000007,s1.3249999999999995,s90
149_91,s-4.1850000000000005,s1.6749999999999994,s270
149_92,s-2.97,s1.1,s0
149_93,s-2.62,s1.9,s180
149_94,s-1.4050000000000002,s1.3249999999999997,s90
149_95,s-2.205,s1.6749999999999998,s270
149_96,s-0.9900000000000001,s1.1,s0
149_97,s-0.6400000000000001,s1.9,s180
149_98,s0.575,s1.325,s90
149_99,s-0.225,s1.675,s270
149_100,s0.9900000000000001,s1.1,s0
149_101,s1.34,s1.9,s180
149_102,s2.555,s1.325,s90
149_103,s1.755,s1.6749999999999998,s270
149_104,s2.97,s1.1,s0
149_105,s3.32,s1.9,s180
149_106,s4.535,s1.325,s90
149_107,s3.735,s1.675,s270
149_108,s-3.9600000000000004,s2.2,s0
149_109,s-3.6100000000000003,s3.0,s180
149_110,s-2.395,s2.425,s90
149_111,s-3.195,s2.775,s270
149_112,s-1.9800000000000002,s2.2,s0
149_113,s-1.6300000000000003,s3.0,s180
149_114,s-0.415,s2.425,s90
149_115,s-1.215,s2.775,s270
149_116,s0.0,s2.2,s0
149_117,s0.35,s3.0,s180
149_118,s1.565,s2.425,s90
149_119,s0.765,s2.775,s270
149_120,s1.9800000000000002,s2.2,s0
149_121,s2.33,s3.0,s180
149_122,s3.545,s2.425,s90
149_123,s2.745,s2.775,s270
149_124,s3.9600000000000004,s2.2,s0
149_125,s4.3100000000000005,s3.0,s180
149_126,s-3.3850000000000007,s3.5250000000000004,s90
149_127,s-4.1850000000000005,s3.8750000000000004,s270
149_128,s-2.97,s3.3000000000000007,s0
149_129,s-2.62,s4.1000000000000005,s180
149_130,s-1.4050000000000002,s3.5250000000000012,s90
149_131,s-2.205,s3.875000000000001,s270
149_132,s-0.9900000000000001,s3.3000000000000007,s0
149_133,s-0.6400000000000001,s4.1000000000000005,s180
149_134,s0.575,s3.5250000000000004,s90
149_135,s-0.225,s3.8750000000000004,s270
149_136,s0.9900000000000001,s3.3000000000000007,s0
149_137,s1.34,s4.1000000000000005,s180
149_138,s2.5550000000000006,s3.5250000000000004,s90
149_139,s1.7550000000000006,s3.875,s270
149_140,s2.97,s3.3000000000000007,s0
149_141,s3.32,s4.1000000000000005,s180
149_142,s4.535,s3.5250000000000004,s90
149_143,s3.7350000000000003,s3.8750000000000004,s270
149_144,s-3.9600000000000004,s4.4,s0
149_145,s-3.6100000000000003,s5.2,s180
149_146,s-2.395,s4.625,s90
149_147,s-3.195,s4.975,s270
150_0,s-3.9600000000000004,s-4.4,s0
150_1,s-3.6100000000000003,s-3.6,s180
150_2,s-2.395,s-4.175,s90
150_3,s-3.195,s-3.825,s270
150_4,s-1.9800000000000002,s-4.4,s0
150_5,s-1.6300000000000003,s-3.6,s180
150_6,s-0.415,s-4.175,s90
150_7,s-1.215,s-3.825,s270
150_8,s0.0,s-4.4,s0
150_9,s0.35,s-3.6,s180
150_10,s1.565,s-4.175,s90
150_11,s0.765,s-3.825,s270
150_12,s1.9800000000000002,s-4.4,s0
150_13,s2.33,s-3.6,s180
150_14,s3.545,s-4.175,s90
150_15,s2.745,s-3.825,s270
150_16,s3.9600000000000004,s-4.4,s0
150_17,s4.3100000000000005,s-3.6,s180
150_18,s-3.3850000000000007,s-3.0750000000000006,s90
150_19,s-4.1850000000000005,s-2.7250000000000005,s270
150_20,s-2.97,s-3.3000000000000007,s0
150_21,s-2.62,s-2.5000000000000004,s180
150_22,s-1.4050000000000005,s-3.0750000000000006,s90
150_23,s-2.2050000000000005,s-2.7250000000000005,s270
150_24,s-0.9900000000000001,s-3.3000000000000007,s0
150_25,s-0.6400000000000001,s-2.5000000000000004,s180
150_26,s0.575,s-3.0750000000000006,s90
150_27,s-0.225,s-2.7250000000000005,s270
150_28,s0.9900000000000001,s-3.3000000000000007,s0
150_29,s1.34,s-2.5000000000000004,s180
150_30,s2.555,s-3.075000000000001,s90
150_31,s1.7550000000000003,s-2.725000000000001,s270
150_32,s2.97,s-3.3000000000000007,s0
150_33,s3.32,s-2.5000000000000004,s180
150_34,s4.535,s-3.0750000000000006,s90
150_35,s3.7350000000000003,s-2.7250000000000005,s270
150_36,s-3.9600000000000004,s-2.2,s0
150_37,s-3.6100000000000003,s-1.4,s180
150_38,s-2.395,s-1.975,s90
150_39,s-3.195,s-1.625,s270
150_40,s-1.9800000000000002,s-2.2,s0
150_41,s-1.6300000000000003,s-1.4,s180
150_42,s-0.415,s-1.975,s90
150_43,s-1.215,s-1.625,s270
150_44,s0.0,s-2.2,s0
150_45,s0.35,s-1.4,s180
150_46,s1.565,s-1.975,s90
150_47,s0.765,s-1.625,s270
150_48,s1.9800000000000002,s-2.2,s0
150_49,s2.33,s-1.4,s180
150_50,s3.545,s-1.975,s90
150_51,s2.745,s-1.625,s270
150_52,s3.9600000000000004,s-2.2,s0
150_53,s4.3100000000000005,s-1.4,s180
150_54,s-3.3850000000000007,s-0.875,s90
150_55,s-4.1850000000000005,s-0.525,s270
150_56,s-2.97,s-1.1,s0
150_57,s-2.62,s-0.3,s180
150_58,s-1.405,s-0.875,s90
150_59,s-2.205,s-0.525,s270
150_60,s-0.9900000000000001,s-1.1,s0
150_61,s-0.6400000000000001,s-0.3,s180
150_62,s0.575,s-0.875,s90
150_63,s-0.225,s-0.525,s270
150_64,s0.9900000000000001,s-1.1,s0
150_65,s1.34,s-0.3,s180
150_66,s2.555,s-0.8749999999999998,s90
150_67,s1.7550000000000003,s-0.525,s270
150_68,s2.97,s-1.1,s0
150_69,s3.32,s-0.3,s180
150_70,s4.535,s-0.8749999999999994,s90
150_71,s3.7350000000000003,s-0.5249999999999995,s270
150_72,s-3.9600000000000004,s0.0,s0
150_73,s-3.6100000000000003,s0.8,s180
150_74,s-2.395,s0.225,s90
150_75,s-3.195,s0.575,s270
150_76,s-1.9800000000000002,s0.0,s0
150_77,s-1.6300000000000003,s0.8,s180
150_78,s-0.41500000000000015,s0.22499999999999987,s90
150_79,s-1.215,s0.5749999999999998,s270
150_80,s0.0,s0.0,s0
150_81,s0.35,s0.8,s180
150_82,s1.565,s0.22500000000000012,s90
150_83,s0.765,s0.575,s270
150_84,s1.9800000000000002,s0.0,s0
150_85,s2.33,s0.8,s180
150_86,s3.545,s0.225,s90
150_87,s2.745,s0.575,s270
150_88,s3.9600000000000004,s0.0,s0
150_89,s4.3100000000000005,s0.8,s180
150_90,s-3.3850000000000007,s1.3249999999999995,s90
150_91,s-4.1850000000000005,s1.6749999999999994,s270
150_92,s-2.97,s1.1,s0
150_93,s-2.62,s1.9,s180
150_94,s-1.4050000000000002,s1.3249999999999997,s90
150_95,s-2.205,s1.6749999999999998,s270
150_96,s-0.9900000000000001,s1.1,s0
150_97,s-0.6400000000000001,s1.9,s180
150_98,s0.575,s1.325,s90
150_99,s-0.225,s1.675,s270
150_100,s0.9900000000000001,s1.1,s0
150_101,s1.34,s1.9,s180
150_102,s2.555,s1.325,s90
150_103,s1.755,s1.6749999999999998,s270
150_104,s2.97,s1.1,s0
150_105,s3.32,s1.9,s180
150_106,s4.535,s1.325,s90
150_107,s3.735,s1.675,s270
150_108,s-3.9600000000000004,s2.2,s0
150_109,s-3.6100000000000003,s3.0,s180
150_110,s-2.395,s2.425,s90
150_111,s-3.195,s2.775,s270
150_112,s-1.9800000000000002,s2.2,s0
150_113,s-1.6300000000000003,s3.0,s180
150_114,s-0.415,s2.425,s90
150_115,s-1.215,s2.775,s270
150_116,s0.0,s2.2,s0
150_117,s0.35,s3.0,s180
150_118,s1.565,s2.425,s90
150_119,s0.765,s2.775,s270
150_120,s1.9800000000000002,s2.2,s0
150_121,s2.33,s3.0,s180
150_122,s3.545,s2.425,s90
150_123,s2.745,s2.775,s270
150_124,s3.9600000000000004,s2.2,s0
150_125,s4.3100000000000005,s3.0,s180
150_126,s-3.3850000000000007,s3.5250000000000004,s90
150_127,s-4.1850000000000005,s3.8750000000000004,s270
150_128,s-2.97,s3.3000000000000007,s0
150_129,s-2.62,s4.1000000000000005,s180
150_130,s-1.4050000000000002,s3.5250000000000012,s90
150_131,s-2.205,s3.875000000000001,s270
150_132,s-0.9900000000000001,s3.3000000000000007,s0
150_133,s-0.6400000000000001,s4.1000000000000005,s180
150_134,s0.575,s3.5250000000000004,s90
150_135,s-0.225,s3.8750000000000004,s270
150_136,s0.9900000000000001,s3.3000000000000007,s0
150_137,s1.34,s4.1000000000000005,s180
150_138,s2.5550000000000006,s3.5250000000000004,s90
150_139,s1.7550000000000006,s3.875,s270
150_140,s2.97,s3.3000000000000007,s0
150_141,s3.32,s4.1000000000000005,s180
150_142,s4.535,s3.5250000000000004,s90
150_143,s3.7350000000000003,s3.8750000000000004,s270
150_144,s-3.9600000000000004,s4.4,s0
150_145,s-3.6100000000000003,s5.2,s180
150_146,s-2.395,s4.625,s90
150_147,s-3.195,s4.975,s270
150_148,s-1.9800000000000002,s4.4,s0
150_149,s-1.6300000000000003,s5.2,s180
151_0,s-3.9600000000000004,s-4.4,s0
151_1,s-3.6100000000000003,s-3.6,s180
151_2,s-2.395,s-4.175,s90
151_3,s-3.195,s-3.825,s270
151_4,s-1.9800000000000002,s-4.4,s0
151_5,s-1.6300000000000003,s-3.6,s180
151_6,s-0.415,s-4.175,s90
151_7,s-1.215,s-3.825,s270
151_8,s0.0,s-4.4,s0
151_9,s0.35,s-3.6,s180
151_10,s1.565,s-4.175,s90
151_11,s0.765,s-3.825,s270
151_12,s1.9800000000000002,s-4.4,s0
151_13,s2.33,s-3.6,s180
151_14,s3.545,s-4.175,s90
151_15,s2.745,s-3.825,s270
151_16,s3.9600000000000004,s-4.4,s0
151_17,s4.3100000000000005,s-3.6,s180
151_18,s-3.3850000000000007,s-3.0750000000000006,s90
151_19,s-4.1850000000000005,s-2.7250000000000005,s270
151_20,s-2.97,s-3.3000000000000007,s0
151_21,s-2.62,s-2.5000000000000004,s180
151_22,s-1.4050000000000005,s-3.0750000000000006,s90
151_23,s-2.2050000000000005,s-2.7250000000000005,s270
151_24,s-0.9900000000000001,s-3.3000000000000007,s0
151_25,s-0.6400000000000001,s-2.5000000000000004,s180
151_26,s0.575,s-3.0750000000000006,s90
151_27,s-0.225,s-2.7250000000000005,s270
151_28,s0.9900000000000001,s-3.3000000000000007,s0
151_29,s1.34,s-2.5000000000000004,s180
151_30,s2.555,s-3.075000000000001,s90
151_31,s1.7550000000000003,s-2.725000000000001,s270
151_32,s2.97,s-3.3000000000000007,s0
151_33,s3.32,s-2.5000000000000004,s180
151_34,s4.535,s-3.0750000000000006,s90
151_35,s3.7350000000000003,s-2.7250000000000005,s270
151_36,s-3.9600000000000004,s-2.2,s0
151_37,s-3.6100000000000003,s-1.4,s180
151_38,s-2.395,s-1.975,s90
151_39,s-3.195,s-1.625,s270
151_40,s-1.9800000000000002,s-2.2,s0
151_41,s-1.6300000000000003,s-1.4,s180
151_42,s-0.415,s-1.975,s90
151_43,s-1.215,s-1.625,s270
151_44,s0.0,s-2.2,s0
151_45,s0.35,s-1.4,s180
151_46,s1.565,s-1.975,s90
151_47,s0.765,s-1.625,s270
151_48,s1.9800000000000002,s-2.2,s0
151_49,s2.33,s-1.4,s180
151_50,s3.545,s-1.975,s90
151_51,s2.745,s-1.625,s270
151_52,s3.9600000000000004,s-2.2,s0
151_53,s4.3100000000000005,s-1.4,s180
151_54,s-3.3850000000000007,s-0.875,s90
151_55,s-4.1850000000000005,s-0.525,s270
151_56,s-2.97,s-1.1,s0
151_57,s-2.62,s-0.3,s180
151_58,s-1.405,s-0.875,s90
151_59,s-2.205,s-0.525,s270
151_60,s-0.9900000000000001,s-1.1,s0
151_61,s-0.6400000000000001,s-0.3,s180
151_62,s0.575,s-0.875,s90
151_63,s-0.225,s-0.525,s270
151_64,s0.9900000000000001,s-1.1,s0
151_65,s1.34,s-0.3,s180
151_66,s2.555,s-0.8749999999999998,s90
151_67,s1.7550000000000003,s-0.525,s270
151_68,s2.97,s-1.1,s0
151_69,s3.32,s-0.3,s180
151_70,s4.535,s-0.8749999999999994,s90
151_71,s3.7350000000000003,s-0.5249999999999995,s270
151_72,s-3.9600000000000004,s0.0,s0
151_73,s-3.6100000000000003,s0.8,s180
151_74,s-2.395,s0.225,s90
151_75,s-3.195,s0.575,s270
151_76,s-1.9800000000000002,s0.0,s0
151_77,s-1.6300000000000003,s0.8,s180
151_78,s-0.41500000000000015,s0.22499999999999987,s90
151_79,s-1.215,s0.5749999999999998,s270
151_80,s0.0,s0.0,s0
151_81,s0.35,s0.8,s180
151_82,s1.565,s0.22500000000000012,s90
151_83,s0.765,s0.575,s270
151_84,s1.9800000000000002,s0.0,s0
151_85,s2.33,s0.8,s180
151_86,s3.545,s0.225,s90
151_87,s2.745,s0.575,s270
151_88,s3.9600000000000004,s0.0,s0
151_89,s4.3100000000000005,s0.8,s180
151_90,s-3.3850000000000007,s1.3249999999999995,s90
151_91,s-4.1850000000000005,s1.6749999999999994,s270
151_92,s-2.97,s1.1,s0
151_93,s-2.62,s1.9,s180
151_94,s-1.4050000000000002,s1.3249999999999997,s90
151_95,s-2.205,s1.6749999999999998,s270
151_96,s-0.9900000000000001,s1.1,s0
151_97,s-0.6400000000000001,s1.9,s180
151_98,s0.575,s1.325,s90
151_99,s-0.225,s1.675,s270
151_100,s0.9900000000000001,s1.1,s0
151_101,s1.34,s1.9,s180
151_102,s2.555,s1.325,s90
151_103,s1.755,s1.6749999999999998,s270
151_104,s2.97,s1.1,s0
151_105,s3.32,s1.9,s180
151_106,s4.535,s1.325,s90
151_107,s3.735,s1.675,s270
151_108,s-3.9600000000000004,s2.2,s0
151_109,s-3.6100000000000003,s3.0,s180
151_110,s-2.395,s2.425,s90
151_111,s-3.195,s2.775,s270
151_112,s-1.9800000000000002,s2.2,s0
151_113,s-1.6300000000000003,s3.0,s180
151_114,s-0.415,s2.425,s90
151_115,s-1.215,s2.775,s270
151_116,s0.0,s2.2,s0
151_117,s0.35,s3.0,s180
151_118,s1.565,s2.425,s90
151_119,s0.765,s2.775,s270
151_120,s1.9800000000000002,s2.2,s0
151_121,s2.33,s3.0,s180
151_122,s3.545,s2.425,s90
151_123,s2.745,s2.775,s270
151_124,s3.9600000000000004,s2.2,s0
151_125,s4.3100000000000005,s3.0,s180
151_126,s-3.3850000000000007,s3.5250000000000004,s90
151_127,s-4.1850000000000005,s3.8750000000000004,s270
151_128,s-2.97,s3.3000000000000007,s0
151_129,s-2.62,s4.1000000000000005,s180
151_130,s-1.4050000000000002,s3.5250000000000012,s90
151_131,s-2.205,s3.875000000000001,s270
151_132,s-0.9900000000000001,s3.3000000000000007,s0
151_133,s-0.6400000000000001,s4.1000000000000005,s180
151_134,s0.575,s3.5250000000000004,s90
151_135,s-0.225,s3.8750000000000004,s270
151_136,s0.9900000000000001,s3.3000000000000007,s0
151_137,s1.34,s4.1000000000000005,s180
151_138,s2.5550000000000006,s3.5250000000000004,s90
151_139,s1.7550000000000006,s3.875,s270
151_140,s2.97,s3.3000000000000007,s0
151_141,s3.32,s4.1000000000000005,s180
151_142,s4.535,s3.5250000000000004,s90
151_143,s3.7350000000000003,s3.8750000000000004,s270
151_144,s-3.9600000000000004,s4.4,s0
151_145,s-3.6100000000000003,s5.2,s180
151_146,s-2.395,s4.625,s90
151_147,s-3.195,s4.975,s270
151_148,s-1.9800000000000002,s4.4,s0
151_149,s-1.6300000000000003,s5.2,s180
152_0,s-3.9600000000000004,s-4.4,s0
152_1,s-3.6100000000000003,s-3.6,s180
152_2,s-2.395,s-4.175,s90
152_3,s-3.195,s-3.825,s270
152_4,s-1.9800000000000002,s-4.4,s0
152_5,s-1.6300000000000003,s-3.6,s180
152_6,s-0.415,s-4.175,s90
152_7,s-1.215,s-3.825,s270
152_8,s0.0,s-4.4,s0
152_9,s0.35,s-3.6,s180
152_10,s1.565,s-4.175,s90
152_11,s0.765,s-3.825,s270
152_12,s1.9800000000000002,s-4.4,s0
152_13,s2.33,s-3.6,s180
152_14,s3.545,s-4.175,s90
152_15,s2.745,s-3.825,s270
152_16,s3.9600000000000004,s-4.4,s0
152_17,s4.3100000000000005,s-3.6,s180
152_18,s-3.3850000000000007,s-3.0750000000000006,s90
152_19,s-4.1850000000000005,s-2.7250000000000005,s270
152_20,s-2.97,s-3.3000000000000007,s0
152_21,s-2.62,s-2.5000000000000004,s180
152_22,s-1.4050000000000005,s-3.0750000000000006,s90
152_23,s-2.2050000000000005,s-2.7250000000000005,s270
152_24,s-0.9900000000000001,s-3.3000000000000007,s0
152_25,s-0.6400000000000001,s-2.5000000000000004,s180
152_26,s0.575,s-3.0750000000000006,s90
152_27,s-0.225,s-2.7250000000000005,s270
152_28,s0.9900000000000001,s-3.3000000000000007,s0
152_29,s1.34,s-2.5000000000000004,s180
152_30,s2.555,s-3.075000000000001,s90
152_31,s1.7550000000000003,s-2.725000000000001,s270
152_32,s2.97,s-3.3000000000000007,s0
152_33,s3.32,s-2.5000000000000004,s180
152_34,s4.535,s-3.0750000000000006,s90
152_35,s3.7350000000000003,s-2.7250000000000005,s270
152_36,s-3.9600000000000004,s-2.2,s0
152_37,s-3.6100000000000003,s-1.4,s180
152_38,s-2.395,s-1.975,s90
152_39,s-3.195,s-1.625,s270
152_40,s-1.9800000000000002,s-2.2,s0
152_41,s-1.6300000000000003,s-1.4,s180
152_42,s-0.415,s-1.975,s90
152_43,s-1.215,s-1.625,s270
152_44,s0.0,s-2.2,s0
152_45,s0.35,s-1.4,s180
152_46,s1.565,s-1.975,s90
152_47,s0.765,s-1.625,s270
152_48,s1.9800000000000002,s-2.2,s0
152_49,s2.33,s-1.4,s180
152_50,s3.545,s-1.975,s90
152_51,s2.745,s-1.625,s270
152_52,s3.9600000000000004,s-2.2,s0
152_53,s4.3100000000000005,s-1.4,s180
152_54,s-3.3850000000000007,s-0.875,s90
152_55,s-4.1850000000000005,s-0.525,s270
152_56,s-2.97,s-1.1,s0
152_57,s-2.62,s-0.3,s180
152_58,s-1.405,s-0.875,s90
152_59,s-2.205,s-0.525,s270
152_60,s-0.9900000000000001,s-1.1,s0
152_61,s-0.6400000000000001,s-0.3,s180
152_62,s0.575,s-0.875,s90
152_63,s-0.225,s-0.525,s270
152_64,s0.9900000000000001,s-1.1,s0
152_65,s1.34,s-0.3,s180
152_66,s2.555,s-0.8749999999999998,s90
152_67,s1.7550000000000003,s-0.525,s270
152_68,s2.97,s-1.1,s0
152_69,s3.32,s-0.3,s180
152_70,s4.535,s-0.8749999999999994,s90
152_71,s3.7350000000000003,s-0.5249999999999995,s270
152_72,s-3.9600000000000004,s0.0,s0
152_73,s-3.6100000000000003,s0.8,s180
152_74,s-2.395,s0.225,s90
152_75,s-3.195,s0.575,s270
152_76,s-1.9800000000000002,s0.0,s0
152_77,s-1.6300000000000003,s0.8,s180
152_78,s-0.41500000000000015,s0.22499999999999987,s90
152_79,s-1.215,s0.5749999999999998,s270
152_80,s0.0,s0.0,s0
152_81,s0.35,s0.8,s180
152_82,s1.565,s0.22500000000000012,s90
152_83,s0.765,s0.575,s270
152_84,s1.9800000000000002,s0.0,s0
152_85,s2.33,s0.8,s180
152_86,s3.545,s0.225,s90
152_87,s2.745,s0.575,s270
152_88,s3.9600000000000004,s0.0,s0
152_89,s4.3100000000000005,s0.8,s180
152_90,s-3.3850000000000007,s1.3249999999999995,s90
152_91,s-4.1850000000000005,s1.6749999999999994,s270
152_92,s-2.97,s1.1,s0
152_93,s-2.62,s1.9,s180
152_94,s-1.4050000000000002,s1.3249999999999997,s90
152_95,s-2.205,s1.6749999999999998,s270
152_96,s-0.9900000000000001,s1.1,s0
152_97,s-0.6400000000000001,s1.9,s180
152_98,s0.575,s1.325,s90
152_99,s-0.225,s1.675,s270
152_100,s0.9900000000000001,s1.1,s0
152_101,s1.34,s1.9,s180
152_102,s2.555,s1.325,s90
152_103,s1.755,s1.6749999999999998,s270
152_104,s2.97,s1.1,s0
152_105,s3.32,s1.9,s180
152_106,s4.535,s1.325,s90
152_107,s3.735,s1.675,s270
152_108,s-3.9600000000000004,s2.2,s0
152_109,s-3.6100000000000003,s3.0,s180
152_110,s-2.395,s2.425,s90
152_111,s-3.195,s2.775,s270
152_112,s-1.9800000000000002,s2.2,s0
152_113,s-1.6300000000000003,s3.0,s180
152_114,s-0.415,s2.425,s90
152_115,s-1.215,s2.775,s270
152_116,s0.0,s2.2,s0
152_117,s0.35,s3.0,s180
152_118,s1.565,s2.425,s90
152_119,s0.765,s2.775,s270
152_120,s1.9800000000000002,s2.2,s0
152_121,s2.33,s3.0,s180
152_122,s3.545,s2.425,s90
152_123,s2.745,s2.775,s270
152_124,s3.9600000000000004,s2.2,s0
152_125,s4.3100000000000005,s3.0,s180
152_126,s-3.3850000000000007,s3.5250000000000004,s90
152_127,s-4.1850000000000005,s3.8750000000000004,s270
152_128,s-2.97,s3.3000000000000007,s0
152_129,s-2.62,s4.1000000000000005,s180
152_130,s-1.4050000000000002,s3.5250000000000012,s90
152_131,s-2.205,s3.875000000000001,s270
152_132,s-0.9900000000000001,s3.3000000000000007,s0
152_133,s-0.6400000000000001,s4.1000000000000005,s180
152_134,s0.575,s3.5250000000000004,s90
152_135,s-0.225,s3.8750000000000004,s270
152_136,s0.9900000000000001,s3.3000000000000007,s0
152_137,s1.34,s4.1000000000000005,s180
152_138,s2.5550000000000006,s3.5250000000000004,s90
152_139,s1.7550000000000006,s3.875,s270
152_140,s2.97,s3.3000000000000007,s0
152_141,s3.32,s4.1000000000000005,s180
152_142,s4.535,s3.5250000000000004,s90
152_143,s3.7350000000000003,s3.8750000000000004,s270
152_144,s-3.9600000000000004,s4.4,s0
152_145,s-3.6100000000000003,s5.2,s180
152_146,s-2.395,s4.625,s90
152_147,s-3.195,s4.975,s270
152_148,s-1.9800000000000002,s4.4,s0
152_149,s-1.6300000000000003,s5.2,s180
152_150,s-0.415,s4.625,s90
152_151,s-1.215,s4.975,s270
153_0,s-3.9600000000000004,s-4.4,s0
153_1,s-3.6100000000000003,s-3.6,s180
153_2,s-2.395,s-4.175,s90
153_3,s-3.195,s-3.825,s270
153_4,s-1.9800000000000002,s-4.4,s0
153_5,s-1.6300000000000003,s-3.6,s180
153_6,s-0.415,s-4.175,s90
153_7,s-1.215,s-3.825,s270
153_8,s0.0,s-4.4,s0
153_9,s0.35,s-3.6,s180
153_10,s1.565,s-4.175,s90
153_11,s0.765,s-3.825,s270
153_12,s1.9800000000000002,s-4.4,s0
153_13,s2.33,s-3.6,s180
153_14,s3.545,s-4.175,s90
153_15,s2.745,s-3.825,s270
153_16,s3.9600000000000004,s-4.4,s0
153_17,s4.3100000000000005,s-3.6,s180
153_18,s-3.3850000000000007,s-3.0750000000000006,s90
153_19,s-4.1850000000000005,s-2.7250000000000005,s270
153_20,s-2.97,s-3.3000000000000007,s0
153_21,s-2.62,s-2.5000000000000004,s180
153_22,s-1.4050000000000005,s-3.0750000000000006,s90
153_23,s-2.2050000000000005,s-2.7250000000000005,s270
153_24,s-0.9900000000000001,s-3.3000000000000007,s0
153_25,s-0.6400000000000001,s-2.5000000000000004,s180
153_26,s0.575,s-3.0750000000000006,s90
153_27,s-0.225,s-2.7250000000000005,s270
153_28,s0.9900000000000001,s-3.3000000000000007,s0
153_29,s1.34,s-2.5000000000000004,s180
153_30,s2.555,s-3.075000000000001,s90
153_31,s1.7550000000000003,s-2.725000000000001,s270
153_32,s2.97,s-3.3000000000000007,s0
153_33,s3.32,s-2.5000000000000004,s180
153_34,s4.535,s-3.0750000000000006,s90
153_35,s3.7350000000000003,s-2.7250000000000005,s270
153_36,s-3.9600000000000004,s-2.2,s0
153_37,s-3.6100000000000003,s-1.4,s180
153_38,s-2.395,s-1.975,s90
153_39,s-3.195,s-1.625,s270
153_40,s-1.9800000000000002,s-2.2,s0
153_41,s-1.6300000000000003,s-1.4,s180
153_42,s-0.415,s-1.975,s90
153_43,s-1.215,s-1.625,s270
153_44,s0.0,s-2.2,s0
153_45,s0.35,s-1.4,s180
153_46,s1.565,s-1.975,s90
153_47,s0.765,s-1.625,s270
153_48,s1.9800000000000002,s-2.2,s0
153_49,s2.33,s-1.4,s180
153_50,s3.545,s-1.975,s90
153_51,s2.745,s-1.625,s270
153_52,s3.9600000000000004,s-2.2,s0
153_53,s4.3100000000000005,s-1.4,s180
153_54,s-3.3850000000000007,s-0.875,s90
153_55,s-4.1850000000000005,s-0.525,s270
153_56,s-2.97,s-1.1,s0
153_57,s-2.62,s-0.3,s180
153_58,s-1.405,s-0.875,s90
153_59,s-2.205,s-0.525,s270
153_60,s-0.9900000000000001,s-1.1,s0
153_61,s-0.6400000000000001,s-0.3,s180
153_62,s0.575,s-0.875,s90
153_63,s-0.225,s-0.525,s270
153_64,s0.9900000000000001,s-1.1,s0
153_65,s1.34,s-0.3,s180
153_66,s2.555,s-0.8749999999999998,s90
153_67,s1.7550000000000003,s-0.525,s270
153_68,s2.97,s-1.1,s0
153_69,s3.32,s-0.3,s180
153_70,s4.535,s-0.8749999999999994,s90
153_71,s3.7350000000000003,s-0.5249999999999995,s270
153_72,s-3.9600000000000004,s0.0,s0
153_73,s-3.6100000000000003,s0.8,s180
153_74,s-2.395,s0.225,s90
153_75,s-3.195,s0.575,s270
153_76,s-1.9800000000000002,s0.0,s0
153_77,s-1.6300000000000003,s0.8,s180
153_78,s-0.41500000000000015,s0.22499999999999987,s90
153_79,s-1.215,s0.5749999999999998,s270
153_80,s0.0,s0.0,s0
153_81,s0.35,s0.8,s180
153_82,s1.565,s0.22500000000000012,s90
153_83,s0.765,s0.575,s270
153_84,s1.9800000000000002,s0.0,s0
153_85,s2.33,s0.8,s180
153_86,s3.545,s0.225,s90
153_87,s2.745,s0.575,s270
153_88,s3.9600000000000004,s0.0,s0
153_89,s4.3100000000000005,s0.8,s180
153_90,s-3.3850000000000007,s1.3249999999999995,s90
153_91,s-4.1850000000000005,s1.6749999999999994,s270
153_92,s-2.97,s1.1,s0
153_93,s-2.62,s1.9,s180
153_94,s-1.4050000000000002,s1.3249999999999997,s90
153_95,s-2.205,s1.6749999999999998,s270
153_96,s-0.9900000000000001,s1.1,s0
153_97,s-0.6400000000000001,s1.9,s180
153_98,s0.575,s1.325,s90
153_99,s-0.225,s1.675,s270
153_100,s0.9900000000000001,s1.1,s0
153_101,s1.34,s1.9,s180
153_102,s2.555,s1.325,s90
153_103,s1.755,s1.6749999999999998,s270
153_104,s2.97,s1.1,s0
153_105,s3.32,s1.9,s180
153_106,s4.535,s1.325,s90
153_107,s3.735,s1.675,s270
153_108,s-3.9600000000000004,s2.2,s0
153_109,s-3.6100000000000003,s3.0,s180
153_110,s-2.395,s2.425,s90
153_111,s-3.195,s2.775,s270
153_112,s-1.9800000000000002,s2.2,s0
153_113,s-1.6300000000000003,s3.0,s180
153_114,s-0.415,s2.425,s90
153_115,s-1.215,s2.775,s270
153_116,s0.0,s2.2,s0
153_117,s0.35,s3.0,s180
153_118,s1.565,s2.425,s90
153_119,s0.765,s2.775,s270
153_120,s1.9800000000000002,s2.2,s0
153_121,s2.33,s3.0,s180
153_122,s3.545,s2.425,s90
153_123,s2.745,s2.775,s270
153_124,s3.9600000000000004,s2.2,s0
153_125,s4.3100000000000005,s3.0,s180
153_126,s-3.3850000000000007,s3.5250000000000004,s90
153_127,s-4.1850000000000005,s3.8750000000000004,s270
153_128,s-2.97,s3.3000000000000007,s0
153_129,s-2.62,s4.1000000000000005,s180
153_130,s-1.4050000000000002,s3.5250000000000012,s90
153_131,s-2.205,s3.875000000000001,s270
153_132,s-0.9900000000000001,s3.3000000000000007,s0
153_133,s-0.6400000000000001,s4.1000000000000005,s180
153_134,s0.575,s3.5250000000000004,s90
153_135,s-0.225,s3.8750000000000004,s270
153_136,s0.9900000000000001,s3.3000000000000007,s0
153_137,s1.34,s4.1000000000000005,s180
153_138,s2.5550000000000006,s3.5250000000000004,s90
153_139,s1.7550000000000006,s3.875,s270
153_140,s2.97,s3.3000000000000007,s0
153_141,s3.32,s4.1000000000000005,s180
153_142,s4.535,s3.5250000000000004,s90
153_143,s3.7350000000000003,s3.8750000000000004,s270
153_144,s-3.9600000000000004,s4.4,s0
153_145,s-3.6100000000000003,s5.2,s180
153_146,s-2.395,s4.625,s90
153_147,s-3.195,s4.975,s270
153_148,s-1.9800000000000002,s4.4,s0
153_149,s-1.6300000000000003,s5.2,s180
153_150,s-0.415,s4.625,s90
153_151,s-1.215,s4.975,s270
154_0,s-3.9600000000000004,s-4.4,s0
154_1,s-3.6100000000000003,s-3.6,s180
154_2,s-2.395,s-4.175,s90
154_3,s-3.195,s-3.825,s270
154_4,s-1.9800000000000002,s-4.4,s0
154_5,s-1.6300000000000003,s-3.6,s180
154_6,s-0.415,s-4.175,s90
154_7,s-1.215,s-3.825,s270
154_8,s0.0,s-4.4,s0
154_9,s0.35,s-3.6,s180
154_10,s1.565,s-4.175,s90
154_11,s0.765,s-3.825,s270
154_12,s1.9800000000000002,s-4.4,s0
154_13,s2.33,s-3.6,s180
154_14,s3.545,s-4.175,s90
154_15,s2.745,s-3.825,s270
154_16,s3.9600000000000004,s-4.4,s0
154_17,s4.3100000000000005,s-3.6,s180
154_18,s-3.3850000000000007,s-3.0750000000000006,s90
154_19,s-4.1850000000000005,s-2.7250000000000005,s270
154_20,s-2.97,s-3.3000000000000007,s0
154_21,s-2.62,s-2.5000000000000004,s180
154_22,s-1.4050000000000005,s-3.0750000000000006,s90
154_23,s-2.2050000000000005,s-2.7250000000000005,s270
154_24,s-0.9900000000000001,s-3.3000000000000007,s0
154_25,s-0.6400000000000001,s-2.5000000000000004,s180
154_26,s0.575,s-3.0750000000000006,s90
154_27,s-0.225,s-2.7250000000000005,s270
154_28,s0.9900000000000001,s-3.3000000000000007,s0
154_29,s1.34,s-2.5000000000000004,s180
154_30,s2.555,s-3.075000000000001,s90
154_31,s1.7550000000000003,s-2.725000000000001,s270
154_32,s2.97,s-3.3000000000000007,s0
154_33,s3.32,s-2.5000000000000004,s180
154_34,s4.535,s-3.0750000000000006,s90
154_35,s3.7350000000000003,s-2.7250000000000005,s270
154_36,s-3.9600000000000004,s-2.2,s0
154_37,s-3.6100000000000003,s-1.4,s180
154_38,s-2.395,s-1.975,s90
154_39,s-3.195,s-1.625,s270
154_40,s-1.9800000000000002,s-2.2,s0
154_41,s-1.6300000000000003,s-1.4,s180
154_42,s-0.415,s-1.975,s90
154_43,s-1.215,s-1.625,s270
154_44,s0.0,s-2.2,s0
154_45,s0.35,s-1.4,s180
154_46,s1.565,s-1.975,s90
154_47,s0.765,s-1.625,s270
154_48,s1.9800000000000002,s-2.2,s0
154_49,s2.33,s-1.4,s180
154_50,s3.545,s-1.975,s90
154_51,s2.745,s-1.625,s270
154_52,s3.9600000000000004,s-2.2,s0
154_53,s4.3100000000000005,s-1.4,s180
154_54,s-3.3850000000000007,s-0.875,s90
154_55,s-4.1850000000000005,s-0.525,s270
154_56,s-2.97,s-1.1,s0
154_57,s-2.62,s-0.3,s180
154_58,s-1.405,s-0.875,s90
154_59,s-2.205,s-0.525,s270
154_60,s-0.9900000000000001,s-1.1,s0
154_61,s-0.6400000000000001,s-0.3,s180
154_62,s0.575,s-0.875,s90
154_63,s-0.225,s-0.525,s270
154_64,s0.9900000000000001,s-1.1,s0
154_65,s1.34,s-0.3,s180
154_66,s2.555,s-0.8749999999999998,s90
154_67,s1.7550000000000003,s-0.525,s270
154_68,s2.97,s-1.1,s0
154_69,s3.32,s-0.3,s180
154_70,s4.535,s-0.8749999999999994,s90
154_71,s3.7350000000000003,s-0.5249999999999995,s270
154_72,s-3.9600000000000004,s0.0,s0
154_73,s-3.6100000000000003,s0.8,s180
154_74,s-2.395,s0.225,s90
154_75,s-3.195,s0.575,s270
154_76,s-1.9800000000000002,s0.0,s0
154_77,s-1.6300000000000003,s0.8,s180
154_78,s-0.41500000000000015,s0.22499999999999987,s90
154_79,s-1.215,s0.5749999999999998,s270
154_80,s0.0,s0.0,s0
154_81,s0.35,s0.8,s180
154_82,s1.565,s0.22500000000000012,s90
154_83,s0.765,s0.575,s270
154_84,s1.9800000000000002,s0.0,s0
154_85,s2.33,s0.8,s180
154_86,s3.545,s0.225,s90
154_87,s2.745,s0.575,s270
154_88,s3.9600000000000004,s0.0,s0
154_89,s4.3100000000000005,s0.8,s180
154_90,s-3.3850000000000007,s1.3249999999999995,s90
154_91,s-4.1850000000000005,s1.6749999999999994,s270
154_92,s-2.97,s1.1,s0
154_93,s-2.62,s1.9,s180
154_94,s-1.4050000000000002,s1.3249999999999997,s90
154_95,s-2.205,s1.6749999999999998,s270
154_96,s-0.9900000000000001,s1.1,s0
154_97,s-0.6400000000000001,s1.9,s180
154_98,s0.575,s1.325,s90
154_99,s-0.225,s1.675,s270
154_100,s0.9900000000000001,s1.1,s0
154_101,s1.34,s1.9,s180
154_102,s2.555,s1.325,s90
154_103,s1.755,s1.6749999999999998,s270
154_104,s2.97,s1.1,s0
154_105,s3.32,s1.9,s180
154_106,s4.535,s1.325,s90
154_107,s3.735,s1.675,s270
154_108,s-3.9600000000000004,s2.2,s0
154_109,s-3.6100000000000003,s3.0,s180
154_110,s-2.395,s2.425,s90
154_111,s-3.195,s2.775,s270
154_112,s-1.9800000000000002,s2.2,s0
154_113,s-1.6300000000000003,s3.0,s180
154_114,s-0.415,s2.425,s90
154_115,s-1.215,s2.775,s270
154_116,s0.0,s2.2,s0
154_117,s0.35,s3.0,s180
154_118,s1.565,s2.425,s90
154_119,s0.765,s2.775,s270
154_120,s1.9800000000000002,s2.2,s0
154_121,s2.33,s3.0,s180
154_122,s3.545,s2.425,s90
154_123,s2.745,s2.775,s270
154_124,s3.9600000000000004,s2.2,s0
154_125,s4.3100000000000005,s3.0,s180
154_126,s-3.3850000000000007,s3.5250000000000004,s90
154_127,s-4.1850000000000005,s3.8750000000000004,s270
154_128,s-2.97,s3.3000000000000007,s0
154_129,s-2.62,s4.1000000000000005,s180
154_130,s-1.4050000000000002,s3.5250000000000012,s90
154_131,s-2.205,s3.875000000000001,s270
154_132,s-0.9900000000000001,s3.3000000000000007,s0
154_133,s-0.6400000000000001,s4.1000000000000005,s180
154_134,s0.575,s3.5250000000000004,s90
154_135,s-0.225,s3.8750000000000004,s270
154_136,s0.9900000000000001,s3.3000000000000007,s0
154_137,s1.34,s4.1000000000000005,s180
154_138,s2.5550000000000006,s3.5250000000000004,s90
154_139,s1.7550000000000006,s3.875,s270
154_140,s2.97,s3.3000000000000007,s0
154_141,s3.32,s4.1000000000000005,s180
154_142,s4.535,s3.5250000000000004,s90
154_143,s3.7350000000000003,s3.8750000000000004,s270
154_144,s-3.9600000000000004,s4.4,s0
154_145,s-3.6100000000000003,s5.2,s180
154_146,s-2.395,s4.625,s90
154_147,s-3.195,s4.975,s270
154_148,s-1.9800000000000002,s4.4,s0
154_149,s-1.6300000000000003,s5.2,s180
154_150,s-0.415,s4.625,s90
154_151,s-1.215,s4.975,s270
154_152,s0.0,s4.4,s0
154_153,s0.35,s5.2,s180
155_0,s-3.9600000000000004,s-4.4,s0
155_1,s-3.6100000000000003,s-3.6,s180
155_2,s-2.395,s-4.175,s90
155_3,s-3.195,s-3.825,s270
155_4,s-1.9800000000000002,s-4.4,s0
155_5,s-1.6300000000000003,s-3.6,s180
155_6,s-0.415,s-4.175,s90
155_7,s-1.215,s-3.825,s270
155_8,s0.0,s-4.4,s0
155_9,s0.35,s-3.6,s180
155_10,s1.565,s-4.175,s90
155_11,s0.765,s-3.825,s270
155_12,s1.9800000000000002,s-4.4,s0
155_13,s2.33,s-3.6,s180
155_14,s3.545,s-4.175,s90
155_15,s2.745,s-3.825,s270
155_16,s3.9600000000000004,s-4.4,s0
155_17,s4.3100000000000005,s-3.6,s180
155_18,s-3.3850000000000007,s-3.0750000000000006,s90
155_19,s-4.1850000000000005,s-2.7250000000000005,s270
155_20,s-2.97,s-3.3000000000000007,s0
155_21,s-2.62,s-2.5000000000000004,s180
155_22,s-1.4050000000000005,s-3.0750000000000006,s90
155_23,s-2.2050000000000005,s-2.7250000000000005,s270
155_24,s-0.9900000000000001,s-3.3000000000000007,s0
155_25,s-0.6400000000000001,s-2.5000000000000004,s180
155_26,s0.575,s-3.0750000000000006,s90
155_27,s-0.225,s-2.7250000000000005,s270
155_28,s0.9900000000000001,s-3.3000000000000007,s0
155_29,s1.34,s-2.5000000000000004,s180
155_30,s2.555,s-3.075000000000001,s90
155_31,s1.7550000000000003,s-2.725000000000001,s270
155_32,s2.97,s-3.3000000000000007,s0
155_33,s3.32,s-2.5000000000000004,s180
155_34,s4.535,s-3.0750000000000006,s90
155_35,s3.7350000000000003,s-2.7250000000000005,s270
155_36,s-3.9600000000000004,s-2.2,s0
155_37,s-3.6100000000000003,s-1.4,s180
155_38,s-2.395,s-1.975,s90
155_39,s-3.195,s-1.625,s270
155_40,s-1.9800000000000002,s-2.2,s0
155_41,s-1.6300000000000003,s-1.4,s180
155_42,s-0.415,s-1.975,s90
155_43,s-1.215,s-1.625,s270
155_44,s0.0,s-2.2,s0
155_45,s0.35,s-1.4,s180
155_46,s1.565,s-1.975,s90
155_47,s0.765,s-1.625,s270
155_48,s1.9800000000000002,s-2.2,s0
155_49,s2.33,s-1.4,s180
155_50,s3.545,s-1.975,s90
155_51,s2.745,s-1.625,s270
155_52,s3.9600000000000004,s-2.2,s0
155_53,s4.3100000000000005,s-1.4,s180
155_54,s-3.3850000000000007,s-0.875,s90
155_55,s-4.1850000000000005,s-0.525,s270
155_56,s-2.97,s-1.1,s0
155_57,s-2.62,s-0.3,s180
155_58,s-1.405,s-0.875,s90
155_59,s-2.205,s-0.525,s270
155_60,s-0.9900000000000001,s-1.1,s0
155_61,s-0.6400000000000001,s-0.3,s180
155_62,s0.575,s-0.875,s90
155_63,s-0.225,s-0.525,s270
155_64,s0.9900000000000001,s-1.1,s0
155_65,s1.34,s-0.3,s180
155_66,s2.555,s-0.8749999999999998,s90
155_67,s1.7550000000000003,s-0.525,s270
155_68,s2.97,s-1.1,s0
155_69,s3.32,s-0.3,s180
155_70,s4.535,s-0.8749999999999994,s90
155_71,s3.7350000000000003,s-0.5249999999999995,s270
155_72,s-3.9600000000000004,s0.0,s0
155_73,s-3.6100000000000003,s0.8,s180
155_74,s-2.395,s0.225,s90
155_75,s-3.195,s0.575,s270
155_76,s-1.9800000000000002,s0.0,s0
155_77,s-1.6300000000000003,s0.8,s180
155_78,s-0.41500000000000015,s0.22499999999999987,s90
155_79,s-1.215,s0.5749999999999998,s270
155_80,s0.0,s0.0,s0
155_81,s0.35,s0.8,s180
155_82,s1.565,s0.22500000000000012,s90
155_83,s0.765,s0.575,s270
155_84,s1.9800000000000002,s0.0,s0
155_85,s2.33,s0.8,s180
155_86,s3.545,s0.225,s90
155_87,s2.745,s0.575,s270
155_88,s3.9600000000000004,s0.0,s0
155_89,s4.3100000000000005,s0.8,s180
155_90,s-3.3850000000000007,s1.3249999999999995,s90
155_91,s-4.1850000000000005,s1.6749999999999994,s270
155_92,s-2.97,s1.1,s0
155_93,s-2.62,s1.9,s180
155_94,s-1.4050000000000002,s1.3249999999999997,s90
155_95,s-2.205,s1.6749999999999998,s270
155_96,s-0.9900000000000001,s1.1,s0
155_97,s-0.6400000000000001,s1.9,s180
155_98,s0.575,s1.325,s90
155_99,s-0.225,s1.675,s270
155_100,s0.9900000000000001,s1.1,s0
155_101,s1.34,s1.9,s180
155_102,s2.555,s1.325,s90
155_103,s1.755,s1.6749999999999998,s270
155_104,s2.97,s1.1,s0
155_105,s3.32,s1.9,s180
155_106,s4.535,s1.325,s90
155_107,s3.735,s1.675,s270
155_108,s-3.9600000000000004,s2.2,s0
155_109,s-3.6100000000000003,s3.0,s180
155_110,s-2.395,s2.425,s90
155_111,s-3.195,s2.775,s270
155_112,s-1.9800000000000002,s2.2,s0
155_113,s-1.6300000000000003,s3.0,s180
155_114,s-0.415,s2.425,s90
155_115,s-1.215,s2.775,s270
155_116,s0.0,s2.2,s0
155_117,s0.35,s3.0,s180
155_118,s1.565,s2.425,s90
155_119,s0.765,s2.775,s270
155_120,s1.9800000000000002,s2.2,s0
155_121,s2.33,s3.0,s180
155_122,s3.545,s2.425,s90
155_123,s2.745,s2.775,s270
155_124,s3.9600000000000004,s2.2,s0
155_125,s4.3100000000000005,s3.0,s180
155_126,s-3.3850000000000007,s3.5250000000000004,s90
155_127,s-4.1850000000000005,s3.8750000000000004,s270
155_128,s-2.97,s3.3000000000000007,s0
155_129,s-2.62,s4.1000000000000005,s180
155_130,s-1.4050000000000002,s3.5250000000000012,s90
155_131,s-2.205,s3.875000000000001,s270
155_132,s-0.9900000000000001,s3.3000000000000007,s0
155_133,s-0.6400000000000001,s4.1000000000000005,s180
155_134,s0.575,s3.5250000000000004,s90
155_135,s-0.225,s3.8750000000000004,s270
155_136,s0.9900000000000001,s3.3000000000000007,s0
155_137,s1.34,s4.1000000000000005,s180
155_138,s2.5550000000000006,s3.5250000000000004,s90
155_139,s1.7550000000000006,s3.875,s270
155_140,s2.97,s3.3000000000000007,s0
155_141,s3.32,s4.1000000000000005,s180
155_142,s4.535,s3.5250000000000004,s90
155_143,s3.7350000000000003,s3.8750000000000004,s270
155_144,s-3.9600000000000004,s4.4,s0
155_145,s-3.6100000000000003,s5.2,s180
155_146,s-2.395,s4.625,s90
155_147,s-3.195,s4.975,s270
155_148,s-1.9800000000000002,s4.4,s0
155_149,s-1.6300000000000003,s5.2,s180
155_150,s-0.415,s4.625,s90
155_151,s-1.215,s4.975,s270
155_152,s0.0,s4.4,s0
155_153,s0.35,s5.2,s180
156_0,s-3.9600000000000004,s-4.4,s0
156_1,s-3.6100000000000003,s-3.6,s180
156_2,s-2.395,s-4.175,s90
156_3,s-3.195,s-3.825,s270
156_4,s-1.9800000000000002,s-4.4,s0
156_5,s-1.6300000000000003,s-3.6,s180
156_6,s-0.415,s-4.175,s90
156_7,s-1.215,s-3.825,s270
156_8,s0.0,s-4.4,s0
156_9,s0.35,s-3.6,s180
156_10,s1.565,s-4.175,s90
156_11,s0.765,s-3.825,s270
156_12,s1.9800000000000002,s-4.4,s0
156_13,s2.33,s-3.6,s180
156_14,s3.545,s-4.175,s90
156_15,s2.745,s-3.825,s270
156_16,s3.9600000000000004,s-4.4,s0
156_17,s4.3100000000000005,s-3.6,s180
156_18,s-3.3850000000000007,s-3.0750000000000006,s90
156_19,s-4.1850000000000005,s-2.7250000000000005,s270
156_20,s-2.97,s-3.3000000000000007,s0
156_21,s-2.62,s-2.5000000000000004,s180
156_22,s-1.4050000000000005,s-3.0750000000000006,s90
156_23,s-2.2050000000000005,s-2.7250000000000005,s270
156_24,s-0.9900000000000001,s-3.3000000000000007,s0
156_25,s-0.6400000000000001,s-2.5000000000000004,s180
156_26,s0.575,s-3.0750000000000006,s90
156_27,s-0.225,s-2.7250000000000005,s270
156_28,s0.9900000000000001,s-3.3000000000000007,s0
156_29,s1.34,s-2.5000000000000004,s180
156_30,s2.555,s-3.075000000000001,s90
156_31,s1.7550000000000003,s-2.725000000000001,s270
156_32,s2.97,s-3.3000000000000007,s0
156_33,s3.32,s-2.5000000000000004,s180
156_34,s4.535,s-3.0750000000000006,s90
156_35,s3.7350000000000003,s-2.7250000000000005,s270
156_36,s-3.9600000000000004,s-2.2,s0
156_37,s-3.6100000000000003,s-1.4,s180
156_38,s-2.395,s-1.975,s90
156_39,s-3.195,s-1.625,s270
156_40,s-1.9800000000000002,s-2.2,s0
156_41,s-1.6300000000000003,s-1.4,s180
156_42,s-0.415,s-1.975,s90
156_43,s-1.215,s-1.625,s270
156_44,s0.0,s-2.2,s0
156_45,s0.35,s-1.4,s180
156_46,s1.565,s-1.975,s90
156_47,s0.765,s-1.625,s270
156_48,s1.9800000000000002,s-2.2,s0
156_49,s2.33,s-1.4,s180
156_50,s3.545,s-1.975,s90
156_51,s2.745,s-1.625,s270
156_52,s3.9600000000000004,s-2.2,s0
156_53,s4.3100000000000005,s-1.4,s180
156_54,s-3.3850000000000007,s-0.875,s90
156_55,s-4.1850000000000005,s-0.525,s270
156_56,s-2.97,s-1.1,s0
156_57,s-2.62,s-0.3,s180
156_58,s-1.405,s-0.875,s90
156_59,s-2.205,s-0.525,s270
156_60,s-0.9900000000000001,s-1.1,s0
156_61,s-0.6400000000000001,s-0.3,s180
156_62,s0.575,s-0.875,s90
156_63,s-0.225,s-0.525,s270
156_64,s0.9900000000000001,s-1.1,s0
156_65,s1.34,s-0.3,s180
156_66,s2.555,s-0.8749999999999998,s90
156_67,s1.7550000000000003,s-0.525,s270
156_68,s2.97,s-1.1,s0
156_69,s3.32,s-0.3,s180
156_70,s4.535,s-0.8749999999999994,s90
156_71,s3.7350000000000003,s-0.5249999999999995,s270
156_72,s-3.9600000000000004,s0.0,s0
156_73,s-3.6100000000000003,s0.8,s180
156_74,s-2.395,s0.225,s90
156_75,s-3.195,s0.575,s270
156_76,s-1.9800000000000002,s0.0,s0
156_77,s-1.6300000000000003,s0.8,s180
156_78,s-0.41500000000000015,s0.22499999999999987,s90
156_79,s-1.215,s0.5749999999999998,s270
156_80,s0.0,s0.0,s0
156_81,s0.35,s0.8,s180
156_82,s1.565,s0.22500000000000012,s90
156_83,s0.765,s0.575,s270
156_84,s1.9800000000000002,s0.0,s0
156_85,s2.33,s0.8,s180
156_86,s3.545,s0.225,s90
156_87,s2.745,s0.575,s270
156_88,s3.9600000000000004,s0.0,s0
156_89,s4.3100000000000005,s0.8,s180
156_90,s-3.3850000000000007,s1.3249999999999995,s90
156_91,s-4.1850000000000005,s1.6749999999999994,s270
156_92,s-2.97,s1.1,s0
156_93,s-2.62,s1.9,s180
156_94,s-1.4050000000000002,s1.3249999999999997,s90
156_95,s-2.205,s1.6749999999999998,s270
156_96,s-0.9900000000000001,s1.1,s0
156_97,s-0.6400000000000001,s1.9,s180
156_98,s0.575,s1.325,s90
156_99,s-0.225,s1.675,s270
156_100,s0.9900000000000001,s1.1,s0
156_101,s1.34,s1.9,s180
156_102,s2.555,s1.325,s90
156_103,s1.755,s1.6749999999999998,s270
156_104,s2.97,s1.1,s0
156_105,s3.32,s1.9,s180
156_106,s4.535,s1.325,s90
156_107,s3.735,s1.675,s270
156_108,s-3.9600000000000004,s2.2,s0
156_109,s-3.6100000000000003,s3.0,s180
156_110,s-2.395,s2.425,s90
156_111,s-3.195,s2.775,s270
156_112,s-1.9800000000000002,s2.2,s0
156_113,s-1.6300000000000003,s3.0,s180
156_114,s-0.415,s2.425,s90
156_115,s-1.215,s2.775,s270
156_116,s0.0,s2.2,s0
156_117,s0.35,s3.0,s180
156_118,s1.565,s2.425,s90
156_119,s0.765,s2.775,s270
156_120,s1.9800000000000002,s2.2,s0
156_121,s2.33,s3.0,s180
156_122,s3.545,s2.425,s90
156_123,s2.745,s2.775,s270
156_124,s3.9600000000000004,s2.2,s0
156_125,s4.3100000000000005,s3.0,s180
156_126,s-3.3850000000000007,s3.5250000000000004,s90
156_127,s-4.1850000000000005,s3.8750000000000004,s270
156_128,s-2.97,s3.3000000000000007,s0
156_129,s-2.62,s4.1000000000000005,s180
156_130,s-1.4050000000000002,s3.5250000000000012,s90
156_131,s-2.205,s3.875000000000001,s270
156_132,s-0.9900000000000001,s3.3000000000000007,s0
156_133,s-0.6400000000000001,s4.1000000000000005,s180
156_134,s0.575,s3.5250000000000004,s90
156_135,s-0.225,s3.8750000000000004,s270
156_136,s0.9900000000000001,s3.3000000000000007,s0
156_137,s1.34,s4.1000000000000005,s180
156_138,s2.5550000000000006,s3.5250000000000004,s90
156_139,s1.7550000000000006,s3.875,s270
156_140,s2.97,s3.3000000000000007,s0
156_141,s3.32,s4.1000000000000005,s180
156_142,s4.535,s3.5250000000000004,s90
156_143,s3.7350000000000003,s3.8750000000000004,s270
156_144,s-3.9600000000000004,s4.4,s0
156_145,s-3.6100000000000003,s5.2,s180
156_146,s-2.395,s4.625,s90
156_147,s-3.195,s4.975,s270
156_148,s-1.9800000000000002,s4.4,s0
156_149,s-1.6300000000000003,s5.2,s180
156_150,s-0.415,s4.625,s90
156_151,s-1.215,s4.975,s270
156_152,s0.0,s4.4,s0
156_153,s0.35,s5.2,s180
156_154,s1.565,s4.625,s90
156_155,s0.765,s4.975,s270
157_0,s-3.9600000000000004,s-4.4,s0
157_1,s-3.6100000000000003,s-3.6,s180
157_2,s-2.395,s-4.175,s90
157_3,s-3.195,s-3.825,s270
157_4,s-1.9800000000000002,s-4.4,s0
157_5,s-1.6300000000000003,s-3.6,s180
157_6,s-0.415,s-4.175,s90
157_7,s-1.215,s-3.825,s270
157_8,s0.0,s-4.4,s0
157_9,s0.35,s-3.6,s180
157_10,s1.565,s-4.175,s90
157_11,s0.765,s-3.825,s270
157_12,s1.9800000000000002,s-4.4,s0
157_13,s2.33,s-3.6,s180
157_14,s3.545,s-4.175,s90
157_15,s2.745,s-3.825,s270
157_16,s3.9600000000000004,s-4.4,s0
157_17,s4.3100000000000005,s-3.6,s180
157_18,s-3.3850000000000007,s-3.0750000000000006,s90
157_19,s-4.1850000000000005,s-2.7250000000000005,s270
157_20,s-2.97,s-3.3000000000000007,s0
157_21,s-2.62,s-2.5000000000000004,s180
157_22,s-1.4050000000000005,s-3.0750000000000006,s90
157_23,s-2.2050000000000005,s-2.7250000000000005,s270
157_24,s-0.9900000000000001,s-3.3000000000000007,s0
157_25,s-0.6400000000000001,s-2.5000000000000004,s180
157_26,s0.575,s-3.0750000000000006,s90
157_27,s-0.225,s-2.7250000000000005,s270
157_28,s0.9900000000000001,s-3.3000000000000007,s0
157_29,s1.34,s-2.5000000000000004,s180
157_30,s2.555,s-3.075000000000001,s90
157_31,s1.7550000000000003,s-2.725000000000001,s270
157_32,s2.97,s-3.3000000000000007,s0
157_33,s3.32,s-2.5000000000000004,s180
157_34,s4.535,s-3.0750000000000006,s90
157_35,s3.7350000000000003,s-2.7250000000000005,s270
157_36,s-3.9600000000000004,s-2.2,s0
157_37,s-3.6100000000000003,s-1.4,s180
157_38,s-2.395,s-1.975,s90
157_39,s-3.195,s-1.625,s270
157_40,s-1.9800000000000002,s-2.2,s0
157_41,s-1.6300000000000003,s-1.4,s180
157_42,s-0.415,s-1.975,s90
157_43,s-1.215,s-1.625,s270
157_44,s0.0,s-2.2,s0
157_45,s0.35,s-1.4,s180
157_46,s1.565,s-1.975,s90
157_47,s0.765,s-1.625,s270
157_48,s1.9800000000000002,s-2.2,s0
157_49,s2.33,s-1.4,s180
157_50,s3.545,s-1.975,s90
157_51,s2.745,s-1.625,s270
157_52,s3.9600000000000004,s-2.2,s0
157_53,s4.3100000000000005,s-1.4,s180
157_54,s-3.3850000000000007,s-0.875,s90
157_55,s-4.1850000000000005,s-0.525,s270
157_56,s-2.97,s-1.1,s0
157_57,s-2.62,s-0.3,s180
157_58,s-1.405,s-0.875,s90
157_59,s-2.205,s-0.525,s270
157_60,s-0.9900000000000001,s-1.1,s0
157_61,s-0.6400000000000001,s-0.3,s180
157_62,s0.575,s-0.875,s90
157_63,s-0.225,s-0.525,s270
157_64,s0.9900000000000001,s-1.1,s0
157_65,s1.34,s-0.3,s180
157_66,s2.555,s-0.8749999999999998,s90
157_67,s1.7550000000000003,s-0.525,s270
157_68,s2.97,s-1.1,s0
157_69,s3.32,s-0.3,s180
157_70,s4.535,s-0.8749999999999994,s90
157_71,s3.7350000000000003,s-0.5249999999999995,s270
157_72,s-3.9600000000000004,s0.0,s0
157_73,s-3.6100000000000003,s0.8,s180
157_74,s-2.395,s0.225,s90
157_75,s-3.195,s0.575,s270
157_76,s-1.9800000000000002,s0.0,s0
157_77,s-1.6300000000000003,s0.8,s180
157_78,s-0.41500000000000015,s0.22499999999999987,s90
157_79,s-1.215,s0.5749999999999998,s270
157_80,s0.0,s0.0,s0
157_81,s0.35,s0.8,s180
157_82,s1.565,s0.22500000000000012,s90
157_83,s0.765,s0.575,s270
157_84,s1.9800000000000002,s0.0,s0
157_85,s2.33,s0.8,s180
157_86,s3.545,s0.225,s90
157_87,s2.745,s0.575,s270
157_88,s3.9600000000000004,s0.0,s0
157_89,s4.3100000000000005,s0.8,s180
157_90,s-3.3850000000000007,s1.3249999999999995,s90
157_91,s-4.1850000000000005,s1.6749999999999994,s270
157_92,s-2.97,s1.1,s0
157_93,s-2.62,s1.9,s180
157_94,s-1.4050000000000002,s1.3249999999999997,s90
157_95,s-2.205,s1.6749999999999998,s270
157_96,s-0.9900000000000001,s1.1,s0
157_97,s-0.6400000000000001,s1.9,s180
157_98,s0.575,s1.325,s90
157_99,s-0.225,s1.675,s270
157_100,s0.9900000000000001,s1.1,s0
157_101,s1.34,s1.9,s180
157_102,s2.555,s1.325,s90
157_103,s1.755,s1.6749999999999998,s270
157_104,s2.97,s1.1,s0
157_105,s3.32,s1.9,s180
157_106,s4.535,s1.325,s90
157_107,s3.735,s1.675,s270
157_108,s-3.9600000000000004,s2.2,s0
157_109,s-3.6100000000000003,s3.0,s180
157_110,s-2.395,s2.425,s90
157_111,s-3.195,s2.775,s270
157_112,s-1.9800000000000002,s2.2,s0
157_113,s-1.6300000000000003,s3.0,s180
157_114,s-0.415,s2.425,s90
157_115,s-1.215,s2.775,s270
157_116,s0.0,s2.2,s0
157_117,s0.35,s3.0,s180
157_118,s1.565,s2.425,s90
157_119,s0.765,s2.775,s270
157_120,s1.9800000000000002,s2.2,s0
157_121,s2.33,s3.0,s180
157_122,s3.545,s2.425,s90
157_123,s2.745,s2.775,s270
157_124,s3.9600000000000004,s2.2,s0
157_125,s4.3100000000000005,s3.0,s180
157_126,s-3.3850000000000007,s3.5250000000000004,s90
157_127,s-4.1850000000000005,s3.8750000000000004,s270
157_128,s-2.97,s3.3000000000000007,s0
157_129,s-2.62,s4.1000000000000005,s180
157_130,s-1.4050000000000002,s3.5250000000000012,s90
157_131,s-2.205,s3.875000000000001,s270
157_132,s-0.9900000000000001,s3.3000000000000007,s0
157_133,s-0.6400000000000001,s4.1000000000000005,s180
157_134,s0.575,s3.5250000000000004,s90
157_135,s-0.225,s3.8750000000000004,s270
157_136,s0.9900000000000001,s3.3000000000000007,s0
157_137,s1.34,s4.1000000000000005,s180
157_138,s2.5550000000000006,s3.5250000000000004,s90
157_139,s1.7550000000000006,s3.875,s270
157_140,s2.97,s3.3000000000000007,s0
157_141,s3.32,s4.1000000000000005,s180
157_142,s4.535,s3.5250000000000004,s90
157_143,s3.7350000000000003,s3.8750000000000004,s270
157_144,s-3.9600000000000004,s4.4,s0
157_145,s-3.6100000000000003,s5.2,s180
157_146,s-2.395,s4.625,s90
157_147,s-3.195,s4.975,s270
157_148,s-1.9800000000000002,s4.4,s0
157_149,s-1.6300000000000003,s5.2,s180
157_150,s-0.415,s4.625,s90
157_151,s-1.215,s4.975,s270
157_152,s0.0,s4.4,s0
157_153,s0.35,s5.2,s180
157_154,s1.565,s4.625,s90
157_155,s0.765,s4.975,s270
158_0,s-3.9600000000000004,s-4.4,s0
158_1,s-3.6100000000000003,s-3.6,s180
158_2,s-2.395,s-4.175,s90
158_3,s-3.195,s-3.825,s270
158_4,s-1.9800000000000002,s-4.4,s0
158_5,s-1.6300000000000003,s-3.6,s180
158_6,s-0.415,s-4.175,s90
158_7,s-1.215,s-3.825,s270
158_8,s0.0,s-4.4,s0
158_9,s0.35,s-3.6,s180
158_10,s1.565,s-4.175,s90
158_11,s0.765,s-3.825,s270
158_12,s1.9800000000000002,s-4.4,s0
158_13,s2.33,s-3.6,s180
158_14,s3.545,s-4.175,s90
158_15,s2.745,s-3.825,s270
158_16,s3.9600000000000004,s-4.4,s0
158_17,s4.3100000000000005,s-3.6,s180
158_18,s-3.3850000000000007,s-3.0750000000000006,s90
158_19,s-4.1850000000000005,s-2.7250000000000005,s270
158_20,s-2.97,s-3.3000000000000007,s0
158_21,s-2.62,s-2.5000000000000004,s180
158_22,s-1.4050000000000005,s-3.0750000000000006,s90
158_23,s-2.2050000000000005,s-2.7250000000000005,s270
158_24,s-0.9900000000000001,s-3.3000000000000007,s0
158_25,s-0.6400000000000001,s-2.5000000000000004,s180
158_26,s0.575,s-3.0750000000000006,s90
158_27,s-0.225,s-2.7250000000000005,s270
158_28,s0.9900000000000001,s-3.3000000000000007,s0
158_29,s1.34,s-2.5000000000000004,s180
158_30,s2.555,s-3.075000000000001,s90
158_31,s1.7550000000000003,s-2.725000000000001,s270
158_32,s2.97,s-3.3000000000000007,s0
158_33,s3.32,s-2.5000000000000004,s180
158_34,s4.535,s-3.0750000000000006,s90
158_35,s3.7350000000000003,s-2.7250000000000005,s270
158_36,s-3.9600000000000004,s-2.2,s0
158_37,s-3.6100000000000003,s-1.4,s180
158_38,s-2.395,s-1.975,s90
158_39,s-3.195,s-1.625,s270
158_40,s-1.9800000000000002,s-2.2,s0
158_41,s-1.6300000000000003,s-1.4,s180
158_42,s-0.415,s-1.975,s90
158_43,s-1.215,s-1.625,s270
158_44,s0.0,s-2.2,s0
158_45,s0.35,s-1.4,s180
158_46,s1.565,s-1.975,s90
158_47,s0.765,s-1.625,s270
158_48,s1.9800000000000002,s-2.2,s0
158_49,s2.33,s-1.4,s180
158_50,s3.545,s-1.975,s90
158_51,s2.745,s-1.625,s270
158_52,s3.9600000000000004,s-2.2,s0
158_53,s4.3100000000000005,s-1.4,s180
158_54,s-3.3850000000000007,s-0.875,s90
158_55,s-4.1850000000000005,s-0.525,s270
158_56,s-2.97,s-1.1,s0
158_57,s-2.62,s-0.3,s180
158_58,s-1.405,s-0.875,s90
158_59,s-2.205,s-0.525,s270
158_60,s-0.9900000000000001,s-1.1,s0
158_61,s-0.6400000000000001,s-0.3,s180
158_62,s0.575,s-0.875,s90
158_63,s-0.225,s-0.525,s270
158_64,s0.9900000000000001,s-1.1,s0
158_65,s1.34,s-0.3,s180
158_66,s2.555,s-0.8749999999999998,s90
158_67,s1.7550000000000003,s-0.525,s270
158_68,s2.97,s-1.1,s0
158_69,s3.32,s-0.3,s180
158_70,s4.535,s-0.8749999999999994,s90
158_71,s3.7350000000000003,s-0.5249999999999995,s270
158_72,s-3.9600000000000004,s0.0,s0
158_73,s-3.6100000000000003,s0.8,s180
158_74,s-2.395,s0.225,s90
158_75,s-3.195,s0.575,s270
158_76,s-1.9800000000000002,s0.0,s0
158_77,s-1.6300000000000003,s0.8,s180
158_78,s-0.41500000000000015,s0.22499999999999987,s90
158_79,s-1.215,s0.5749999999999998,s270
158_80,s0.0,s0.0,s0
158_81,s0.35,s0.8,s180
158_82,s1.565,s0.22500000000000012,s90
158_83,s0.765,s0.575,s270
158_84,s1.9800000000000002,s0.0,s0
158_85,s2.33,s0.8,s180
158_86,s3.545,s0.225,s90
158_87,s2.745,s0.575,s270
158_88,s3.9600000000000004,s0.0,s0
158_89,s4.3100000000000005,s0.8,s180
158_90,s-3.3850000000000007,s1.3249999999999995,s90
158_91,s-4.1850000000000005,s1.6749999999999994,s270
158_92,s-2.97,s1.1,s0
158_93,s-2.62,s1.9,s180
158_94,s-1.4050000000000002,s1.3249999999999997,s90
158_95,s-2.205,s1.6749999999999998,s270
158_96,s-0.9900000000000001,s1.1,s0
158_97,s-0.6400000000000001,s1.9,s180
158_98,s0.575,s1.325,s90
158_99,s-0.225,s1.675,s270
158_100,s0.9900000000000001,s1.1,s0
158_101,s1.34,s1.9,s180
158_102,s2.555,s1.325,s90
158_103,s1.755,s1.6749999999999998,s270
158_104,s2.97,s1.1,s0
158_105,s3.32,s1.9,s180
158_106,s4.535,s1.325,s90
158_107,s3.735,s1.675,s270
158_108,s-3.9600000000000004,s2.2,s0
158_109,s-3.6100000000000003,s3.0,s180
158_110,s-2.395,s2.425,s90
158_111,s-3.195,s2.775,s270
158_112,s-1.9800000000000002,s2.2,s0
158_113,s-1.6300000000000003,s3.0,s180
158_114,s-0.415,s2.425,s90
158_115,s-1.215,s2.775,s270
158_116,s0.0,s2.2,s0
158_117,s0.35,s3.0,s180
158_118,s1.565,s2.425,s90
158_119,s0.765,s2.775,s270
158_120,s1.9800000000000002,s2.2,s0
158_121,s2.33,s3.0,s180
158_122,s3.545,s2.425,s90
158_123,s2.745,s2.775,s270
158_124,s3.9600000000000004,s2.2,s0
158_125,s4.3100000000000005,s3.0,s180
158_126,s-3.3850000000000007,s3.5250000000000004,s90
158_127,s-4.1850000000000005,s3.8750000000000004,s270
158_128,s-2.97,s3.3000000000000007,s0
158_129,s-2.62,s4.1000000000000005,s180
158_130,s-1.4050000000000002,s3.5250000000000012,s90
158_131,s-2.205,s3.875000000000001,s270
158_132,s-0.9900000000000001,s3.3000000000000007,s0
158_133,s-0.6400000000000001,s4.1000000000000005,s180
158_134,s0.575,s3.5250000000000004,s90
158_135,s-0.225,s3.8750000000000004,s270
158_136,s0.9900000000000001,s3.3000000000000007,s0
158_137,s1.34,s4.1000000000000005,s180
158_138,s2.5550000000000006,s3.5250000000000004,s90
158_139,s1.7550000000000006,s3.875,s270
158_140,s2.97,s3.3000000000000007,s0
158_141,s3.32,s4.1000000000000005,s180
158_142,s4.535,s3.5250000000000004,s90
158_143,s3.7350000000000003,s3.8750000000000004,s270
158_144,s-3.9600000000000004,s4.4,s0
158_145,s-3.6100000000000003,s5.2,s180
158_146,s-2.395,s4.625,s90
158_147,s-3.195,s4.975,s270
158_148,s-1.9800000000000002,s4.4,s0
158_149,s-1.6300000000000003,s5.2,s180
158_150,s-0.415,s4.625,s90
158_151,s-1.215,s4.975,s270
158_152,s0.0,s4.4,s0
158_153,s0.35,s5.2,s180
158_154,s1.565,s4.625,s90
158_155,s0.765,s4.975,s270
158_156,s1.9800000000000002,s4.4,s0
158_157,s2.33,s5.2,s180
159_0,s-3.9600000000000004,s-4.4,s0
159_1,s-3.6100000000000003,s-3.6,s180
159_2,s-2.395,s-4.175,s90
159_3,s-3.195,s-3.825,s270
159_4,s-1.9800000000000002,s-4.4,s0
159_5,s-1.6300000000000003,s-3.6,s180
159_6,s-0.415,s-4.175,s90
159_7,s-1.215,s-3.825,s270
159_8,s0.0,s-4.4,s0
159_9,s0.35,s-3.6,s180
159_10,s1.565,s-4.175,s90
159_11,s0.765,s-3.825,s270
159_12,s1.9800000000000002,s-4.4,s0
159_13,s2.33,s-3.6,s180
159_14,s3.545,s-4.175,s90
159_15,s2.745,s-3.825,s270
159_16,s3.9600000000000004,s-4.4,s0
159_17,s4.3100000000000005,s-3.6,s180
159_18,s-3.3850000000000007,s-3.0750000000000006,s90
159_19,s-4.1850000000000005,s-2.7250000000000005,s270
159_20,s-2.97,s-3.3000000000000007,s0
159_21,s-2.62,s-2.5000000000000004,s180
159_22,s-1.4050000000000005,s-3.0750000000000006,s90
159_23,s-2.2050000000000005,s-2.7250000000000005,s270
159_24,s-0.9900000000000001,s-3.3000000000000007,s0
159_25,s-0.6400000000000001,s-2.5000000000000004,s180
159_26,s0.575,s-3.0750000000000006,s90
159_27,s-0.225,s-2.7250000000000005,s270
159_28,s0.9900000000000001,s-3.3000000000000007,s0
159_29,s1.34,s-2.5000000000000004,s180
159_30,s2.555,s-3.075000000000001,s90
159_31,s1.7550000000000003,s-2.725000000000001,s270
159_32,s2.97,s-3.3000000000000007,s0
159_33,s3.32,s-2.5000000000000004,s180
159_34,s4.535,s-3.0750000000000006,s90
159_35,s3.7350000000000003,s-2.7250000000000005,s270
159_36,s-3.9600000000000004,s-2.2,s0
159_37,s-3.6100000000000003,s-1.4,s180
159_38,s-2.395,s-1.975,s90
159_39,s-3.195,s-1.625,s270
159_40,s-1.9800000000000002,s-2.2,s0
159_41,s-1.6300000000000003,s-1.4,s180
159_42,s-0.415,s-1.975,s90
159_43,s-1.215,s-1.625,s270
159_44,s0.0,s-2.2,s0
159_45,s0.35,s-1.4,s180
159_46,s1.565,s-1.975,s90
159_47,s0.765,s-1.625,s270
159_48,s1.9800000000000002,s-2.2,s0
159_49,s2.33,s-1.4,s180
159_50,s3.545,s-1.975,s90
159_51,s2.745,s-1.625,s270
159_52,s3.9600000000000004,s-2.2,s0
159_53,s4.3100000000000005,s-1.4,s180
159_54,s-3.3850000000000007,s-0.875,s90
159_55,s-4.1850000000000005,s-0.525,s270
159_56,s-2.97,s-1.1,s0
159_57,s-2.62,s-0.3,s180
159_58,s-1.405,s-0.875,s90
159_59,s-2.205,s-0.525,s270
159_60,s-0.9900000000000001,s-1.1,s0
159_61,s-0.6400000000000001,s-0.3,s180
159_62,s0.575,s-0.875,s90
159_63,s-0.225,s-0.525,s270
159_64,s0.9900000000000001,s-1.1,s0
159_65,s1.34,s-0.3,s180
159_66,s2.555,s-0.8749999999999998,s90
159_67,s1.7550000000000003,s-0.525,s270
159_68,s2.97,s-1.1,s0
159_69,s3.32,s-0.3,s180
159_70,s4.535,s-0.8749999999999994,s90
159_71,s3.7350000000000003,s-0.5249999999999995,s270
159_72,s-3.9600000000000004,s0.0,s0
159_73,s-3.6100000000000003,s0.8,s180
159_74,s-2.395,s0.225,s90
159_75,s-3.195,s0.575,s270
159_76,s-1.9800000000000002,s0.0,s0
159_77,s-1.6300000000000003,s0.8,s180
159_78,s-0.41500000000000015,s0.22499999999999987,s90
159_79,s-1.215,s0.5749999999999998,s270
159_80,s0.0,s0.0,s0
159_81,s0.35,s0.8,s180
159_82,s1.565,s0.22500000000000012,s90
159_83,s0.765,s0.575,s270
159_84,s1.9800000000000002,s0.0,s0
159_85,s2.33,s0.8,s180
159_86,s3.545,s0.225,s90
159_87,s2.745,s0.575,s270
159_88,s3.9600000000000004,s0.0,s0
159_89,s4.3100000000000005,s0.8,s180
159_90,s-3.3850000000000007,s1.3249999999999995,s90
159_91,s-4.1850000000000005,s1.6749999999999994,s270
159_92,s-2.97,s1.1,s0
159_93,s-2.62,s1.9,s180
159_94,s-1.4050000000000002,s1.3249999999999997,s90
159_95,s-2.205,s1.6749999999999998,s270
159_96,s-0.9900000000000001,s1.1,s0
159_97,s-0.6400000000000001,s1.9,s180
159_98,s0.575,s1.325,s90
159_99,s-0.225,s1.675,s270
159_100,s0.9900000000000001,s1.1,s0
159_101,s1.34,s1.9,s180
159_102,s2.555,s1.325,s90
159_103,s1.755,s1.6749999999999998,s270
159_104,s2.97,s1.1,s0
159_105,s3.32,s1.9,s180
159_106,s4.535,s1.325,s90
159_107,s3.735,s1.675,s270
159_108,s-3.9600000000000004,s2.2,s0
159_109,s-3.6100000000000003,s3.0,s180
159_110,s-2.395,s2.425,s90
159_111,s-3.195,s2.775,s270
159_112,s-1.9800000000000002,s2.2,s0
159_113,s-1.6300000000000003,s3.0,s180
159_114,s-0.415,s2.425,s90
159_115,s-1.215,s2.775,s270
159_116,s0.0,s2.2,s0
159_117,s0.35,s3.0,s180
159_118,s1.565,s2.425,s90
159_119,s0.765,s2.775,s270
159_120,s1.9800000000000002,s2.2,s0
159_121,s2.33,s3.0,s180
159_122,s3.545,s2.425,s90
159_123,s2.745,s2.775,s270
159_124,s3.9600000000000004,s2.2,s0
159_125,s4.3100000000000005,s3.0,s180
159_126,s-3.3850000000000007,s3.5250000000000004,s90
159_127,s-4.1850000000000005,s3.8750000000000004,s270
159_128,s-2.97,s3.3000000000000007,s0
159_129,s-2.62,s4.1000000000000005,s180
159_130,s-1.4050000000000002,s3.5250000000000012,s90
159_131,s-2.205,s3.875000000000001,s270
159_132,s-0.9900000000000001,s3.3000000000000007,s0
159_133,s-0.6400000000000001,s4.1000000000000005,s180
159_134,s0.575,s3.5250000000000004,s90
159_135,s-0.225,s3.8750000000000004,s270
159_136,s0.9900000000000001,s3.3000000000000007,s0
159_137,s1.34,s4.1000000000000005,s180
159_138,s2.5550000000000006,s3.5250000000000004,s90
159_139,s1.7550000000000006,s3.875,s270
159_140,s2.97,s3.3000000000000007,s0
159_141,s3.32,s4.1000000000000005,s180
159_142,s4.535,s3.5250000000000004,s90
159_143,s3.7350000000000003,s3.8750000000000004,s270
159_144,s-3.9600000000000004,s4.4,s0
159_145,s-3.6100000000000003,s5.2,s180
159_146,s-2.395,s4.625,s90
159_147,s-3.195,s4.975,s270
159_148,s-1.9800000000000002,s4.4,s0
159_149,s-1.6300000000000003,s5.2,s180
159_150,s-0.415,s4.625,s90
159_151,s-1.215,s4.975,s270
159_152,s0.0,s4.4,s0
159_153,s0.35,s5.2,s180
159_154,s1.565,s4.625,s90
159_155,s0.765,s4.975,s270
159_156,s1.9800000000000002,s4.4,s0
159_157,s2.33,s5.2,s180
160_0,s-3.9600000000000004,s-4.4,s0
160_1,s-3.6100000000000003,s-3.6,s180
160_2,s-2.395,s-4.175,s90
160_3,s-3.195,s-3.825,s270
160_4,s-1.9800000000000002,s-4.4,s0
160_5,s-1.6300000000000003,s-3.6,s180
160_6,s-0.415,s-4.175,s90
160_7,s-1.215,s-3.825,s270
160_8,s0.0,s-4.4,s0
160_9,s0.35,s-3.6,s180
160_10,s1.565,s-4.175,s90
160_11,s0.765,s-3.825,s270
160_12,s1.9800000000000002,s-4.4,s0
160_13,s2.33,s-3.6,s180
160_14,s3.545,s-4.175,s90
160_15,s2.745,s-3.825,s270
160_16,s3.9600000000000004,s-4.4,s0
160_17,s4.3100000000000005,s-3.6,s180
160_18,s-3.3850000000000007,s-3.0750000000000006,s90
160_19,s-4.1850000000000005,s-2.7250000000000005,s270
160_20,s-2.97,s-3.3000000000000007,s0
160_21,s-2.62,s-2.5000000000000004,s180
160_22,s-1.4050000000000005,s-3.0750000000000006,s90
160_23,s-2.2050000000000005,s-2.7250000000000005,s270
160_24,s-0.9900000000000001,s-3.3000000000000007,s0
160_25,s-0.6400000000000001,s-2.5000000000000004,s180
160_26,s0.575,s-3.0750000000000006,s90
160_27,s-0.225,s-2.7250000000000005,s270
160_28,s0.9900000000000001,s-3.3000000000000007,s0
160_29,s1.34,s-2.5000000000000004,s180
160_30,s2.555,s-3.075000000000001,s90
160_31,s1.7550000000000003,s-2.725000000000001,s270
160_32,s2.97,s-3.3000000000000007,s0
160_33,s3.32,s-2.5000000000000004,s180
160_34,s4.535,s-3.0750000000000006,s90
160_35,s3.7350000000000003,s-2.7250000000000005,s270
160_36,s-3.9600000000000004,s-2.2,s0
160_37,s-3.6100000000000003,s-1.4,s180
160_38,s-2.395,s-1.975,s90
160_39,s-3.195,s-1.625,s270
160_40,s-1.9800000000000002,s-2.2,s0
160_41,s-1.6300000000000003,s-1.4,s180
160_42,s-0.415,s-1.975,s90
160_43,s-1.215,s-1.625,s270
160_44,s0.0,s-2.2,s0
160_45,s0.35,s-1.4,s180
160_46,s1.565,s-1.975,s90
160_47,s0.765,s-1.625,s270
160_48,s1.9800000000000002,s-2.2,s0
160_49,s2.33,s-1.4,s180
160_50,s3.545,s-1.975,s90
160_51,s2.745,s-1.625,s270
160_52,s3.9600000000000004,s-2.2,s0
160_53,s4.3100000000000005,s-1.4,s180
160_54,s-3.3850000000000007,s-0.875,s90
160_55,s-4.1850000000000005,s-0.525,s270
160_56,s-2.97,s-1.1,s0
160_57,s-2.62,s-0.3,s180
160_58,s-1.405,s-0.875,s90
160_59,s-2.205,s-0.525,s270
160_60,s-0.9900000000000001,s-1.1,s0
160_61,s-0.6400000000000001,s-0.3,s180
160_62,s0.575,s-0.875,s90
160_63,s-0.225,s-0.525,s270
160_64,s0.9900000000000001,s-1.1,s0
160_65,s1.34,s-0.3,s180
160_66,s2.555,s-0.8749999999999998,s90
160_67,s1.7550000000000003,s-0.525,s270
160_68,s2.97,s-1.1,s0
160_69,s3.32,s-0.3,s180
160_70,s4.535,s-0.8749999999999994,s90
160_71,s3.7350000000000003,s-0.5249999999999995,s270
160_72,s-3.9600000000000004,s0.0,s0
160_73,s-3.6100000000000003,s0.8,s180
160_74,s-2.395,s0.225,s90
160_75,s-3.195,s0.575,s270
160_76,s-1.9800000000000002,s0.0,s0
160_77,s-1.6300000000000003,s0.8,s180
160_78,s-0.41500000000000015,s0.22499999999999987,s90
160_79,s-1.215,s0.5749999999999998,s270
160_80,s0.0,s0.0,s0
160_81,s0.35,s0.8,s180
160_82,s1.565,s0.22500000000000012,s90
160_83,s0.765,s0.575,s270
160_84,s1.9800000000000002,s0.0,s0
160_85,s2.33,s0.8,s180
160_86,s3.545,s0.225,s90
160_87,s2.745,s0.575,s270
160_88,s3.9600000000000004,s0.0,s0
160_89,s4.3100000000000005,s0.8,s180
160_90,s-3.3850000000000007,s1.3249999999999995,s90
160_91,s-4.1850000000000005,s1.6749999999999994,s270
160_92,s-2.97,s1.1,s0
160_93,s-2.62,s1.9,s180
160_94,s-1.4050000000000002,s1.3249999999999997,s90
160_95,s-2.205,s1.6749999999999998,s270
160_96,s-0.9900000000000001,s1.1,s0
160_97,s-0.6400000000000001,s1.9,s180
160_98,s0.575,s1.325,s90
160_99,s-0.225,s1.675,s270
160_100,s0.9900000000000001,s1.1,s0
160_101,s1.34,s1.9,s180
160_102,s2.555,s1.325,s90
160_103,s1.755,s1.6749999999999998,s270
160_104,s2.97,s1.1,s0
160_105,s3.32,s1.9,s180
160_106,s4.535,s1.325,s90
160_107,s3.735,s1.675,s270
160_108,s-3.9600000000000004,s2.2,s0
160_109,s-3.6100000000000003,s3.0,s180
160_110,s-2.395,s2.425,s90
160_111,s-3.195,s2.775,s270
160_112,s-1.9800000000000002,s2.2,s0
160_113,s-1.6300000000000003,s3.0,s180
160_114,s-0.415,s2.425,s90
160_115,s-1.215,s2.775,s270
160_116,s0.0,s2.2,s0
160_117,s0.35,s3.0,s180
160_118,s1.565,s2.425,s90
160_119,s0.765,s2.775,s270
160_120,s1.9800000000000002,s2.2,s0
160_121,s2.33,s3.0,s180
160_122,s3.545,s2.425,s90
160_123,s2.745,s2.775,s270
160_124,s3.9600000000000004,s2.2,s0
160_125,s4.3100000000000005,s3.0,s180
160_126,s-3.3850000000000007,s3.5250000000000004,s90
160_127,s-4.1850000000000005,s3.8750000000000004,s270
160_128,s-2.97,s3.3000000000000007,s0
160_129,s-2.62,s4.1000000000000005,s180
160_130,s-1.4050000000000002,s3.5250000000000012,s90
160_131,s-2.205,s3.875000000000001,s270
160_132,s-0.9900000000000001,s3.3000000000000007,s0
160_133,s-0.6400000000000001,s4.1000000000000005,s180
160_134,s0.575,s3.5250000000000004,s90
160_135,s-0.225,s3.8750000000000004,s270
160_136,s0.9900000000000001,s3.3000000000000007,s0
160_137,s1.34,s4.1000000000000005,s180
160_138,s2.5550000000000006,s3.5250000000000004,s90
160_139,s1.7550000000000006,s3.875,s270
160_140,s2.97,s3.3000000000000007,s0
160_141,s3.32,s4.1000000000000005,s180
160_142,s4.535,s3.5250000000000004,s90
160_143,s3.7350000000000003,s3.8750000000000004,s270
160_144,s-3.9600000000000004,s4.4,s0
160_145,s-3.6100000000000003,s5.2,s180
160_146,s-2.395,s4.625,s90
160_147,s-3.195,s4.975,s270
160_148,s-1.9800000000000002,s4.4,s0
160_149,s-1.6300000000000003,s5.2,s180
160_150,s-0.415,s4.625,s90
160_151,s-1.215,s4.975,s270
160_152,s0.0,s4.4,s0
160_153,s0.35,s5.2,s180
160_154,s1.565,s4.625,s90
160_155,s0.765,s4.975,s270
160_156,s1.9800000000000002,s4.4,s0
160_157,s2.33,s5.2,s180
160_158,s3.545,s4.625,s90
160_159,s2.745,s4.975,s270
161_0,s-3.9600000000000004,s-4.4,s0
161_1,s-3.6100000000000003,s-3.6,s180
161_2,s-2.395,s-4.175,s90
161_3,s-3.195,s-3.825,s270
161_4,s-1.9800000000000002,s-4.4,s0
161_5,s-1.6300000000000003,s-3.6,s180
161_6,s-0.415,s-4.175,s90
161_7,s-1.215,s-3.825,s270
161_8,s0.0,s-4.4,s0
161_9,s0.35,s-3.6,s180
161_10,s1.565,s-4.175,s90
161_11,s0.765,s-3.825,s270
161_12,s1.9800000000000002,s-4.4,s0
161_13,s2.33,s-3.6,s180
161_14,s3.545,s-4.175,s90
161_15,s2.745,s-3.825,s270
161_16,s3.9600000000000004,s-4.4,s0
161_17,s4.3100000000000005,s-3.6,s180
161_18,s-3.3850000000000007,s-3.0750000000000006,s90
161_19,s-4.1850000000000005,s-2.7250000000000005,s270
161_20,s-2.97,s-3.3000000000000007,s0
161_21,s-2.62,s-2.5000000000000004,s180
161_22,s-1.4050000000000005,s-3.0750000000000006,s90
161_23,s-2.2050000000000005,s-2.7250000000000005,s270
161_24,s-0.9900000000000001,s-3.3000000000000007,s0
161_25,s-0.6400000000000001,s-2.5000000000000004,s180
161_26,s0.575,s-3.0750000000000006,s90
161_27,s-0.225,s-2.7250000000000005,s270
161_28,s0.9900000000000001,s-3.3000000000000007,s0
161_29,s1.34,s-2.5000000000000004,s180
161_30,s2.555,s-3.075000000000001,s90
161_31,s1.7550000000000003,s-2.725000000000001,s270
161_32,s2.97,s-3.3000000000000007,s0
161_33,s3.32,s-2.5000000000000004,s180
161_34,s4.535,s-3.0750000000000006,s90
161_35,s3.7350000000000003,s-2.7250000000000005,s270
161_36,s-3.9600000000000004,s-2.2,s0
161_37,s-3.6100000000000003,s-1.4,s180
161_38,s-2.395,s-1.975,s90
161_39,s-3.195,s-1.625,s270
161_40,s-1.9800000000000002,s-2.2,s0
161_41,s-1.6300000000000003,s-1.4,s180
161_42,s-0.415,s-1.975,s90
161_43,s-1.215,s-1.625,s270
161_44,s0.0,s-2.2,s0
161_45,s0.35,s-1.4,s180
161_46,s1.565,s-1.975,s90
161_47,s0.765,s-1.625,s270
161_48,s1.9800000000000002,s-2.2,s0
161_49,s2.33,s-1.4,s180
161_50,s3.545,s-1.975,s90
161_51,s2.745,s-1.625,s270
161_52,s3.9600000000000004,s-2.2,s0
161_53,s4.3100000000000005,s-1.4,s180
161_54,s-3.3850000000000007,s-0.875,s90
161_55,s-4.1850000000000005,s-0.525,s270
161_56,s-2.97,s-1.1,s0
161_57,s-2.62,s-0.3,s180
161_58,s-1.405,s-0.875,s90
161_59,s-2.205,s-0.525,s270
161_60,s-0.9900000000000001,s-1.1,s0
161_61,s-0.6400000000000001,s-0.3,s180
161_62,s0.575,s-0.875,s90
161_63,s-0.225,s-0.525,s270
161_64,s0.9900000000000001,s-1.1,s0
161_65,s1.34,s-0.3,s180
161_66,s2.555,s-0.8749999999999998,s90
161_67,s1.7550000000000003,s-0.525,s270
161_68,s2.97,s-1.1,s0
161_69,s3.32,s-0.3,s180
161_70,s4.535,s-0.8749999999999994,s90
161_71,s3.7350000000000003,s-0.5249999999999995,s270
161_72,s-3.9600000000000004,s0.0,s0
161_73,s-3.6100000000000003,s0.8,s180
161_74,s-2.395,s0.225,s90
161_75,s-3.195,s0.575,s270
161_76,s-1.9800000000000002,s0.0,s0
161_77,s-1.6300000000000003,s0.8,s180
161_78,s-0.41500000000000015,s0.22499999999999987,s90
161_79,s-1.215,s0.5749999999999998,s270
161_80,s0.0,s0.0,s0
161_81,s0.35,s0.8,s180
161_82,s1.565,s0.22500000000000012,s90
161_83,s0.765,s0.575,s270
161_84,s1.9800000000000002,s0.0,s0
161_85,s2.33,s0.8,s180
161_86,s3.545,s0.225,s90
161_87,s2.745,s0.575,s270
161_88,s3.9600000000000004,s0.0,s0
161_89,s4.3100000000000005,s0.8,s180
161_90,s-3.3850000000000007,s1.3249999999999995,s90
161_91,s-4.1850000000000005,s1.6749999999999994,s270
161_92,s-2.97,s1.1,s0
161_93,s-2.62,s1.9,s180
161_94,s-1.4050000000000002,s1.3249999999999997,s90
161_95,s-2.205,s1.6749999999999998,s270
161_96,s-0.9900000000000001,s1.1,s0
161_97,s-0.6400000000000001,s1.9,s180
161_98,s0.575,s1.325,s90
161_99,s-0.225,s1.675,s270
161_100,s0.9900000000000001,s1.1,s0
161_101,s1.34,s1.9,s180
161_102,s2.555,s1.325,s90
161_103,s1.755,s1.6749999999999998,s270
161_104,s2.97,s1.1,s0
161_105,s3.32,s1.9,s180
161_106,s4.535,s1.325,s90
161_107,s3.735,s1.675,s270
161_108,s-3.9600000000000004,s2.2,s0
161_109,s-3.6100000000000003,s3.0,s180
161_110,s-2.395,s2.425,s90
161_111,s-3.195,s2.775,s270
161_112,s-1.9800000000000002,s2.2,s0
161_113,s-1.6300000000000003,s3.0,s180
161_114,s-0.415,s2.425,s90
161_115,s-1.215,s2.775,s270
161_116,s0.0,s2.2,s0
161_117,s0.35,s3.0,s180
161_118,s1.565,s2.425,s90
161_119,s0.765,s2.775,s270
161_120,s1.9800000000000002,s2.2,s0
161_121,s2.33,s3.0,s180
161_122,s3.545,s2.425,s90
161_123,s2.745,s2.775,s270
161_124,s3.9600000000000004,s2.2,s0
161_125,s4.3100000000000005,s3.0,s180
161_126,s-3.3850000000000007,s3.5250000000000004,s90
161_127,s-4.1850000000000005,s3.8750000000000004,s270
161_128,s-2.97,s3.3000000000000007,s0
161_129,s-2.62,s4.1000000000000005,s180
161_130,s-1.4050000000000002,s3.5250000000000012,s90
161_131,s-2.205,s3.875000000000001,s270
161_132,s-0.9900000000000001,s3.3000000000000007,s0
161_133,s-0.6400000000000001,s4.1000000000000005,s180
161_134,s0.575,s3.5250000000000004,s90
161_135,s-0.225,s3.8750000000000004,s270
161_136,s0.9900000000000001,s3.3000000000000007,s0
161_137,s1.34,s4.1000000000000005,s180
161_138,s2.5550000000000006,s3.5250000000000004,s90
161_139,s1.7550000000000006,s3.875,s270
161_140,s2.97,s3.3000000000000007,s0
161_141,s3.32,s4.1000000000000005,s180
161_142,s4.535,s3.5250000000000004,s90
161_143,s3.7350000000000003,s3.8750000000000004,s270
161_144,s-3.9600000000000004,s4.4,s0
161_145,s-3.6100000000000003,s5.2,s180
161_146,s-2.395,s4.625,s90
161_147,s-3.195,s4.975,s270
161_148,s-1.9800000000000002,s4.4,s0
161_149,s-1.6300000000000003,s5.2,s180
161_150,s-0.415,s4.625,s90
161_151,s-1.215,s4.975,s270
161_152,s0.0,s4.4,s0
161_153,s0.35,s5.2,s180
161_154,s1.565,s4.625,s90
161_155,s0.765,s4.975,s270
161_156,s1.9800000000000002,s4.4,s0
161_157,s2.33,s5.2,s180
161_158,s3.545,s4.625,s90
161_159,s2.745,s4.975,s270
162_0,s-4.455,s-4.4,s0
162_1,s-4.105,s-3.6,s180
162_2,s-2.89,s-4.175,s90
162_3,s-3.69,s-3.825,s270
162_4,s-2.475,s-4.4,s0
162_5,s-2.125,s-3.6,s180
162_6,s-0.91,s-4.175,s90
162_7,s-1.71,s-3.825,s270
162_8,s-0.49500000000000005,s-4.4,s0
162_9,s-0.14500000000000007,s-3.6,s180
162_10,s1.07,s-4.175,s90
162_11,s0.27,s-3.825,s270
162_12,s1.485,s-4.4,s0
162_13,s1.835,s-3.6,s180
162_14,s3.05,s-4.175,s90
162_15,s2.25,s-3.825,s270
162_16,s3.4650000000000003,s-4.4,s0
162_17,s3.8150000000000004,s-3.6,s180
162_18,s5.03,s-4.175,s90
162_19,s4.23,s-3.825,s270
162_20,s-3.8799999999999994,s-3.0750000000000006,s90
162_21,s-4.68,s-2.7250000000000005,s270
162_22,s-3.4650000000000003,s-3.3000000000000007,s0
162_23,s-3.1150000000000007,s-2.5000000000000004,s180
162_24,s-1.8999999999999995,s-3.0750000000000006,s90
162_25,s-2.6999999999999993,s-2.7250000000000005,s270
162_26,s-1.485,s-3.3000000000000007,s0
162_27,s-1.135,s-2.5000000000000004,s180
162_28,s0.08,s-3.0750000000000006,s90
162_29,s-0.72,s-2.7250000000000005,s270
162_30,s0.49500000000000005,s-3.3000000000000007,s0
162_31,s0.845,s-2.5000000000000004,s180
162_32,s2.06,s-3.0750000000000006,s90
162_33,s1.26,s-2.7250000000000005,s270
162_34,s2.475,s-3.3000000000000007,s0
162_35,s2.825,s-2.5000000000000004,s180
162_36,s4.040000000000001,s-3.0750000000000006,s90
162_37,s3.2400000000000007,s-2.7250000000000005,s270
162_38,s4.455,s-3.3000000000000007,s0
162_39,s4.805,s-2.5000000000000004,s180
162_40,s-4.455,s-2.2,s0
162_41,s-4.105,s-1.4,s180
162_42,s-2.89,s-1.975,s90
162_43,s-3.69,s-1.625,s270
162_44,s-2.475,s-2.2,s0
162_45,s-2.125,s-1.4,s180
162_46,s-0.91,s-1.975,s90
162_47,s-1.71,s-1.625,s270
162_48,s-0.49500000000000005,s-2.2,s0
162_49,s-0.14500000000000007,s-1.4,s180
162_50,s1.07,s-1.975,s90
162_51,s0.27,s-1.625,s270
162_52,s1.485,s-2.2,s0
162_53,s1.835,s-1.4,s180
162_54,s3.05,s-1.975,s90
162_55,s2.25,s-1.625,s270
162_56,s3.4650000000000003,s-2.2,s0
162_57,s3.8150000000000004,s-1.4,s180
162_58,s5.03,s-1.975,s90
162_59,s4.23,s-1.625,s270
162_60,s-3.88,s-0.875,s90
162_61,s-4.68,s-0.525,s270
162_62,s-3.4650000000000003,s-1.1,s0
162_63,s-3.1150000000000007,s-0.3,s180
162_64,s-1.9,s-0.875,s90
162_65,s-2.7,s-0.525,s270
162_66,s-1.485,s-1.1,s0
162_67,s-1.135,s-0.3,s180
162_68,s0.08,s-0.875,s90
162_69,s-0.72,s-0.525,s270
162_70,s0.49500000000000005,s-1.1,s0
162_71,s0.845,s-0.3,s180
162_72,s2.06,s-0.875,s90
162_73,s1.26,s-0.525,s270
162_74,s2.475,s-1.1,s0
162_75,s2.825,s-0.3,s180
162_76,s4.040000000000001,s-0.875,s90
162_77,s3.2400000000000007,s-0.525,s270
162_78,s4.455,s-1.1,s0
162_79,s4.805,s-0.3,s180
162_80,s-4.455,s0.0,s0
162_81,s-4.105,s0.8,s180
162_82,s-2.8900000000000006,s0.225,s90
162_83,s-3.6900000000000004,s0.575,s270
162_84,s-2.475,s0.0,s0
162_85,s-2.125,s0.8,s180
162_86,s-0.91,s0.225,s90
162_87,s-1.71,s0.575,s270
162_88,s-0.49500000000000005,s0.0,s0
162_89,s-0.14500000000000007,s0.8,s180
162_90,s1.07,s0.22500000000000006,s90
162_91,s0.27,s0.575,s270
162_92,s1.485,s0.0,s0
162_93,s1.835,s0.8,s180
162_94,s3.05,s0.225,s90
162_95,s2.25,s0.575,s270
162_96,s3.4650000000000003,s0.0,s0
162_97,s3.8150000000000004,s0.8,s180
162_98,s5.03,s0.225,s90
162_99,s4.23,s0.575,s270
162_100,s-3.88,s1.325,s90
162_101,s-4.68,s1.675,s270
162_102,s-3.4650000000000003,s1.1,s0
162_103,s-3.1150000000000007,s1.9,s180
162_104,s-1.9,s1.325,s90
162_105,s-2.7,s1.675,s270
162_106,s-1.485,s1.1,s0
162_107,s-1.135,s1.9,s180
162_108,s0.08,s1.325,s90
162_109,s-0.72,s1.675,s270
162_110,s0.49500000000000005,s1.1,s0
162_111,s0.845,s1.9,s180
162_112,s2.06,s1.325,s90
162_113,s1.26,s1.675,s270
162_114,s2.475,s1.1,s0
162_115,s2.825,s1.9,s180
162_116,s4.04,s1.325,s90
162_117,s3.24,s1.675,s270
162_118,s4.455,s1.1,s0
162_119,s4.805,s1.9,s180
162_120,s-4.455,s2.2,s0
162_121,s-4.105,s3.0,s180
162_122,s-2.8900000000000006,s2.4249999999999994,s90
162_123,s-3.6900000000000004,s2.7749999999999995,s270
162_124,s-2.475,s2.2,s0
162_125,s-2.125,s3.0,s180
162_126,s-0.91,s2.425,s90
162_127,s-1.71,s2.775,s270
162_128,s-0.49500000000000005,s2.2,s0
162_129,s-0.14500000000000007,s3.0,s180
162_130,s1.07,s2.425,s90
162_131,s0.27,s2.775,s270
162_132,s1.485,s2.2,s0
162_133,s1.835,s3.0,s180
162_134,s3.05,s2.425,s90
162_135,s2.25,s2.775,s270
162_136,s3.4650000000000003,s2.2,s0
162_137,s3.8150000000000004,s3.0,s180
162_138,s5.03,s2.425,s90
162_139,s4.23,s2.775,s270
162_140,s-3.88,s3.525,s90
162_141,s-4.68,s3.875,s270
162_142,s-3.4650000000000003,s3.3000000000000007,s0
162_143,s-3.1150000000000007,s4.1000000000000005,s180
162_144,s-1.9,s3.525,s90
162_145,s-2.7,s3.875,s270
162_146,s-1.485,s3.3000000000000007,s0
162_147,s-1.135,s4.1000000000000005,s180
162_148,s0.08,s3.5250000000000004,s90
162_149,s-0.72,s3.8750000000000004,s270
162_150,s0.49500000000000005,s3.3000000000000007,s0
162_151,s0.845,s4.1000000000000005,s180
162_152,s2.0599999999999996,s3.5250000000000004,s90
162_153,s1.2599999999999996,s3.8750000000000004,s270
162_154,s2.475,s3.3000000000000007,s0
162_155,s2.825,s4.1000000000000005,s180
162_156,s4.040000000000001,s3.5250000000000004,s90
162_157,s3.2400000000000007,s3.8750000000000004,s270
162_158,s4.455,s3.3000000000000007,s0
162_159,s4.805,s4.1000000000000005,s180
162_160,s-4.455,s4.4,s0
162_161,s-4.105,s5.2,s180
163_0,s-4.455,s-4.4,s0
163_1,s-4.105,s-3.6,s180
163_2,s-2.89,s-4.175,s90
163_3,s-3.69,s-3.825,s270
163_4,s-2.475,s-4.4,s0
163_5,s-2.125,s-3.6,s180
163_6,s-0.91,s-4.175,s90
163_7,s-1.71,s-3.825,s270
163_8,s-0.49500000000000005,s-4.4,s0
163_9,s-0.14500000000000007,s-3.6,s180
163_10,s1.07,s-4.175,s90
163_11,s0.27,s-3.825,s270
163_12,s1.485,s-4.4,s0
163_13,s1.835,s-3.6,s180
163_14,s3.05,s-4.175,s90
163_15,s2.25,s-3.825,s270
163_16,s3.4650000000000003,s-4.4,s0
163_17,s3.8150000000000004,s-3.6,s180
163_18,s5.03,s-4.175,s90
163_19,s4.23,s-3.825,s270
163_20,s-3.8799999999999994,s-3.0750000000000006,s90
163_21,s-4.68,s-2.7250000000000005,s270
163_22,s-3.4650000000000003,s-3.3000000000000007,s0
163_23,s-3.1150000000000007,s-2.5000000000000004,s180
163_24,s-1.8999999999999995,s-3.0750000000000006,s90
163_25,s-2.6999999999999993,s-2.7250000000000005,s270
163_26,s-1.485,s-3.3000000000000007,s0
163_27,s-1.135,s-2.5000000000000004,s180
163_28,s0.08,s-3.0750000000000006,s90
163_29,s-0.72,s-2.7250000000000005,s270
163_30,s0.49500000000000005,s-3.3000000000000007,s0
163_31,s0.845,s-2.5000000000000004,s180
163_32,s2.06,s-3.0750000000000006,s90
163_33,s1.26,s-2.7250000000000005,s270
163_34,s2.475,s-3.3000000000000007,s0
163_35,s2.825,s-2.5000000000000004,s180
163_36,s4.040000000000001,s-3.0750000000000006,s90
163_37,s3.2400000000000007,s-2.7250000000000005,s270
163_38,s4.455,s-3.3000000000000007,s0
163_39,s4.805,s-2.5000000000000004,s180
163_40,s-4.455,s-2.2,s0
163_41,s-4.105,s-1.4,s180
163_42,s-2.89,s-1.975,s90
163_43,s-3.69,s-1.625,s270
163_44,s-2.475,s-2.2,s0
163_45,s-2.125,s-1.4,s180
163_46,s-0.91,s-1.975,s90
163_47,s-1.71,s-1.625,s270
163_48,s-0.49500000000000005,s-2.2,s0
163_49,s-0.14500000000000007,s-1.4,s180
163_50,s1.07,s-1.975,s90
163_51,s0.27,s-1.625,s270
163_52,s1.485,s-2.2,s0
163_53,s1.835,s-1.4,s180
163_54,s3.05,s-1.975,s90
163_55,s2.25,s-1.625,s270
163_56,s3.4650000000000003,s-2.2,s0
163_57,s3.8150000000000004,s-1.4,s180
163_58,s5.03,s-1.975,s90
163_59,s4.23,s-1.625,s270
163_60,s-3.88,s-0.875,s90
163_61,s-4.68,s-0.525,s270
163_62,s-3.4650000000000003,s-1.1,s0
163_63,s-3.1150000000000007,s-0.3,s180
163_64,s-1.9,s-0.875,s90
163_65,s-2.7,s-0.525,s270
163_66,s-1.485,s-1.1,s0
163_67,s-1.135,s-0.3,s180
163_68,s0.08,s-0.875,s90
163_69,s-0.72,s-0.525,s270
163_70,s0.49500000000000005,s-1.1,s0
163_71,s0.845,s-0.3,s180
163_72,s2.06,s-0.875,s90
163_73,s1.26,s-0.525,s270
163_74,s2.475,s-1.1,s0
163_75,s2.825,s-0.3,s180
163_76,s4.040000000000001,s-0.875,s90
163_77,s3.2400000000000007,s-0.525,s270
163_78,s4.455,s-1.1,s0
163_79,s4.805,s-0.3,s180
163_80,s-4.455,s0.0,s0
163_81,s-4.105,s0.8,s180
163_82,s-2.8900000000000006,s0.225,s90
163_83,s-3.6900000000000004,s0.575,s270
163_84,s-2.475,s0.0,s0
163_85,s-2.125,s0.8,s180
163_86,s-0.91,s0.225,s90
163_87,s-1.71,s0.575,s270
163_88,s-0.49500000000000005,s0.0,s0
163_89,s-0.14500000000000007,s0.8,s180
163_90,s1.07,s0.22500000000000006,s90
163_91,s0.27,s0.575,s270
163_92,s1.485,s0.0,s0
163_93,s1.835,s0.8,s180
163_94,s3.05,s0.225,s90
163_95,s2.25,s0.575,s270
163_96,s3.4650000000000003,s0.0,s0
163_97,s3.8150000000000004,s0.8,s180
163_98,s5.03,s0.225,s90
163_99,s4.23,s0.575,s270
163_100,s-3.88,s1.325,s90
163_101,s-4.68,s1.675,s270
163_102,s-3.4650000000000003,s1.1,s0
163_103,s-3.1150000000000007,s1.9,s180
163_104,s-1.9,s1.325,s90
163_105,s-2.7,s1.675,s270
163_106,s-1.485,s1.1,s0
163_107,s-1.135,s1.9,s180
163_108,s0.08,s1.325,s90
163_109,s-0.72,s1.675,s270
163_110,s0.49500000000000005,s1.1,s0
163_111,s0.845,s1.9,s180
163_112,s2.06,s1.325,s90
163_113,s1.26,s1.675,s270
163_114,s2.475,s1.1,s0
163_115,s2.825,s1.9,s180
163_116,s4.04,s1.325,s90
163_117,s3.24,s1.675,s270
163_118,s4.455,s1.1,s0
163_119,s4.805,s1.9,s180
163_120,s-4.455,s2.2,s0
163_121,s-4.105,s3.0,s180
163_122,s-2.8900000000000006,s2.4249999999999994,s90
163_123,s-3.6900000000000004,s2.7749999999999995,s270
163_124,s-2.475,s2.2,s0
163_125,s-2.125,s3.0,s180
163_126,s-0.91,s2.425,s90
163_127,s-1.71,s2.775,s270
163_128,s-0.49500000000000005,s2.2,s0
163_129,s-0.14500000000000007,s3.0,s180
163_130,s1.07,s2.425,s90
163_131,s0.27,s2.775,s270
163_132,s1.485,s2.2,s0
163_133,s1.835,s3.0,s180
163_134,s3.05,s2.425,s90
163_135,s2.25,s2.775,s270
163_136,s3.4650000000000003,s2.2,s0
163_137,s3.8150000000000004,s3.0,s180
163_138,s5.03,s2.425,s90
163_139,s4.23,s2.775,s270
163_140,s-3.88,s3.525,s90
163_141,s-4.68,s3.875,s270
163_142,s-3.4650000000000003,s3.3000000000000007,s0
163_143,s-3.1150000000000007,s4.1000000000000005,s180
163_144,s-1.9,s3.525,s90
163_145,s-2.7,s3.875,s270
163_146,s-1.485,s3.3000000000000007,s0
163_147,s-1.135,s4.1000000000000005,s180
163_148,s0.08,s3.5250000000000004,s90
163_149,s-0.72,s3.8750000000000004,s270
163_150,s0.49500000000000005,s3.3000000000000007,s0
163_151,s0.845,s4.1000000000000005,s180
163_152,s2.0599999999999996,s3.5250000000000004,s90
163_153,s1.2599999999999996,s3.8750000000000004,s270
163_154,s2.475,s3.3000000000000007,s0
163_155,s2.825,s4.1000000000000005,s180
163_156,s4.040000000000001,s3.5250000000000004,s90
163_157,s3.2400000000000007,s3.8750000000000004,s270
163_158,s4.455,s3.3000000000000007,s0
163_159,s4.805,s4.1000000000000005,s180
163_160,s-4.455,s4.4,s0
163_161,s-4.105,s5.2,s180
164_0,s-4.455,s-4.4,s0
164_1,s-4.105,s-3.6,s180
164_2,s-2.89,s-4.175,s90
164_3,s-3.69,s-3.825,s270
164_4,s-2.475,s-4.4,s0
164_5,s-2.125,s-3.6,s180
164_6,s-0.91,s-4.175,s90
164_7,s-1.71,s-3.825,s270
164_8,s-0.49500000000000005,s-4.4,s0
164_9,s-0.14500000000000007,s-3.6,s180
164_10,s1.07,s-4.175,s90
164_11,s0.27,s-3.825,s270
164_12,s1.485,s-4.4,s0
164_13,s1.835,s-3.6,s180
164_14,s3.05,s-4.175,s90
164_15,s2.25,s-3.825,s270
164_16,s3.4650000000000003,s-4.4,s0
164_17,s3.8150000000000004,s-3.6,s180
164_18,s5.03,s-4.175,s90
164_19,s4.23,s-3.825,s270
164_20,s-3.8799999999999994,s-3.0750000000000006,s90
164_21,s-4.68,s-2.7250000000000005,s270
164_22,s-3.4650000000000003,s-3.3000000000000007,s0
164_23,s-3.1150000000000007,s-2.5000000000000004,s180
164_24,s-1.8999999999999995,s-3.0750000000000006,s90
164_25,s-2.6999999999999993,s-2.7250000000000005,s270
164_26,s-1.485,s-3.3000000000000007,s0
164_27,s-1.135,s-2.5000000000000004,s180
164_28,s0.08,s-3.0750000000000006,s90
164_29,s-0.72,s-2.7250000000000005,s270
164_30,s0.49500000000000005,s-3.3000000000000007,s0
164_31,s0.845,s-2.5000000000000004,s180
164_32,s2.06,s-3.0750000000000006,s90
164_33,s1.26,s-2.7250000000000005,s270
164_34,s2.475,s-3.3000000000000007,s0
164_35,s2.825,s-2.5000000000000004,s180
164_36,s4.040000000000001,s-3.0750000000000006,s90
164_37,s3.2400000000000007,s-2.7250000000000005,s270
164_38,s4.455,s-3.3000000000000007,s0
164_39,s4.805,s-2.5000000000000004,s180
164_40,s-4.455,s-2.2,s0
164_41,s-4.105,s-1.4,s180
164_42,s-2.89,s-1.975,s90
164_43,s-3.69,s-1.625,s270
164_44,s-2.475,s-2.2,s0
164_45,s-2.125,s-1.4,s180
164_46,s-0.91,s-1.975,s90
164_47,s-1.71,s-1.625,s270
164_48,s-0.49500000000000005,s-2.2,s0
164_49,s-0.14500000000000007,s-1.4,s180
164_50,s1.07,s-1.975,s90
164_51,s0.27,s-1.625,s270
164_52,s1.485,s-2.2,s0
164_53,s1.835,s-1.4,s180
164_54,s3.05,s-1.975,s90
164_55,s2.25,s-1.625,s270
164_56,s3.4650000000000003,s-2.2,s0
164_57,s3.8150000000000004,s-1.4,s180
164_58,s5.03,s-1.975,s90
164_59,s4.23,s-1.625,s270
164_60,s-3.88,s-0.875,s90
164_61,s-4.68,s-0.525,s270
164_62,s-3.4650000000000003,s-1.1,s0
164_63,s-3.1150000000000007,s-0.3,s180
164_64,s-1.9,s-0.875,s90
164_65,s-2.7,s-0.525,s270
164_66,s-1.485,s-1.1,s0
164_67,s-1.135,s-0.3,s180
164_68,s0.08,s-0.875,s90
164_69,s-0.72,s-0.525,s270
164_70,s0.49500000000000005,s-1.1,s0
164_71,s0.845,s-0.3,s180
164_72,s2.06,s-0.875,s90
164_73,s1.26,s-0.525,s270
164_74,s2.475,s-1.1,s0
164_75,s2.825,s-0.3,s180
164_76,s4.040000000000001,s-0.875,s90
164_77,s3.2400000000000007,s-0.525,s270
164_78,s4.455,s-1.1,s0
164_79,s4.805,s-0.3,s180
164_80,s-4.455,s0.0,s0
164_81,s-4.105,s0.8,s180
164_82,s-2.8900000000000006,s0.225,s90
164_83,s-3.6900000000000004,s0.575,s270
164_84,s-2.475,s0.0,s0
164_85,s-2.125,s0.8,s180
164_86,s-0.91,s0.225,s90
164_87,s-1.71,s0.575,s270
164_88,s-0.49500000000000005,s0.0,s0
164_89,s-0.14500000000000007,s0.8,s180
164_90,s1.07,s0.22500000000000006,s90
164_91,s0.27,s0.575,s270
164_92,s1.485,s0.0,s0
164_93,s1.835,s0.8,s180
164_94,s3.05,s0.225,s90
164_95,s2.25,s0.575,s270
164_96,s3.4650000000000003,s0.0,s0
164_97,s3.8150000000000004,s0.8,s180
164_98,s5.03,s0.225,s90
164_99,s4.23,s0.575,s270
164_100,s-3.88,s1.325,s90
164_101,s-4.68,s1.675,s270
164_102,s-3.4650000000000003,s1.1,s0
164_103,s-3.1150000000000007,s1.9,s180
164_104,s-1.9,s1.325,s90
164_105,s-2.7,s1.675,s270
164_106,s-1.485,s1.1,s0
164_107,s-1.135,s1.9,s180
164_108,s0.08,s1.325,s90
164_109,s-0.72,s1.675,s270
164_110,s0.49500000000000005,s1.1,s0
164_111,s0.845,s1.9,s180
164_112,s2.06,s1.325,s90
164_113,s1.26,s1.675,s270
164_114,s2.475,s1.1,s0
164_115,s2.825,s1.9,s180
164_116,s4.04,s1.325,s90
164_117,s3.24,s1.675,s270
164_118,s4.455,s1.1,s0
164_119,s4.805,s1.9,s180
164_120,s-4.455,s2.2,s0
164_121,s-4.105,s3.0,s180
164_122,s-2.8900000000000006,s2.4249999999999994,s90
164_123,s-3.6900000000000004,s2.7749999999999995,s270
164_124,s-2.475,s2.2,s0
164_125,s-2.125,s3.0,s180
164_126,s-0.91,s2.425,s90
164_127,s-1.71,s2.775,s270
164_128,s-0.49500000000000005,s2.2,s0
164_129,s-0.14500000000000007,s3.0,s180
164_130,s1.07,s2.425,s90
164_131,s0.27,s2.775,s270
164_132,s1.485,s2.2,s0
164_133,s1.835,s3.0,s180
164_134,s3.05,s2.425,s90
164_135,s2.25,s2.775,s270
164_136,s3.4650000000000003,s2.2,s0
164_137,s3.8150000000000004,s3.0,s180
164_138,s5.03,s2.425,s90
164_139,s4.23,s2.775,s270
164_140,s-3.88,s3.525,s90
164_141,s-4.68,s3.875,s270
164_142,s-3.4650000000000003,s3.3000000000000007,s0
164_143,s-3.1150000000000007,s4.1000000000000005,s180
164_144,s-1.9,s3.525,s90
164_145,s-2.7,s3.875,s270
164_146,s-1.485,s3.3000000000000007,s0
164_147,s-1.135,s4.1000000000000005,s180
164_148,s0.08,s3.5250000000000004,s90
164_149,s-0.72,s3.8750000000000004,s270
164_150,s0.49500000000000005,s3.3000000000000007,s0
164_151,s0.845,s4.1000000000000005,s180
164_152,s2.0599999999999996,s3.5250000000000004,s90
164_153,s1.2599999999999996,s3.8750000000000004,s270
164_154,s2.475,s3.3000000000000007,s0
164_155,s2.825,s4.1000000000000005,s180
164_156,s4.040000000000001,s3.5250000000000004,s90
164_157,s3.2400000000000007,s3.8750000000000004,s270
164_158,s4.455,s3.3000000000000007,s0
164_159,s4.805,s4.1000000000000005,s180
164_160,s-4.455,s4.4,s0
164_161,s-4.105,s5.2,s180
164_162,s-2.8900000000000006,s4.625,s90
164_163,s-3.6900000000000004,s4.975,s270
165_0,s-4.455,s-4.4,s0
165_1,s-4.105,s-3.6,s180
165_2,s-2.89,s-4.175,s90
165_3,s-3.69,s-3.825,s270
165_4,s-2.475,s-4.4,s0
165_5,s-2.125,s-3.6,s180
165_6,s-0.91,s-4.175,s90
165_7,s-1.71,s-3.825,s270
165_8,s-0.49500000000000005,s-4.4,s0
165_9,s-0.14500000000000007,s-3.6,s180
165_10,s1.07,s-4.175,s90
165_11,s0.27,s-3.825,s270
165_12,s1.485,s-4.4,s0
165_13,s1.835,s-3.6,s180
165_14,s3.05,s-4.175,s90
165_15,s2.25,s-3.825,s270
165_16,s3.4650000000000003,s-4.4,s0
165_17,s3.8150000000000004,s-3.6,s180
165_18,s5.03,s-4.175,s90
165_19,s4.23,s-3.825,s270
165_20,s-3.8799999999999994,s-3.0750000000000006,s90
165_21,s-4.68,s-2.7250000000000005,s270
165_22,s-3.4650000000000003,s-3.3000000000000007,s0
165_23,s-3.1150000000000007,s-2.5000000000000004,s180
165_24,s-1.8999999999999995,s-3.0750000000000006,s90
165_25,s-2.6999999999999993,s-2.7250000000000005,s270
165_26,s-1.485,s-3.3000000000000007,s0
165_27,s-1.135,s-2.5000000000000004,s180
165_28,s0.08,s-3.0750000000000006,s90
165_29,s-0.72,s-2.7250000000000005,s270
165_30,s0.49500000000000005,s-3.3000000000000007,s0
165_31,s0.845,s-2.5000000000000004,s180
165_32,s2.06,s-3.0750000000000006,s90
165_33,s1.26,s-2.7250000000000005,s270
165_34,s2.475,s-3.3000000000000007,s0
165_35,s2.825,s-2.5000000000000004,s180
165_36,s4.040000000000001,s-3.0750000000000006,s90
165_37,s3.2400000000000007,s-2.7250000000000005,s270
165_38,s4.455,s-3.3000000000000007,s0
165_39,s4.805,s-2.5000000000000004,s180
165_40,s-4.455,s-2.2,s0
165_41,s-4.105,s-1.4,s180
165_42,s-2.89,s-1.975,s90
165_43,s-3.69,s-1.625,s270
165_44,s-2.475,s-2.2,s0
165_45,s-2.125,s-1.4,s180
165_46,s-0.91,s-1.975,s90
165_47,s-1.71,s-1.625,s270
165_48,s-0.49500000000000005,s-2.2,s0
165_49,s-0.14500000000000007,s-1.4,s180
165_50,s1.07,s-1.975,s90
165_51,s0.27,s-1.625,s270
165_52,s1.485,s-2.2,s0
165_53,s1.835,s-1.4,s180
165_54,s3.05,s-1.975,s90
165_55,s2.25,s-1.625,s270
165_56,s3.4650000000000003,s-2.2,s0
165_57,s3.8150000000000004,s-1.4,s180
165_58,s5.03,s-1.975,s90
165_59,s4.23,s-1.625,s270
165_60,s-3.88,s-0.875,s90
165_61,s-4.68,s-0.525,s270
165_62,s-3.4650000000000003,s-1.1,s0
165_63,s-3.1150000000000007,s-0.3,s180
165_64,s-1.9,s-0.875,s90
165_65,s-2.7,s-0.525,s270
165_66,s-1.485,s-1.1,s0
165_67,s-1.135,s-0.3,s180
165_68,s0.08,s-0.875,s90
165_69,s-0.72,s-0.525,s270
165_70,s0.49500000000000005,s-1.1,s0
165_71,s0.845,s-0.3,s180
165_72,s2.06,s-0.875,s90
165_73,s1.26,s-0.525,s270
165_74,s2.475,s-1.1,s0
165_75,s2.825,s-0.3,s180
165_76,s4.040000000000001,s-0.875,s90
165_77,s3.2400000000000007,s-0.525,s270
165_78,s4.455,s-1.1,s0
165_79,s4.805,s-0.3,s180
165_80,s-4.455,s0.0,s0
165_81,s-4.105,s0.8,s180
165_82,s-2.8900000000000006,s0.225,s90
165_83,s-3.6900000000000004,s0.575,s270
165_84,s-2.475,s0.0,s0
165_85,s-2.125,s0.8,s180
165_86,s-0.91,s0.225,s90
165_87,s-1.71,s0.575,s270
165_88,s-0.49500000000000005,s0.0,s0
165_89,s-0.14500000000000007,s0.8,s180
165_90,s1.07,s0.22500000000000006,s90
165_91,s0.27,s0.575,s270
165_92,s1.485,s0.0,s0
165_93,s1.835,s0.8,s180
165_94,s3.05,s0.225,s90
165_95,s2.25,s0.575,s270
165_96,s3.4650000000000003,s0.0,s0
165_97,s3.8150000000000004,s0.8,s180
165_98,s5.03,s0.225,s90
165_99,s4.23,s0.575,s270
165_100,s-3.88,s1.325,s90
165_101,s-4.68,s1.675,s270
165_102,s-3.4650000000000003,s1.1,s0
165_103,s-3.1150000000000007,s1.9,s180
165_104,s-1.9,s1.325,s90
165_105,s-2.7,s1.675,s270
165_106,s-1.485,s1.1,s0
165_107,s-1.135,s1.9,s180
165_108,s0.08,s1.325,s90
165_109,s-0.72,s1.675,s270
165_110,s0.49500000000000005,s1.1,s0
165_111,s0.845,s1.9,s180
165_112,s2.06,s1.325,s90
165_113,s1.26,s1.675,s270
165_114,s2.475,s1.1,s0
165_115,s2.825,s1.9,s180
165_116,s4.04,s1.325,s90
165_117,s3.24,s1.675,s270
165_118,s4.455,s1.1,s0
165_119,s4.805,s1.9,s180
165_120,s-4.455,s2.2,s0
165_121,s-4.105,s3.0,s180
165_122,s-2.8900000000000006,s2.4249999999999994,s90
165_123,s-3.6900000000000004,s2.7749999999999995,s270
165_124,s-2.475,s2.2,s0
165_125,s-2.125,s3.0,s180
165_126,s-0.91,s2.425,s90
165_127,s-1.71,s2.775,s270
165_128,s-0.49500000000000005,s2.2,s0
165_129,s-0.14500000000000007,s3.0,s180
165_130,s1.07,s2.425,s90
165_131,s0.27,s2.775,s270
165_132,s1.485,s2.2,s0
165_133,s1.835,s3.0,s180
165_134,s3.05,s2.425,s90
165_135,s2.25,s2.775,s270
165_136,s3.4650000000000003,s2.2,s0
165_137,s3.8150000000000004,s3.0,s180
165_138,s5.03,s2.425,s90
165_139,s4.23,s2.775,s270
165_140,s-3.88,s3.525,s90
165_141,s-4.68,s3.875,s270
165_142,s-3.4650000000000003,s3.3000000000000007,s0
165_143,s-3.1150000000000007,s4.1000000000000005,s180
165_144,s-1.9,s3.525,s90
165_145,s-2.7,s3.875,s270
165_146,s-1.485,s3.3000000000000007,s0
165_147,s-1.135,s4.1000000000000005,s180
165_148,s0.08,s3.5250000000000004,s90
165_149,s-0.72,s3.8750000000000004,s270
165_150,s0.49500000000000005,s3.3000000000000007,s0
165_151,s0.845,s4.1000000000000005,s180
165_152,s2.0599999999999996,s3.5250000000000004,s90
165_153,s1.2599999999999996,s3.8750000000000004,s270
165_154,s2.475,s3.3000000000000007,s0
165_155,s2.825,s4.1000000000000005,s180
165_156,s4.040000000000001,s3.5250000000000004,s90
165_157,s3.2400000000000007,s3.8750000000000004,s270
165_158,s4.455,s3.3000000000000007,s0
165_159,s4.805,s4.1000000000000005,s180
165_160,s-4.455,s4.4,s0
165_161,s-4.105,s5.2,s180
165_162,s-2.8900000000000006,s4.625,s90
165_163,s-3.6900000000000004,s4.975,s270
166_0,s-4.455,s-4.4,s0
166_1,s-4.105,s-3.6,s180
166_2,s-2.89,s-4.175,s90
166_3,s-3.69,s-3.825,s270
166_4,s-2.475,s-4.4,s0
166_5,s-2.125,s-3.6,s180
166_6,s-0.91,s-4.175,s90
166_7,s-1.71,s-3.825,s270
166_8,s-0.49500000000000005,s-4.4,s0
166_9,s-0.14500000000000007,s-3.6,s180
166_10,s1.07,s-4.175,s90
166_11,s0.27,s-3.825,s270
166_12,s1.485,s-4.4,s0
166_13,s1.835,s-3.6,s180
166_14,s3.05,s-4.175,s90
166_15,s2.25,s-3.825,s270
166_16,s3.4650000000000003,s-4.4,s0
166_17,s3.8150000000000004,s-3.6,s180
166_18,s5.03,s-4.175,s90
166_19,s4.23,s-3.825,s270
166_20,s-3.8799999999999994,s-3.0750000000000006,s90
166_21,s-4.68,s-2.7250000000000005,s270
166_22,s-3.4650000000000003,s-3.3000000000000007,s0
166_23,s-3.1150000000000007,s-2.5000000000000004,s180
166_24,s-1.8999999999999995,s-3.0750000000000006,s90
166_25,s-2.6999999999999993,s-2.7250000000000005,s270
166_26,s-1.485,s-3.3000000000000007,s0
166_27,s-1.135,s-2.5000000000000004,s180
166_28,s0.08,s-3.0750000000000006,s90
166_29,s-0.72,s-2.7250000000000005,s270
166_30,s0.49500000000000005,s-3.3000000000000007,s0
166_31,s0.845,s-2.5000000000000004,s180
166_32,s2.06,s-3.0750000000000006,s90
166_33,s1.26,s-2.7250000000000005,s270
166_34,s2.475,s-3.3000000000000007,s0
166_35,s2.825,s-2.5000000000000004,s180
166_36,s4.040000000000001,s-3.0750000000000006,s90
166_37,s3.2400000000000007,s-2.7250000000000005,s270
166_38,s4.455,s-3.3000000000000007,s0
166_39,s4.805,s-2.5000000000000004,s180
166_40,s-4.455,s-2.2,s0
166_41,s-4.105,s-1.4,s180
166_42,s-2.89,s-1.975,s90
166_43,s-3.69,s-1.625,s270
166_44,s-2.475,s-2.2,s0
166_45,s-2.125,s-1.4,s180
166_46,s-0.91,s-1.975,s90
166_47,s-1.71,s-1.625,s270
166_48,s-0.49500000000000005,s-2.2,s0
166_49,s-0.14500000000000007,s-1.4,s180
166_50,s1.07,s-1.975,s90
166_51,s0.27,s-1.625,s270
166_52,s1.485,s-2.2,s0
166_53,s1.835,s-1.4,s180
166_54,s3.05,s-1.975,s90
166_55,s2.25,s-1.625,s270
166_56,s3.4650000000000003,s-2.2,s0
166_57,s3.8150000000000004,s-1.4,s180
166_58,s5.03,s-1.975,s90
166_59,s4.23,s-1.625,s270
166_60,s-3.88,s-0.875,s90
166_61,s-4.68,s-0.525,s270
166_62,s-3.4650000000000003,s-1.1,s0
166_63,s-3.1150000000000007,s-0.3,s180
166_64,s-1.9,s-0.875,s90
166_65,s-2.7,s-0.525,s270
166_66,s-1.485,s-1.1,s0
166_67,s-1.135,s-0.3,s180
166_68,s0.08,s-0.875,s90
166_69,s-0.72,s-0.525,s270
166_70,s0.49500000000000005,s-1.1,s0
166_71,s0.845,s-0.3,s180
166_72,s2.06,s-0.875,s90
166_73,s1.26,s-0.525,s270
166_74,s2.475,s-1.1,s0
166_75,s2.825,s-0.3,s180
166_76,s4.040000000000001,s-0.875,s90
166_77,s3.2400000000000007,s-0.525,s270
166_78,s4.455,s-1.1,s0
166_79,s4.805,s-0.3,s180
166_80,s-4.455,s0.0,s0
166_81,s-4.105,s0.8,s180
166_82,s-2.8900000000000006,s0.225,s90
166_83,s-3.6900000000000004,s0.575,s270
166_84,s-2.475,s0.0,s0
166_85,s-2.125,s0.8,s180
166_86,s-0.91,s0.225,s90
166_87,s-1.71,s0.575,s270
166_88,s-0.49500000000000005,s0.0,s0
166_89,s-0.14500000000000007,s0.8,s180
166_90,s1.07,s0.22500000000000006,s90
166_91,s0.27,s0.575,s270
166_92,s1.485,s0.0,s0
166_93,s1.835,s0.8,s180
166_94,s3.05,s0.225,s90
166_95,s2.25,s0.575,s270
166_96,s3.4650000000000003,s0.0,s0
166_97,s3.8150000000000004,s0.8,s180
166_98,s5.03,s0.225,s90
166_99,s4.23,s0.575,s270
166_100,s-3.88,s1.325,s90
166_101,s-4.68,s1.675,s270
166_102,s-3.4650000000000003,s1.1,s0
166_103,s-3.1150000000000007,s1.9,s180
166_104,s-1.9,s1.325,s90
166_105,s-2.7,s1.675,s270
166_106,s-1.485,s1.1,s0
166_107,s-1.135,s1.9,s180
166_108,s0.08,s1.325,s90
166_109,s-0.72,s1.675,s270
166_110,s0.49500000000000005,s1.1,s0
166_111,s0.845,s1.9,s180
166_112,s2.06,s1.325,s90
166_113,s1.26,s1.675,s270
166_114,s2.475,s1.1,s0
166_115,s2.825,s1.9,s180
166_116,s4.04,s1.325,s90
166_117,s3.24,s1.675,s270
166_118,s4.455,s1.1,s0
166_119,s4.805,s1.9,s180
166_120,s-4.455,s2.2,s0
166_121,s-4.105,s3.0,s180
166_122,s-2.8900000000000006,s2.4249999999999994,s90
166_123,s-3.6900000000000004,s2.7749999999999995,s270
166_124,s-2.475,s2.2,s0
166_125,s-2.125,s3.0,s180
166_126,s-0.91,s2.425,s90
166_127,s-1.71,s2.775,s270
166_128,s-0.49500000000000005,s2.2,s0
166_129,s-0.14500000000000007,s3.0,s180
166_130,s1.07,s2.425,s90
166_131,s0.27,s2.775,s270
166_132,s1.485,s2.2,s0
166_133,s1.835,s3.0,s180
166_134,s3.05,s2.425,s90
166_135,s2.25,s2.775,s270
166_136,s3.4650000000000003,s2.2,s0
166_137,s3.8150000000000004,s3.0,s180
166_138,s5.03,s2.425,s90
166_139,s4.23,s2.775,s270
166_140,s-3.88,s3.525,s90
166_141,s-4.68,s3.875,s270
166_142,s-3.4650000000000003,s3.3000000000000007,s0
166_143,s-3.1150000000000007,s4.1000000000000005,s180
166_144,s-1.9,s3.525,s90
166_145,s-2.7,s3.875,s270
166_146,s-1.485,s3.3000000000000007,s0
166_147,s-1.135,s4.1000000000000005,s180
166_148,s0.08,s3.5250000000000004,s90
166_149,s-0.72,s3.8750000000000004,s270
166_150,s0.49500000000000005,s3.3000000000000007,s0
166_151,s0.845,s4.1000000000000005,s180
166_152,s2.0599999999999996,s3.5250000000000004,s90
166_153,s1.2599999999999996,s3.8750000000000004,s270
166_154,s2.475,s3.3000000000000007,s0
166_155,s2.825,s4.1000000000000005,s180
166_156,s4.040000000000001,s3.5250000000000004,s90
166_157,s3.2400000000000007,s3.8750000000000004,s270
166_158,s4.455,s3.3000000000000007,s0
166_159,s4.805,s4.1000000000000005,s180
166_160,s-4.455,s4.4,s0
166_161,s-4.105,s5.2,s180
166_162,s-2.8900000000000006,s4.625,s90
166_163,s-3.6900000000000004,s4.975,s270
166_164,s-2.475,s4.4,s0
166_165,s-2.125,s5.2,s180
167_0,s-4.455,s-4.4,s0
167_1,s-4.105,s-3.6,s180
167_2,s-2.89,s-4.175,s90
167_3,s-3.69,s-3.825,s270
167_4,s-2.475,s-4.4,s0
167_5,s-2.125,s-3.6,s180
167_6,s-0.91,s-4.175,s90
167_7,s-1.71,s-3.825,s270
167_8,s-0.49500000000000005,s-4.4,s0
167_9,s-0.14500000000000007,s-3.6,s180
167_10,s1.07,s-4.175,s90
167_11,s0.27,s-3.825,s270
167_12,s1.485,s-4.4,s0
167_13,s1.835,s-3.6,s180
167_14,s3.05,s-4.175,s90
167_15,s2.25,s-3.825,s270
167_16,s3.4650000000000003,s-4.4,s0
167_17,s3.8150000000000004,s-3.6,s180
167_18,s5.03,s-4.175,s90
167_19,s4.23,s-3.825,s270
167_20,s-3.8799999999999994,s-3.0750000000000006,s90
167_21,s-4.68,s-2.7250000000000005,s270
167_22,s-3.4650000000000003,s-3.3000000000000007,s0
167_23,s-3.1150000000000007,s-2.5000000000000004,s180
167_24,s-1.8999999999999995,s-3.0750000000000006,s90
167_25,s-2.6999999999999993,s-2.7250000000000005,s270
167_26,s-1.485,s-3.3000000000000007,s0
167_27,s-1.135,s-2.5000000000000004,s180
167_28,s0.08,s-3.0750000000000006,s90
167_29,s-0.72,s-2.7250000000000005,s270
167_30,s0.49500000000000005,s-3.3000000000000007,s0
167_31,s0.845,s-2.5000000000000004,s180
167_32,s2.06,s-3.0750000000000006,s90
167_33,s1.26,s-2.7250000000000005,s270
167_34,s2.475,s-3.3000000000000007,s0
167_35,s2.825,s-2.5000000000000004,s180
167_36,s4.040000000000001,s-3.0750000000000006,s90
167_37,s3.2400000000000007,s-2.7250000000000005,s270
167_38,s4.455,s-3.3000000000000007,s0
167_39,s4.805,s-2.5000000000000004,s180
167_40,s-4.455,s-2.2,s0
167_41,s-4.105,s-1.4,s180
167_42,s-2.89,s-1.975,s90
167_43,s-3.69,s-1.625,s270
167_44,s-2.475,s-2.2,s0
167_45,s-2.125,s-1.4,s180
167_46,s-0.91,s-1.975,s90
167_47,s-1.71,s-1.625,s270
167_48,s-0.49500000000000005,s-2.2,s0
167_49,s-0.14500000000000007,s-1.4,s180
167_50,s1.07,s-1.975,s90
167_51,s0.27,s-1.625,s270
167_52,s1.485,s-2.2,s0
167_53,s1.835,s-1.4,s180
167_54,s3.05,s-1.975,s90
167_55,s2.25,s-1.625,s270
167_56,s3.4650000000000003,s-2.2,s0
167_57,s3.8150000000000004,s-1.4,s180
167_58,s5.03,s-1.975,s90
167_59,s4.23,s-1.625,s270
167_60,s-3.88,s-0.875,s90
167_61,s-4.68,s-0.525,s270
167_62,s-3.4650000000000003,s-1.1,s0
167_63,s-3.1150000000000007,s-0.3,s180
167_64,s-1.9,s-0.875,s90
167_65,s-2.7,s-0.525,s270
167_66,s-1.485,s-1.1,s0
167_67,s-1.135,s-0.3,s180
167_68,s0.08,s-0.875,s90
167_69,s-0.72,s-0.525,s270
167_70,s0.49500000000000005,s-1.1,s0
167_71,s0.845,s-0.3,s180
167_72,s2.06,s-0.875,s90
167_73,s1.26,s-0.525,s270
167_74,s2.475,s-1.1,s0
167_75,s2.825,s-0.3,s180
167_76,s4.040000000000001,s-0.875,s90
167_77,s3.2400000000000007,s-0.525,s270
167_78,s4.455,s-1.1,s0
167_79,s4.805,s-0.3,s180
167_80,s-4.455,s0.0,s0
167_81,s-4.105,s0.8,s180
167_82,s-2.8900000000000006,s0.225,s90
167_83,s-3.6900000000000004,s0.575,s270
167_84,s-2.475,s0.0,s0
167_85,s-2.125,s0.8,s180
167_86,s-0.91,s0.225,s90
167_87,s-1.71,s0.575,s270
167_88,s-0.49500000000000005,s0.0,s0
167_89,s-0.14500000000000007,s0.8,s180
167_90,s1.07,s0.22500000000000006,s90
167_91,s0.27,s0.575,s270
167_92,s1.485,s0.0,s0
167_93,s1.835,s0.8,s180
167_94,s3.05,s0.225,s90
167_95,s2.25,s0.575,s270
167_96,s3.4650000000000003,s0.0,s0
167_97,s3.8150000000000004,s0.8,s180
167_98,s5.03,s0.225,s90
167_99,s4.23,s0.575,s270
167_100,s-3.88,s1.325,s90
167_101,s-4.68,s1.675,s270
167_102,s-3.4650000000000003,s1.1,s0
167_103,s-3.1150000000000007,s1.9,s180
167_104,s-1.9,s1.325,s90
167_105,s-2.7,s1.675,s270
167_106,s-1.485,s1.1,s0
167_107,s-1.135,s1.9,s180
167_108,s0.08,s1.325,s90
167_109,s-0.72,s1.675,s270
167_110,s0.49500000000000005,s1.1,s0
167_111,s0.845,s1.9,s180
167_112,s2.06,s1.325,s90
167_113,s1.26,s1.675,s270
167_114,s2.475,s1.1,s0
167_115,s2.825,s1.9,s180
167_116,s4.04,s1.325,s90
167_117,s3.24,s1.675,s270
167_118,s4.455,s1.1,s0
167_119,s4.805,s1.9,s180
167_120,s-4.455,s2.2,s0
167_121,s-4.105,s3.0,s180
167_122,s-2.8900000000000006,s2.4249999999999994,s90
167_123,s-3.6900000000000004,s2.7749999999999995,s270
167_124,s-2.475,s2.2,s0
167_125,s-2.125,s3.0,s180
167_126,s-0.91,s2.425,s90
167_127,s-1.71,s2.775,s270
167_128,s-0.49500000000000005,s2.2,s0
167_129,s-0.14500000000000007,s3.0,s180
167_130,s1.07,s2.425,s90
167_131,s0.27,s2.775,s270
167_132,s1.485,s2.2,s0
167_133,s1.835,s3.0,s180
167_134,s3.05,s2.425,s90
167_135,s2.25,s2.775,s270
167_136,s3.4650000000000003,s2.2,s0
167_137,s3.8150000000000004,s3.0,s180
167_138,s5.03,s2.425,s90
167_139,s4.23,s2.775,s270
167_140,s-3.88,s3.525,s90
167_141,s-4.68,s3.875,s270
167_142,s-3.4650000000000003,s3.3000000000000007,s0
167_143,s-3.1150000000000007,s4.1000000000000005,s180
167_144,s-1.9,s3.525,s90
167_145,s-2.7,s3.875,s270
167_146,s-1.485,s3.3000000000000007,s0
167_147,s-1.135,s4.1000000000000005,s180
167_148,s0.08,s3.5250000000000004,s90
167_149,s-0.72,s3.8750000000000004,s270
167_150,s0.49500000000000005,s3.3000000000000007,s0
167_151,s0.845,s4.1000000000000005,s180
167_152,s2.0599999999999996,s3.5250000000000004,s90
167_153,s1.2599999999999996,s3.8750000000000004,s270
167_154,s2.475,s3.3000000000000007,s0
167_155,s2.825,s4.1000000000000005,s180
167_156,s4.040000000000001,s3.5250000000000004,s90
167_157,s3.2400000000000007,s3.8750000000000004,s270
167_158,s4.455,s3.3000000000000007,s0
167_159,s4.805,s4.1000000000000005,s180
167_160,s-4.455,s4.4,s0
167_161,s-4.105,s5.2,s180
167_162,s-2.8900000000000006,s4.625,s90
167_163,s-3.6900000000000004,s4.975,s270
167_164,s-2.475,s4.4,s0
167_165,s-2.125,s5.2,s180
168_0,s-4.455,s-4.4,s0
168_1,s-4.105,s-3.6,s180
168_2,s-2.89,s-4.175,s90
168_3,s-3.69,s-3.825,s270
168_4,s-2.475,s-4.4,s0
168_5,s-2.125,s-3.6,s180
168_6,s-0.91,s-4.175,s90
168_7,s-1.71,s-3.825,s270
168_8,s-0.49500000000000005,s-4.4,s0
168_9,s-0.14500000000000007,s-3.6,s180
168_10,s1.07,s-4.175,s90
168_11,s0.27,s-3.825,s270
168_12,s1.485,s-4.4,s0
168_13,s1.835,s-3.6,s180
168_14,s3.05,s-4.175,s90
168_15,s2.25,s-3.825,s270
168_16,s3.4650000000000003,s-4.4,s0
168_17,s3.8150000000000004,s-3.6,s180
168_18,s5.03,s-4.175,s90
168_19,s4.23,s-3.825,s270
168_20,s-3.8799999999999994,s-3.0750000000000006,s90
168_21,s-4.68,s-2.7250000000000005,s270
168_22,s-3.4650000000000003,s-3.3000000000000007,s0
168_23,s-3.1150000000000007,s-2.5000000000000004,s180
168_24,s-1.8999999999999995,s-3.0750000000000006,s90
168_25,s-2.6999999999999993,s-2.7250000000000005,s270
168_26,s-1.485,s-3.3000000000000007,s0
168_27,s-1.135,s-2.5000000000000004,s180
168_28,s0.08,s-3.0750000000000006,s90
168_29,s-0.72,s-2.7250000000000005,s270
168_30,s0.49500000000000005,s-3.3000000000000007,s0
168_31,s0.845,s-2.5000000000000004,s180
168_32,s2.06,s-3.0750000000000006,s90
168_33,s1.26,s-2.7250000000000005,s270
168_34,s2.475,s-3.3000000000000007,s0
168_35,s2.825,s-2.5000000000000004,s180
168_36,s4.040000000000001,s-3.0750000000000006,s90
168_37,s3.2400000000000007,s-2.7250000000000005,s270
168_38,s4.455,s-3.3000000000000007,s0
168_39,s4.805,s-2.5000000000000004,s180
168_40,s-4.455,s-2.2,s0
168_41,s-4.105,s-1.4,s180
168_42,s-2.89,s-1.975,s90
168_43,s-3.69,s-1.625,s270
168_44,s-2.475,s-2.2,s0
168_45,s-2.125,s-1.4,s180
168_46,s-0.91,s-1.975,s90
168_47,s-1.71,s-1.625,s270
168_48,s-0.49500000000000005,s-2.2,s0
168_49,s-0.14500000000000007,s-1.4,s180
168_50,s1.07,s-1.975,s90
168_51,s0.27,s-1.625,s270
168_52,s1.485,s-2.2,s0
168_53,s1.835,s-1.4,s180
168_54,s3.05,s-1.975,s90
168_55,s2.25,s-1.625,s270
168_56,s3.4650000000000003,s-2.2,s0
168_57,s3.8150000000000004,s-1.4,s180
168_58,s5.03,s-1.975,s90
168_59,s4.23,s-1.625,s270
168_60,s-3.88,s-0.875,s90
168_61,s-4.68,s-0.525,s270
168_62,s-3.4650000000000003,s-1.1,s0
168_63,s-3.1150000000000007,s-0.3,s180
168_64,s-1.9,s-0.875,s90
168_65,s-2.7,s-0.525,s270
168_66,s-1.485,s-1.1,s0
168_67,s-1.135,s-0.3,s180
168_68,s0.08,s-0.875,s90
168_69,s-0.72,s-0.525,s270
168_70,s0.49500000000000005,s-1.1,s0
168_71,s0.845,s-0.3,s180
168_72,s2.06,s-0.875,s90
168_73,s1.26,s-0.525,s270
168_74,s2.475,s-1.1,s0
168_75,s2.825,s-0.3,s180
168_76,s4.040000000000001,s-0.875,s90
168_77,s3.2400000000000007,s-0.525,s270
168_78,s4.455,s-1.1,s0
168_79,s4.805,s-0.3,s180
168_80,s-4.455,s0.0,s0
168_81,s-4.105,s0.8,s180
168_82,s-2.8900000000000006,s0.225,s90
168_83,s-3.6900000000000004,s0.575,s270
168_84,s-2.475,s0.0,s0
168_85,s-2.125,s0.8,s180
168_86,s-0.91,s0.225,s90
168_87,s-1.71,s0.575,s270
168_88,s-0.49500000000000005,s0.0,s0
168_89,s-0.14500000000000007,s0.8,s180
168_90,s1.07,s0.22500000000000006,s90
168_91,s0.27,s0.575,s270
168_92,s1.485,s0.0,s0
168_93,s1.835,s0.8,s180
168_94,s3.05,s0.225,s90
168_95,s2.25,s0.575,s270
168_96,s3.4650000000000003,s0.0,s0
168_97,s3.8150000000000004,s0.8,s180
168_98,s5.03,s0.225,s90
168_99,s4.23,s0.575,s270
168_100,s-3.88,s1.325,s90
168_101,s-4.68,s1.675,s270
168_102,s-3.4650000000000003,s1.1,s0
168_103,s-3.1150000000000007,s1.9,s180
168_104,s-1.9,s1.325,s90
168_105,s-2.7,s1.675,s270
168_106,s-1.485,s1.1,s0
168_107,s-1.135,s1.9,s180
168_108,s0.08,s1.325,s90
168_109,s-0.72,s1.675,s270
168_110,s0.49500000000000005,s1.1,s0
168_111,s0.845,s1.9,s180
168_112,s2.06,s1.325,s90
168_113,s1.26,s1.675,s270
168_114,s2.475,s1.1,s0
168_115,s2.825,s1.9,s180
168_116,s4.04,s1.325,s90
168_117,s3.24,s1.675,s270
168_118,s4.455,s1.1,s0
168_119,s4.805,s1.9,s180
168_120,s-4.455,s2.2,s0
168_121,s-4.105,s3.0,s180
168_122,s-2.8900000000000006,s2.4249999999999994,s90
168_123,s-3.6900000000000004,s2.7749999999999995,s270
168_124,s-2.475,s2.2,s0
168_125,s-2.125,s3.0,s180
168_126,s-0.91,s2.425,s90
168_127,s-1.71,s2.775,s270
168_128,s-0.49500000000000005,s2.2,s0
168_129,s-0.14500000000000007,s3.0,s180
168_130,s1.07,s2.425,s90
168_131,s0.27,s2.775,s270
168_132,s1.485,s2.2,s0
168_133,s1.835,s3.0,s180
168_134,s3.05,s2.425,s90
168_135,s2.25,s2.775,s270
168_136,s3.4650000000000003,s2.2,s0
168_137,s3.8150000000000004,s3.0,s180
168_138,s5.03,s2.425,s90
168_139,s4.23,s2.775,s270
168_140,s-3.88,s3.525,s90
168_141,s-4.68,s3.875,s270
168_142,s-3.4650000000000003,s3.3000000000000007,s0
168_143,s-3.1150000000000007,s4.1000000000000005,s180
168_144,s-1.9,s3.525,s90
168_145,s-2.7,s3.875,s270
168_146,s-1.485,s3.3000000000000007,s0
168_147,s-1.135,s4.1000000000000005,s180
168_148,s0.08,s3.5250000000000004,s90
168_149,s-0.72,s3.8750000000000004,s270
168_150,s0.49500000000000005,s3.3000000000000007,s0
168_151,s0.845,s4.1000000000000005,s180
168_152,s2.0599999999999996,s3.5250000000000004,s90
168_153,s1.2599999999999996,s3.8750000000000004,s270
168_154,s2.475,s3.3000000000000007,s0
168_155,s2.825,s4.1000000000000005,s180
168_156,s4.040000000000001,s3.5250000000000004,s90
168_157,s3.2400000000000007,s3.8750000000000004,s270
168_158,s4.455,s3.3000000000000007,s0
168_159,s4.805,s4.1000000000000005,s180
168_160,s-4.455,s4.4,s0
168_161,s-4.105,s5.2,s180
168_162,s-2.8900000000000006,s4.625,s90
168_163,s-3.6900000000000004,s4.975,s270
168_164,s-2.475,s4.4,s0
168_165,s-2.125,s5.2,s180
168_166,s-0.91,s4.625,s90
168_167,s-1.71,s4.975,s270
169_0,s-4.455,s-4.4,s0
169_1,s-4.105,s-3.6,s180
169_2,s-2.89,s-4.175,s90
169_3,s-3.69,s-3.825,s270
169_4,s-2.475,s-4.4,s0
169_5,s-2.125,s-3.6,s180
169_6,s-0.91,s-4.175,s90
169_7,s-1.71,s-3.825,s270
169_8,s-0.49500000000000005,s-4.4,s0
169_9,s-0.14500000000000007,s-3.6,s180
169_10,s1.07,s-4.175,s90
169_11,s0.27,s-3.825,s270
169_12,s1.485,s-4.4,s0
169_13,s1.835,s-3.6,s180
169_14,s3.05,s-4.175,s90
169_15,s2.25,s-3.825,s270
169_16,s3.4650000000000003,s-4.4,s0
169_17,s3.8150000000000004,s-3.6,s180
169_18,s5.03,s-4.175,s90
169_19,s4.23,s-3.825,s270
169_20,s-3.8799999999999994,s-3.0750000000000006,s90
169_21,s-4.68,s-2.7250000000000005,s270
169_22,s-3.4650000000000003,s-3.3000000000000007,s0
169_23,s-3.1150000000000007,s-2.5000000000000004,s180
169_24,s-1.8999999999999995,s-3.0750000000000006,s90
169_25,s-2.6999999999999993,s-2.7250000000000005,s270
169_26,s-1.485,s-3.3000000000000007,s0
169_27,s-1.135,s-2.5000000000000004,s180
169_28,s0.08,s-3.0750000000000006,s90
169_29,s-0.72,s-2.7250000000000005,s270
169_30,s0.49500000000000005,s-3.3000000000000007,s0
169_31,s0.845,s-2.5000000000000004,s180
169_32,s2.06,s-3.0750000000000006,s90
169_33,s1.26,s-2.7250000000000005,s270
169_34,s2.475,s-3.3000000000000007,s0
169_35,s2.825,s-2.5000000000000004,s180
169_36,s4.040000000000001,s-3.0750000000000006,s90
169_37,s3.2400000000000007,s-2.7250000000000005,s270
169_38,s4.455,s-3.3000000000000007,s0
169_39,s4.805,s-2.5000000000000004,s180
169_40,s-4.455,s-2.2,s0
169_41,s-4.105,s-1.4,s180
169_42,s-2.89,s-1.975,s90
169_43,s-3.69,s-1.625,s270
169_44,s-2.475,s-2.2,s0
169_45,s-2.125,s-1.4,s180
169_46,s-0.91,s-1.975,s90
169_47,s-1.71,s-1.625,s270
169_48,s-0.49500000000000005,s-2.2,s0
169_49,s-0.14500000000000007,s-1.4,s180
169_50,s1.07,s-1.975,s90
169_51,s0.27,s-1.625,s270
169_52,s1.485,s-2.2,s0
169_53,s1.835,s-1.4,s180
169_54,s3.05,s-1.975,s90
169_55,s2.25,s-1.625,s270
169_56,s3.4650000000000003,s-2.2,s0
169_57,s3.8150000000000004,s-1.4,s180
169_58,s5.03,s-1.975,s90
169_59,s4.23,s-1.625,s270
169_60,s-3.88,s-0.875,s90
169_61,s-4.68,s-0.525,s270
169_62,s-3.4650000000000003,s-1.1,s0
169_63,s-3.1150000000000007,s-0.3,s180
169_64,s-1.9,s-0.875,s90
169_65,s-2.7,s-0.525,s270
169_66,s-1.485,s-1.1,s0
169_67,s-1.135,s-0.3,s180
169_68,s0.08,s-0.875,s90
169_69,s-0.72,s-0.525,s270
169_70,s0.49500000000000005,s-1.1,s0
169_71,s0.845,s-0.3,s180
169_72,s2.06,s-0.875,s90
169_73,s1.26,s-0.525,s270
169_74,s2.475,s-1.1,s0
169_75,s2.825,s-0.3,s180
169_76,s4.040000000000001,s-0.875,s90
169_77,s3.2400000000000007,s-0.525,s270
169_78,s4.455,s-1.1,s0
169_79,s4.805,s-0.3,s180
169_80,s-4.455,s0.0,s0
169_81,s-4.105,s0.8,s180
169_82,s-2.8900000000000006,s0.225,s90
169_83,s-3.6900000000000004,s0.575,s270
169_84,s-2.475,s0.0,s0
169_85,s-2.125,s0.8,s180
169_86,s-0.91,s0.225,s90
169_87,s-1.71,s0.575,s270
169_88,s-0.49500000000000005,s0.0,s0
169_89,s-0.14500000000000007,s0.8,s180
169_90,s1.07,s0.22500000000000006,s90
169_91,s0.27,s0.575,s270
169_92,s1.485,s0.0,s0
169_93,s1.835,s0.8,s180
169_94,s3.05,s0.225,s90
169_95,s2.25,s0.575,s270
169_96,s3.4650000000000003,s0.0,s0
169_97,s3.8150000000000004,s0.8,s180
169_98,s5.03,s0.225,s90
169_99,s4.23,s0.575,s270
169_100,s-3.88,s1.325,s90
169_101,s-4.68,s1.675,s270
169_102,s-3.4650000000000003,s1.1,s0
169_103,s-3.1150000000000007,s1.9,s180
169_104,s-1.9,s1.325,s90
169_105,s-2.7,s1.675,s270
169_106,s-1.485,s1.1,s0
169_107,s-1.135,s1.9,s180
169_108,s0.08,s1.325,s90
169_109,s-0.72,s1.675,s270
169_110,s0.49500000000000005,s1.1,s0
169_111,s0.845,s1.9,s180
169_112,s2.06,s1.325,s90
169_113,s1.26,s1.675,s270
169_114,s2.475,s1.1,s0
169_115,s2.825,s1.9,s180
169_116,s4.04,s1.325,s90
169_117,s3.24,s1.675,s270
169_118,s4.455,s1.1,s0
169_119,s4.805,s1.9,s180
169_120,s-4.455,s2.2,s0
169_121,s-4.105,s3.0,s180
169_122,s-2.8900000000000006,s2.4249999999999994,s90
169_123,s-3.6900000000000004,s2.7749999999999995,s270
169_124,s-2.475,s2.2,s0
169_125,s-2.125,s3.0,s180
169_126,s-0.91,s2.425,s90
169_127,s-1.71,s2.775,s270
169_128,s-0.49500000000000005,s2.2,s0
169_129,s-0.14500000000000007,s3.0,s180
169_130,s1.07,s2.425,s90
169_131,s0.27,s2.775,s270
169_132,s1.485,s2.2,s0
169_133,s1.835,s3.0,s180
169_134,s3.05,s2.425,s90
169_135,s2.25,s2.775,s270
169_136,s3.4650000000000003,s2.2,s0
169_137,s3.8150000000000004,s3.0,s180
169_138,s5.03,s2.425,s90
169_139,s4.23,s2.775,s270
169_140,s-3.88,s3.525,s90
169_141,s-4.68,s3.875,s270
169_142,s-3.4650000000000003,s3.3000000000000007,s0
169_143,s-3.1150000000000007,s4.1000000000000005,s180
169_144,s-1.9,s3.525,s90
169_145,s-2.7,s3.875,s270
169_146,s-1.485,s3.3000000000000007,s0
169_147,s-1.135,s4.1000000000000005,s180
169_148,s0.08,s3.5250000000000004,s90
169_149,s-0.72,s3.8750000000000004,s270
169_150,s0.49500000000000005,s3.3000000000000007,s0
169_151,s0.845,s4.1000000000000005,s180
169_152,s2.0599999999999996,s3.5250000000000004,s90
169_153,s1.2599999999999996,s3.8750000000000004,s270
169_154,s2.475,s3.3000000000000007,s0
169_155,s2.825,s4.1000000000000005,s180
169_156,s4.040000000000001,s3.5250000000000004,s90
169_157,s3.2400000000000007,s3.8750000000000004,s270
169_158,s4.455,s3.3000000000000007,s0
169_159,s4.805,s4.1000000000000005,s180
169_160,s-4.455,s4.4,s0
169_161,s-4.105,s5.2,s180
169_162,s-2.8900000000000006,s4.625,s90
169_163,s-3.6900000000000004,s4.975,s270
169_164,s-2.475,s4.4,s0
169_165,s-2.125,s5.2,s180
169_166,s-0.91,s4.625,s90
169_167,s-1.71,s4.975,s270
170_0,s-4.455,s-4.4,s0
170_1,s-4.105,s-3.6,s180
170_2,s-2.89,s-4.175,s90
170_3,s-3.69,s-3.825,s270
170_4,s-2.475,s-4.4,s0
170_5,s-2.125,s-3.6,s180
170_6,s-0.91,s-4.175,s90
170_7,s-1.71,s-3.825,s270
170_8,s-0.49500000000000005,s-4.4,s0
170_9,s-0.14500000000000007,s-3.6,s180
170_10,s1.07,s-4.175,s90
170_11,s0.27,s-3.825,s270
170_12,s1.485,s-4.4,s0
170_13,s1.835,s-3.6,s180
170_14,s3.05,s-4.175,s90
170_15,s2.25,s-3.825,s270
170_16,s3.4650000000000003,s-4.4,s0
170_17,s3.8150000000000004,s-3.6,s180
170_18,s5.03,s-4.175,s90
170_19,s4.23,s-3.825,s270
170_20,s-3.8799999999999994,s-3.0750000000000006,s90
170_21,s-4.68,s-2.7250000000000005,s270
170_22,s-3.4650000000000003,s-3.3000000000000007,s0
170_23,s-3.1150000000000007,s-2.5000000000000004,s180
170_24,s-1.8999999999999995,s-3.0750000000000006,s90
170_25,s-2.6999999999999993,s-2.7250000000000005,s270
170_26,s-1.485,s-3.3000000000000007,s0
170_27,s-1.135,s-2.5000000000000004,s180
170_28,s0.08,s-3.0750000000000006,s90
170_29,s-0.72,s-2.7250000000000005,s270
170_30,s0.49500000000000005,s-3.3000000000000007,s0
170_31,s0.845,s-2.5000000000000004,s180
170_32,s2.06,s-3.0750000000000006,s90
170_33,s1.26,s-2.7250000000000005,s270
170_34,s2.475,s-3.3000000000000007,s0
170_35,s2.825,s-2.5000000000000004,s180
170_36,s4.040000000000001,s-3.0750000000000006,s90
170_37,s3.2400000000000007,s-2.7250000000000005,s270
170_38,s4.455,s-3.3000000000000007,s0
170_39,s4.805,s-2.5000000000000004,s180
170_40,s-4.455,s-2.2,s0
170_41,s-4.105,s-1.4,s180
170_42,s-2.89,s-1.975,s90
170_43,s-3.69,s-1.625,s270
170_44,s-2.475,s-2.2,s0
170_45,s-2.125,s-1.4,s180
170_46,s-0.91,s-1.975,s90
170_47,s-1.71,s-1.625,s270
170_48,s-0.49500000000000005,s-2.2,s0
170_49,s-0.14500000000000007,s-1.4,s180
170_50,s1.07,s-1.975,s90
170_51,s0.27,s-1.625,s270
170_52,s1.485,s-2.2,s0
170_53,s1.835,s-1.4,s180
170_54,s3.05,s-1.975,s90
170_55,s2.25,s-1.625,s270
170_56,s3.4650000000000003,s-2.2,s0
170_57,s3.8150000000000004,s-1.4,s180
170_58,s5.03,s-1.975,s90
170_59,s4.23,s-1.625,s270
170_60,s-3.88,s-0.875,s90
170_61,s-4.68,s-0.525,s270
170_62,s-3.4650000000000003,s-1.1,s0
170_63,s-3.1150000000000007,s-0.3,s180
170_64,s-1.9,s-0.875,s90
170_65,s-2.7,s-0.525,s270
170_66,s-1.485,s-1.1,s0
170_67,s-1.135,s-0.3,s180
170_68,s0.08,s-0.875,s90
170_69,s-0.72,s-0.525,s270
170_70,s0.49500000000000005,s-1.1,s0
170_71,s0.845,s-0.3,s180
170_72,s2.06,s-0.875,s90
170_73,s1.26,s-0.525,s270
170_74,s2.475,s-1.1,s0
170_75,s2.825,s-0.3,s180
170_76,s4.040000000000001,s-0.875,s90
170_77,s3.2400000000000007,s-0.525,s270
170_78,s4.455,s-1.1,s0
170_79,s4.805,s-0.3,s180
170_80,s-4.455,s0.0,s0
170_81,s-4.105,s0.8,s180
170_82,s-2.8900000000000006,s0.225,s90
170_83,s-3.6900000000000004,s0.575,s270
170_84,s-2.475,s0.0,s0
170_85,s-2.125,s0.8,s180
170_86,s-0.91,s0.225,s90
170_87,s-1.71,s0.575,s270
170_88,s-0.49500000000000005,s0.0,s0
170_89,s-0.14500000000000007,s0.8,s180
170_90,s1.07,s0.22500000000000006,s90
170_91,s0.27,s0.575,s270
170_92,s1.485,s0.0,s0
170_93,s1.835,s0.8,s180
170_94,s3.05,s0.225,s90
170_95,s2.25,s0.575,s270
170_96,s3.4650000000000003,s0.0,s0
170_97,s3.8150000000000004,s0.8,s180
170_98,s5.03,s0.225,s90
170_99,s4.23,s0.575,s270
170_100,s-3.88,s1.325,s90
170_101,s-4.68,s1.675,s270
170_102,s-3.4650000000000003,s1.1,s0
170_103,s-3.1150000000000007,s1.9,s180
170_104,s-1.9,s1.325,s90
170_105,s-2.7,s1.675,s270
170_106,s-1.485,s1.1,s0
170_107,s-1.135,s1.9,s180
170_108,s0.08,s1.325,s90
170_109,s-0.72,s1.675,s270
170_110,s0.49500000000000005,s1.1,s0
170_111,s0.845,s1.9,s180
170_112,s2.06,s1.325,s90
170_113,s1.26,s1.675,s270
170_114,s2.475,s1.1,s0
170_115,s2.825,s1.9,s180
170_116,s4.04,s1.325,s90
170_117,s3.24,s1.675,s270
170_118,s4.455,s1.1,s0
170_119,s4.805,s1.9,s180
170_120,s-4.455,s2.2,s0
170_121,s-4.105,s3.0,s180
170_122,s-2.8900000000000006,s2.4249999999999994,s90
170_123,s-3.6900000000000004,s2.7749999999999995,s270
170_124,s-2.475,s2.2,s0
170_125,s-2.125,s3.0,s180
170_126,s-0.91,s2.425,s90
170_127,s-1.71,s2.775,s270
170_128,s-0.49500000000000005,s2.2,s0
170_129,s-0.14500000000000007,s3.0,s180
170_130,s1.07,s2.425,s90
170_131,s0.27,s2.775,s270
170_132,s1.485,s2.2,s0
170_133,s1.835,s3.0,s180
170_134,s3.05,s2.425,s90
170_135,s2.25,s2.775,s270
170_136,s3.4650000000000003,s2.2,s0
170_137,s3.8150000000000004,s3.0,s180
170_138,s5.03,s2.425,s90
170_139,s4.23,s2.775,s270
170_140,s-3.88,s3.525,s90
170_141,s-4.68,s3.875,s270
170_142,s-3.4650000000000003,s3.3000000000000007,s0
170_143,s-3.1150000000000007,s4.1000000000000005,s180
170_144,s-1.9,s3.525,s90
170_145,s-2.7,s3.875,s270
170_146,s-1.485,s3.3000000000000007,s0
170_147,s-1.135,s4.1000000000000005,s180
170_148,s0.08,s3.5250000000000004,s90
170_149,s-0.72,s3.8750000000000004,s270
170_150,s0.49500000000000005,s3.3000000000000007,s0
170_151,s0.845,s4.1000000000000005,s180
170_152,s2.0599999999999996,s3.5250000000000004,s90
170_153,s1.2599999999999996,s3.8750000000000004,s270
170_154,s2.475,s3.3000000000000007,s0
170_155,s2.825,s4.1000000000000005,s180
170_156,s4.040000000000001,s3.5250000000000004,s90
170_157,s3.2400000000000007,s3.8750000000000004,s270
170_158,s4.455,s3.3000000000000007,s0
170_159,s4.805,s4.1000000000000005,s180
170_160,s-4.455,s4.4,s0
170_161,s-4.105,s5.2,s180
170_162,s-2.8900000000000006,s4.625,s90
170_163,s-3.6900000000000004,s4.975,s270
170_164,s-2.475,s4.4,s0
170_165,s-2.125,s5.2,s180
170_166,s-0.91,s4.625,s90
170_167,s-1.71,s4.975,s270
170_168,s-0.49500000000000005,s4.4,s0
170_169,s-0.14500000000000007,s5.2,s180
171_0,s-4.455,s-4.4,s0
171_1,s-4.105,s-3.6,s180
171_2,s-2.89,s-4.175,s90
171_3,s-3.69,s-3.825,s270
171_4,s-2.475,s-4.4,s0
171_5,s-2.125,s-3.6,s180
171_6,s-0.91,s-4.175,s90
171_7,s-1.71,s-3.825,s270
171_8,s-0.49500000000000005,s-4.4,s0
171_9,s-0.14500000000000007,s-3.6,s180
171_10,s1.07,s-4.175,s90
171_11,s0.27,s-3.825,s270
171_12,s1.485,s-4.4,s0
171_13,s1.835,s-3.6,s180
171_14,s3.05,s-4.175,s90
171_15,s2.25,s-3.825,s270
171_16,s3.4650000000000003,s-4.4,s0
171_17,s3.8150000000000004,s-3.6,s180
171_18,s5.03,s-4.175,s90
171_19,s4.23,s-3.825,s270
171_20,s-3.8799999999999994,s-3.0750000000000006,s90
171_21,s-4.68,s-2.7250000000000005,s270
171_22,s-3.4650000000000003,s-3.3000000000000007,s0
171_23,s-3.1150000000000007,s-2.5000000000000004,s180
171_24,s-1.8999999999999995,s-3.0750000000000006,s90
171_25,s-2.6999999999999993,s-2.7250000000000005,s270
171_26,s-1.485,s-3.3000000000000007,s0
171_27,s-1.135,s-2.5000000000000004,s180
171_28,s0.08,s-3.0750000000000006,s90
171_29,s-0.72,s-2.7250000000000005,s270
171_30,s0.49500000000000005,s-3.3000000000000007,s0
171_31,s0.845,s-2.5000000000000004,s180
171_32,s2.06,s-3.0750000000000006,s90
171_33,s1.26,s-2.7250000000000005,s270
171_34,s2.475,s-3.3000000000000007,s0
171_35,s2.825,s-2.5000000000000004,s180
171_36,s4.040000000000001,s-3.0750000000000006,s90
171_37,s3.2400000000000007,s-2.7250000000000005,s270
171_38,s4.455,s-3.3000000000000007,s0
171_39,s4.805,s-2.5000000000000004,s180
171_40,s-4.455,s-2.2,s0
171_41,s-4.105,s-1.4,s180
171_42,s-2.89,s-1.975,s90
171_43,s-3.69,s-1.625,s270
171_44,s-2.475,s-2.2,s0
171_45,s-2.125,s-1.4,s180
171_46,s-0.91,s-1.975,s90
171_47,s-1.71,s-1.625,s270
171_48,s-0.49500000000000005,s-2.2,s0
171_49,s-0.14500000000000007,s-1.4,s180
171_50,s1.07,s-1.975,s90
171_51,s0.27,s-1.625,s270
171_52,s1.485,s-2.2,s0
171_53,s1.835,s-1.4,s180
171_54,s3.05,s-1.975,s90
171_55,s2.25,s-1.625,s270
171_56,s3.4650000000000003,s-2.2,s0
171_57,s3.8150000000000004,s-1.4,s180
171_58,s5.03,s-1.975,s90
171_59,s4.23,s-1.625,s270
171_60,s-3.88,s-0.875,s90
171_61,s-4.68,s-0.525,s270
171_62,s-3.4650000000000003,s-1.1,s0
171_63,s-3.1150000000000007,s-0.3,s180
171_64,s-1.9,s-0.875,s90
171_65,s-2.7,s-0.525,s270
171_66,s-1.485,s-1.1,s0
171_67,s-1.135,s-0.3,s180
171_68,s0.08,s-0.875,s90
171_69,s-0.72,s-0.525,s270
171_70,s0.49500000000000005,s-1.1,s0
171_71,s0.845,s-0.3,s180
171_72,s2.06,s-0.875,s90
171_73,s1.26,s-0.525,s270
171_74,s2.475,s-1.1,s0
171_75,s2.825,s-0.3,s180
171_76,s4.040000000000001,s-0.875,s90
171_77,s3.2400000000000007,s-0.525,s270
171_78,s4.455,s-1.1,s0
171_79,s4.805,s-0.3,s180
171_80,s-4.455,s0.0,s0
171_81,s-4.105,s0.8,s180
171_82,s-2.8900000000000006,s0.225,s90
171_83,s-3.6900000000000004,s0.575,s270
171_84,s-2.475,s0.0,s0
171_85,s-2.125,s0.8,s180
171_86,s-0.91,s0.225,s90
171_87,s-1.71,s0.575,s270
171_88,s-0.49500000000000005,s0.0,s0
171_89,s-0.14500000000000007,s0.8,s180
171_90,s1.07,s0.22500000000000006,s90
171_91,s0.27,s0.575,s270
171_92,s1.485,s0.0,s0
171_93,s1.835,s0.8,s180
171_94,s3.05,s0.225,s90
171_95,s2.25,s0.575,s270
171_96,s3.4650000000000003,s0.0,s0
171_97,s3.8150000000000004,s0.8,s180
171_98,s5.03,s0.225,s90
171_99,s4.23,s0.575,s270
171_100,s-3.88,s1.325,s90
171_101,s-4.68,s1.675,s270
171_102,s-3.4650000000000003,s1.1,s0
171_103,s-3.1150000000000007,s1.9,s180
171_104,s-1.9,s1.325,s90
171_105,s-2.7,s1.675,s270
171_106,s-1.485,s1.1,s0
171_107,s-1.135,s1.9,s180
171_108,s0.08,s1.325,s90
171_109,s-0.72,s1.675,s270
171_110,s0.49500000000000005,s1.1,s0
171_111,s0.845,s1.9,s180
171_112,s2.06,s1.325,s90
171_113,s1.26,s1.675,s270
171_114,s2.475,s1.1,s0
171_115,s2.825,s1.9,s180
171_116,s4.04,s1.325,s90
171_117,s3.24,s1.675,s270
171_118,s4.455,s1.1,s0
171_119,s4.805,s1.9,s180
171_120,s-4.455,s2.2,s0
171_121,s-4.105,s3.0,s180
171_122,s-2.8900000000000006,s2.4249999999999994,s90
171_123,s-3.6900000000000004,s2.7749999999999995,s270
171_124,s-2.475,s2.2,s0
171_125,s-2.125,s3.0,s180
171_126,s-0.91,s2.425,s90
171_127,s-1.71,s2.775,s270
171_128,s-0.49500000000000005,s2.2,s0
171_129,s-0.14500000000000007,s3.0,s180
171_130,s1.07,s2.425,s90
171_131,s0.27,s2.775,s270
171_132,s1.485,s2.2,s0
171_133,s1.835,s3.0,s180
171_134,s3.05,s2.425,s90
171_135,s2.25,s2.775,s270
171_136,s3.4650000000000003,s2.2,s0
171_137,s3.8150000000000004,s3.0,s180
171_138,s5.03,s2.425,s90
171_139,s4.23,s2.775,s270
171_140,s-3.88,s3.525,s90
171_141,s-4.68,s3.875,s270
171_142,s-3.4650000000000003,s3.3000000000000007,s0
171_143,s-3.1150000000000007,s4.1000000000000005,s180
171_144,s-1.9,s3.525,s90
171_145,s-2.7,s3.875,s270
171_146,s-1.485,s3.3000000000000007,s0
171_147,s-1.135,s4.1000000000000005,s180
171_148,s0.08,s3.5250000000000004,s90
171_149,s-0.72,s3.8750000000000004,s270
171_150,s0.49500000000000005,s3.3000000000000007,s0
171_151,s0.845,s4.1000000000000005,s180
171_152,s2.0599999999999996,s3.5250000000000004,s90
171_153,s1.2599999999999996,s3.8750000000000004,s270
171_154,s2.475,s3.3000000000000007,s0
171_155,s2.825,s4.1000000000000005,s180
171_156,s4.040000000000001,s3.5250000000000004,s90
171_157,s3.2400000000000007,s3.8750000000000004,s270
171_158,s4.455,s3.3000000000000007,s0
171_159,s4.805,s4.1000000000000005,s180
171_160,s-4.455,s4.4,s0
171_161,s-4.105,s5.2,s180
171_162,s-2.8900000000000006,s4.625,s90
171_163,s-3.6900000000000004,s4.975,s270
171_164,s-2.475,s4.4,s0
171_165,s-2.125,s5.2,s180
171_166,s-0.91,s4.625,s90
171_167,s-1.71,s4.975,s270
171_168,s-0.49500000000000005,s4.4,s0
171_169,s-0.14500000000000007,s5.2,s180
172_0,s-4.455,s-4.4,s0
172_1,s-4.105,s-3.6,s180
172_2,s-2.89,s-4.175,s90
172_3,s-3.69,s-3.825,s270
172_4,s-2.475,s-4.4,s0
172_5,s-2.125,s-3.6,s180
172_6,s-0.91,s-4.175,s90
172_7,s-1.71,s-3.825,s270
172_8,s-0.49500000000000005,s-4.4,s0
172_9,s-0.14500000000000007,s-3.6,s180
172_10,s1.07,s-4.175,s90
172_11,s0.27,s-3.825,s270
172_12,s1.485,s-4.4,s0
172_13,s1.835,s-3.6,s180
172_14,s3.05,s-4.175,s90
172_15,s2.25,s-3.825,s270
172_16,s3.4650000000000003,s-4.4,s0
172_17,s3.8150000000000004,s-3.6,s180
172_18,s5.03,s-4.175,s90
172_19,s4.23,s-3.825,s270
172_20,s-3.8799999999999994,s-3.0750000000000006,s90
172_21,s-4.68,s-2.7250000000000005,s270
172_22,s-3.4650000000000003,s-3.3000000000000007,s0
172_23,s-3.1150000000000007,s-2.5000000000000004,s180
172_24,s-1.8999999999999995,s-3.0750000000000006,s90
172_25,s-2.6999999999999993,s-2.7250000000000005,s270
172_26,s-1.485,s-3.3000000000000007,s0
172_27,s-1.135,s-2.5000000000000004,s180
172_28,s0.08,s-3.0750000000000006,s90
172_29,s-0.72,s-2.7250000000000005,s270
172_30,s0.49500000000000005,s-3.3000000000000007,s0
172_31,s0.845,s-2.5000000000000004,s180
172_32,s2.06,s-3.0750000000000006,s90
172_33,s1.26,s-2.7250000000000005,s270
172_34,s2.475,s-3.3000000000000007,s0
172_35,s2.825,s-2.5000000000000004,s180
172_36,s4.040000000000001,s-3.0750000000000006,s90
172_37,s3.2400000000000007,s-2.7250000000000005,s270
172_38,s4.455,s-3.3000000000000007,s0
172_39,s4.805,s-2.5000000000000004,s180
172_40,s-4.455,s-2.2,s0
172_41,s-4.105,s-1.4,s180
172_42,s-2.89,s-1.975,s90
172_43,s-3.69,s-1.625,s270
172_44,s-2.475,s-2.2,s0
172_45,s-2.125,s-1.4,s180
172_46,s-0.91,s-1.975,s90
172_47,s-1.71,s-1.625,s270
172_48,s-0.49500000000000005,s-2.2,s0
172_49,s-0.14500000000000007,s-1.4,s180
172_50,s1.07,s-1.975,s90
172_51,s0.27,s-1.625,s270
172_52,s1.485,s-2.2,s0
172_53,s1.835,s-1.4,s180
172_54,s3.05,s-1.975,s90
172_55,s2.25,s-1.625,s270
172_56,s3.4650000000000003,s-2.2,s0
172_57,s3.8150000000000004,s-1.4,s180
172_58,s5.03,s-1.975,s90
172_59,s4.23,s-1.625,s270
172_60,s-3.88,s-0.875,s90
172_61,s-4.68,s-0.525,s270
172_62,s-3.4650000000000003,s-1.1,s0
172_63,s-3.1150000000000007,s-0.3,s180
172_64,s-1.9,s-0.875,s90
172_65,s-2.7,s-0.525,s270
172_66,s-1.485,s-1.1,s0
172_67,s-1.135,s-0.3,s180
172_68,s0.08,s-0.875,s90
172_69,s-0.72,s-0.525,s270
172_70,s0.49500000000000005,s-1.1,s0
172_71,s0.845,s-0.3,s180
172_72,s2.06,s-0.875,s90
172_73,s1.26,s-0.525,s270
172_74,s2.475,s-1.1,s0
172_75,s2.825,s-0.3,s180
172_76,s4.040000000000001,s-0.875,s90
172_77,s3.2400000000000007,s-0.525,s270
172_78,s4.455,s-1.1,s0
172_79,s4.805,s-0.3,s180
172_80,s-4.455,s0.0,s0
172_81,s-4.105,s0.8,s180
172_82,s-2.8900000000000006,s0.225,s90
172_83,s-3.6900000000000004,s0.575,s270
172_84,s-2.475,s0.0,s0
172_85,s-2.125,s0.8,s180
172_86,s-0.91,s0.225,s90
172_87,s-1.71,s0.575,s270
172_88,s-0.49500000000000005,s0.0,s0
172_89,s-0.14500000000000007,s0.8,s180
172_90,s1.07,s0.22500000000000006,s90
172_91,s0.27,s0.575,s270
172_92,s1.485,s0.0,s0
172_93,s1.835,s0.8,s180
172_94,s3.05,s0.225,s90
172_95,s2.25,s0.575,s270
172_96,s3.4650000000000003,s0.0,s0
172_97,s3.8150000000000004,s0.8,s180
172_98,s5.03,s0.225,s90
172_99,s4.23,s0.575,s270
172_100,s-3.88,s1.325,s90
172_101,s-4.68,s1.675,s270
172_102,s-3.4650000000000003,s1.1,s0
172_103,s-3.1150000000000007,s1.9,s180
172_104,s-1.9,s1.325,s90
172_105,s-2.7,s1.675,s270
172_106,s-1.485,s1.1,s0
172_107,s-1.135,s1.9,s180
172_108,s0.08,s1.325,s90
172_109,s-0.72,s1.675,s270
172_110,s0.49500000000000005,s1.1,s0
172_111,s0.845,s1.9,s180
172_112,s2.06,s1.325,s90
172_113,s1.26,s1.675,s270
172_114,s2.475,s1.1,s0
172_115,s2.825,s1.9,s180
172_116,s4.04,s1.325,s90
172_117,s3.24,s1.675,s270
172_118,s4.455,s1.1,s0
172_119,s4.805,s1.9,s180
172_120,s-4.455,s2.2,s0
172_121,s-4.105,s3.0,s180
172_122,s-2.8900000000000006,s2.4249999999999994,s90
172_123,s-3.6900000000000004,s2.7749999999999995,s270
172_124,s-2.475,s2.2,s0
172_125,s-2.125,s3.0,s180
172_126,s-0.91,s2.425,s90
172_127,s-1.71,s2.775,s270
172_128,s-0.49500000000000005,s2.2,s0
172_129,s-0.14500000000000007,s3.0,s180
172_130,s1.07,s2.425,s90
172_131,s0.27,s2.775,s270
172_132,s1.485,s2.2,s0
172_133,s1.835,s3.0,s180
172_134,s3.05,s2.425,s90
172_135,s2.25,s2.775,s270
172_136,s3.4650000000000003,s2.2,s0
172_137,s3.8150000000000004,s3.0,s180
172_138,s5.03,s2.425,s90
172_139,s4.23,s2.775,s270
172_140,s-3.88,s3.525,s90
172_141,s-4.68,s3.875,s270
172_142,s-3.4650000000000003,s3.3000000000000007,s0
172_143,s-3.1150000000000007,s4.1000000000000005,s180
172_144,s-1.9,s3.525,s90
172_145,s-2.7,s3.875,s270
172_146,s-1.485,s3.3000000000000007,s0
172_147,s-1.135,s4.1000000000000005,s180
172_148,s0.08,s3.5250000000000004,s90
172_149,s-0.72,s3.8750000000000004,s270
172_150,s0.49500000000000005,s3.3000000000000007,s0
172_151,s0.845,s4.1000000000000005,s180
172_152,s2.0599999999999996,s3.5250000000000004,s90
172_153,s1.2599999999999996,s3.8750000000000004,s270
172_154,s2.475,s3.3000000000000007,s0
172_155,s2.825,s4.1000000000000005,s180
172_156,s4.040000000000001,s3.5250000000000004,s90
172_157,s3.2400000000000007,s3.8750000000000004,s270
172_158,s4.455,s3.3000000000000007,s0
172_159,s4.805,s4.1000000000000005,s180
172_160,s-4.455,s4.4,s0
172_161,s-4.105,s5.2,s180
172_162,s-2.8900000000000006,s4.625,s90
172_163,s-3.6900000000000004,s4.975,s270
172_164,s-2.475,s4.4,s0
172_165,s-2.125,s5.2,s180
172_166,s-0.91,s4.625,s90
172_167,s-1.71,s4.975,s270
172_168,s-0.49500000000000005,s4.4,s0
172_169,s-0.14500000000000007,s5.2,s180
172_170,s1.07,s4.625,s90
172_171,s0.27,s4.975,s270
173_0,s-4.455,s-4.4,s0
173_1,s-4.105,s-3.6,s180
173_2,s-2.89,s-4.175,s90
173_3,s-3.69,s-3.825,s270
173_4,s-2.475,s-4.4,s0
173_5,s-2.125,s-3.6,s180
173_6,s-0.91,s-4.175,s90
173_7,s-1.71,s-3.825,s270
173_8,s-0.49500000000000005,s-4.4,s0
173_9,s-0.14500000000000007,s-3.6,s180
173_10,s1.07,s-4.175,s90
173_11,s0.27,s-3.825,s270
173_12,s1.485,s-4.4,s0
173_13,s1.835,s-3.6,s180
173_14,s3.05,s-4.175,s90
173_15,s2.25,s-3.825,s270
173_16,s3.4650000000000003,s-4.4,s0
173_17,s3.8150000000000004,s-3.6,s180
173_18,s5.03,s-4.175,s90
173_19,s4.23,s-3.825,s270
173_20,s-3.8799999999999994,s-3.0750000000000006,s90
173_21,s-4.68,s-2.7250000000000005,s270
173_22,s-3.4650000000000003,s-3.3000000000000007,s0
173_23,s-3.1150000000000007,s-2.5000000000000004,s180
173_24,s-1.8999999999999995,s-3.0750000000000006,s90
173_25,s-2.6999999999999993,s-2.7250000000000005,s270
173_26,s-1.485,s-3.3000000000000007,s0
173_27,s-1.135,s-2.5000000000000004,s180
173_28,s0.08,s-3.0750000000000006,s90
173_29,s-0.72,s-2.7250000000000005,s270
173_30,s0.49500000000000005,s-3.3000000000000007,s0
173_31,s0.845,s-2.5000000000000004,s180
173_32,s2.06,s-3.0750000000000006,s90
173_33,s1.26,s-2.7250000000000005,s270
173_34,s2.475,s-3.3000000000000007,s0
173_35,s2.825,s-2.5000000000000004,s180
173_36,s4.040000000000001,s-3.0750000000000006,s90
173_37,s3.2400000000000007,s-2.7250000000000005,s270
173_38,s4.455,s-3.3000000000000007,s0
173_39,s4.805,s-2.5000000000000004,s180
173_40,s-4.455,s-2.2,s0
173_41,s-4.105,s-1.4,s180
173_42,s-2.89,s-1.975,s90
173_43,s-3.69,s-1.625,s270
173_44,s-2.475,s-2.2,s0
173_45,s-2.125,s-1.4,s180
173_46,s-0.91,s-1.975,s90
173_47,s-1.71,s-1.625,s270
173_48,s-0.49500000000000005,s-2.2,s0
173_49,s-0.14500000000000007,s-1.4,s180
173_50,s1.07,s-1.975,s90
173_51,s0.27,s-1.625,s270
173_52,s1.485,s-2.2,s0
173_53,s1.835,s-1.4,s180
173_54,s3.05,s-1.975,s90
173_55,s2.25,s-1.625,s270
173_56,s3.4650000000000003,s-2.2,s0
173_57,s3.8150000000000004,s-1.4,s180
173_58,s5.03,s-1.975,s90
173_59,s4.23,s-1.625,s270
173_60,s-3.88,s-0.875,s90
173_61,s-4.68,s-0.525,s270
173_62,s-3.4650000000000003,s-1.1,s0
173_63,s-3.1150000000000007,s-0.3,s180
173_64,s-1.9,s-0.875,s90
173_65,s-2.7,s-0.525,s270
173_66,s-1.485,s-1.1,s0
173_67,s-1.135,s-0.3,s180
173_68,s0.08,s-0.875,s90
173_69,s-0.72,s-0.525,s270
173_70,s0.49500000000000005,s-1.1,s0
173_71,s0.845,s-0.3,s180
173_72,s2.06,s-0.875,s90
173_73,s1.26,s-0.525,s270
173_74,s2.475,s-1.1,s0
173_75,s2.825,s-0.3,s180
173_76,s4.040000000000001,s-0.875,s90
173_77,s3.2400000000000007,s-0.525,s270
173_78,s4.455,s-1.1,s0
173_79,s4.805,s-0.3,s180
173_80,s-4.455,s0.0,s0
173_81,s-4.105,s0.8,s180
173_82,s-2.8900000000000006,s0.225,s90
173_83,s-3.6900000000000004,s0.575,s270
173_84,s-2.475,s0.0,s0
173_85,s-2.125,s0.8,s180
173_86,s-0.91,s0.225,s90
173_87,s-1.71,s0.575,s270
173_88,s-0.49500000000000005,s0.0,s0
173_89,s-0.14500000000000007,s0.8,s180
173_90,s1.07,s0.22500000000000006,s90
173_91,s0.27,s0.575,s270
173_92,s1.485,s0.0,s0
173_93,s1.835,s0.8,s180
173_94,s3.05,s0.225,s90
173_95,s2.25,s0.575,s270
173_96,s3.4650000000000003,s0.0,s0
173_97,s3.8150000000000004,s0.8,s180
173_98,s5.03,s0.225,s90
173_99,s4.23,s0.575,s270
173_100,s-3.88,s1.325,s90
173_101,s-4.68,s1.675,s270
173_102,s-3.4650000000000003,s1.1,s0
173_103,s-3.1150000000000007,s1.9,s180
173_104,s-1.9,s1.325,s90
173_105,s-2.7,s1.675,s270
173_106,s-1.485,s1.1,s0
173_107,s-1.135,s1.9,s180
173_108,s0.08,s1.325,s90
173_109,s-0.72,s1.675,s270
173_110,s0.49500000000000005,s1.1,s0
173_111,s0.845,s1.9,s180
173_112,s2.06,s1.325,s90
173_113,s1.26,s1.675,s270
173_114,s2.475,s1.1,s0
173_115,s2.825,s1.9,s180
173_116,s4.04,s1.325,s90
173_117,s3.24,s1.675,s270
173_118,s4.455,s1.1,s0
173_119,s4.805,s1.9,s180
173_120,s-4.455,s2.2,s0
173_121,s-4.105,s3.0,s180
173_122,s-2.8900000000000006,s2.4249999999999994,s90
173_123,s-3.6900000000000004,s2.7749999999999995,s270
173_124,s-2.475,s2.2,s0
173_125,s-2.125,s3.0,s180
173_126,s-0.91,s2.425,s90
173_127,s-1.71,s2.775,s270
173_128,s-0.49500000000000005,s2.2,s0
173_129,s-0.14500000000000007,s3.0,s180
173_130,s1.07,s2.425,s90
173_131,s0.27,s2.775,s270
173_132,s1.485,s2.2,s0
173_133,s1.835,s3.0,s180
173_134,s3.05,s2.425,s90
173_135,s2.25,s2.775,s270
173_136,s3.4650000000000003,s2.2,s0
173_137,s3.8150000000000004,s3.0,s180
173_138,s5.03,s2.425,s90
173_139,s4.23,s2.775,s270
173_140,s-3.88,s3.525,s90
173_141,s-4.68,s3.875,s270
173_142,s-3.4650000000000003,s3.3000000000000007,s0
173_143,s-3.1150000000000007,s4.1000000000000005,s180
173_144,s-1.9,s3.525,s90
173_145,s-2.7,s3.875,s270
173_146,s-1.485,s3.3000000000000007,s0
173_147,s-1.135,s4.1000000000000005,s180
173_148,s0.08,s3.5250000000000004,s90
173_149,s-0.72,s3.8750000000000004,s270
173_150,s0.49500000000000005,s3.3000000000000007,s0
173_151,s0.845,s4.1000000000000005,s180
173_152,s2.0599999999999996,s3.5250000000000004,s90
173_153,s1.2599999999999996,s3.8750000000000004,s270
173_154,s2.475,s3.3000000000000007,s0
173_155,s2.825,s4.1000000000000005,s180
173_156,s4.040000000000001,s3.5250000000000004,s90
173_157,s3.2400000000000007,s3.8750000000000004,s270
173_158,s4.455,s3.3000000000000007,s0
173_159,s4.805,s4.1000000000000005,s180
173_160,s-4.455,s4.4,s0
173_161,s-4.105,s5.2,s180
173_162,s-2.8900000000000006,s4.625,s90
173_163,s-3.6900000000000004,s4.975,s270
173_164,s-2.475,s4.4,s0
173_165,s-2.125,s5.2,s180
173_166,s-0.91,s4.625,s90
173_167,s-1.71,s4.975,s270
173_168,s-0.49500000000000005,s4.4,s0
173_169,s-0.14500000000000007,s5.2,s180
173_170,s1.07,s4.625,s90
173_171,s0.27,s4.975,s270
174_0,s-4.455,s-4.4,s0
174_1,s-4.105,s-3.6,s180
174_2,s-2.89,s-4.175,s90
174_3,s-3.69,s-3.825,s270
174_4,s-2.475,s-4.4,s0
174_5,s-2.125,s-3.6,s180
174_6,s-0.91,s-4.175,s90
174_7,s-1.71,s-3.825,s270
174_8,s-0.49500000000000005,s-4.4,s0
174_9,s-0.14500000000000007,s-3.6,s180
174_10,s1.07,s-4.175,s90
174_11,s0.27,s-3.825,s270
174_12,s1.485,s-4.4,s0
174_13,s1.835,s-3.6,s180
174_14,s3.05,s-4.175,s90
174_15,s2.25,s-3.825,s270
174_16,s3.4650000000000003,s-4.4,s0
174_17,s3.8150000000000004,s-3.6,s180
174_18,s5.03,s-4.175,s90
174_19,s4.23,s-3.825,s270
174_20,s-3.8799999999999994,s-3.0750000000000006,s90
174_21,s-4.68,s-2.7250000000000005,s270
174_22,s-3.4650000000000003,s-3.3000000000000007,s0
174_23,s-3.1150000000000007,s-2.5000000000000004,s180
174_24,s-1.8999999999999995,s-3.0750000000000006,s90
174_25,s-2.6999999999999993,s-2.7250000000000005,s270
174_26,s-1.485,s-3.3000000000000007,s0
174_27,s-1.135,s-2.5000000000000004,s180
174_28,s0.08,s-3.0750000000000006,s90
174_29,s-0.72,s-2.7250000000000005,s270
174_30,s0.49500000000000005,s-3.3000000000000007,s0
174_31,s0.845,s-2.5000000000000004,s180
174_32,s2.06,s-3.0750000000000006,s90
174_33,s1.26,s-2.7250000000000005,s270
174_34,s2.475,s-3.3000000000000007,s0
174_35,s2.825,s-2.5000000000000004,s180
174_36,s4.040000000000001,s-3.0750000000000006,s90
174_37,s3.2400000000000007,s-2.7250000000000005,s270
174_38,s4.455,s-3.3000000000000007,s0
174_39,s4.805,s-2.5000000000000004,s180
174_40,s-4.455,s-2.2,s0
174_41,s-4.105,s-1.4,s180
174_42,s-2.89,s-1.975,s90
174_43,s-3.69,s-1.625,s270
174_44,s-2.475,s-2.2,s0
174_45,s-2.125,s-1.4,s180
174_46,s-0.91,s-1.975,s90
174_47,s-1.71,s-1.625,s270
174_48,s-0.49500000000000005,s-2.2,s0
174_49,s-0.14500000000000007,s-1.4,s180
174_50,s1.07,s-1.975,s90
174_51,s0.27,s-1.625,s270
174_52,s1.485,s-2.2,s0
174_53,s1.835,s-1.4,s180
174_54,s3.05,s-1.975,s90
174_55,s2.25,s-1.625,s270
174_56,s3.4650000000000003,s-2.2,s0
174_57,s3.8150000000000004,s-1.4,s180
174_58,s5.03,s-1.975,s90
174_59,s4.23,s-1.625,s270
174_60,s-3.88,s-0.875,s90
174_61,s-4.68,s-0.525,s270
174_62,s-3.4650000000000003,s-1.1,s0
174_63,s-3.1150000000000007,s-0.3,s180
174_64,s-1.9,s-0.875,s90
174_65,s-2.7,s-0.525,s270
174_66,s-1.485,s-1.1,s0
174_67,s-1.135,s-0.3,s180
174_68,s0.08,s-0.875,s90
174_69,s-0.72,s-0.525,s270
174_70,s0.49500000000000005,s-1.1,s0
174_71,s0.845,s-0.3,s180
174_72,s2.06,s-0.875,s90
174_73,s1.26,s-0.525,s270
174_74,s2.475,s-1.1,s0
174_75,s2.825,s-0.3,s180
174_76,s4.040000000000001,s-0.875,s90
174_77,s3.2400000000000007,s-0.525,s270
174_78,s4.455,s-1.1,s0
174_79,s4.805,s-0.3,s180
174_80,s-4.455,s0.0,s0
174_81,s-4.105,s0.8,s180
174_82,s-2.8900000000000006,s0.225,s90
174_83,s-3.6900000000000004,s0.575,s270
174_84,s-2.475,s0.0,s0
174_85,s-2.125,s0.8,s180
174_86,s-0.91,s0.225,s90
174_87,s-1.71,s0.575,s270
174_88,s-0.49500000000000005,s0.0,s0
174_89,s-0.14500000000000007,s0.8,s180
174_90,s1.07,s0.22500000000000006,s90
174_91,s0.27,s0.575,s270
174_92,s1.485,s0.0,s0
174_93,s1.835,s0.8,s180
174_94,s3.05,s0.225,s90
174_95,s2.25,s0.575,s270
174_96,s3.4650000000000003,s0.0,s0
174_97,s3.8150000000000004,s0.8,s180
174_98,s5.03,s0.225,s90
174_99,s4.23,s0.575,s270
174_100,s-3.88,s1.325,s90
174_101,s-4.68,s1.675,s270
174_102,s-3.4650000000000003,s1.1,s0
174_103,s-3.1150000000000007,s1.9,s180
174_104,s-1.9,s1.325,s90
174_105,s-2.7,s1.675,s270
174_106,s-1.485,s1.1,s0
174_107,s-1.135,s1.9,s180
174_108,s0.08,s1.325,s90
174_109,s-0.72,s1.675,s270
174_110,s0.49500000000000005,s1.1,s0
174_111,s0.845,s1.9,s180
174_112,s2.06,s1.325,s90
174_113,s1.26,s1.675,s270
174_114,s2.475,s1.1,s0
174_115,s2.825,s1.9,s180
174_116,s4.04,s1.325,s90
174_117,s3.24,s1.675,s270
174_118,s4.455,s1.1,s0
174_119,s4.805,s1.9,s180
174_120,s-4.455,s2.2,s0
174_121,s-4.105,s3.0,s180
174_122,s-2.8900000000000006,s2.4249999999999994,s90
174_123,s-3.6900000000000004,s2.7749999999999995,s270
174_124,s-2.475,s2.2,s0
174_125,s-2.125,s3.0,s180
174_126,s-0.91,s2.425,s90
174_127,s-1.71,s2.775,s270
174_128,s-0.49500000000000005,s2.2,s0
174_129,s-0.14500000000000007,s3.0,s180
174_130,s1.07,s2.425,s90
174_131,s0.27,s2.775,s270
174_132,s1.485,s2.2,s0
174_133,s1.835,s3.0,s180
174_134,s3.05,s2.425,s90
174_135,s2.25,s2.775,s270
174_136,s3.4650000000000003,s2.2,s0
174_137,s3.8150000000000004,s3.0,s180
174_138,s5.03,s2.425,s90
174_139,s4.23,s2.775,s270
174_140,s-3.88,s3.525,s90
174_141,s-4.68,s3.875,s270
174_142,s-3.4650000000000003,s3.3000000000000007,s0
174_143,s-3.1150000000000007,s4.1000000000000005,s180
174_144,s-1.9,s3.525,s90
174_145,s-2.7,s3.875,s270
174_146,s-1.485,s3.3000000000000007,s0
174_147,s-1.135,s4.1000000000000005,s180
174_148,s0.08,s3.5250000000000004,s90
174_149,s-0.72,s3.8750000000000004,s270
174_150,s0.49500000000000005,s3.3000000000000007,s0
174_151,s0.845,s4.1000000000000005,s180
174_152,s2.0599999999999996,s3.5250000000000004,s90
174_153,s1.2599999999999996,s3.8750000000000004,s270
174_154,s2.475,s3.3000000000000007,s0
174_155,s2.825,s4.1000000000000005,s180
174_156,s4.040000000000001,s3.5250000000000004,s90
174_157,s3.2400000000000007,s3.8750000000000004,s270
174_158,s4.455,s3.3000000000000007,s0
174_159,s4.805,s4.1000000000000005,s180
174_160,s-4.455,s4.4,s0
174_161,s-4.105,s5.2,s180
174_162,s-2.8900000000000006,s4.625,s90
174_163,s-3.6900000000000004,s4.975,s270
174_164,s-2.475,s4.4,s0
174_165,s-2.125,s5.2,s180
174_166,s-0.91,s4.625,s90
174_167,s-1.71,s4.975,s270
174_168,s-0.49500000000000005,s4.4,s0
174_169,s-0.14500000000000007,s5.2,s180
174_170,s1.07,s4.625,s90
174_171,s0.27,s4.975,s270
174_172,s1.485,s4.4,s0
174_173,s1.835,s5.2,s180
175_0,s-4.455,s-4.4,s0
175_1,s-4.105,s-3.6,s180
175_2,s-2.89,s-4.175,s90
175_3,s-3.69,s-3.825,s270
175_4,s-2.475,s-4.4,s0
175_5,s-2.125,s-3.6,s180
175_6,s-0.91,s-4.175,s90
175_7,s-1.71,s-3.825,s270
175_8,s-0.49500000000000005,s-4.4,s0
175_9,s-0.14500000000000007,s-3.6,s180
175_10,s1.07,s-4.175,s90
175_11,s0.27,s-3.825,s270
175_12,s1.485,s-4.4,s0
175_13,s1.835,s-3.6,s180
175_14,s3.05,s-4.175,s90
175_15,s2.25,s-3.825,s270
175_16,s3.4650000000000003,s-4.4,s0
175_17,s3.8150000000000004,s-3.6,s180
175_18,s5.03,s-4.175,s90
175_19,s4.23,s-3.825,s270
175_20,s-3.8799999999999994,s-3.0750000000000006,s90
175_21,s-4.68,s-2.7250000000000005,s270
175_22,s-3.4650000000000003,s-3.3000000000000007,s0
175_23,s-3.1150000000000007,s-2.5000000000000004,s180
175_24,s-1.8999999999999995,s-3.0750000000000006,s90
175_25,s-2.6999999999999993,s-2.7250000000000005,s270
175_26,s-1.485,s-3.3000000000000007,s0
175_27,s-1.135,s-2.5000000000000004,s180
175_28,s0.08,s-3.0750000000000006,s90
175_29,s-0.72,s-2.7250000000000005,s270
175_30,s0.49500000000000005,s-3.3000000000000007,s0
175_31,s0.845,s-2.5000000000000004,s180
175_32,s2.06,s-3.0750000000000006,s90
175_33,s1.26,s-2.7250000000000005,s270
175_34,s2.475,s-3.3000000000000007,s0
175_35,s2.825,s-2.5000000000000004,s180
175_36,s4.040000000000001,s-3.0750000000000006,s90
175_37,s3.2400000000000007,s-2.7250000000000005,s270
175_38,s4.455,s-3.3000000000000007,s0
175_39,s4.805,s-2.5000000000000004,s180
175_40,s-4.455,s-2.2,s0
175_41,s-4.105,s-1.4,s180
175_42,s-2.89,s-1.975,s90
175_43,s-3.69,s-1.625,s270
175_44,s-2.475,s-2.2,s0
175_45,s-2.125,s-1.4,s180
175_46,s-0.91,s-1.975,s90
175_47,s-1.71,s-1.625,s270
175_48,s-0.49500000000000005,s-2.2,s0
175_49,s-0.14500000000000007,s-1.4,s180
175_50,s1.07,s-1.975,s90
175_51,s0.27,s-1.625,s270
175_52,s1.485,s-2.2,s0
175_53,s1.835,s-1.4,s180
175_54,s3.05,s-1.975,s90
175_55,s2.25,s-1.625,s270
175_56,s3.4650000000000003,s-2.2,s0
175_57,s3.8150000000000004,s-1.4,s180
175_58,s5.03,s-1.975,s90
175_59,s4.23,s-1.625,s270
175_60,s-3.88,s-0.875,s90
175_61,s-4.68,s-0.525,s270
175_62,s-3.4650000000000003,s-1.1,s0
175_63,s-3.1150000000000007,s-0.3,s180
175_64,s-1.9,s-0.875,s90
175_65,s-2.7,s-0.525,s270
175_66,s-1.485,s-1.1,s0
175_67,s-1.135,s-0.3,s180
175_68,s0.08,s-0.875,s90
175_69,s-0.72,s-0.525,s270
175_70,s0.49500000000000005,s-1.1,s0
175_71,s0.845,s-0.3,s180
175_72,s2.06,s-0.875,s90
175_73,s1.26,s-0.525,s270
175_74,s2.475,s-1.1,s0
175_75,s2.825,s-0.3,s180
175_76,s4.040000000000001,s-0.875,s90
175_77,s3.2400000000000007,s-0.525,s270
175_78,s4.455,s-1.1,s0
175_79,s4.805,s-0.3,s180
175_80,s-4.455,s0.0,s0
175_81,s-4.105,s0.8,s180
175_82,s-2.8900000000000006,s0.225,s90
175_83,s-3.6900000000000004,s0.575,s270
175_84,s-2.475,s0.0,s0
175_85,s-2.125,s0.8,s180
175_86,s-0.91,s0.225,s90
175_87,s-1.71,s0.575,s270
175_88,s-0.49500000000000005,s0.0,s0
175_89,s-0.14500000000000007,s0.8,s180
175_90,s1.07,s0.22500000000000006,s90
175_91,s0.27,s0.575,s270
175_92,s1.485,s0.0,s0
175_93,s1.835,s0.8,s180
175_94,s3.05,s0.225,s90
175_95,s2.25,s0.575,s270
175_96,s3.4650000000000003,s0.0,s0
175_97,s3.8150000000000004,s0.8,s180
175_98,s5.03,s0.225,s90
175_99,s4.23,s0.575,s270
175_100,s-3.88,s1.325,s90
175_101,s-4.68,s1.675,s270
175_102,s-3.4650000000000003,s1.1,s0
175_103,s-3.1150000000000007,s1.9,s180
175_104,s-1.9,s1.325,s90
175_105,s-2.7,s1.675,s270
175_106,s-1.485,s1.1,s0
175_107,s-1.135,s1.9,s180
175_108,s0.08,s1.325,s90
175_109,s-0.72,s1.675,s270
175_110,s0.49500000000000005,s1.1,s0
175_111,s0.845,s1.9,s180
175_112,s2.06,s1.325,s90
175_113,s1.26,s1.675,s270
175_114,s2.475,s1.1,s0
175_115,s2.825,s1.9,s180
175_116,s4.04,s1.325,s90
175_117,s3.24,s1.675,s270
175_118,s4.455,s1.1,s0
175_119,s4.805,s1.9,s180
175_120,s-4.455,s2.2,s0
175_121,s-4.105,s3.0,s180
175_122,s-2.8900000000000006,s2.4249999999999994,s90
175_123,s-3.6900000000000004,s2.7749999999999995,s270
175_124,s-2.475,s2.2,s0
175_125,s-2.125,s3.0,s180
175_126,s-0.91,s2.425,s90
175_127,s-1.71,s2.775,s270
175_128,s-0.49500000000000005,s2.2,s0
175_129,s-0.14500000000000007,s3.0,s180
175_130,s1.07,s2.425,s90
175_131,s0.27,s2.775,s270
175_132,s1.485,s2.2,s0
175_133,s1.835,s3.0,s180
175_134,s3.05,s2.425,s90
175_135,s2.25,s2.775,s270
175_136,s3.4650000000000003,s2.2,s0
175_137,s3.8150000000000004,s3.0,s180
175_138,s5.03,s2.425,s90
175_139,s4.23,s2.775,s270
175_140,s-3.88,s3.525,s90
175_141,s-4.68,s3.875,s270
175_142,s-3.4650000000000003,s3.3000000000000007,s0
175_143,s-3.1150000000000007,s4.1000000000000005,s180
175_144,s-1.9,s3.525,s90
175_145,s-2.7,s3.875,s270
175_146,s-1.485,s3.3000000000000007,s0
175_147,s-1.135,s4.1000000000000005,s180
175_148,s0.08,s3.5250000000000004,s90
175_149,s-0.72,s3.8750000000000004,s270
175_150,s0.49500000000000005,s3.3000000000000007,s0
175_151,s0.845,s4.1000000000000005,s180
175_152,s2.0599999999999996,s3.5250000000000004,s90
175_153,s1.2599999999999996,s3.8750000000000004,s270
175_154,s2.475,s3.3000000000000007,s0
175_155,s2.825,s4.1000000000000005,s180
175_156,s4.040000000000001,s3.5250000000000004,s90
175_157,s3.2400000000000007,s3.8750000000000004,s270
175_158,s4.455,s3.3000000000000007,s0
175_159,s4.805,s4.1000000000000005,s180
175_160,s-4.455,s4.4,s0
175_161,s-4.105,s5.2,s180
175_162,s-2.8900000000000006,s4.625,s90
175_163,s-3.6900000000000004,s4.975,s270
175_164,s-2.475,s4.4,s0
175_165,s-2.125,s5.2,s180
175_166,s-0.91,s4.625,s90
175_167,s-1.71,s4.975,s270
175_168,s-0.49500000000000005,s4.4,s0
175_169,s-0.14500000000000007,s5.2,s180
175_170,s1.07,s4.625,s90
175_171,s0.27,s4.975,s270
175_172,s1.485,s4.4,s0
175_173,s1.835,s5.2,s180
176_0,s-4.455,s-4.4,s0
176_1,s-4.105,s-3.6,s180
176_2,s-2.89,s-4.175,s90
176_3,s-3.69,s-3.825,s270
176_4,s-2.475,s-4.4,s0
176_5,s-2.125,s-3.6,s180
176_6,s-0.91,s-4.175,s90
176_7,s-1.71,s-3.825,s270
176_8,s-0.49500000000000005,s-4.4,s0
176_9,s-0.14500000000000007,s-3.6,s180
176_10,s1.07,s-4.175,s90
176_11,s0.27,s-3.825,s270
176_12,s1.485,s-4.4,s0
176_13,s1.835,s-3.6,s180
176_14,s3.05,s-4.175,s90
176_15,s2.25,s-3.825,s270
176_16,s3.4650000000000003,s-4.4,s0
176_17,s3.8150000000000004,s-3.6,s180
176_18,s5.03,s-4.175,s90
176_19,s4.23,s-3.825,s270
176_20,s-3.8799999999999994,s-3.0750000000000006,s90
176_21,s-4.68,s-2.7250000000000005,s270
176_22,s-3.4650000000000003,s-3.3000000000000007,s0
176_23,s-3.1150000000000007,s-2.5000000000000004,s180
176_24,s-1.8999999999999995,s-3.0750000000000006,s90
176_25,s-2.6999999999999993,s-2.7250000000000005,s270
176_26,s-1.485,s-3.3000000000000007,s0
176_27,s-1.135,s-2.5000000000000004,s180
176_28,s0.08,s-3.0750000000000006,s90
176_29,s-0.72,s-2.7250000000000005,s270
176_30,s0.49500000000000005,s-3.3000000000000007,s0
176_31,s0.845,s-2.5000000000000004,s180
176_32,s2.06,s-3.0750000000000006,s90
176_33,s1.26,s-2.7250000000000005,s270
176_34,s2.475,s-3.3000000000000007,s0
176_35,s2.825,s-2.5000000000000004,s180
176_36,s4.040000000000001,s-3.0750000000000006,s90
176_37,s3.2400000000000007,s-2.7250000000000005,s270
176_38,s4.455,s-3.3000000000000007,s0
176_39,s4.805,s-2.5000000000000004,s180
176_40,s-4.455,s-2.2,s0
176_41,s-4.105,s-1.4,s180
176_42,s-2.89,s-1.975,s90
176_43,s-3.69,s-1.625,s270
176_44,s-2.475,s-2.2,s0
176_45,s-2.125,s-1.4,s180
176_46,s-0.91,s-1.975,s90
176_47,s-1.71,s-1.625,s270
176_48,s-0.49500000000000005,s-2.2,s0
176_49,s-0.14500000000000007,s-1.4,s180
176_50,s1.07,s-1.975,s90
176_51,s0.27,s-1.625,s270
176_52,s1.485,s-2.2,s0
176_53,s1.835,s-1.4,s180
176_54,s3.05,s-1.975,s90
176_55,s2.25,s-1.625,s270
176_56,s3.4650000000000003,s-2.2,s0
176_57,s3.8150000000000004,s-1.4,s180
176_58,s5.03,s-1.975,s90
176_59,s4.23,s-1.625,s270
176_60,s-3.88,s-0.875,s90
176_61,s-4.68,s-0.525,s270
176_62,s-3.4650000000000003,s-1.1,s0
176_63,s-3.1150000000000007,s-0.3,s180
176_64,s-1.9,s-0.875,s90
176_65,s-2.7,s-0.525,s270
176_66,s-1.485,s-1.1,s0
176_67,s-1.135,s-0.3,s180
176_68,s0.08,s-0.875,s90
176_69,s-0.72,s-0.525,s270
176_70,s0.49500000000000005,s-1.1,s0
176_71,s0.845,s-0.3,s180
176_72,s2.06,s-0.875,s90
176_73,s1.26,s-0.525,s270
176_74,s2.475,s-1.1,s0
176_75,s2.825,s-0.3,s180
176_76,s4.040000000000001,s-0.875,s90
176_77,s3.2400000000000007,s-0.525,s270
176_78,s4.455,s-1.1,s0
176_79,s4.805,s-0.3,s180
176_80,s-4.455,s0.0,s0
176_81,s-4.105,s0.8,s180
176_82,s-2.8900000000000006,s0.225,s90
176_83,s-3.6900000000000004,s0.575,s270
176_84,s-2.475,s0.0,s0
176_85,s-2.125,s0.8,s180
176_86,s-0.91,s0.225,s90
176_87,s-1.71,s0.575,s270
176_88,s-0.49500000000000005,s0.0,s0
176_89,s-0.14500000000000007,s0.8,s180
176_90,s1.07,s0.22500000000000006,s90
176_91,s0.27,s0.575,s270
176_92,s1.485,s0.0,s0
176_93,s1.835,s0.8,s180
176_94,s3.05,s0.225,s90
176_95,s2.25,s0.575,s270
176_96,s3.4650000000000003,s0.0,s0
176_97,s3.8150000000000004,s0.8,s180
176_98,s5.03,s0.225,s90
176_99,s4.23,s0.575,s270
176_100,s-3.88,s1.325,s90
176_101,s-4.68,s1.675,s270
176_102,s-3.4650000000000003,s1.1,s0
176_103,s-3.1150000000000007,s1.9,s180
176_104,s-1.9,s1.325,s90
176_105,s-2.7,s1.675,s270
176_106,s-1.485,s1.1,s0
176_107,s-1.135,s1.9,s180
176_108,s0.08,s1.325,s90
176_109,s-0.72,s1.675,s270
176_110,s0.49500000000000005,s1.1,s0
176_111,s0.845,s1.9,s180
176_112,s2.06,s1.325,s90
176_113,s1.26,s1.675,s270
176_114,s2.475,s1.1,s0
176_115,s2.825,s1.9,s180
176_116,s4.04,s1.325,s90
176_117,s3.24,s1.675,s270
176_118,s4.455,s1.1,s0
176_119,s4.805,s1.9,s180
176_120,s-4.455,s2.2,s0
176_121,s-4.105,s3.0,s180
176_122,s-2.8900000000000006,s2.4249999999999994,s90
176_123,s-3.6900000000000004,s2.7749999999999995,s270
176_124,s-2.475,s2.2,s0
176_125,s-2.125,s3.0,s180
176_126,s-0.91,s2.425,s90
176_127,s-1.71,s2.775,s270
176_128,s-0.49500000000000005,s2.2,s0
176_129,s-0.14500000000000007,s3.0,s180
176_130,s1.07,s2.425,s90
176_131,s0.27,s2.775,s270
176_132,s1.485,s2.2,s0
176_133,s1.835,s3.0,s180
176_134,s3.05,s2.425,s90
176_135,s2.25,s2.775,s270
176_136,s3.4650000000000003,s2.2,s0
176_137,s3.8150000000000004,s3.0,s180
176_138,s5.03,s2.425,s90
176_139,s4.23,s2.775,s270
176_140,s-3.88,s3.525,s90
176_141,s-4.68,s3.875,s270
176_142,s-3.4650000000000003,s3.3000000000000007,s0
176_143,s-3.1150000000000007,s4.1000000000000005,s180
176_144,s-1.9,s3.525,s90
176_145,s-2.7,s3.875,s270
176_146,s-1.485,s3.3000000000000007,s0
176_147,s-1.135,s4.1000000000000005,s180
176_148,s0.08,s3.5250000000000004,s90
176_149,s-0.72,s3.8750000000000004,s270
176_150,s0.49500000000000005,s3.3000000000000007,s0
176_151,s0.845,s4.1000000000000005,s180
176_152,s2.0599999999999996,s3.5250000000000004,s90
176_153,s1.2599999999999996,s3.8750000000000004,s270
176_154,s2.475,s3.3000000000000007,s0
176_155,s2.825,s4.1000000000000005,s180
176_156,s4.040000000000001,s3.5250000000000004,s90
176_157,s3.2400000000000007,s3.8750000000000004,s270
176_158,s4.455,s3.3000000000000007,s0
176_159,s4.805,s4.1000000000000005,s180
176_160,s-4.455,s4.4,s0
176_161,s-4.105,s5.2,s180
176_162,s-2.8900000000000006,s4.625,s90
176_163,s-3.6900000000000004,s4.975,s270
176_164,s-2.475,s4.4,s0
176_165,s-2.125,s5.2,s180
176_166,s-0.91,s4.625,s90
176_167,s-1.71,s4.975,s270
176_168,s-0.49500000000000005,s4.4,s0
176_169,s-0.14500000000000007,s5.2,s180
176_170,s1.07,s4.625,s90
176_171,s0.27,s4.975,s270
176_172,s1.485,s4.4,s0
176_173,s1.835,s5.2,s180
176_174,s3.05,s4.625,s90
176_175,s2.25,s4.975,s270
177_0,s-4.455,s-4.4,s0
177_1,s-4.105,s-3.6,s180
177_2,s-2.89,s-4.175,s90
177_3,s-3.69,s-3.825,s270
177_4,s-2.475,s-4.4,s0
177_5,s-2.125,s-3.6,s180
177_6,s-0.91,s-4.175,s90
177_7,s-1.71,s-3.825,s270
177_8,s-0.49500000000000005,s-4.4,s0
177_9,s-0.14500000000000007,s-3.6,s180
177_10,s1.07,s-4.175,s90
177_11,s0.27,s-3.825,s270
177_12,s1.485,s-4.4,s0
177_13,s1.835,s-3.6,s180
177_14,s3.05,s-4.175,s90
177_15,s2.25,s-3.825,s270
177_16,s3.4650000000000003,s-4.4,s0
177_17,s3.8150000000000004,s-3.6,s180
177_18,s5.03,s-4.175,s90
177_19,s4.23,s-3.825,s270
177_20,s-3.8799999999999994,s-3.0750000000000006,s90
177_21,s-4.68,s-2.7250000000000005,s270
177_22,s-3.4650000000000003,s-3.3000000000000007,s0
177_23,s-3.1150000000000007,s-2.5000000000000004,s180
177_24,s-1.8999999999999995,s-3.0750000000000006,s90
177_25,s-2.6999999999999993,s-2.7250000000000005,s270
177_26,s-1.485,s-3.3000000000000007,s0
177_27,s-1.135,s-2.5000000000000004,s180
177_28,s0.08,s-3.0750000000000006,s90
177_29,s-0.72,s-2.7250000000000005,s270
177_30,s0.49500000000000005,s-3.3000000000000007,s0
177_31,s0.845,s-2.5000000000000004,s180
177_32,s2.06,s-3.0750000000000006,s90
177_33,s1.26,s-2.7250000000000005,s270
177_34,s2.475,s-3.3000000000000007,s0
177_35,s2.825,s-2.5000000000000004,s180
177_36,s4.040000000000001,s-3.0750000000000006,s90
177_37,s3.2400000000000007,s-2.7250000000000005,s270
177_38,s4.455,s-3.3000000000000007,s0
177_39,s4.805,s-2.5000000000000004,s180
177_40,s-4.455,s-2.2,s0
177_41,s-4.105,s-1.4,s180
177_42,s-2.89,s-1.975,s90
177_43,s-3.69,s-1.625,s270
177_44,s-2.475,s-2.2,s0
177_45,s-2.125,s-1.4,s180
177_46,s-0.91,s-1.975,s90
177_47,s-1.71,s-1.625,s270
177_48,s-0.49500000000000005,s-2.2,s0
177_49,s-0.14500000000000007,s-1.4,s180
177_50,s1.07,s-1.975,s90
177_51,s0.27,s-1.625,s270
177_52,s1.485,s-2.2,s0
177_53,s1.835,s-1.4,s180
177_54,s3.05,s-1.975,s90
177_55,s2.25,s-1.625,s270
177_56,s3.4650000000000003,s-2.2,s0
177_57,s3.8150000000000004,s-1.4,s180
177_58,s5.03,s-1.975,s90
177_59,s4.23,s-1.625,s270
177_60,s-3.88,s-0.875,s90
177_61,s-4.68,s-0.525,s270
177_62,s-3.4650000000000003,s-1.1,s0
177_63,s-3.1150000000000007,s-0.3,s180
177_64,s-1.9,s-0.875,s90
177_65,s-2.7,s-0.525,s270
177_66,s-1.485,s-1.1,s0
177_67,s-1.135,s-0.3,s180
177_68,s0.08,s-0.875,s90
177_69,s-0.72,s-0.525,s270
177_70,s0.49500000000000005,s-1.1,s0
177_71,s0.845,s-0.3,s180
177_72,s2.06,s-0.875,s90
177_73,s1.26,s-0.525,s270
177_74,s2.475,s-1.1,s0
177_75,s2.825,s-0.3,s180
177_76,s4.040000000000001,s-0.875,s90
177_77,s3.2400000000000007,s-0.525,s270
177_78,s4.455,s-1.1,s0
177_79,s4.805,s-0.3,s180
177_80,s-4.455,s0.0,s0
177_81,s-4.105,s0.8,s180
177_82,s-2.8900000000000006,s0.225,s90
177_83,s-3.6900000000000004,s0.575,s270
177_84,s-2.475,s0.0,s0
177_85,s-2.125,s0.8,s180
177_86,s-0.91,s0.225,s90
177_87,s-1.71,s0.575,s270
177_88,s-0.49500000000000005,s0.0,s0
177_89,s-0.14500000000000007,s0.8,s180
177_90,s1.07,s0.22500000000000006,s90
177_91,s0.27,s0.575,s270
177_92,s1.485,s0.0,s0
177_93,s1.835,s0.8,s180
177_94,s3.05,s0.225,s90
177_95,s2.25,s0.575,s270
177_96,s3.4650000000000003,s0.0,s0
177_97,s3.8150000000000004,s0.8,s180
177_98,s5.03,s0.225,s90
177_99,s4.23,s0.575,s270
177_100,s-3.88,s1.325,s90
177_101,s-4.68,s1.675,s270
177_102,s-3.4650000000000003,s1.1,s0
177_103,s-3.1150000000000007,s1.9,s180
177_104,s-1.9,s1.325,s90
177_105,s-2.7,s1.675,s270
177_106,s-1.485,s1.1,s0
177_107,s-1.135,s1.9,s180
177_108,s0.08,s1.325,s90
177_109,s-0.72,s1.675,s270
177_110,s0.49500000000000005,s1.1,s0
177_111,s0.845,s1.9,s180
177_112,s2.06,s1.325,s90
177_113,s1.26,s1.675,s270
177_114,s2.475,s1.1,s0
177_115,s2.825,s1.9,s180
177_116,s4.04,s1.325,s90
177_117,s3.24,s1.675,s270
177_118,s4.455,s1.1,s0
177_119,s4.805,s1.9,s180
177_120,s-4.455,s2.2,s0
177_121,s-4.105,s3.0,s180
177_122,s-2.8900000000000006,s2.4249999999999994,s90
177_123,s-3.6900000000000004,s2.7749999999999995,s270
177_124,s-2.475,s2.2,s0
177_125,s-2.125,s3.0,s180
177_126,s-0.91,s2.425,s90
177_127,s-1.71,s2.775,s270
177_128,s-0.49500000000000005,s2.2,s0
177_129,s-0.14500000000000007,s3.0,s180
177_130,s1.07,s2.425,s90
177_131,s0.27,s2.775,s270
177_132,s1.485,s2.2,s0
177_133,s1.835,s3.0,s180
177_134,s3.05,s2.425,s90
177_135,s2.25,s2.775,s270
177_136,s3.4650000000000003,s2.2,s0
177_137,s3.8150000000000004,s3.0,s180
177_138,s5.03,s2.425,s90
177_139,s4.23,s2.775,s270
177_140,s-3.88,s3.525,s90
177_141,s-4.68,s3.875,s270
177_142,s-3.4650000000000003,s3.3000000000000007,s0
177_143,s-3.1150000000000007,s4.1000000000000005,s180
177_144,s-1.9,s3.525,s90
177_145,s-2.7,s3.875,s270
177_146,s-1.485,s3.3000000000000007,s0
177_147,s-1.135,s4.1000000000000005,s180
177_148,s0.08,s3.5250000000000004,s90
177_149,s-0.72,s3.8750000000000004,s270
177_150,s0.49500000000000005,s3.3000000000000007,s0
177_151,s0.845,s4.1000000000000005,s180
177_152,s2.0599999999999996,s3.5250000000000004,s90
177_153,s1.2599999999999996,s3.8750000000000004,s270
177_154,s2.475,s3.3000000000000007,s0
177_155,s2.825,s4.1000000000000005,s180
177_156,s4.040000000000001,s3.5250000000000004,s90
177_157,s3.2400000000000007,s3.8750000000000004,s270
177_158,s4.455,s3.3000000000000007,s0
177_159,s4.805,s4.1000000000000005,s180
177_160,s-4.455,s4.4,s0
177_161,s-4.105,s5.2,s180
177_162,s-2.8900000000000006,s4.625,s90
177_163,s-3.6900000000000004,s4.975,s270
177_164,s-2.475,s4.4,s0
177_165,s-2.125,s5.2,s180
177_166,s-0.91,s4.625,s90
177_167,s-1.71,s4.975,s270
177_168,s-0.49500000000000005,s4.4,s0
177_169,s-0.14500000000000007,s5.2,s180
177_170,s1.07,s4.625,s90
177_171,s0.27,s4.975,s270
177_172,s1.485,s4.4,s0
177_173,s1.835,s5.2,s180
177_174,s3.05,s4.625,s90
177_175,s2.25,s4.975,s270
178_0,s-4.455,s-4.4,s0
178_1,s-4.105,s-3.6,s180
178_2,s-2.89,s-4.175,s90
178_3,s-3.69,s-3.825,s270
178_4,s-2.475,s-4.4,s0
178_5,s-2.125,s-3.6,s180
178_6,s-0.91,s-4.175,s90
178_7,s-1.71,s-3.825,s270
178_8,s-0.49500000000000005,s-4.4,s0
178_9,s-0.14500000000000007,s-3.6,s180
178_10,s1.07,s-4.175,s90
178_11,s0.27,s-3.825,s270
178_12,s1.485,s-4.4,s0
178_13,s1.835,s-3.6,s180
178_14,s3.05,s-4.175,s90
178_15,s2.25,s-3.825,s270
178_16,s3.4650000000000003,s-4.4,s0
178_17,s3.8150000000000004,s-3.6,s180
178_18,s5.03,s-4.175,s90
178_19,s4.23,s-3.825,s270
178_20,s-3.8799999999999994,s-3.0750000000000006,s90
178_21,s-4.68,s-2.7250000000000005,s270
178_22,s-3.4650000000000003,s-3.3000000000000007,s0
178_23,s-3.1150000000000007,s-2.5000000000000004,s180
178_24,s-1.8999999999999995,s-3.0750000000000006,s90
178_25,s-2.6999999999999993,s-2.7250000000000005,s270
178_26,s-1.485,s-3.3000000000000007,s0
178_27,s-1.135,s-2.5000000000000004,s180
178_28,s0.08,s-3.0750000000000006,s90
178_29,s-0.72,s-2.7250000000000005,s270
178_30,s0.49500000000000005,s-3.3000000000000007,s0
178_31,s0.845,s-2.5000000000000004,s180
178_32,s2.06,s-3.0750000000000006,s90
178_33,s1.26,s-2.7250000000000005,s270
178_34,s2.475,s-3.3000000000000007,s0
178_35,s2.825,s-2.5000000000000004,s180
178_36,s4.040000000000001,s-3.0750000000000006,s90
178_37,s3.2400000000000007,s-2.7250000000000005,s270
178_38,s4.455,s-3.3000000000000007,s0
178_39,s4.805,s-2.5000000000000004,s180
178_40,s-4.455,s-2.2,s0
178_41,s-4.105,s-1.4,s180
178_42,s-2.89,s-1.975,s90
178_43,s-3.69,s-1.625,s270
178_44,s-2.475,s-2.2,s0
178_45,s-2.125,s-1.4,s180
178_46,s-0.91,s-1.975,s90
178_47,s-1.71,s-1.625,s270
178_48,s-0.49500000000000005,s-2.2,s0
178_49,s-0.14500000000000007,s-1.4,s180
178_50,s1.07,s-1.975,s90
178_51,s0.27,s-1.625,s270
178_52,s1.485,s-2.2,s0
178_53,s1.835,s-1.4,s180
178_54,s3.05,s-1.975,s90
178_55,s2.25,s-1.625,s270
178_56,s3.4650000000000003,s-2.2,s0
178_57,s3.8150000000000004,s-1.4,s180
178_58,s5.03,s-1.975,s90
178_59,s4.23,s-1.625,s270
178_60,s-3.88,s-0.875,s90
178_61,s-4.68,s-0.525,s270
178_62,s-3.4650000000000003,s-1.1,s0
178_63,s-3.1150000000000007,s-0.3,s180
178_64,s-1.9,s-0.875,s90
178_65,s-2.7,s-0.525,s270
178_66,s-1.485,s-1.1,s0
178_67,s-1.135,s-0.3,s180
178_68,s0.08,s-0.875,s90
178_69,s-0.72,s-0.525,s270
178_70,s0.49500000000000005,s-1.1,s0
178_71,s0.845,s-0.3,s180
178_72,s2.06,s-0.875,s90
178_73,s1.26,s-0.525,s270
178_74,s2.475,s-1.1,s0
178_75,s2.825,s-0.3,s180
178_76,s4.040000000000001,s-0.875,s90
178_77,s3.2400000000000007,s-0.525,s270
178_78,s4.455,s-1.1,s0
178_79,s4.805,s-0.3,s180
178_80,s-4.455,s0.0,s0
178_81,s-4.105,s0.8,s180
178_82,s-2.8900000000000006,s0.225,s90
178_83,s-3.6900000000000004,s0.575,s270
178_84,s-2.475,s0.0,s0
178_85,s-2.125,s0.8,s180
178_86,s-0.91,s0.225,s90
178_87,s-1.71,s0.575,s270
178_88,s-0.49500000000000005,s0.0,s0
178_89,s-0.14500000000000007,s0.8,s180
178_90,s1.07,s0.22500000000000006,s90
178_91,s0.27,s0.575,s270
178_92,s1.485,s0.0,s0
178_93,s1.835,s0.8,s180
178_94,s3.05,s0.225,s90
178_95,s2.25,s0.575,s270
178_96,s3.4650000000000003,s0.0,s0
178_97,s3.8150000000000004,s0.8,s180
178_98,s5.03,s0.225,s90
178_99,s4.23,s0.575,s270
178_100,s-3.88,s1.325,s90
178_101,s-4.68,s1.675,s270
178_102,s-3.4650000000000003,s1.1,s0
178_103,s-3.1150000000000007,s1.9,s180
178_104,s-1.9,s1.325,s90
178_105,s-2.7,s1.675,s270
178_106,s-1.485,s1.1,s0
178_107,s-1.135,s1.9,s180
178_108,s0.08,s1.325,s90
178_109,s-0.72,s1.675,s270
178_110,s0.49500000000000005,s1.1,s0
178_111,s0.845,s1.9,s180
178_112,s2.06,s1.325,s90
178_113,s1.26,s1.675,s270
178_114,s2.475,s1.1,s0
178_115,s2.825,s1.9,s180
178_116,s4.04,s1.325,s90
178_117,s3.24,s1.675,s270
178_118,s4.455,s1.1,s0
178_119,s4.805,s1.9,s180
178_120,s-4.455,s2.2,s0
178_121,s-4.105,s3.0,s180
178_122,s-2.8900000000000006,s2.4249999999999994,s90
178_123,s-3.6900000000000004,s2.7749999999999995,s270
178_124,s-2.475,s2.2,s0
178_125,s-2.125,s3.0,s180
178_126,s-0.91,s2.425,s90
178_127,s-1.71,s2.775,s270
178_128,s-0.49500000000000005,s2.2,s0
178_129,s-0.14500000000000007,s3.0,s180
178_130,s1.07,s2.425,s90
178_131,s0.27,s2.775,s270
178_132,s1.485,s2.2,s0
178_133,s1.835,s3.0,s180
178_134,s3.05,s2.425,s90
178_135,s2.25,s2.775,s270
178_136,s3.4650000000000003,s2.2,s0
178_137,s3.8150000000000004,s3.0,s180
178_138,s5.03,s2.425,s90
178_139,s4.23,s2.775,s270
178_140,s-3.88,s3.525,s90
178_141,s-4.68,s3.875,s270
178_142,s-3.4650000000000003,s3.3000000000000007,s0
178_143,s-3.1150000000000007,s4.1000000000000005,s180
178_144,s-1.9,s3.525,s90
178_145,s-2.7,s3.875,s270
178_146,s-1.485,s3.3000000000000007,s0
178_147,s-1.135,s4.1000000000000005,s180
178_148,s0.08,s3.5250000000000004,s90
178_149,s-0.72,s3.8750000000000004,s270
178_150,s0.49500000000000005,s3.3000000000000007,s0
178_151,s0.845,s4.1000000000000005,s180
178_152,s2.0599999999999996,s3.5250000000000004,s90
178_153,s1.2599999999999996,s3.8750000000000004,s270
178_154,s2.475,s3.3000000000000007,s0
178_155,s2.825,s4.1000000000000005,s180
178_156,s4.040000000000001,s3.5250000000000004,s90
178_157,s3.2400000000000007,s3.8750000000000004,s270
178_158,s4.455,s3.3000000000000007,s0
178_159,s4.805,s4.1000000000000005,s180
178_160,s-4.455,s4.4,s0
178_161,s-4.105,s5.2,s180
178_162,s-2.8900000000000006,s4.625,s90
178_163,s-3.6900000000000004,s4.975,s270
178_164,s-2.475,s4.4,s0
178_165,s-2.125,s5.2,s180
178_166,s-0.91,s4.625,s90
178_167,s-1.71,s4.975,s270
178_168,s-0.49500000000000005,s4.4,s0
178_169,s-0.14500000000000007,s5.2,s180
178_170,s1.07,s4.625,s90
178_171,s0.27,s4.975,s270
178_172,s1.485,s4.4,s0
178_173,s1.835,s5.2,s180
178_174,s3.05,s4.625,s90
178_175,s2.25,s4.975,s270
178_176,s3.4650000000000003,s4.4,s0
178_177,s3.8150000000000004,s5.2,s180
179_0,s-4.455,s-4.4,s0
179_1,s-4.105,s-3.6,s180
179_2,s-2.89,s-4.175,s90
179_3,s-3.69,s-3.825,s270
179_4,s-2.475,s-4.4,s0
179_5,s-2.125,s-3.6,s180
179_6,s-0.91,s-4.175,s90
179_7,s-1.71,s-3.825,s270
179_8,s-0.49500000000000005,s-4.4,s0
179_9,s-0.14500000000000007,s-3.6,s180
179_10,s1.07,s-4.175,s90
179_11,s0.27,s-3.825,s270
179_12,s1.485,s-4.4,s0
179_13,s1.835,s-3.6,s180
179_14,s3.05,s-4.175,s90
179_15,s2.25,s-3.825,s270
179_16,s3.4650000000000003,s-4.4,s0
179_17,s3.8150000000000004,s-3.6,s180
179_18,s5.03,s-4.175,s90
179_19,s4.23,s-3.825,s270
179_20,s-3.8799999999999994,s-3.0750000000000006,s90
179_21,s-4.68,s-2.7250000000000005,s270
179_22,s-3.4650000000000003,s-3.3000000000000007,s0
179_23,s-3.1150000000000007,s-2.5000000000000004,s180
179_24,s-1.8999999999999995,s-3.0750000000000006,s90
179_25,s-2.6999999999999993,s-2.7250000000000005,s270
179_26,s-1.485,s-3.3000000000000007,s0
179_27,s-1.135,s-2.5000000000000004,s180
179_28,s0.08,s-3.0750000000000006,s90
179_29,s-0.72,s-2.7250000000000005,s270
179_30,s0.49500000000000005,s-3.3000000000000007,s0
179_31,s0.845,s-2.5000000000000004,s180
179_32,s2.06,s-3.0750000000000006,s90
179_33,s1.26,s-2.7250000000000005,s270
179_34,s2.475,s-3.3000000000000007,s0
179_35,s2.825,s-2.5000000000000004,s180
179_36,s4.040000000000001,s-3.0750000000000006,s90
179_37,s3.2400000000000007,s-2.7250000000000005,s270
179_38,s4.455,s-3.3000000000000007,s0
179_39,s4.805,s-2.5000000000000004,s180
179_40,s-4.455,s-2.2,s0
179_41,s-4.105,s-1.4,s180
179_42,s-2.89,s-1.975,s90
179_43,s-3.69,s-1.625,s270
179_44,s-2.475,s-2.2,s0
179_45,s-2.125,s-1.4,s180
179_46,s-0.91,s-1.975,s90
179_47,s-1.71,s-1.625,s270
179_48,s-0.49500000000000005,s-2.2,s0
179_49,s-0.14500000000000007,s-1.4,s180
179_50,s1.07,s-1.975,s90
179_51,s0.27,s-1.625,s270
179_52,s1.485,s-2.2,s0
179_53,s1.835,s-1.4,s180
179_54,s3.05,s-1.975,s90
179_55,s2.25,s-1.625,s270
179_56,s3.4650000000000003,s-2.2,s0
179_57,s3.8150000000000004,s-1.4,s180
179_58,s5.03,s-1.975,s90
179_59,s4.23,s-1.625,s270
179_60,s-3.88,s-0.875,s90
179_61,s-4.68,s-0.525,s270
179_62,s-3.4650000000000003,s-1.1,s0
179_63,s-3.1150000000000007,s-0.3,s180
179_64,s-1.9,s-0.875,s90
179_65,s-2.7,s-0.525,s270
179_66,s-1.485,s-1.1,s0
179_67,s-1.135,s-0.3,s180
179_68,s0.08,s-0.875,s90
179_69,s-0.72,s-0.525,s270
179_70,s0.49500000000000005,s-1.1,s0
179_71,s0.845,s-0.3,s180
179_72,s2.06,s-0.875,s90
179_73,s1.26,s-0.525,s270
179_74,s2.475,s-1.1,s0
179_75,s2.825,s-0.3,s180
179_76,s4.040000000000001,s-0.875,s90
179_77,s3.2400000000000007,s-0.525,s270
179_78,s4.455,s-1.1,s0
179_79,s4.805,s-0.3,s180
179_80,s-4.455,s0.0,s0
179_81,s-4.105,s0.8,s180
179_82,s-2.8900000000000006,s0.225,s90
179_83,s-3.6900000000000004,s0.575,s270
179_84,s-2.475,s0.0,s0
179_85,s-2.125,s0.8,s180
179_86,s-0.91,s0.225,s90
179_87,s-1.71,s0.575,s270
179_88,s-0.49500000000000005,s0.0,s0
179_89,s-0.14500000000000007,s0.8,s180
179_90,s1.07,s0.22500000000000006,s90
179_91,s0.27,s0.575,s270
179_92,s1.485,s0.0,s0
179_93,s1.835,s0.8,s180
179_94,s3.05,s0.225,s90
179_95,s2.25,s0.575,s270
179_96,s3.4650000000000003,s0.0,s0
179_97,s3.8150000000000004,s0.8,s180
179_98,s5.03,s0.225,s90
179_99,s4.23,s0.575,s270
179_100,s-3.88,s1.325,s90
179_101,s-4.68,s1.675,s270
179_102,s-3.4650000000000003,s1.1,s0
179_103,s-3.1150000000000007,s1.9,s180
179_104,s-1.9,s1.325,s90
179_105,s-2.7,s1.675,s270
179_106,s-1.485,s1.1,s0
179_107,s-1.135,s1.9,s180
179_108,s0.08,s1.325,s90
179_109,s-0.72,s1.675,s270
179_110,s0.49500000000000005,s1.1,s0
179_111,s0.845,s1.9,s180
179_112,s2.06,s1.325,s90
179_113,s1.26,s1.675,s270
179_114,s2.475,s1.1,s0
179_115,s2.825,s1.9,s180
179_116,s4.04,s1.325,s90
179_117,s3.24,s1.675,s270
179_118,s4.455,s1.1,s0
179_119,s4.805,s1.9,s180
179_120,s-4.455,s2.2,s0
179_121,s-4.105,s3.0,s180
179_122,s-2.8900000000000006,s2.4249999999999994,s90
179_123,s-3.6900000000000004,s2.7749999999999995,s270
179_124,s-2.475,s2.2,s0
179_125,s-2.125,s3.0,s180
179_126,s-0.91,s2.425,s90
179_127,s-1.71,s2.775,s270
179_128,s-0.49500000000000005,s2.2,s0
179_129,s-0.14500000000000007,s3.0,s180
179_130,s1.07,s2.425,s90
179_131,s0.27,s2.775,s270
179_132,s1.485,s2.2,s0
179_133,s1.835,s3.0,s180
179_134,s3.05,s2.425,s90
179_135,s2.25,s2.775,s270
179_136,s3.4650000000000003,s2.2,s0
179_137,s3.8150000000000004,s3.0,s180
179_138,s5.03,s2.425,s90
179_139,s4.23,s2.775,s270
179_140,s-3.88,s3.525,s90
179_141,s-4.68,s3.875,s270
179_142,s-3.4650000000000003,s3.3000000000000007,s0
179_143,s-3.1150000000000007,s4.1000000000000005,s180
179_144,s-1.9,s3.525,s90
179_145,s-2.7,s3.875,s270
179_146,s-1.485,s3.3000000000000007,s0
179_147,s-1.135,s4.1000000000000005,s180
179_148,s0.08,s3.5250000000000004,s90
179_149,s-0.72,s3.8750000000000004,s270
179_150,s0.49500000000000005,s3.3000000000000007,s0
179_151,s0.845,s4.1000000000000005,s180
179_152,s2.0599999999999996,s3.5250000000000004,s90
179_153,s1.2599999999999996,s3.8750000000000004,s270
179_154,s2.475,s3.3000000000000007,s0
179_155,s2.825,s4.1000000000000005,s180
179_156,s4.040000000000001,s3.5250000000000004,s90
179_157,s3.2400000000000007,s3.8750000000000004,s270
179_158,s4.455,s3.3000000000000007,s0
179_159,s4.805,s4.1000000000000005,s180
179_160,s-4.455,s4.4,s0
179_161,s-4.105,s5.2,s180
179_162,s-2.8900000000000006,s4.625,s90
179_163,s-3.6900000000000004,s4.975,s270
179_164,s-2.475,s4.4,s0
179_165,s-2.125,s5.2,s180
179_166,s-0.91,s4.625,s90
179_167,s-1.71,s4.975,s270
179_168,s-0.49500000000000005,s4.4,s0
179_169,s-0.14500000000000007,s5.2,s180
179_170,s1.07,s4.625,s90
179_171,s0.27,s4.975,s270
179_172,s1.485,s4.4,s0
179_173,s1.835,s5.2,s180
179_174,s3.05,s4.625,s90
179_175,s2.25,s4.975,s270
179_176,s3.4650000000000003,s4.4,s0
179_177,s3.8150000000000004,s5.2,s180
180_0,s-4.455,s-4.4,s0
180_1,s-4.105,s-3.6,s180
180_2,s-2.89,s-4.175,s90
180_3,s-3.69,s-3.825,s270
180_4,s-2.475,s-4.4,s0
180_5,s-2.125,s-3.6,s180
180_6,s-0.91,s-4.175,s90
180_7,s-1.71,s-3.825,s270
180_8,s-0.49500000000000005,s-4.4,s0
180_9,s-0.14500000000000007,s-3.6,s180
180_10,s1.07,s-4.175,s90
180_11,s0.27,s-3.825,s270
180_12,s1.485,s-4.4,s0
180_13,s1.835,s-3.6,s180
180_14,s3.05,s-4.175,s90
180_15,s2.25,s-3.825,s270
180_16,s3.4650000000000003,s-4.4,s0
180_17,s3.8150000000000004,s-3.6,s180
180_18,s5.03,s-4.175,s90
180_19,s4.23,s-3.825,s270
180_20,s-3.8799999999999994,s-3.0750000000000006,s90
180_21,s-4.68,s-2.7250000000000005,s270
180_22,s-3.4650000000000003,s-3.3000000000000007,s0
180_23,s-3.1150000000000007,s-2.5000000000000004,s180
180_24,s-1.8999999999999995,s-3.0750000000000006,s90
180_25,s-2.6999999999999993,s-2.7250000000000005,s270
180_26,s-1.485,s-3.3000000000000007,s0
180_27,s-1.135,s-2.5000000000000004,s180
180_28,s0.08,s-3.0750000000000006,s90
180_29,s-0.72,s-2.7250000000000005,s270
180_30,s0.49500000000000005,s-3.3000000000000007,s0
180_31,s0.845,s-2.5000000000000004,s180
180_32,s2.06,s-3.0750000000000006,s90
180_33,s1.26,s-2.7250000000000005,s270
180_34,s2.475,s-3.3000000000000007,s0
180_35,s2.825,s-2.5000000000000004,s180
180_36,s4.040000000000001,s-3.0750000000000006,s90
180_37,s3.2400000000000007,s-2.7250000000000005,s270
180_38,s4.455,s-3.3000000000000007,s0
180_39,s4.805,s-2.5000000000000004,s180
180_40,s-4.455,s-2.2,s0
180_41,s-4.105,s-1.4,s180
180_42,s-2.89,s-1.975,s90
180_43,s-3.69,s-1.625,s270
180_44,s-2.475,s-2.2,s0
180_45,s-2.125,s-1.4,s180
180_46,s-0.91,s-1.975,s90
180_47,s-1.71,s-1.625,s270
180_48,s-0.49500000000000005,s-2.2,s0
180_49,s-0.14500000000000007,s-1.4,s180
180_50,s1.07,s-1.975,s90
180_51,s0.27,s-1.625,s270
180_52,s1.485,s-2.2,s0
180_53,s1.835,s-1.4,s180
180_54,s3.05,s-1.975,s90
180_55,s2.25,s-1.625,s270
180_56,s3.4650000000000003,s-2.2,s0
180_57,s3.8150000000000004,s-1.4,s180
180_58,s5.03,s-1.975,s90
180_59,s4.23,s-1.625,s270
180_60,s-3.88,s-0.875,s90
180_61,s-4.68,s-0.525,s270
180_62,s-3.4650000000000003,s-1.1,s0
180_63,s-3.1150000000000007,s-0.3,s180
180_64,s-1.9,s-0.875,s90
180_65,s-2.7,s-0.525,s270
180_66,s-1.485,s-1.1,s0
180_67,s-1.135,s-0.3,s180
180_68,s0.08,s-0.875,s90
180_69,s-0.72,s-0.525,s270
180_70,s0.49500000000000005,s-1.1,s0
180_71,s0.845,s-0.3,s180
180_72,s2.06,s-0.875,s90
180_73,s1.26,s-0.525,s270
180_74,s2.475,s-1.1,s0
180_75,s2.825,s-0.3,s180
180_76,s4.040000000000001,s-0.875,s90
180_77,s3.2400000000000007,s-0.525,s270
180_78,s4.455,s-1.1,s0
180_79,s4.805,s-0.3,s180
180_80,s-4.455,s0.0,s0
180_81,s-4.105,s0.8,s180
180_82,s-2.8900000000000006,s0.225,s90
180_83,s-3.6900000000000004,s0.575,s270
180_84,s-2.475,s0.0,s0
180_85,s-2.125,s0.8,s180
180_86,s-0.91,s0.225,s90
180_87,s-1.71,s0.575,s270
180_88,s-0.49500000000000005,s0.0,s0
180_89,s-0.14500000000000007,s0.8,s180
180_90,s1.07,s0.22500000000000006,s90
180_91,s0.27,s0.575,s270
180_92,s1.485,s0.0,s0
180_93,s1.835,s0.8,s180
180_94,s3.05,s0.225,s90
180_95,s2.25,s0.575,s270
180_96,s3.4650000000000003,s0.0,s0
180_97,s3.8150000000000004,s0.8,s180
180_98,s5.03,s0.225,s90
180_99,s4.23,s0.575,s270
180_100,s-3.88,s1.325,s90
180_101,s-4.68,s1.675,s270
180_102,s-3.4650000000000003,s1.1,s0
180_103,s-3.1150000000000007,s1.9,s180
180_104,s-1.9,s1.325,s90
180_105,s-2.7,s1.675,s270
180_106,s-1.485,s1.1,s0
180_107,s-1.135,s1.9,s180
180_108,s0.08,s1.325,s90
180_109,s-0.72,s1.675,s270
180_110,s0.49500000000000005,s1.1,s0
180_111,s0.845,s1.9,s180
180_112,s2.06,s1.325,s90
180_113,s1.26,s1.675,s270
180_114,s2.475,s1.1,s0
180_115,s2.825,s1.9,s180
180_116,s4.04,s1.325,s90
180_117,s3.24,s1.675,s270
180_118,s4.455,s1.1,s0
180_119,s4.805,s1.9,s180
180_120,s-4.455,s2.2,s0
180_121,s-4.105,s3.0,s180
180_122,s-2.8900000000000006,s2.4249999999999994,s90
180_123,s-3.6900000000000004,s2.7749999999999995,s270
180_124,s-2.475,s2.2,s0
180_125,s-2.125,s3.0,s180
180_126,s-0.91,s2.425,s90
180_127,s-1.71,s2.775,s270
180_128,s-0.49500000000000005,s2.2,s0
180_129,s-0.14500000000000007,s3.0,s180
180_130,s1.07,s2.425,s90
180_131,s0.27,s2.775,s270
180_132,s1.485,s2.2,s0
180_133,s1.835,s3.0,s180
180_134,s3.05,s2.425,s90
180_135,s2.25,s2.775,s270
180_136,s3.4650000000000003,s2.2,s0
180_137,s3.8150000000000004,s3.0,s180
180_138,s5.03,s2.425,s90
180_139,s4.23,s2.775,s270
180_140,s-3.88,s3.525,s90
180_141,s-4.68,s3.875,s270
180_142,s-3.4650000000000003,s3.3000000000000007,s0
180_143,s-3.1150000000000007,s4.1000000000000005,s180
180_144,s-1.9,s3.525,s90
180_145,s-2.7,s3.875,s270
180_146,s-1.485,s3.3000000000000007,s0
180_147,s-1.135,s4.1000000000000005,s180
180_148,s0.08,s3.5250000000000004,s90
180_149,s-0.72,s3.8750000000000004,s270
180_150,s0.49500000000000005,s3.3000000000000007,s0
180_151,s0.845,s4.1000000000000005,s180
180_152,s2.0599999999999996,s3.5250000000000004,s90
180_153,s1.2599999999999996,s3.8750000000000004,s270
180_154,s2.475,s3.3000000000000007,s0
180_155,s2.825,s4.1000000000000005,s180
180_156,s4.040000000000001,s3.5250000000000004,s90
180_157,s3.2400000000000007,s3.8750000000000004,s270
180_158,s4.455,s3.3000000000000007,s0
180_159,s4.805,s4.1000000000000005,s180
180_160,s-4.455,s4.4,s0
180_161,s-4.105,s5.2,s180
180_162,s-2.8900000000000006,s4.625,s90
180_163,s-3.6900000000000004,s4.975,s270
180_164,s-2.475,s4.4,s0
180_165,s-2.125,s5.2,s180
180_166,s-0.91,s4.625,s90
180_167,s-1.71,s4.975,s270
180_168,s-0.49500000000000005,s4.4,s0
180_169,s-0.14500000000000007,s5.2,s180
180_170,s1.07,s4.625,s90
180_171,s0.27,s4.975,s270
180_172,s1.485,s4.4,s0
180_173,s1.835,s5.2,s180
180_174,s3.05,s4.625,s90
180_175,s2.25,s4.975,s270
180_176,s3.4650000000000003,s4.4,s0
180_177,s3.8150000000000004,s5.2,s180
180_178,s5.03,s4.625,s90
180_179,s4.23,s4.975,s270
181_0,s-4.455,s-4.4,s0
181_1,s-4.105,s-3.6,s180
181_2,s-2.89,s-4.175,s90
181_3,s-3.69,s-3.825,s270
181_4,s-2.475,s-4.4,s0
181_5,s-2.125,s-3.6,s180
181_6,s-0.91,s-4.175,s90
181_7,s-1.71,s-3.825,s270
181_8,s-0.49500000000000005,s-4.4,s0
181_9,s-0.14500000000000007,s-3.6,s180
181_10,s1.07,s-4.175,s90
181_11,s0.27,s-3.825,s270
181_12,s1.485,s-4.4,s0
181_13,s1.835,s-3.6,s180
181_14,s3.05,s-4.175,s90
181_15,s2.25,s-3.825,s270
181_16,s3.4650000000000003,s-4.4,s0
181_17,s3.8150000000000004,s-3.6,s180
181_18,s5.03,s-4.175,s90
181_19,s4.23,s-3.825,s270
181_20,s-3.8799999999999994,s-3.0750000000000006,s90
181_21,s-4.68,s-2.7250000000000005,s270
181_22,s-3.4650000000000003,s-3.3000000000000007,s0
181_23,s-3.1150000000000007,s-2.5000000000000004,s180
181_24,s-1.8999999999999995,s-3.0750000000000006,s90
181_25,s-2.6999999999999993,s-2.7250000000000005,s270
181_26,s-1.485,s-3.3000000000000007,s0
181_27,s-1.135,s-2.5000000000000004,s180
181_28,s0.08,s-3.0750000000000006,s90
181_29,s-0.72,s-2.7250000000000005,s270
181_30,s0.49500000000000005,s-3.3000000000000007,s0
181_31,s0.845,s-2.5000000000000004,s180
181_32,s2.06,s-3.0750000000000006,s90
181_33,s1.26,s-2.7250000000000005,s270
181_34,s2.475,s-3.3000000000000007,s0
181_35,s2.825,s-2.5000000000000004,s180
181_36,s4.040000000000001,s-3.0750000000000006,s90
181_37,s3.2400000000000007,s-2.7250000000000005,s270
181_38,s4.455,s-3.3000000000000007,s0
181_39,s4.805,s-2.5000000000000004,s180
181_40,s-4.455,s-2.2,s0
181_41,s-4.105,s-1.4,s180
181_42,s-2.89,s-1.975,s90
181_43,s-3.69,s-1.625,s270
181_44,s-2.475,s-2.2,s0
181_45,s-2.125,s-1.4,s180
181_46,s-0.91,s-1.975,s90
181_47,s-1.71,s-1.625,s270
181_48,s-0.49500000000000005,s-2.2,s0
181_49,s-0.14500000000000007,s-1.4,s180
181_50,s1.07,s-1.975,s90
181_51,s0.27,s-1.625,s270
181_52,s1.485,s-2.2,s0
181_53,s1.835,s-1.4,s180
181_54,s3.05,s-1.975,s90
181_55,s2.25,s-1.625,s270
181_56,s3.4650000000000003,s-2.2,s0
181_57,s3.8150000000000004,s-1.4,s180
181_58,s5.03,s-1.975,s90
181_59,s4.23,s-1.625,s270
181_60,s-3.88,s-0.875,s90
181_61,s-4.68,s-0.525,s270
181_62,s-3.4650000000000003,s-1.1,s0
181_63,s-3.1150000000000007,s-0.3,s180
181_64,s-1.9,s-0.875,s90
181_65,s-2.7,s-0.525,s270
181_66,s-1.485,s-1.1,s0
181_67,s-1.135,s-0.3,s180
181_68,s0.08,s-0.875,s90
181_69,s-0.72,s-0.525,s270
181_70,s0.49500000000000005,s-1.1,s0
181_71,s0.845,s-0.3,s180
181_72,s2.06,s-0.875,s90
181_73,s1.26,s-0.525,s270
181_74,s2.475,s-1.1,s0
181_75,s2.825,s-0.3,s180
181_76,s4.040000000000001,s-0.875,s90
181_77,s3.2400000000000007,s-0.525,s270
181_78,s4.455,s-1.1,s0
181_79,s4.805,s-0.3,s180
181_80,s-4.455,s0.0,s0
181_81,s-4.105,s0.8,s180
181_82,s-2.8900000000000006,s0.225,s90
181_83,s-3.6900000000000004,s0.575,s270
181_84,s-2.475,s0.0,s0
181_85,s-2.125,s0.8,s180
181_86,s-0.91,s0.225,s90
181_87,s-1.71,s0.575,s270
181_88,s-0.49500000000000005,s0.0,s0
181_89,s-0.14500000000000007,s0.8,s180
181_90,s1.07,s0.22500000000000006,s90
181_91,s0.27,s0.575,s270
181_92,s1.485,s0.0,s0
181_93,s1.835,s0.8,s180
181_94,s3.05,s0.225,s90
181_95,s2.25,s0.575,s270
181_96,s3.4650000000000003,s0.0,s0
181_97,s3.8150000000000004,s0.8,s180
181_98,s5.03,s0.225,s90
181_99,s4.23,s0.575,s270
181_100,s-3.88,s1.325,s90
181_101,s-4.68,s1.675,s270
181_102,s-3.4650000000000003,s1.1,s0
181_103,s-3.1150000000000007,s1.9,s180
181_104,s-1.9,s1.325,s90
181_105,s-2.7,s1.675,s270
181_106,s-1.485,s1.1,s0
181_107,s-1.135,s1.9,s180
181_108,s0.08,s1.325,s90
181_109,s-0.72,s1.675,s270
181_110,s0.49500000000000005,s1.1,s0
181_111,s0.845,s1.9,s180
181_112,s2.06,s1.325,s90
181_113,s1.26,s1.675,s270
181_114,s2.475,s1.1,s0
181_115,s2.825,s1.9,s180
181_116,s4.04,s1.325,s90
181_117,s3.24,s1.675,s270
181_118,s4.455,s1.1,s0
181_119,s4.805,s1.9,s180
181_120,s-4.455,s2.2,s0
181_121,s-4.105,s3.0,s180
181_122,s-2.8900000000000006,s2.4249999999999994,s90
181_123,s-3.6900000000000004,s2.7749999999999995,s270
181_124,s-2.475,s2.2,s0
181_125,s-2.125,s3.0,s180
181_126,s-0.91,s2.425,s90
181_127,s-1.71,s2.775,s270
181_128,s-0.49500000000000005,s2.2,s0
181_129,s-0.14500000000000007,s3.0,s180
181_130,s1.07,s2.425,s90
181_131,s0.27,s2.775,s270
181_132,s1.485,s2.2,s0
181_133,s1.835,s3.0,s180
181_134,s3.05,s2.425,s90
181_135,s2.25,s2.775,s270
181_136,s3.4650000000000003,s2.2,s0
181_137,s3.8150000000000004,s3.0,s180
181_138,s5.03,s2.425,s90
181_139,s4.23,s2.775,s270
181_140,s-3.88,s3.525,s90
181_141,s-4.68,s3.875,s270
181_142,s-3.4650000000000003,s3.3000000000000007,s0
181_143,s-3.1150000000000007,s4.1000000000000005,s180
181_144,s-1.9,s3.525,s90
181_145,s-2.7,s3.875,s270
181_146,s-1.485,s3.3000000000000007,s0
181_147,s-1.135,s4.1000000000000005,s180
181_148,s0.08,s3.5250000000000004,s90
181_149,s-0.72,s3.8750000000000004,s270
181_150,s0.49500000000000005,s3.3000000000000007,s0
181_151,s0.845,s4.1000000000000005,s180
181_152,s2.0599999999999996,s3.5250000000000004,s90
181_153,s1.2599999999999996,s3.8750000000000004,s270
181_154,s2.475,s3.3000000000000007,s0
181_155,s2.825,s4.1000000000000005,s180
181_156,s4.040000000000001,s3.5250000000000004,s90
181_157,s3.2400000000000007,s3.8750000000000004,s270
181_158,s4.455,s3.3000000000000007,s0
181_159,s4.805,s4.1000000000000005,s180
181_160,s-4.455,s4.4,s0
181_161,s-4.105,s5.2,s180
181_162,s-2.8900000000000006,s4.625,s90
181_163,s-3.6900000000000004,s4.975,s270
181_164,s-2.475,s4.4,s0
181_165,s-2.125,s5.2,s180
181_166,s-0.91,s4.625,s90
181_167,s-1.71,s4.975,s270
181_168,s-0.49500000000000005,s4.4,s0
181_169,s-0.14500000000000007,s5.2,s180
181_170,s1.07,s4.625,s90
181_171,s0.27,s4.975,s270
181_172,s1.485,s4.4,s0
181_173,s1.835,s5.2,s180
181_174,s3.05,s4.625,s90
181_175,s2.25,s4.975,s270
181_176,s3.4650000000000003,s4.4,s0
181_177,s3.8150000000000004,s5.2,s180
181_178,s5.03,s4.625,s90
181_179,s4.23,s4.975,s270
182_0,s-4.95,s-4.4,s0
182_1,s-4.6,s-3.6,s180
182_2,s-3.385,s-4.175,s90
182_3,s-4.185,s-3.825,s270
182_4,s-2.97,s-4.4,s0
182_5,s-2.62,s-3.6,s180
182_6,s-1.405,s-4.175,s90
182_7,s-2.205,s-3.825,s270
182_8,s-0.9900000000000001,s-4.4,s0
182_9,s-0.6400000000000001,s-3.6,s180
182_10,s0.575,s-4.175,s90
182_11,s-0.225,s-3.825,s270
182_12,s0.9900000000000001,s-4.4,s0
182_13,s1.34,s-3.6,s180
182_14,s2.555,s-4.175,s90
182_15,s1.7550000000000003,s-3.825,s270
182_16,s2.97,s-4.4,s0
182_17,s3.32,s-3.6,s180
182_18,s4.535,s-4.175,s90
182_19,s3.7350000000000003,s-3.8249999999999993,s270
182_20,s4.95,s-4.4,s0
182_21,s5.3,s-3.6,s180
182_22,s-4.374999999999999,s-3.0750000000000006,s90
182_23,s-5.175,s-2.7250000000000005,s270
182_24,s-3.9600000000000004,s-3.3000000000000007,s0
182_25,s-3.6100000000000003,s-2.5000000000000004,s180
182_26,s-2.3949999999999996,s-3.0750000000000006,s90
182_27,s-3.1949999999999994,s-2.7250000000000005,s270
182_28,s-1.9800000000000002,s-3.3000000000000007,s0
182_29,s-1.6300000000000003,s-2.5000000000000004,s180
182_30,s-0.415,s-3.0750000000000006,s90
182_31,s-1.215,s-2.7250000000000005,s270
182_32,s0.0,s-3.3000000000000007,s0
182_33,s0.35,s-2.5000000000000004,s180
182_34,s1.565,s-3.0750000000000006,s90
182_35,s0.765,s-2.7250000000000005,s270
182_36,s1.9800000000000002,s-3.3000000000000007,s0
182_37,s2.33,s-2.5000000000000004,s180
182_38,s3.545,s-3.075,s90
182_39,s2.745,s-2.725,s270
182_40,s3.9600000000000004,s-3.3000000000000007,s0
182_41,s4.3100000000000005,s-2.5000000000000004,s180
182_42,s5.525,s-3.075,s90
182_43,s4.725,s-2.725,s270
182_44,s-4.95,s-2.2,s0
182_45,s-4.6,s-1.4,s180
182_46,s-3.385,s-1.975,s90
182_47,s-4.185,s-1.625,s270
182_48,s-2.97,s-2.2,s0
182_49,s-2.62,s-1.4,s180
182_50,s-1.405,s-1.975,s90
182_51,s-2.205,s-1.625,s270
182_52,s-0.9900000000000001,s-2.2,s0
182_53,s-0.6400000000000001,s-1.4,s180
182_54,s0.575,s-1.975,s90
182_55,s-0.225,s-1.625,s270
182_56,s0.9900000000000001,s-2.2,s0
182_57,s1.34,s-1.4,s180
182_58,s2.555,s-1.9749999999999996,s90
182_59,s1.7550000000000003,s-1.625,s270
182_60,s2.97,s-2.2,s0
182_61,s3.32,s-1.4,s180
182_62,s4.535,s-1.9749999999999994,s90
182_63,s3.7350000000000003,s-1.6249999999999996,s270
182_64,s4.95,s-2.2,s0
182_65,s5.3,s-1.4,s180
182_66,s-4.375,s-0.875,s90
182_67,s-5.175,s-0.525,s270
182_68,s-3.9600000000000004,s-1.1,s0
182_69,s-3.6100000000000003,s-0.3,s180
182_70,s-2.395,s-0.875,s90
182_71,s-3.195,s-0.525,s270
182_72,s-1.9800000000000002,s-1.1,s0
182_73,s-1.6300000000000003,s-0.3,s180
182_74,s-0.415,s-0.875,s90
182_75,s-1.215,s-0.525,s270
182_76,s0.0,s-1.1,s0
182_77,s0.35,s-0.3,s180
182_78,s1.565,s-0.8749999999999999,s90
182_79,s0.765,s-0.525,s270
182_80,s1.9800000000000002,s-1.1,s0
182_81,s2.33,s-0.3,s180
182_82,s3.545,s-0.875,s90
182_83,s2.745,s-0.525,s270
182_84,s3.9600000000000004,s-1.1,s0
182_85,s4.3100000000000005,s-0.3,s180
182_86,s5.525,s-0.875,s90
182_87,s4.725,s-0.525,s270
182_88,s-4.95,s0.0,s0
182_89,s-4.6,s0.8,s180
182_90,s-3.3850000000000007,s0.225,s90
182_91,s-4.1850000000000005,s0.575,s270
182_92,s-2.97,s0.0,s0
182_93,s-2.62,s0.8,s180
182_94,s-1.4050000000000002,s0.225,s90
182_95,s-2.205,s0.575,s270
182_96,s-0.9900000000000001,s0.0,s0
182_97,s-0.6400000000000001,s0.8,s180
182_98,s0.575,s0.225,s90
182_99,s-0.225,s0.575,s270
182_100,s0.9900000000000001,s0.0,s0
182_101,s1.34,s0.8,s180
182_102,s2.555,s0.225,s90
182_103,s1.755,s0.5749999999999997,s270
182_104,s2.97,s0.0,s0
182_105,s3.32,s0.8,s180
182_106,s4.535,s0.225,s90
182_107,s3.7350000000000003,s0.575,s270
182_108,s4.95,s0.0,s0
182_109,s5.3,s0.8,s180
182_110,s-4.375,s1.325,s90
182_111,s-5.175,s1.675,s270
182_112,s-3.9600000000000004,s1.1,s0
182_113,s-3.6100000000000003,s1.9,s180
182_114,s-2.395,s1.325,s90
182_115,s-3.195,s1.675,s270
182_116,s-1.9800000000000002,s1.1,s0
182_117,s-1.6300000000000003,s1.9,s180
182_118,s-0.41500000000000015,s1.325,s90
182_119,s-1.215,s1.675,s270
182_120,s0.0,s1.1,s0
182_121,s0.35,s1.9,s180
182_122,s1.565,s1.325,s90
182_123,s0.765,s1.675,s270
182_124,s1.9800000000000002,s1.1,s0
182_125,s2.33,s1.9,s180
182_126,s3.545,s1.325,s90
182_127,s2.745,s1.675,s270
182_128,s3.9600000000000004,s1.1,s0
182_129,s4.3100000000000005,s1.9,s180
182_130,s5.525,s1.325,s90
182_131,s4.725,s1.675,s270
182_132,s-4.95,s2.2,s0
182_133,s-4.6,s3.0,s180
182_134,s-3.3850000000000007,s2.4249999999999994,s90
182_135,s-4.1850000000000005,s2.7749999999999995,s270
182_136,s-2.97,s2.2,s0
182_137,s-2.62,s3.0,s180
182_138,s-1.4050000000000002,s2.425,s90
182_139,s-2.205,s2.775,s270
182_140,s-0.9900000000000001,s2.2,s0
182_141,s-0.6400000000000001,s3.0,s180
182_142,s0.575,s2.425,s90
182_143,s-0.225,s2.775,s270
182_144,s0.9900000000000001,s2.2,s0
182_145,s1.34,s3.0,s180
182_146,s2.555,s2.425,s90
182_147,s1.755,s2.775,s270
182_148,s2.97,s2.2,s0
182_149,s3.32,s3.0,s180
182_150,s4.535,s2.425,s90
182_151,s3.735,s2.775,s270
182_152,s4.95,s2.2,s0
182_153,s5.3,s3.0,s180
182_154,s-4.375,s3.525,s90
182_155,s-5.175,s3.875,s270
182_156,s-3.9600000000000004,s3.3000000000000007,s0
182_157,s-3.6100000000000003,s4.1000000000000005,s180
182_158,s-2.395,s3.525,s90
182_159,s-3.195,s3.875,s270
182_160,s-1.9800000000000002,s3.3000000000000007,s0
182_161,s-1.6300000000000003,s4.1000000000000005,s180
182_162,s-0.415,s3.5250000000000004,s90
182_163,s-1.215,s3.8750000000000004,s270
182_164,s0.0,s3.3000000000000007,s0
182_165,s0.35,s4.1000000000000005,s180
182_166,s1.5649999999999995,s3.5250000000000004,s90
182_167,s0.7649999999999995,s3.8750000000000004,s270
182_168,s1.9800000000000002,s3.3000000000000007,s0
182_169,s2.33,s4.1000000000000005,s180
182_170,s3.5449999999999995,s3.5250000000000004,s90
182_171,s2.7449999999999997,s3.8750000000000004,s270
182_172,s3.9600000000000004,s3.3000000000000007,s0
182_173,s4.3100000000000005,s4.1000000000000005,s180
182_174,s5.525,s3.5250000000000004,s90
182_175,s4.725,s3.8750000000000004,s270
182_176,s-4.95,s4.4,s0
182_177,s-4.6,s5.2,s180
182_178,s-3.3850000000000007,s4.625,s90
182_179,s-4.1850000000000005,s4.975,s270
182_180,s-2.97,s4.4,s0
182_181,s-2.62,s5.2,s180
183_0,s-4.95,s-4.4,s0
183_1,s-4.6,s-3.6,s180
183_2,s-3.385,s-4.175,s90
183_3,s-4.185,s-3.825,s270
183_4,s-2.97,s-4.4,s0
183_5,s-2.62,s-3.6,s180
183_6,s-1.405,s-4.175,s90
183_7,s-2.205,s-3.825,s270
183_8,s-0.9900000000000001,s-4.4,s0
183_9,s-0.6400000000000001,s-3.6,s180
183_10,s0.575,s-4.175,s90
183_11,s-0.225,s-3.825,s270
183_12,s0.9900000000000001,s-4.4,s0
183_13,s1.34,s-3.6,s180
183_14,s2.555,s-4.175,s90
183_15,s1.7550000000000003,s-3.825,s270
183_16,s2.97,s-4.4,s0
183_17,s3.32,s-3.6,s180
183_18,s4.535,s-4.175,s90
183_19,s3.7350000000000003,s-3.8249999999999993,s270
183_20,s4.95,s-4.4,s0
183_21,s5.3,s-3.6,s180
183_22,s-4.374999999999999,s-3.0750000000000006,s90
183_23,s-5.175,s-2.7250000000000005,s270
183_24,s-3.9600000000000004,s-3.3000000000000007,s0
183_25,s-3.6100000000000003,s-2.5000000000000004,s180
183_26,s-2.3949999999999996,s-3.0750000000000006,s90
183_27,s-3.1949999999999994,s-2.7250000000000005,s270
183_28,s-1.9800000000000002,s-3.3000000000000007,s0
183_29,s-1.6300000000000003,s-2.5000000000000004,s180
183_30,s-0.415,s-3.0750000000000006,s90
183_31,s-1.215,s-2.7250000000000005,s270
183_32,s0.0,s-3.3000000000000007,s0
183_33,s0.35,s-2.5000000000000004,s180
183_34,s1.565,s-3.0750000000000006,s90
183_35,s0.765,s-2.7250000000000005,s270
183_36,s1.9800000000000002,s-3.3000000000000007,s0
183_37,s2.33,s-2.5000000000000004,s180
183_38,s3.545,s-3.075,s90
183_39,s2.745,s-2.725,s270
183_40,s3.9600000000000004,s-3.3000000000000007,s0
183_41,s4.3100000000000005,s-2.5000000000000004,s180
183_42,s5.525,s-3.075,s90
183_43,s4.725,s-2.725,s270
183_44,s-4.95,s-2.2,s0
183_45,s-4.6,s-1.4,s180
183_46,s-3.385,s-1.975,s90
183_47,s-4.185,s-1.625,s270
183_48,s-2.97,s-2.2,s0
183_49,s-2.62,s-1.4,s180
183_50,s-1.405,s-1.975,s90
183_51,s-2.205,s-1.625,s270
183_52,s-0.9900000000000001,s-2.2,s0
183_53,s-0.6400000000000001,s-1.4,s180
183_54,s0.575,s-1.975,s90
183_55,s-0.225,s-1.625,s270
183_56,s0.9900000000000001,s-2.2,s0
183_57,s1.34,s-1.4,s180
183_58,s2.555,s-1.9749999999999996,s90
183_59,s1.7550000000000003,s-1.625,s270
183_60,s2.97,s-2.2,s0
183_61,s3.32,s-1.4,s180
183_62,s4.535,s-1.9749999999999994,s90
183_63,s3.7350000000000003,s-1.6249999999999996,s270
183_64,s4.95,s-2.2,s0
183_65,s5.3,s-1.4,s180
183_66,s-4.375,s-0.875,s90
183_67,s-5.175,s-0.525,s270
183_68,s-3.9600000000000004,s-1.1,s0
183_69,s-3.6100000000000003,s-0.3,s180
183_70,s-2.395,s-0.875,s90
183_71,s-3.195,s-0.525,s270
183_72,s-1.9800000000000002,s-1.1,s0
183_73,s-1.6300000000000003,s-0.3,s180
183_74,s-0.415,s-0.875,s90
183_75,s-1.215,s-0.525,s270
183_76,s0.0,s-1.1,s0
183_77,s0.35,s-0.3,s180
183_78,s1.565,s-0.8749999999999999,s90
183_79,s0.765,s-0.525,s270
183_80,s1.9800000000000002,s-1.1,s0
183_81,s2.33,s-0.3,s180
183_82,s3.545,s-0.875,s90
183_83,s2.745,s-0.525,s270
183_84,s3.9600000000000004,s-1.1,s0
183_85,s4.3100000000000005,s-0.3,s180
183_86,s5.525,s-0.875,s90
183_87,s4.725,s-0.525,s270
183_88,s-4.95,s0.0,s0
183_89,s-4.6,s0.8,s180
183_90,s-3.3850000000000007,s0.225,s90
183_91,s-4.1850000000000005,s0.575,s270
183_92,s-2.97,s0.0,s0
183_93,s-2.62,s0.8,s180
183_94,s-1.4050000000000002,s0.225,s90
183_95,s-2.205,s0.575,s270
183_96,s-0.9900000000000001,s0.0,s0
183_97,s-0.6400000000000001,s0.8,s180
183_98,s0.575,s0.225,s90
183_99,s-0.225,s0.575,s270
183_100,s0.9900000000000001,s0.0,s0
183_101,s1.34,s0.8,s180
183_102,s2.555,s0.225,s90
183_103,s1.755,s0.5749999999999997,s270
183_104,s2.97,s0.0,s0
183_105,s3.32,s0.8,s180
183_106,s4.535,s0.225,s90
183_107,s3.7350000000000003,s0.575,s270
183_108,s4.95,s0.0,s0
183_109,s5.3,s0.8,s180
183_110,s-4.375,s1.325,s90
183_111,s-5.175,s1.675,s270
183_112,s-3.9600000000000004,s1.1,s0
183_113,s-3.6100000000000003,s1.9,s180
183_114,s-2.395,s1.325,s90
183_115,s-3.195,s1.675,s270
183_116,s-1.9800000000000002,s1.1,s0
183_117,s-1.6300000000000003,s1.9,s180
183_118,s-0.41500000000000015,s1.325,s90
183_119,s-1.215,s1.675,s270
183_120,s0.0,s1.1,s0
183_121,s0.35,s1.9,s180
183_122,s1.565,s1.325,s90
183_123,s0.765,s1.675,s270
183_124,s1.9800000000000002,s1.1,s0
183_125,s2.33,s1.9,s180
183_126,s3.545,s1.325,s90
183_127,s2.745,s1.675,s270
183_128,s3.9600000000000004,s1.1,s0
183_129,s4.3100000000000005,s1.9,s180
183_130,s5.525,s1.325,s90
183_131,s4.725,s1.675,s270
183_132,s-4.95,s2.2,s0
183_133,s-4.6,s3.0,s180
183_134,s-3.3850000000000007,s2.4249999999999994,s90
183_135,s-4.1850000000000005,s2.7749999999999995,s270
183_136,s-2.97,s2.2,s0
183_137,s-2.62,s3.0,s180
183_138,s-1.4050000000000002,s2.425,s90
183_139,s-2.205,s2.775,s270
183_140,s-0.9900000000000001,s2.2,s0
183_141,s-0.6400000000000001,s3.0,s180
183_142,s0.575,s2.425,s90
183_143,s-0.225,s2.775,s270
183_144,s0.9900000000000001,s2.2,s0
183_145,s1.34,s3.0,s180
183_146,s2.555,s2.425,s90
183_147,s1.755,s2.775,s270
183_148,s2.97,s2.2,s0
183_149,s3.32,s3.0,s180
183_150,s4.535,s2.425,s90
183_151,s3.735,s2.775,s270
183_152,s4.95,s2.2,s0
183_153,s5.3,s3.0,s180
183_154,s-4.375,s3.525,s90
183_155,s-5.175,s3.875,s270
183_156,s-3.9600000000000004,s3.3000000000000007,s0
183_157,s-3.6100000000000003,s4.1000000000000005,s180
183_158,s-2.395,s3.525,s90
183_159,s-3.195,s3.875,s270
183_160,s-1.9800000000000002,s3.3000000000000007,s0
183_161,s-1.6300000000000003,s4.1000000000000005,s180
183_162,s-0.415,s3.5250000000000004,s90
183_163,s-1.215,s3.8750000000000004,s270
183_164,s0.0,s3.3000000000000007,s0
183_165,s0.35,s4.1000000000000005,s180
183_166,s1.5649999999999995,s3.5250000000000004,s90
183_167,s0.7649999999999995,s3.8750000000000004,s270
183_168,s1.9800000000000002,s3.3000000000000007,s0
183_169,s2.33,s4.1000000000000005,s180
183_170,s3.5449999999999995,s3.5250000000000004,s90
183_171,s2.7449999999999997,s3.8750000000000004,s270
183_172,s3.9600000000000004,s3.3000000000000007,s0
183_173,s4.3100000000000005,s4.1000000000000005,s180
183_174,s5.525,s3.5250000000000004,s90
183_175,s4.725,s3.8750000000000004,s270
183_176,s-4.95,s4.4,s0
183_177,s-4.6,s5.2,s180
183_178,s-3.3850000000000007,s4.625,s90
183_179,s-4.1850000000000005,s4.975,s270
183_180,s-2.97,s4.4,s0
183_181,s-2.62,s5.2,s180
184_0,s-4.95,s-4.4,s0
184_1,s-4.6,s-3.6,s180
184_2,s-3.385,s-4.175,s90
184_3,s-4.185,s-3.825,s270
184_4,s-2.97,s-4.4,s0
184_5,s-2.62,s-3.6,s180
184_6,s-1.405,s-4.175,s90
184_7,s-2.205,s-3.825,s270
184_8,s-0.9900000000000001,s-4.4,s0
184_9,s-0.6400000000000001,s-3.6,s180
184_10,s0.575,s-4.175,s90
184_11,s-0.225,s-3.825,s270
184_12,s0.9900000000000001,s-4.4,s0
184_13,s1.34,s-3.6,s180
184_14,s2.555,s-4.175,s90
184_15,s1.7550000000000003,s-3.825,s270
184_16,s2.97,s-4.4,s0
184_17,s3.32,s-3.6,s180
184_18,s4.535,s-4.175,s90
184_19,s3.7350000000000003,s-3.8249999999999993,s270
184_20,s4.95,s-4.4,s0
184_21,s5.3,s-3.6,s180
184_22,s-4.374999999999999,s-3.0750000000000006,s90
184_23,s-5.175,s-2.7250000000000005,s270
184_24,s-3.9600000000000004,s-3.3000000000000007,s0
184_25,s-3.6100000000000003,s-2.5000000000000004,s180
184_26,s-2.3949999999999996,s-3.0750000000000006,s90
184_27,s-3.1949999999999994,s-2.7250000000000005,s270
184_28,s-1.9800000000000002,s-3.3000000000000007,s0
184_29,s-1.6300000000000003,s-2.5000000000000004,s180
184_30,s-0.415,s-3.0750000000000006,s90
184_31,s-1.215,s-2.7250000000000005,s270
184_32,s0.0,s-3.3000000000000007,s0
184_33,s0.35,s-2.5000000000000004,s180
184_34,s1.565,s-3.0750000000000006,s90
184_35,s0.765,s-2.7250000000000005,s270
184_36,s1.9800000000000002,s-3.3000000000000007,s0
184_37,s2.33,s-2.5000000000000004,s180
184_38,s3.545,s-3.075,s90
184_39,s2.745,s-2.725,s270
184_40,s3.9600000000000004,s-3.3000000000000007,s0
184_41,s4.3100000000000005,s-2.5000000000000004,s180
184_42,s5.525,s-3.075,s90
184_43,s4.725,s-2.725,s270
184_44,s-4.95,s-2.2,s0
184_45,s-4.6,s-1.4,s180
184_46,s-3.385,s-1.975,s90
184_47,s-4.185,s-1.625,s270
184_48,s-2.97,s-2.2,s0
184_49,s-2.62,s-1.4,s180
184_50,s-1.405,s-1.975,s90
184_51,s-2.205,s-1.625,s270
184_52,s-0.9900000000000001,s-2.2,s0
184_53,s-0.6400000000000001,s-1.4,s180
184_54,s0.575,s-1.975,s90
184_55,s-0.225,s-1.625,s270
184_56,s0.9900000000000001,s-2.2,s0
184_57,s1.34,s-1.4,s180
184_58,s2.555,s-1.9749999999999996,s90
184_59,s1.7550000000000003,s-1.625,s270
184_60,s2.97,s-2.2,s0
184_61,s3.32,s-1.4,s180
184_62,s4.535,s-1.9749999999999994,s90
184_63,s3.7350000000000003,s-1.6249999999999996,s270
184_64,s4.95,s-2.2,s0
184_65,s5.3,s-1.4,s180
184_66,s-4.375,s-0.875,s90
184_67,s-5.175,s-0.525,s270
184_68,s-3.9600000000000004,s-1.1,s0
184_69,s-3.6100000000000003,s-0.3,s180
184_70,s-2.395,s-0.875,s90
184_71,s-3.195,s-0.525,s270
184_72,s-1.9800000000000002,s-1.1,s0
184_73,s-1.6300000000000003,s-0.3,s180
184_74,s-0.415,s-0.875,s90
184_75,s-1.215,s-0.525,s270
184_76,s0.0,s-1.1,s0
184_77,s0.35,s-0.3,s180
184_78,s1.565,s-0.8749999999999999,s90
184_79,s0.765,s-0.525,s270
184_80,s1.9800000000000002,s-1.1,s0
184_81,s2.33,s-0.3,s180
184_82,s3.545,s-0.875,s90
184_83,s2.745,s-0.525,s270
184_84,s3.9600000000000004,s-1.1,s0
184_85,s4.3100000000000005,s-0.3,s180
184_86,s5.525,s-0.875,s90
184_87,s4.725,s-0.525,s270
184_88,s-4.95,s0.0,s0
184_89,s-4.6,s0.8,s180
184_90,s-3.3850000000000007,s0.225,s90
184_91,s-4.1850000000000005,s0.575,s270
184_92,s-2.97,s0.0,s0
184_93,s-2.62,s0.8,s180
184_94,s-1.4050000000000002,s0.225,s90
184_95,s-2.205,s0.575,s270
184_96,s-0.9900000000000001,s0.0,s0
184_97,s-0.6400000000000001,s0.8,s180
184_98,s0.575,s0.225,s90
184_99,s-0.225,s0.575,s270
184_100,s0.9900000000000001,s0.0,s0
184_101,s1.34,s0.8,s180
184_102,s2.555,s0.225,s90
184_103,s1.755,s0.5749999999999997,s270
184_104,s2.97,s0.0,s0
184_105,s3.32,s0.8,s180
184_106,s4.535,s0.225,s90
184_107,s3.7350000000000003,s0.575,s270
184_108,s4.95,s0.0,s0
184_109,s5.3,s0.8,s180
184_110,s-4.375,s1.325,s90
184_111,s-5.175,s1.675,s270
184_112,s-3.9600000000000004,s1.1,s0
184_113,s-3.6100000000000003,s1.9,s180
184_114,s-2.395,s1.325,s90
184_115,s-3.195,s1.675,s270
184_116,s-1.9800000000000002,s1.1,s0
184_117,s-1.6300000000000003,s1.9,s180
184_118,s-0.41500000000000015,s1.325,s90
184_119,s-1.215,s1.675,s270
184_120,s0.0,s1.1,s0
184_121,s0.35,s1.9,s180
184_122,s1.565,s1.325,s90
184_123,s0.765,s1.675,s270
184_124,s1.9800000000000002,s1.1,s0
184_125,s2.33,s1.9,s180
184_126,s3.545,s1.325,s90
184_127,s2.745,s1.675,s270
184_128,s3.9600000000000004,s1.1,s0
184_129,s4.3100000000000005,s1.9,s180
184_130,s5.525,s1.325,s90
184_131,s4.725,s1.675,s270
184_132,s-4.95,s2.2,s0
184_133,s-4.6,s3.0,s180
184_134,s-3.3850000000000007,s2.4249999999999994,s90
184_135,s-4.1850000000000005,s2.7749999999999995,s270
184_136,s-2.97,s2.2,s0
184_137,s-2.62,s3.0,s180
184_138,s-1.4050000000000002,s2.425,s90
184_139,s-2.205,s2.775,s270
184_140,s-0.9900000000000001,s2.2,s0
184_141,s-0.6400000000000001,s3.0,s180
184_142,s0.575,s2.425,s90
184_143,s-0.225,s2.775,s270
184_144,s0.9900000000000001,s2.2,s0
184_145,s1.34,s3.0,s180
184_146,s2.555,s2.425,s90
184_147,s1.755,s2.775,s270
184_148,s2.97,s2.2,s0
184_149,s3.32,s3.0,s180
184_150,s4.535,s2.425,s90
184_151,s3.735,s2.775,s270
184_152,s4.95,s2.2,s0
184_153,s5.3,s3.0,s180
184_154,s-4.375,s3.525,s90
184_155,s-5.175,s3.875,s270
184_156,s-3.9600000000000004,s3.3000000000000007,s0
184_157,s-3.6100000000000003,s4.1000000000000005,s180
184_158,s-2.395,s3.525,s90
184_159,s-3.195,s3.875,s270
184_160,s-1.9800000000000002,s3.3000000000000007,s0
184_161,s-1.6300000000000003,s4.1000000000000005,s180
184_162,s-0.415,s3.5250000000000004,s90
184_163,s-1.215,s3.8750000000000004,s270
184_164,s0.0,s3.3000000000000007,s0
184_165,s0.35,s4.1000000000000005,s180
184_166,s1.5649999999999995,s3.5250000000000004,s90
184_167,s0.7649999999999995,s3.8750000000000004,s270
184_168,s1.9800000000000002,s3.3000000000000007,s0
184_169,s2.33,s4.1000000000000005,s180
184_170,s3.5449999999999995,s3.5250000000000004,s90
184_171,s2.7449999999999997,s3.8750000000000004,s270
184_172,s3.9600000000000004,s3.3000000000000007,s0
184_173,s4.3100000000000005,s4.1000000000000005,s180
184_174,s5.525,s3.5250000000000004,s90
184_175,s4.725,s3.8750000000000004,s270
184_176,s-4.95,s4.4,s0
184_177,s-4.6,s5.2,s180
184_178,s-3.3850000000000007,s4.625,s90
184_179,s-4.1850000000000005,s4.975,s270
184_180,s-2.97,s4.4,s0
184_181,s-2.62,s5.2,s180
184_182,s-1.405,s4.625,s90
184_183,s-2.205,s4.975,s270
185_0,s-4.95,s-4.4,s0
185_1,s-4.6,s-3.6,s180
185_2,s-3.385,s-4.175,s90
185_3,s-4.185,s-3.825,s270
185_4,s-2.97,s-4.4,s0
185_5,s-2.62,s-3.6,s180
185_6,s-1.405,s-4.175,s90
185_7,s-2.205,s-3.825,s270
185_8,s-0.9900000000000001,s-4.4,s0
185_9,s-0.6400000000000001,s-3.6,s180
185_10,s0.575,s-4.175,s90
185_11,s-0.225,s-3.825,s270
185_12,s0.9900000000000001,s-4.4,s0
185_13,s1.34,s-3.6,s180
185_14,s2.555,s-4.175,s90
185_15,s1.7550000000000003,s-3.825,s270
185_16,s2.97,s-4.4,s0
185_17,s3.32,s-3.6,s180
185_18,s4.535,s-4.175,s90
185_19,s3.7350000000000003,s-3.8249999999999993,s270
185_20,s4.95,s-4.4,s0
185_21,s5.3,s-3.6,s180
185_22,s-4.374999999999999,s-3.0750000000000006,s90
185_23,s-5.175,s-2.7250000000000005,s270
185_24,s-3.9600000000000004,s-3.3000000000000007,s0
185_25,s-3.6100000000000003,s-2.5000000000000004,s180
185_26,s-2.3949999999999996,s-3.0750000000000006,s90
185_27,s-3.1949999999999994,s-2.7250000000000005,s270
185_28,s-1.9800000000000002,s-3.3000000000000007,s0
185_29,s-1.6300000000000003,s-2.5000000000000004,s180
185_30,s-0.415,s-3.0750000000000006,s90
185_31,s-1.215,s-2.7250000000000005,s270
185_32,s0.0,s-3.3000000000000007,s0
185_33,s0.35,s-2.5000000000000004,s180
185_34,s1.565,s-3.0750000000000006,s90
185_35,s0.765,s-2.7250000000000005,s270
185_36,s1.9800000000000002,s-3.3000000000000007,s0
185_37,s2.33,s-2.5000000000000004,s180
185_38,s3.545,s-3.075,s90
185_39,s2.745,s-2.725,s270
185_40,s3.9600000000000004,s-3.3000000000000007,s0
185_41,s4.3100000000000005,s-2.5000000000000004,s180
185_42,s5.525,s-3.075,s90
185_43,s4.725,s-2.725,s270
185_44,s-4.95,s-2.2,s0
185_45,s-4.6,s-1.4,s180
185_46,s-3.385,s-1.975,s90
185_47,s-4.185,s-1.625,s270
185_48,s-2.97,s-2.2,s0
185_49,s-2.62,s-1.4,s180
185_50,s-1.405,s-1.975,s90
185_51,s-2.205,s-1.625,s270
185_52,s-0.9900000000000001,s-2.2,s0
185_53,s-0.6400000000000001,s-1.4,s180
185_54,s0.575,s-1.975,s90
185_55,s-0.225,s-1.625,s270
185_56,s0.9900000000000001,s-2.2,s0
185_57,s1.34,s-1.4,s180
185_58,s2.555,s-1.9749999999999996,s90
185_59,s1.7550000000000003,s-1.625,s270
185_60,s2.97,s-2.2,s0
185_61,s3.32,s-1.4,s180
185_62,s4.535,s-1.9749999999999994,s90
185_63,s3.7350000000000003,s-1.6249999999999996,s270
185_64,s4.95,s-2.2,s0
185_65,s5.3,s-1.4,s180
185_66,s-4.375,s-0.875,s90
185_67,s-5.175,s-0.525,s270
185_68,s-3.9600000000000004,s-1.1,s0
185_69,s-3.6100000000000003,s-0.3,s180
185_70,s-2.395,s-0.875,s90
185_71,s-3.195,s-0.525,s270
185_72,s-1.9800000000000002,s-1.1,s0
185_73,s-1.6300000000000003,s-0.3,s180
185_74,s-0.415,s-0.875,s90
185_75,s-1.215,s-0.525,s270
185_76,s0.0,s-1.1,s0
185_77,s0.35,s-0.3,s180
185_78,s1.565,s-0.8749999999999999,s90
185_79,s0.765,s-0.525,s270
185_80,s1.9800000000000002,s-1.1,s0
185_81,s2.33,s-0.3,s180
185_82,s3.545,s-0.875,s90
185_83,s2.745,s-0.525,s270
185_84,s3.9600000000000004,s-1.1,s0
185_85,s4.3100000000000005,s-0.3,s180
185_86,s5.525,s-0.875,s90
185_87,s4.725,s-0.525,s270
185_88,s-4.95,s0.0,s0
185_89,s-4.6,s0.8,s180
185_90,s-3.3850000000000007,s0.225,s90
185_91,s-4.1850000000000005,s0.575,s270
185_92,s-2.97,s0.0,s0
185_93,s-2.62,s0.8,s180
185_94,s-1.4050000000000002,s0.225,s90
185_95,s-2.205,s0.575,s270
185_96,s-0.9900000000000001,s0.0,s0
185_97,s-0.6400000000000001,s0.8,s180
185_98,s0.575,s0.225,s90
185_99,s-0.225,s0.575,s270
185_100,s0.9900000000000001,s0.0,s0
185_101,s1.34,s0.8,s180
185_102,s2.555,s0.225,s90
185_103,s1.755,s0.5749999999999997,s270
185_104,s2.97,s0.0,s0
185_105,s3.32,s0.8,s180
185_106,s4.535,s0.225,s90
185_107,s3.7350000000000003,s0.575,s270
185_108,s4.95,s0.0,s0
185_109,s5.3,s0.8,s180
185_110,s-4.375,s1.325,s90
185_111,s-5.175,s1.675,s270
185_112,s-3.9600000000000004,s1.1,s0
185_113,s-3.6100000000000003,s1.9,s180
185_114,s-2.395,s1.325,s90
185_115,s-3.195,s1.675,s270
185_116,s-1.9800000000000002,s1.1,s0
185_117,s-1.6300000000000003,s1.9,s180
185_118,s-0.41500000000000015,s1.325,s90
185_119,s-1.215,s1.675,s270
185_120,s0.0,s1.1,s0
185_121,s0.35,s1.9,s180
185_122,s1.565,s1.325,s90
185_123,s0.765,s1.675,s270
185_124,s1.9800000000000002,s1.1,s0
185_125,s2.33,s1.9,s180
185_126,s3.545,s1.325,s90
185_127,s2.745,s1.675,s270
185_128,s3.9600000000000004,s1.1,s0
185_129,s4.3100000000000005,s1.9,s180
185_130,s5.525,s1.325,s90
185_131,s4.725,s1.675,s270
185_132,s-4.95,s2.2,s0
185_133,s-4.6,s3.0,s180
185_134,s-3.3850000000000007,s2.4249999999999994,s90
185_135,s-4.1850000000000005,s2.7749999999999995,s270
185_136,s-2.97,s2.2,s0
185_137,s-2.62,s3.0,s180
185_138,s-1.4050000000000002,s2.425,s90
185_139,s-2.205,s2.775,s270
185_140,s-0.9900000000000001,s2.2,s0
185_141,s-0.6400000000000001,s3.0,s180
185_142,s0.575,s2.425,s90
185_143,s-0.225,s2.775,s270
185_144,s0.9900000000000001,s2.2,s0
185_145,s1.34,s3.0,s180
185_146,s2.555,s2.425,s90
185_147,s1.755,s2.775,s270
185_148,s2.97,s2.2,s0
185_149,s3.32,s3.0,s180
185_150,s4.535,s2.425,s90
185_151,s3.735,s2.775,s270
185_152,s4.95,s2.2,s0
185_153,s5.3,s3.0,s180
185_154,s-4.375,s3.525,s90
185_155,s-5.175,s3.875,s270
185_156,s-3.9600000000000004,s3.3000000000000007,s0
185_157,s-3.6100000000000003,s4.1000000000000005,s180
185_158,s-2.395,s3.525,s90
185_159,s-3.195,s3.875,s270
185_160,s-1.9800000000000002,s3.3000000000000007,s0
185_161,s-1.6300000000000003,s4.1000000000000005,s180
185_162,s-0.415,s3.5250000000000004,s90
185_163,s-1.215,s3.8750000000000004,s270
185_164,s0.0,s3.3000000000000007,s0
185_165,s0.35,s4.1000000000000005,s180
185_166,s1.5649999999999995,s3.5250000000000004,s90
185_167,s0.7649999999999995,s3.8750000000000004,s270
185_168,s1.9800000000000002,s3.3000000000000007,s0
185_169,s2.33,s4.1000000000000005,s180
185_170,s3.5449999999999995,s3.5250000000000004,s90
185_171,s2.7449999999999997,s3.8750000000000004,s270
185_172,s3.9600000000000004,s3.3000000000000007,s0
185_173,s4.3100000000000005,s4.1000000000000005,s180
185_174,s5.525,s3.5250000000000004,s90
185_175,s4.725,s3.8750000000000004,s270
185_176,s-4.95,s4.4,s0
185_177,s-4.6,s5.2,s180
185_178,s-3.3850000000000007,s4.625,s90
185_179,s-4.1850000000000005,s4.975,s270
185_180,s-2.97,s4.4,s0
185_181,s-2.62,s5.2,s180
185_182,s-1.405,s4.625,s90
185_183,s-2.205,s4.975,s270
186_0,s-4.95,s-4.4,s0
186_1,s-4.6,s-3.6,s180
186_2,s-3.385,s-4.175,s90
186_3,s-4.185,s-3.825,s270
186_4,s-2.97,s-4.4,s0
186_5,s-2.62,s-3.6,s180
186_6,s-1.405,s-4.175,s90
186_7,s-2.205,s-3.825,s270
186_8,s-0.9900000000000001,s-4.4,s0
186_9,s-0.6400000000000001,s-3.6,s180
186_10,s0.575,s-4.175,s90
186_11,s-0.225,s-3.825,s270
186_12,s0.9900000000000001,s-4.4,s0
186_13,s1.34,s-3.6,s180
186_14,s2.555,s-4.175,s90
186_15,s1.7550000000000003,s-3.825,s270
186_16,s2.97,s-4.4,s0
186_17,s3.32,s-3.6,s180
186_18,s4.535,s-4.175,s90
186_19,s3.7350000000000003,s-3.8249999999999993,s270
186_20,s4.95,s-4.4,s0
186_21,s5.3,s-3.6,s180
186_22,s-4.374999999999999,s-3.0750000000000006,s90
186_23,s-5.175,s-2.7250000000000005,s270
186_24,s-3.9600000000000004,s-3.3000000000000007,s0
186_25,s-3.6100000000000003,s-2.5000000000000004,s180
186_26,s-2.3949999999999996,s-3.0750000000000006,s90
186_27,s-3.1949999999999994,s-2.7250000000000005,s270
186_28,s-1.9800000000000002,s-3.3000000000000007,s0
186_29,s-1.6300000000000003,s-2.5000000000000004,s180
186_30,s-0.415,s-3.0750000000000006,s90
186_31,s-1.215,s-2.7250000000000005,s270
186_32,s0.0,s-3.3000000000000007,s0
186_33,s0.35,s-2.5000000000000004,s180
186_34,s1.565,s-3.0750000000000006,s90
186_35,s0.765,s-2.7250000000000005,s270
186_36,s1.9800000000000002,s-3.3000000000000007,s0
186_37,s2.33,s-2.5000000000000004,s180
186_38,s3.545,s-3.075,s90
186_39,s2.745,s-2.725,s270
186_40,s3.9600000000000004,s-3.3000000000000007,s0
186_41,s4.3100000000000005,s-2.5000000000000004,s180
186_42,s5.525,s-3.075,s90
186_43,s4.725,s-2.725,s270
186_44,s-4.95,s-2.2,s0
186_45,s-4.6,s-1.4,s180
186_46,s-3.385,s-1.975,s90
186_47,s-4.185,s-1.625,s270
186_48,s-2.97,s-2.2,s0
186_49,s-2.62,s-1.4,s180
186_50,s-1.405,s-1.975,s90
186_51,s-2.205,s-1.625,s270
186_52,s-0.9900000000000001,s-2.2,s0
186_53,s-0.6400000000000001,s-1.4,s180
186_54,s0.575,s-1.975,s90
186_55,s-0.225,s-1.625,s270
186_56,s0.9900000000000001,s-2.2,s0
186_57,s1.34,s-1.4,s180
186_58,s2.555,s-1.9749999999999996,s90
186_59,s1.7550000000000003,s-1.625,s270
186_60,s2.97,s-2.2,s0
186_61,s3.32,s-1.4,s180
186_62,s4.535,s-1.9749999999999994,s90
186_63,s3.7350000000000003,s-1.6249999999999996,s270
186_64,s4.95,s-2.2,s0
186_65,s5.3,s-1.4,s180
186_66,s-4.375,s-0.875,s90
186_67,s-5.175,s-0.525,s270
186_68,s-3.9600000000000004,s-1.1,s0
186_69,s-3.6100000000000003,s-0.3,s180
186_70,s-2.395,s-0.875,s90
186_71,s-3.195,s-0.525,s270
186_72,s-1.9800000000000002,s-1.1,s0
186_73,s-1.6300000000000003,s-0.3,s180
186_74,s-0.415,s-0.875,s90
186_75,s-1.215,s-0.525,s270
186_76,s0.0,s-1.1,s0
186_77,s0.35,s-0.3,s180
186_78,s1.565,s-0.8749999999999999,s90
186_79,s0.765,s-0.525,s270
186_80,s1.9800000000000002,s-1.1,s0
186_81,s2.33,s-0.3,s180
186_82,s3.545,s-0.875,s90
186_83,s2.745,s-0.525,s270
186_84,s3.9600000000000004,s-1.1,s0
186_85,s4.3100000000000005,s-0.3,s180
186_86,s5.525,s-0.875,s90
186_87,s4.725,s-0.525,s270
186_88,s-4.95,s0.0,s0
186_89,s-4.6,s0.8,s180
186_90,s-3.3850000000000007,s0.225,s90
186_91,s-4.1850000000000005,s0.575,s270
186_92,s-2.97,s0.0,s0
186_93,s-2.62,s0.8,s180
186_94,s-1.4050000000000002,s0.225,s90
186_95,s-2.205,s0.575,s270
186_96,s-0.9900000000000001,s0.0,s0
186_97,s-0.6400000000000001,s0.8,s180
186_98,s0.575,s0.225,s90
186_99,s-0.225,s0.575,s270
186_100,s0.9900000000000001,s0.0,s0
186_101,s1.34,s0.8,s180
186_102,s2.555,s0.225,s90
186_103,s1.755,s0.5749999999999997,s270
186_104,s2.97,s0.0,s0
186_105,s3.32,s0.8,s180
186_106,s4.535,s0.225,s90
186_107,s3.7350000000000003,s0.575,s270
186_108,s4.95,s0.0,s0
186_109,s5.3,s0.8,s180
186_110,s-4.375,s1.325,s90
186_111,s-5.175,s1.675,s270
186_112,s-3.9600000000000004,s1.1,s0
186_113,s-3.6100000000000003,s1.9,s180
186_114,s-2.395,s1.325,s90
186_115,s-3.195,s1.675,s270
186_116,s-1.9800000000000002,s1.1,s0
186_117,s-1.6300000000000003,s1.9,s180
186_118,s-0.41500000000000015,s1.325,s90
186_119,s-1.215,s1.675,s270
186_120,s0.0,s1.1,s0
186_121,s0.35,s1.9,s180
186_122,s1.565,s1.325,s90
186_123,s0.765,s1.675,s270
186_124,s1.9800000000000002,s1.1,s0
186_125,s2.33,s1.9,s180
186_126,s3.545,s1.325,s90
186_127,s2.745,s1.675,s270
186_128,s3.9600000000000004,s1.1,s0
186_129,s4.3100000000000005,s1.9,s180
186_130,s5.525,s1.325,s90
186_131,s4.725,s1.675,s270
186_132,s-4.95,s2.2,s0
186_133,s-4.6,s3.0,s180
186_134,s-3.3850000000000007,s2.4249999999999994,s90
186_135,s-4.1850000000000005,s2.7749999999999995,s270
186_136,s-2.97,s2.2,s0
186_137,s-2.62,s3.0,s180
186_138,s-1.4050000000000002,s2.425,s90
186_139,s-2.205,s2.775,s270
186_140,s-0.9900000000000001,s2.2,s0
186_141,s-0.6400000000000001,s3.0,s180
186_142,s0.575,s2.425,s90
186_143,s-0.225,s2.775,s270
186_144,s0.9900000000000001,s2.2,s0
186_145,s1.34,s3.0,s180
186_146,s2.555,s2.425,s90
186_147,s1.755,s2.775,s270
186_148,s2.97,s2.2,s0
186_149,s3.32,s3.0,s180
186_150,s4.535,s2.425,s90
186_151,s3.735,s2.775,s270
186_152,s4.95,s2.2,s0
186_153,s5.3,s3.0,s180
186_154,s-4.375,s3.525,s90
186_155,s-5.175,s3.875,s270
186_156,s-3.9600000000000004,s3.3000000000000007,s0
186_157,s-3.6100000000000003,s4.1000000000000005,s180
186_158,s-2.395,s3.525,s90
186_159,s-3.195,s3.875,s270
186_160,s-1.9800000000000002,s3.3000000000000007,s0
186_161,s-1.6300000000000003,s4.1000000000000005,s180
186_162,s-0.415,s3.5250000000000004,s90
186_163,s-1.215,s3.8750000000000004,s270
186_164,s0.0,s3.3000000000000007,s0
186_165,s0.35,s4.1000000000000005,s180
186_166,s1.5649999999999995,s3.5250000000000004,s90
186_167,s0.7649999999999995,s3.8750000000000004,s270
186_168,s1.9800000000000002,s3.3000000000000007,s0
186_169,s2.33,s4.1000000000000005,s180
186_170,s3.5449999999999995,s3.5250000000000004,s90
186_171,s2.7449999999999997,s3.8750000000000004,s270
186_172,s3.9600000000000004,s3.3000000000000007,s0
186_173,s4.3100000000000005,s4.1000000000000005,s180
186_174,s5.525,s3.5250000000000004,s90
186_175,s4.725,s3.8750000000000004,s270
186_176,s-4.95,s4.4,s0
186_177,s-4.6,s5.2,s180
186_178,s-3.3850000000000007,s4.625,s90
186_179,s-4.1850000000000005,s4.975,s270
186_180,s-2.97,s4.4,s0
186_181,s-2.62,s5.2,s180
186_182,s-1.405,s4.625,s90
186_183,s-2.205,s4.975,s270
186_184,s-0.9900000000000001,s4.4,s0
186_185,s-0.6400000000000001,s5.2,s180
187_0,s-4.95,s-4.4,s0
187_1,s-4.6,s-3.6,s180
187_2,s-3.385,s-4.175,s90
187_3,s-4.185,s-3.825,s270
187_4,s-2.97,s-4.4,s0
187_5,s-2.62,s-3.6,s180
187_6,s-1.405,s-4.175,s90
187_7,s-2.205,s-3.825,s270
187_8,s-0.9900000000000001,s-4.4,s0
187_9,s-0.6400000000000001,s-3.6,s180
187_10,s0.575,s-4.175,s90
187_11,s-0.225,s-3.825,s270
187_12,s0.9900000000000001,s-4.4,s0
187_13,s1.34,s-3.6,s180
187_14,s2.555,s-4.175,s90
187_15,s1.7550000000000003,s-3.825,s270
187_16,s2.97,s-4.4,s0
187_17,s3.32,s-3.6,s180
187_18,s4.535,s-4.175,s90
187_19,s3.7350000000000003,s-3.8249999999999993,s270
187_20,s4.95,s-4.4,s0
187_21,s5.3,s-3.6,s180
187_22,s-4.374999999999999,s-3.0750000000000006,s90
187_23,s-5.175,s-2.7250000000000005,s270
187_24,s-3.9600000000000004,s-3.3000000000000007,s0
187_25,s-3.6100000000000003,s-2.5000000000000004,s180
187_26,s-2.3949999999999996,s-3.0750000000000006,s90
187_27,s-3.1949999999999994,s-2.7250000000000005,s270
187_28,s-1.9800000000000002,s-3.3000000000000007,s0
187_29,s-1.6300000000000003,s-2.5000000000000004,s180
187_30,s-0.415,s-3.0750000000000006,s90
187_31,s-1.215,s-2.7250000000000005,s270
187_32,s0.0,s-3.3000000000000007,s0
187_33,s0.35,s-2.5000000000000004,s180
187_34,s1.565,s-3.0750000000000006,s90
187_35,s0.765,s-2.7250000000000005,s270
187_36,s1.9800000000000002,s-3.3000000000000007,s0
187_37,s2.33,s-2.5000000000000004,s180
187_38,s3.545,s-3.075,s90
187_39,s2.745,s-2.725,s270
187_40,s3.9600000000000004,s-3.3000000000000007,s0
187_41,s4.3100000000000005,s-2.5000000000000004,s180
187_42,s5.525,s-3.075,s90
187_43,s4.725,s-2.725,s270
187_44,s-4.95,s-2.2,s0
187_45,s-4.6,s-1.4,s180
187_46,s-3.385,s-1.975,s90
187_47,s-4.185,s-1.625,s270
187_48,s-2.97,s-2.2,s0
187_49,s-2.62,s-1.4,s180
187_50,s-1.405,s-1.975,s90
187_51,s-2.205,s-1.625,s270
187_52,s-0.9900000000000001,s-2.2,s0
187_53,s-0.6400000000000001,s-1.4,s180
187_54,s0.575,s-1.975,s90
187_55,s-0.225,s-1.625,s270
187_56,s0.9900000000000001,s-2.2,s0
187_57,s1.34,s-1.4,s180
187_58,s2.555,s-1.9749999999999996,s90
187_59,s1.7550000000000003,s-1.625,s270
187_60,s2.97,s-2.2,s0
187_61,s3.32,s-1.4,s180
187_62,s4.535,s-1.9749999999999994,s90
187_63,s3.7350000000000003,s-1.6249999999999996,s270
187_64,s4.95,s-2.2,s0
187_65,s5.3,s-1.4,s180
187_66,s-4.375,s-0.875,s90
187_67,s-5.175,s-0.525,s270
187_68,s-3.9600000000000004,s-1.1,s0
187_69,s-3.6100000000000003,s-0.3,s180
187_70,s-2.395,s-0.875,s90
187_71,s-3.195,s-0.525,s270
187_72,s-1.9800000000000002,s-1.1,s0
187_73,s-1.6300000000000003,s-0.3,s180
187_74,s-0.415,s-0.875,s90
187_75,s-1.215,s-0.525,s270
187_76,s0.0,s-1.1,s0
187_77,s0.35,s-0.3,s180
187_78,s1.565,s-0.8749999999999999,s90
187_79,s0.765,s-0.525,s270
187_80,s1.9800000000000002,s-1.1,s0
187_81,s2.33,s-0.3,s180
187_82,s3.545,s-0.875,s90
187_83,s2.745,s-0.525,s270
187_84,s3.9600000000000004,s-1.1,s0
187_85,s4.3100000000000005,s-0.3,s180
187_86,s5.525,s-0.875,s90
187_87,s4.725,s-0.525,s270
187_88,s-4.95,s0.0,s0
187_89,s-4.6,s0.8,s180
187_90,s-3.3850000000000007,s0.225,s90
187_91,s-4.1850000000000005,s0.575,s270
187_92,s-2.97,s0.0,s0
187_93,s-2.62,s0.8,s180
187_94,s-1.4050000000000002,s0.225,s90
187_95,s-2.205,s0.575,s270
187_96,s-0.9900000000000001,s0.0,s0
187_97,s-0.6400000000000001,s0.8,s180
187_98,s0.575,s0.225,s90
187_99,s-0.225,s0.575,s270
187_100,s0.9900000000000001,s0.0,s0
187_101,s1.34,s0.8,s180
187_102,s2.555,s0.225,s90
187_103,s1.755,s0.5749999999999997,s270
187_104,s2.97,s0.0,s0
187_105,s3.32,s0.8,s180
187_106,s4.535,s0.225,s90
187_107,s3.7350000000000003,s0.575,s270
187_108,s4.95,s0.0,s0
187_109,s5.3,s0.8,s180
187_110,s-4.375,s1.325,s90
187_111,s-5.175,s1.675,s270
187_112,s-3.9600000000000004,s1.1,s0
187_113,s-3.6100000000000003,s1.9,s180
187_114,s-2.395,s1.325,s90
187_115,s-3.195,s1.675,s270
187_116,s-1.9800000000000002,s1.1,s0
187_117,s-1.6300000000000003,s1.9,s180
187_118,s-0.41500000000000015,s1.325,s90
187_119,s-1.215,s1.675,s270
187_120,s0.0,s1.1,s0
187_121,s0.35,s1.9,s180
187_122,s1.565,s1.325,s90
187_123,s0.765,s1.675,s270
187_124,s1.9800000000000002,s1.1,s0
187_125,s2.33,s1.9,s180
187_126,s3.545,s1.325,s90
187_127,s2.745,s1.675,s270
187_128,s3.9600000000000004,s1.1,s0
187_129,s4.3100000000000005,s1.9,s180
187_130,s5.525,s1.325,s90
187_131,s4.725,s1.675,s270
187_132,s-4.95,s2.2,s0
187_133,s-4.6,s3.0,s180
187_134,s-3.3850000000000007,s2.4249999999999994,s90
187_135,s-4.1850000000000005,s2.7749999999999995,s270
187_136,s-2.97,s2.2,s0
187_137,s-2.62,s3.0,s180
187_138,s-1.4050000000000002,s2.425,s90
187_139,s-2.205,s2.775,s270
187_140,s-0.9900000000000001,s2.2,s0
187_141,s-0.6400000000000001,s3.0,s180
187_142,s0.575,s2.425,s90
187_143,s-0.225,s2.775,s270
187_144,s0.9900000000000001,s2.2,s0
187_145,s1.34,s3.0,s180
187_146,s2.555,s2.425,s90
187_147,s1.755,s2.775,s270
187_148,s2.97,s2.2,s0
187_149,s3.32,s3.0,s180
187_150,s4.535,s2.425,s90
187_151,s3.735,s2.775,s270
187_152,s4.95,s2.2,s0
187_153,s5.3,s3.0,s180
187_154,s-4.375,s3.525,s90
187_155,s-5.175,s3.875,s270
187_156,s-3.9600000000000004,s3.3000000000000007,s0
187_157,s-3.6100000000000003,s4.1000000000000005,s180
187_158,s-2.395,s3.525,s90
187_159,s-3.195,s3.875,s270
187_160,s-1.9800000000000002,s3.3000000000000007,s0
187_161,s-1.6300000000000003,s4.1000000000000005,s180
187_162,s-0.415,s3.5250000000000004,s90
187_163,s-1.215,s3.8750000000000004,s270
187_164,s0.0,s3.3000000000000007,s0
187_165,s0.35,s4.1000000000000005,s180
187_166,s1.5649999999999995,s3.5250000000000004,s90
187_167,s0.7649999999999995,s3.8750000000000004,s270
187_168,s1.9800000000000002,s3.3000000000000007,s0
187_169,s2.33,s4.1000000000000005,s180
187_170,s3.5449999999999995,s3.5250000000000004,s90
187_171,s2.7449999999999997,s3.8750000000000004,s270
187_172,s3.9600000000000004,s3.3000000000000007,s0
187_173,s4.3100000000000005,s4.1000000000000005,s180
187_174,s5.525,s3.5250000000000004,s90
187_175,s4.725,s3.8750000000000004,s270
187_176,s-4.95,s4.4,s0
187_177,s-4.6,s5.2,s180
187_178,s-3.3850000000000007,s4.625,s90
187_179,s-4.1850000000000005,s4.975,s270
187_180,s-2.97,s4.4,s0
187_181,s-2.62,s5.2,s180
187_182,s-1.405,s4.625,s90
187_183,s-2.205,s4.975,s270
187_184,s-0.9900000000000001,s4.4,s0
187_185,s-0.6400000000000001,s5.2,s180
188_0,s-4.95,s-4.4,s0
188_1,s-4.6,s-3.6,s180
188_2,s-3.385,s-4.175,s90
188_3,s-4.185,s-3.825,s270
188_4,s-2.97,s-4.4,s0
188_5,s-2.62,s-3.6,s180
188_6,s-1.405,s-4.175,s90
188_7,s-2.205,s-3.825,s270
188_8,s-0.9900000000000001,s-4.4,s0
188_9,s-0.6400000000000001,s-3.6,s180
188_10,s0.575,s-4.175,s90
188_11,s-0.225,s-3.825,s270
188_12,s0.9900000000000001,s-4.4,s0
188_13,s1.34,s-3.6,s180
188_14,s2.555,s-4.175,s90
188_15,s1.7550000000000003,s-3.825,s270
188_16,s2.97,s-4.4,s0
188_17,s3.32,s-3.6,s180
188_18,s4.535,s-4.175,s90
188_19,s3.7350000000000003,s-3.8249999999999993,s270
188_20,s4.95,s-4.4,s0
188_21,s5.3,s-3.6,s180
188_22,s-4.374999999999999,s-3.0750000000000006,s90
188_23,s-5.175,s-2.7250000000000005,s270
188_24,s-3.9600000000000004,s-3.3000000000000007,s0
188_25,s-3.6100000000000003,s-2.5000000000000004,s180
188_26,s-2.3949999999999996,s-3.0750000000000006,s90
188_27,s-3.1949999999999994,s-2.7250000000000005,s270
188_28,s-1.9800000000000002,s-3.3000000000000007,s0
188_29,s-1.6300000000000003,s-2.5000000000000004,s180
188_30,s-0.415,s-3.0750000000000006,s90
188_31,s-1.215,s-2.7250000000000005,s270
188_32,s0.0,s-3.3000000000000007,s0
188_33,s0.35,s-2.5000000000000004,s180
188_34,s1.565,s-3.0750000000000006,s90
188_35,s0.765,s-2.7250000000000005,s270
188_36,s1.9800000000000002,s-3.3000000000000007,s0
188_37,s2.33,s-2.5000000000000004,s180
188_38,s3.545,s-3.075,s90
188_39,s2.745,s-2.725,s270
188_40,s3.9600000000000004,s-3.3000000000000007,s0
188_41,s4.3100000000000005,s-2.5000000000000004,s180
188_42,s5.525,s-3.075,s90
188_43,s4.725,s-2.725,s270
188_44,s-4.95,s-2.2,s0
188_45,s-4.6,s-1.4,s180
188_46,s-3.385,s-1.975,s90
188_47,s-4.185,s-1.625,s270
188_48,s-2.97,s-2.2,s0
188_49,s-2.62,s-1.4,s180
188_50,s-1.405,s-1.975,s90
188_51,s-2.205,s-1.625,s270
188_52,s-0.9900000000000001,s-2.2,s0
188_53,s-0.6400000000000001,s-1.4,s180
188_54,s0.575,s-1.975,s90
188_55,s-0.225,s-1.625,s270
188_56,s0.9900000000000001,s-2.2,s0
188_57,s1.34,s-1.4,s180
188_58,s2.555,s-1.9749999999999996,s90
188_59,s1.7550000000000003,s-1.625,s270
188_60,s2.97,s-2.2,s0
188_61,s3.32,s-1.4,s180
188_62,s4.535,s-1.9749999999999994,s90
188_63,s3.7350000000000003,s-1.6249999999999996,s270
188_64,s4.95,s-2.2,s0
188_65,s5.3,s-1.4,s180
188_66,s-4.375,s-0.875,s90
188_67,s-5.175,s-0.525,s270
188_68,s-3.9600000000000004,s-1.1,s0
188_69,s-3.6100000000000003,s-0.3,s180
188_70,s-2.395,s-0.875,s90
188_71,s-3.195,s-0.525,s270
188_72,s-1.9800000000000002,s-1.1,s0
188_73,s-1.6300000000000003,s-0.3,s180
188_74,s-0.415,s-0.875,s90
188_75,s-1.215,s-0.525,s270
188_76,s0.0,s-1.1,s0
188_77,s0.35,s-0.3,s180
188_78,s1.565,s-0.8749999999999999,s90
188_79,s0.765,s-0.525,s270
188_80,s1.9800000000000002,s-1.1,s0
188_81,s2.33,s-0.3,s180
188_82,s3.545,s-0.875,s90
188_83,s2.745,s-0.525,s270
188_84,s3.9600000000000004,s-1.1,s0
188_85,s4.3100000000000005,s-0.3,s180
188_86,s5.525,s-0.875,s90
188_87,s4.725,s-0.525,s270
188_88,s-4.95,s0.0,s0
188_89,s-4.6,s0.8,s180
188_90,s-3.3850000000000007,s0.225,s90
188_91,s-4.1850000000000005,s0.575,s270
188_92,s-2.97,s0.0,s0
188_93,s-2.62,s0.8,s180
188_94,s-1.4050000000000002,s0.225,s90
188_95,s-2.205,s0.575,s270
188_96,s-0.9900000000000001,s0.0,s0
188_97,s-0.6400000000000001,s0.8,s180
188_98,s0.575,s0.225,s90
188_99,s-0.225,s0.575,s270
188_100,s0.9900000000000001,s0.0,s0
188_101,s1.34,s0.8,s180
188_102,s2.555,s0.225,s90
188_103,s1.755,s0.5749999999999997,s270
188_104,s2.97,s0.0,s0
188_105,s3.32,s0.8,s180
188_106,s4.535,s0.225,s90
188_107,s3.7350000000000003,s0.575,s270
188_108,s4.95,s0.0,s0
188_109,s5.3,s0.8,s180
188_110,s-4.375,s1.325,s90
188_111,s-5.175,s1.675,s270
188_112,s-3.9600000000000004,s1.1,s0
188_113,s-3.6100000000000003,s1.9,s180
188_114,s-2.395,s1.325,s90
188_115,s-3.195,s1.675,s270
188_116,s-1.9800000000000002,s1.1,s0
188_117,s-1.6300000000000003,s1.9,s180
188_118,s-0.41500000000000015,s1.325,s90
188_119,s-1.215,s1.675,s270
188_120,s0.0,s1.1,s0
188_121,s0.35,s1.9,s180
188_122,s1.565,s1.325,s90
188_123,s0.765,s1.675,s270
188_124,s1.9800000000000002,s1.1,s0
188_125,s2.33,s1.9,s180
188_126,s3.545,s1.325,s90
188_127,s2.745,s1.675,s270
188_128,s3.9600000000000004,s1.1,s0
188_129,s4.3100000000000005,s1.9,s180
188_130,s5.525,s1.325,s90
188_131,s4.725,s1.675,s270
188_132,s-4.95,s2.2,s0
188_133,s-4.6,s3.0,s180
188_134,s-3.3850000000000007,s2.4249999999999994,s90
188_135,s-4.1850000000000005,s2.7749999999999995,s270
188_136,s-2.97,s2.2,s0
188_137,s-2.62,s3.0,s180
188_138,s-1.4050000000000002,s2.425,s90
188_139,s-2.205,s2.775,s270
188_140,s-0.9900000000000001,s2.2,s0
188_141,s-0.6400000000000001,s3.0,s180
188_142,s0.575,s2.425,s90
188_143,s-0.225,s2.775,s270
188_144,s0.9900000000000001,s2.2,s0
188_145,s1.34,s3.0,s180
188_146,s2.555,s2.425,s90
188_147,s1.755,s2.775,s270
188_148,s2.97,s2.2,s0
188_149,s3.32,s3.0,s180
188_150,s4.535,s2.425,s90
188_151,s3.735,s2.775,s270
188_152,s4.95,s2.2,s0
188_153,s5.3,s3.0,s180
188_154,s-4.375,s3.525,s90
188_155,s-5.175,s3.875,s270
188_156,s-3.9600000000000004,s3.3000000000000007,s0
188_157,s-3.6100000000000003,s4.1000000000000005,s180
188_158,s-2.395,s3.525,s90
188_159,s-3.195,s3.875,s270
188_160,s-1.9800000000000002,s3.3000000000000007,s0
188_161,s-1.6300000000000003,s4.1000000000000005,s180
188_162,s-0.415,s3.5250000000000004,s90
188_163,s-1.215,s3.8750000000000004,s270
188_164,s0.0,s3.3000000000000007,s0
188_165,s0.35,s4.1000000000000005,s180
188_166,s1.5649999999999995,s3.5250000000000004,s90
188_167,s0.7649999999999995,s3.8750000000000004,s270
188_168,s1.9800000000000002,s3.3000000000000007,s0
188_169,s2.33,s4.1000000000000005,s180
188_170,s3.5449999999999995,s3.5250000000000004,s90
188_171,s2.7449999999999997,s3.8750000000000004,s270
188_172,s3.9600000000000004,s3.3000000000000007,s0
188_173,s4.3100000000000005,s4.1000000000000005,s180
188_174,s5.525,s3.5250000000000004,s90
188_175,s4.725,s3.8750000000000004,s270
188_176,s-4.95,s4.4,s0
188_177,s-4.6,s5.2,s180
188_178,s-3.3850000000000007,s4.625,s90
188_179,s-4.1850000000000005,s4.975,s270
188_180,s-2.97,s4.4,s0
188_181,s-2.62,s5.2,s180
188_182,s-1.405,s4.625,s90
188_183,s-2.205,s4.975,s270
188_184,s-0.9900000000000001,s4.4,s0
188_185,s-0.6400000000000001,s5.2,s180
188_186,s0.575,s4.625,s90
188_187,s-0.225,s4.975,s270
189_0,s-4.95,s-4.4,s0
189_1,s-4.6,s-3.6,s180
189_2,s-3.385,s-4.175,s90
189_3,s-4.185,s-3.825,s270
189_4,s-2.97,s-4.4,s0
189_5,s-2.62,s-3.6,s180
189_6,s-1.405,s-4.175,s90
189_7,s-2.205,s-3.825,s270
189_8,s-0.9900000000000001,s-4.4,s0
189_9,s-0.6400000000000001,s-3.6,s180
189_10,s0.575,s-4.175,s90
189_11,s-0.225,s-3.825,s270
189_12,s0.9900000000000001,s-4.4,s0
189_13,s1.34,s-3.6,s180
189_14,s2.555,s-4.175,s90
189_15,s1.7550000000000003,s-3.825,s270
189_16,s2.97,s-4.4,s0
189_17,s3.32,s-3.6,s180
189_18,s4.535,s-4.175,s90
189_19,s3.7350000000000003,s-3.8249999999999993,s270
189_20,s4.95,s-4.4,s0
189_21,s5.3,s-3.6,s180
189_22,s-4.374999999999999,s-3.0750000000000006,s90
189_23,s-5.175,s-2.7250000000000005,s270
189_24,s-3.9600000000000004,s-3.3000000000000007,s0
189_25,s-3.6100000000000003,s-2.5000000000000004,s180
189_26,s-2.3949999999999996,s-3.0750000000000006,s90
189_27,s-3.1949999999999994,s-2.7250000000000005,s270
189_28,s-1.9800000000000002,s-3.3000000000000007,s0
189_29,s-1.6300000000000003,s-2.5000000000000004,s180
189_30,s-0.415,s-3.0750000000000006,s90
189_31,s-1.215,s-2.7250000000000005,s270
189_32,s0.0,s-3.3000000000000007,s0
189_33,s0.35,s-2.5000000000000004,s180
189_34,s1.565,s-3.0750000000000006,s90
189_35,s0.765,s-2.7250000000000005,s270
189_36,s1.9800000000000002,s-3.3000000000000007,s0
189_37,s2.33,s-2.5000000000000004,s180
189_38,s3.545,s-3.075,s90
189_39,s2.745,s-2.725,s270
189_40,s3.9600000000000004,s-3.3000000000000007,s0
189_41,s4.3100000000000005,s-2.5000000000000004,s180
189_42,s5.525,s-3.075,s90
189_43,s4.725,s-2.725,s270
189_44,s-4.95,s-2.2,s0
189_45,s-4.6,s-1.4,s180
189_46,s-3.385,s-1.975,s90
189_47,s-4.185,s-1.625,s270
189_48,s-2.97,s-2.2,s0
189_49,s-2.62,s-1.4,s180
189_50,s-1.405,s-1.975,s90
189_51,s-2.205,s-1.625,s270
189_52,s-0.9900000000000001,s-2.2,s0
189_53,s-0.6400000000000001,s-1.4,s180
189_54,s0.575,s-1.975,s90
189_55,s-0.225,s-1.625,s270
189_56,s0.9900000000000001,s-2.2,s0
189_57,s1.34,s-1.4,s180
189_58,s2.555,s-1.9749999999999996,s90
189_59,s1.7550000000000003,s-1.625,s270
189_60,s2.97,s-2.2,s0
189_61,s3.32,s-1.4,s180
189_62,s4.535,s-1.9749999999999994,s90
189_63,s3.7350000000000003,s-1.6249999999999996,s270
189_64,s4.95,s-2.2,s0
189_65,s5.3,s-1.4,s180
189_66,s-4.375,s-0.875,s90
189_67,s-5.175,s-0.525,s270
189_68,s-3.9600000000000004,s-1.1,s0
189_69,s-3.6100000000000003,s-0.3,s180
189_70,s-2.395,s-0.875,s90
189_71,s-3.195,s-0.525,s270
189_72,s-1.9800000000000002,s-1.1,s0
189_73,s-1.6300000000000003,s-0.3,s180
189_74,s-0.415,s-0.875,s90
189_75,s-1.215,s-0.525,s270
189_76,s0.0,s-1.1,s0
189_77,s0.35,s-0.3,s180
189_78,s1.565,s-0.8749999999999999,s90
189_79,s0.765,s-0.525,s270
189_80,s1.9800000000000002,s-1.1,s0
189_81,s2.33,s-0.3,s180
189_82,s3.545,s-0.875,s90
189_83,s2.745,s-0.525,s270
189_84,s3.9600000000000004,s-1.1,s0
189_85,s4.3100000000000005,s-0.3,s180
189_86,s5.525,s-0.875,s90
189_87,s4.725,s-0.525,s270
189_88,s-4.95,s0.0,s0
189_89,s-4.6,s0.8,s180
189_90,s-3.3850000000000007,s0.225,s90
189_91,s-4.1850000000000005,s0.575,s270
189_92,s-2.97,s0.0,s0
189_93,s-2.62,s0.8,s180
189_94,s-1.4050000000000002,s0.225,s90
189_95,s-2.205,s0.575,s270
189_96,s-0.9900000000000001,s0.0,s0
189_97,s-0.6400000000000001,s0.8,s180
189_98,s0.575,s0.225,s90
189_99,s-0.225,s0.575,s270
189_100,s0.9900000000000001,s0.0,s0
189_101,s1.34,s0.8,s180
189_102,s2.555,s0.225,s90
189_103,s1.755,s0.5749999999999997,s270
189_104,s2.97,s0.0,s0
189_105,s3.32,s0.8,s180
189_106,s4.535,s0.225,s90
189_107,s3.7350000000000003,s0.575,s270
189_108,s4.95,s0.0,s0
189_109,s5.3,s0.8,s180
189_110,s-4.375,s1.325,s90
189_111,s-5.175,s1.675,s270
189_112,s-3.9600000000000004,s1.1,s0
189_113,s-3.6100000000000003,s1.9,s180
189_114,s-2.395,s1.325,s90
189_115,s-3.195,s1.675,s270
189_116,s-1.9800000000000002,s1.1,s0
189_117,s-1.6300000000000003,s1.9,s180
189_118,s-0.41500000000000015,s1.325,s90
189_119,s-1.215,s1.675,s270
189_120,s0.0,s1.1,s0
189_121,s0.35,s1.9,s180
189_122,s1.565,s1.325,s90
189_123,s0.765,s1.675,s270
189_124,s1.9800000000000002,s1.1,s0
189_125,s2.33,s1.9,s180
189_126,s3.545,s1.325,s90
189_127,s2.745,s1.675,s270
189_128,s3.9600000000000004,s1.1,s0
189_129,s4.3100000000000005,s1.9,s180
189_130,s5.525,s1.325,s90
189_131,s4.725,s1.675,s270
189_132,s-4.95,s2.2,s0
189_133,s-4.6,s3.0,s180
189_134,s-3.3850000000000007,s2.4249999999999994,s90
189_135,s-4.1850000000000005,s2.7749999999999995,s270
189_136,s-2.97,s2.2,s0
189_137,s-2.62,s3.0,s180
189_138,s-1.4050000000000002,s2.425,s90
189_139,s-2.205,s2.775,s270
189_140,s-0.9900000000000001,s2.2,s0
189_141,s-0.6400000000000001,s3.0,s180
189_142,s0.575,s2.425,s90
189_143,s-0.225,s2.775,s270
189_144,s0.9900000000000001,s2.2,s0
189_145,s1.34,s3.0,s180
189_146,s2.555,s2.425,s90
189_147,s1.755,s2.775,s270
189_148,s2.97,s2.2,s0
189_149,s3.32,s3.0,s180
189_150,s4.535,s2.425,s90
189_151,s3.735,s2.775,s270
189_152,s4.95,s2.2,s0
189_153,s5.3,s3.0,s180
189_154,s-4.375,s3.525,s90
189_155,s-5.175,s3.875,s270
189_156,s-3.9600000000000004,s3.3000000000000007,s0
189_157,s-3.6100000000000003,s4.1000000000000005,s180
189_158,s-2.395,s3.525,s90
189_159,s-3.195,s3.875,s270
189_160,s-1.9800000000000002,s3.3000000000000007,s0
189_161,s-1.6300000000000003,s4.1000000000000005,s180
189_162,s-0.415,s3.5250000000000004,s90
189_163,s-1.215,s3.8750000000000004,s270
189_164,s0.0,s3.3000000000000007,s0
189_165,s0.35,s4.1000000000000005,s180
189_166,s1.5649999999999995,s3.5250000000000004,s90
189_167,s0.7649999999999995,s3.8750000000000004,s270
189_168,s1.9800000000000002,s3.3000000000000007,s0
189_169,s2.33,s4.1000000000000005,s180
189_170,s3.5449999999999995,s3.5250000000000004,s90
189_171,s2.7449999999999997,s3.8750000000000004,s270
189_172,s3.9600000000000004,s3.3000000000000007,s0
189_173,s4.3100000000000005,s4.1000000000000005,s180
189_174,s5.525,s3.5250000000000004,s90
189_175,s4.725,s3.8750000000000004,s270
189_176,s-4.95,s4.4,s0
189_177,s-4.6,s5.2,s180
189_178,s-3.3850000000000007,s4.625,s90
189_179,s-4.1850000000000005,s4.975,s270
189_180,s-2.97,s4.4,s0
189_181,s-2.62,s5.2,s180
189_182,s-1.405,s4.625,s90
189_183,s-2.205,s4.975,s270
189_184,s-0.9900000000000001,s4.4,s0
189_185,s-0.6400000000000001,s5.2,s180
189_186,s0.575,s4.625,s90
189_187,s-0.225,s4.975,s270
190_0,s-4.95,s-4.4,s0
190_1,s-4.6,s-3.6,s180
190_2,s-3.385,s-4.175,s90
190_3,s-4.185,s-3.825,s270
190_4,s-2.97,s-4.4,s0
190_5,s-2.62,s-3.6,s180
190_6,s-1.405,s-4.175,s90
190_7,s-2.205,s-3.825,s270
190_8,s-0.9900000000000001,s-4.4,s0
190_9,s-0.6400000000000001,s-3.6,s180
190_10,s0.575,s-4.175,s90
190_11,s-0.225,s-3.825,s270
190_12,s0.9900000000000001,s-4.4,s0
190_13,s1.34,s-3.6,s180
190_14,s2.555,s-4.175,s90
190_15,s1.7550000000000003,s-3.825,s270
190_16,s2.97,s-4.4,s0
190_17,s3.32,s-3.6,s180
190_18,s4.535,s-4.175,s90
190_19,s3.7350000000000003,s-3.8249999999999993,s270
190_20,s4.95,s-4.4,s0
190_21,s5.3,s-3.6,s180
190_22,s-4.374999999999999,s-3.0750000000000006,s90
190_23,s-5.175,s-2.7250000000000005,s270
190_24,s-3.9600000000000004,s-3.3000000000000007,s0
190_25,s-3.6100000000000003,s-2.5000000000000004,s180
190_26,s-2.3949999999999996,s-3.0750000000000006,s90
190_27,s-3.1949999999999994,s-2.7250000000000005,s270
190_28,s-1.9800000000000002,s-3.3000000000000007,s0
190_29,s-1.6300000000000003,s-2.5000000000000004,s180
190_30,s-0.415,s-3.0750000000000006,s90
190_31,s-1.215,s-2.7250000000000005,s270
190_32,s0.0,s-3.3000000000000007,s0
190_33,s0.35,s-2.5000000000000004,s180
190_34,s1.565,s-3.0750000000000006,s90
190_35,s0.765,s-2.7250000000000005,s270
190_36,s1.9800000000000002,s-3.3000000000000007,s0
190_37,s2.33,s-2.5000000000000004,s180
190_38,s3.545,s-3.075,s90
190_39,s2.745,s-2.725,s270
190_40,s3.9600000000000004,s-3.3000000000000007,s0
190_41,s4.3100000000000005,s-2.5000000000000004,s180
190_42,s5.525,s-3.075,s90
190_43,s4.725,s-2.725,s270
190_44,s-4.95,s-2.2,s0
190_45,s-4.6,s-1.4,s180
190_46,s-3.385,s-1.975,s90
190_47,s-4.185,s-1.625,s270
190_48,s-2.97,s-2.2,s0
190_49,s-2.62,s-1.4,s180
190_50,s-1.405,s-1.975,s90
190_51,s-2.205,s-1.625,s270
190_52,s-0.9900000000000001,s-2.2,s0
190_53,s-0.6400000000000001,s-1.4,s180
190_54,s0.575,s-1.975,s90
190_55,s-0.225,s-1.625,s270
190_56,s0.9900000000000001,s-2.2,s0
190_57,s1.34,s-1.4,s180
190_58,s2.555,s-1.9749999999999996,s90
190_59,s1.7550000000000003,s-1.625,s270
190_60,s2.97,s-2.2,s0
190_61,s3.32,s-1.4,s180
190_62,s4.535,s-1.9749999999999994,s90
190_63,s3.7350000000000003,s-1.6249999999999996,s270
190_64,s4.95,s-2.2,s0
190_65,s5.3,s-1.4,s180
190_66,s-4.375,s-0.875,s90
190_67,s-5.175,s-0.525,s270
190_68,s-3.9600000000000004,s-1.1,s0
190_69,s-3.6100000000000003,s-0.3,s180
190_70,s-2.395,s-0.875,s90
190_71,s-3.195,s-0.525,s270
190_72,s-1.9800000000000002,s-1.1,s0
190_73,s-1.6300000000000003,s-0.3,s180
190_74,s-0.415,s-0.875,s90
190_75,s-1.215,s-0.525,s270
190_76,s0.0,s-1.1,s0
190_77,s0.35,s-0.3,s180
190_78,s1.565,s-0.8749999999999999,s90
190_79,s0.765,s-0.525,s270
190_80,s1.9800000000000002,s-1.1,s0
190_81,s2.33,s-0.3,s180
190_82,s3.545,s-0.875,s90
190_83,s2.745,s-0.525,s270
190_84,s3.9600000000000004,s-1.1,s0
190_85,s4.3100000000000005,s-0.3,s180
190_86,s5.525,s-0.875,s90
190_87,s4.725,s-0.525,s270
190_88,s-4.95,s0.0,s0
190_89,s-4.6,s0.8,s180
190_90,s-3.3850000000000007,s0.225,s90
190_91,s-4.1850000000000005,s0.575,s270
190_92,s-2.97,s0.0,s0
190_93,s-2.62,s0.8,s180
190_94,s-1.4050000000000002,s0.225,s90
190_95,s-2.205,s0.575,s270
190_96,s-0.9900000000000001,s0.0,s0
190_97,s-0.6400000000000001,s0.8,s180
190_98,s0.575,s0.225,s90
190_99,s-0.225,s0.575,s270
190_100,s0.9900000000000001,s0.0,s0
190_101,s1.34,s0.8,s180
190_102,s2.555,s0.225,s90
190_103,s1.755,s0.5749999999999997,s270
190_104,s2.97,s0.0,s0
190_105,s3.32,s0.8,s180
190_106,s4.535,s0.225,s90
190_107,s3.7350000000000003,s0.575,s270
190_108,s4.95,s0.0,s0
190_109,s5.3,s0.8,s180
190_110,s-4.375,s1.325,s90
190_111,s-5.175,s1.675,s270
190_112,s-3.9600000000000004,s1.1,s0
190_113,s-3.6100000000000003,s1.9,s180
190_114,s-2.395,s1.325,s90
190_115,s-3.195,s1.675,s270
190_116,s-1.9800000000000002,s1.1,s0
190_117,s-1.6300000000000003,s1.9,s180
190_118,s-0.41500000000000015,s1.325,s90
190_119,s-1.215,s1.675,s270
190_120,s0.0,s1.1,s0
190_121,s0.35,s1.9,s180
190_122,s1.565,s1.325,s90
190_123,s0.765,s1.675,s270
190_124,s1.9800000000000002,s1.1,s0
190_125,s2.33,s1.9,s180
190_126,s3.545,s1.325,s90
190_127,s2.745,s1.675,s270
190_128,s3.9600000000000004,s1.1,s0
190_129,s4.3100000000000005,s1.9,s180
190_130,s5.525,s1.325,s90
190_131,s4.725,s1.675,s270
190_132,s-4.95,s2.2,s0
190_133,s-4.6,s3.0,s180
190_134,s-3.3850000000000007,s2.4249999999999994,s90
190_135,s-4.1850000000000005,s2.7749999999999995,s270
190_136,s-2.97,s2.2,s0
190_137,s-2.62,s3.0,s180
190_138,s-1.4050000000000002,s2.425,s90
190_139,s-2.205,s2.775,s270
190_140,s-0.9900000000000001,s2.2,s0
190_141,s-0.6400000000000001,s3.0,s180
190_142,s0.575,s2.425,s90
190_143,s-0.225,s2.775,s270
190_144,s0.9900000000000001,s2.2,s0
190_145,s1.34,s3.0,s180
190_146,s2.555,s2.425,s90
190_147,s1.755,s2.775,s270
190_148,s2.97,s2.2,s0
190_149,s3.32,s3.0,s180
190_150,s4.535,s2.425,s90
190_151,s3.735,s2.775,s270
190_152,s4.95,s2.2,s0
190_153,s5.3,s3.0,s180
190_154,s-4.375,s3.525,s90
190_155,s-5.175,s3.875,s270
190_156,s-3.9600000000000004,s3.3000000000000007,s0
190_157,s-3.6100000000000003,s4.1000000000000005,s180
190_158,s-2.395,s3.525,s90
190_159,s-3.195,s3.875,s270
190_160,s-1.9800000000000002,s3.3000000000000007,s0
190_161,s-1.6300000000000003,s4.1000000000000005,s180
190_162,s-0.415,s3.5250000000000004,s90
190_163,s-1.215,s3.8750000000000004,s270
190_164,s0.0,s3.3000000000000007,s0
190_165,s0.35,s4.1000000000000005,s180
190_166,s1.5649999999999995,s3.5250000000000004,s90
190_167,s0.7649999999999995,s3.8750000000000004,s270
190_168,s1.9800000000000002,s3.3000000000000007,s0
190_169,s2.33,s4.1000000000000005,s180
190_170,s3.5449999999999995,s3.5250000000000004,s90
190_171,s2.7449999999999997,s3.8750000000000004,s270
190_172,s3.9600000000000004,s3.3000000000000007,s0
190_173,s4.3100000000000005,s4.1000000000000005,s180
190_174,s5.525,s3.5250000000000004,s90
190_175,s4.725,s3.8750000000000004,s270
190_176,s-4.95,s4.4,s0
190_177,s-4.6,s5.2,s180
190_178,s-3.3850000000000007,s4.625,s90
190_179,s-4.1850000000000005,s4.975,s270
190_180,s-2.97,s4.4,s0
190_181,s-2.62,s5.2,s180
190_182,s-1.405,s4.625,s90
190_183,s-2.205,s4.975,s270
190_184,s-0.9900000000000001,s4.4,s0
190_185,s-0.6400000000000001,s5.2,s180
190_186,s0.575,s4.625,s90
190_187,s-0.225,s4.975,s270
190_188,s0.9900000000000001,s4.4,s0
190_189,s1.34,s5.2,s180
191_0,s-4.95,s-4.4,s0
191_1,s-4.6,s-3.6,s180
191_2,s-3.385,s-4.175,s90
191_3,s-4.185,s-3.825,s270
191_4,s-2.97,s-4.4,s0
191_5,s-2.62,s-3.6,s180
191_6,s-1.405,s-4.175,s90
191_7,s-2.205,s-3.825,s270
191_8,s-0.9900000000000001,s-4.4,s0
191_9,s-0.6400000000000001,s-3.6,s180
191_10,s0.575,s-4.175,s90
191_11,s-0.225,s-3.825,s270
191_12,s0.9900000000000001,s-4.4,s0
191_13,s1.34,s-3.6,s180
191_14,s2.555,s-4.175,s90
191_15,s1.7550000000000003,s-3.825,s270
191_16,s2.97,s-4.4,s0
191_17,s3.32,s-3.6,s180
191_18,s4.535,s-4.175,s90
191_19,s3.7350000000000003,s-3.8249999999999993,s270
191_20,s4.95,s-4.4,s0
191_21,s5.3,s-3.6,s180
191_22,s-4.374999999999999,s-3.0750000000000006,s90
191_23,s-5.175,s-2.7250000000000005,s270
191_24,s-3.9600000000000004,s-3.3000000000000007,s0
191_25,s-3.6100000000000003,s-2.5000000000000004,s180
191_26,s-2.3949999999999996,s-3.0750000000000006,s90
191_27,s-3.1949999999999994,s-2.7250000000000005,s270
191_28,s-1.9800000000000002,s-3.3000000000000007,s0
191_29,s-1.6300000000000003,s-2.5000000000000004,s180
191_30,s-0.415,s-3.0750000000000006,s90
191_31,s-1.215,s-2.7250000000000005,s270
191_32,s0.0,s-3.3000000000000007,s0
191_33,s0.35,s-2.5000000000000004,s180
191_34,s1.565,s-3.0750000000000006,s90
191_35,s0.765,s-2.7250000000000005,s270
191_36,s1.9800000000000002,s-3.3000000000000007,s0
191_37,s2.33,s-2.5000000000000004,s180
191_38,s3.545,s-3.075,s90
191_39,s2.745,s-2.725,s270
191_40,s3.9600000000000004,s-3.3000000000000007,s0
191_41,s4.3100000000000005,s-2.5000000000000004,s180
191_42,s5.525,s-3.075,s90
191_43,s4.725,s-2.725,s270
191_44,s-4.95,s-2.2,s0
191_45,s-4.6,s-1.4,s180
191_46,s-3.385,s-1.975,s90
191_47,s-4.185,s-1.625,s270
191_48,s-2.97,s-2.2,s0
191_49,s-2.62,s-1.4,s180
191_50,s-1.405,s-1.975,s90
191_51,s-2.205,s-1.625,s270
191_52,s-0.9900000000000001,s-2.2,s0
191_53,s-0.6400000000000001,s-1.4,s180
191_54,s0.575,s-1.975,s90
191_55,s-0.225,s-1.625,s270
191_56,s0.9900000000000001,s-2.2,s0
191_57,s1.34,s-1.4,s180
191_58,s2.555,s-1.9749999999999996,s90
191_59,s1.7550000000000003,s-1.625,s270
191_60,s2.97,s-2.2,s0
191_61,s3.32,s-1.4,s180
191_62,s4.535,s-1.9749999999999994,s90
191_63,s3.7350000000000003,s-1.6249999999999996,s270
191_64,s4.95,s-2.2,s0
191_65,s5.3,s-1.4,s180
191_66,s-4.375,s-0.875,s90
191_67,s-5.175,s-0.525,s270
191_68,s-3.9600000000000004,s-1.1,s0
191_69,s-3.6100000000000003,s-0.3,s180
191_70,s-2.395,s-0.875,s90
191_71,s-3.195,s-0.525,s270
191_72,s-1.9800000000000002,s-1.1,s0
191_73,s-1.6300000000000003,s-0.3,s180
191_74,s-0.415,s-0.875,s90
191_75,s-1.215,s-0.525,s270
191_76,s0.0,s-1.1,s0
191_77,s0.35,s-0.3,s180
191_78,s1.565,s-0.8749999999999999,s90
191_79,s0.765,s-0.525,s270
191_80,s1.9800000000000002,s-1.1,s0
191_81,s2.33,s-0.3,s180
191_82,s3.545,s-0.875,s90
191_83,s2.745,s-0.525,s270
191_84,s3.9600000000000004,s-1.1,s0
191_85,s4.3100000000000005,s-0.3,s180
191_86,s5.525,s-0.875,s90
191_87,s4.725,s-0.525,s270
191_88,s-4.95,s0.0,s0
191_89,s-4.6,s0.8,s180
191_90,s-3.3850000000000007,s0.225,s90
191_91,s-4.1850000000000005,s0.575,s270
191_92,s-2.97,s0.0,s0
191_93,s-2.62,s0.8,s180
191_94,s-1.4050000000000002,s0.225,s90
191_95,s-2.205,s0.575,s270
191_96,s-0.9900000000000001,s0.0,s0
191_97,s-0.6400000000000001,s0.8,s180
191_98,s0.575,s0.225,s90
191_99,s-0.225,s0.575,s270
191_100,s0.9900000000000001,s0.0,s0
191_101,s1.34,s0.8,s180
191_102,s2.555,s0.225,s90
191_103,s1.755,s0.5749999999999997,s270
191_104,s2.97,s0.0,s0
191_105,s3.32,s0.8,s180
191_106,s4.535,s0.225,s90
191_107,s3.7350000000000003,s0.575,s270
191_108,s4.95,s0.0,s0
191_109,s5.3,s0.8,s180
191_110,s-4.375,s1.325,s90
191_111,s-5.175,s1.675,s270
191_112,s-3.9600000000000004,s1.1,s0
191_113,s-3.6100000000000003,s1.9,s180
191_114,s-2.395,s1.325,s90
191_115,s-3.195,s1.675,s270
191_116,s-1.9800000000000002,s1.1,s0
191_117,s-1.6300000000000003,s1.9,s180
191_118,s-0.41500000000000015,s1.325,s90
191_119,s-1.215,s1.675,s270
191_120,s0.0,s1.1,s0
191_121,s0.35,s1.9,s180
191_122,s1.565,s1.325,s90
191_123,s0.765,s1.675,s270
191_124,s1.9800000000000002,s1.1,s0
191_125,s2.33,s1.9,s180
191_126,s3.545,s1.325,s90
191_127,s2.745,s1.675,s270
191_128,s3.9600000000000004,s1.1,s0
191_129,s4.3100000000000005,s1.9,s180
191_130,s5.525,s1.325,s90
191_131,s4.725,s1.675,s270
191_132,s-4.95,s2.2,s0
191_133,s-4.6,s3.0,s180
191_134,s-3.3850000000000007,s2.4249999999999994,s90
191_135,s-4.1850000000000005,s2.7749999999999995,s270
191_136,s-2.97,s2.2,s0
191_137,s-2.62,s3.0,s180
191_138,s-1.4050000000000002,s2.425,s90
191_139,s-2.205,s2.775,s270
191_140,s-0.9900000000000001,s2.2,s0
191_141,s-0.6400000000000001,s3.0,s180
191_142,s0.575,s2.425,s90
191_143,s-0.225,s2.775,s270
191_144,s0.9900000000000001,s2.2,s0
191_145,s1.34,s3.0,s180
191_146,s2.555,s2.425,s90
191_147,s1.755,s2.775,s270
191_148,s2.97,s2.2,s0
191_149,s3.32,s3.0,s180
191_150,s4.535,s2.425,s90
191_151,s3.735,s2.775,s270
191_152,s4.95,s2.2,s0
191_153,s5.3,s3.0,s180
191_154,s-4.375,s3.525,s90
191_155,s-5.175,s3.875,s270
191_156,s-3.9600000000000004,s3.3000000000000007,s0
191_157,s-3.6100000000000003,s4.1000000000000005,s180
191_158,s-2.395,s3.525,s90
191_159,s-3.195,s3.875,s270
191_160,s-1.9800000000000002,s3.3000000000000007,s0
191_161,s-1.6300000000000003,s4.1000000000000005,s180
191_162,s-0.415,s3.5250000000000004,s90
191_163,s-1.215,s3.8750000000000004,s270
191_164,s0.0,s3.3000000000000007,s0
191_165,s0.35,s4.1000000000000005,s180
191_166,s1.5649999999999995,s3.5250000000000004,s90
191_167,s0.7649999999999995,s3.8750000000000004,s270
191_168,s1.9800000000000002,s3.3000000000000007,s0
191_169,s2.33,s4.1000000000000005,s180
191_170,s3.5449999999999995,s3.5250000000000004,s90
191_171,s2.7449999999999997,s3.8750000000000004,s270
191_172,s3.9600000000000004,s3.3000000000000007,s0
191_173,s4.3100000000000005,s4.1000000000000005,s180
191_174,s5.525,s3.5250000000000004,s90
191_175,s4.725,s3.8750000000000004,s270
191_176,s-4.95,s4.4,s0
191_177,s-4.6,s5.2,s180
191_178,s-3.3850000000000007,s4.625,s90
191_179,s-4.1850000000000005,s4.975,s270
191_180,s-2.97,s4.4,s0
191_181,s-2.62,s5.2,s180
191_182,s-1.405,s4.625,s90
191_183,s-2.205,s4.975,s270
191_184,s-0.9900000000000001,s4.4,s0
191_185,s-0.6400000000000001,s5.2,s180
191_186,s0.575,s4.625,s90
191_187,s-0.225,s4.975,s270
191_188,s0.9900000000000001,s4.4,s0
191_189,s1.34,s5.2,s180
192_0,s-4.95,s-4.4,s0
192_1,s-4.6,s-3.6,s180
192_2,s-3.385,s-4.175,s90
192_3,s-4.185,s-3.825,s270
192_4,s-2.97,s-4.4,s0
192_5,s-2.62,s-3.6,s180
192_6,s-1.405,s-4.175,s90
192_7,s-2.205,s-3.825,s270
192_8,s-0.9900000000000001,s-4.4,s0
192_9,s-0.6400000000000001,s-3.6,s180
192_10,s0.575,s-4.175,s90
192_11,s-0.225,s-3.825,s270
192_12,s0.9900000000000001,s-4.4,s0
192_13,s1.34,s-3.6,s180
192_14,s2.555,s-4.175,s90
192_15,s1.7550000000000003,s-3.825,s270
192_16,s2.97,s-4.4,s0
192_17,s3.32,s-3.6,s180
192_18,s4.535,s-4.175,s90
192_19,s3.7350000000000003,s-3.8249999999999993,s270
192_20,s4.95,s-4.4,s0
192_21,s5.3,s-3.6,s180
192_22,s-4.374999999999999,s-3.0750000000000006,s90
192_23,s-5.175,s-2.7250000000000005,s270
192_24,s-3.9600000000000004,s-3.3000000000000007,s0
192_25,s-3.6100000000000003,s-2.5000000000000004,s180
192_26,s-2.3949999999999996,s-3.0750000000000006,s90
192_27,s-3.1949999999999994,s-2.7250000000000005,s270
192_28,s-1.9800000000000002,s-3.3000000000000007,s0
192_29,s-1.6300000000000003,s-2.5000000000000004,s180
192_30,s-0.415,s-3.0750000000000006,s90
192_31,s-1.215,s-2.7250000000000005,s270
192_32,s0.0,s-3.3000000000000007,s0
192_33,s0.35,s-2.5000000000000004,s180
192_34,s1.565,s-3.0750000000000006,s90
192_35,s0.765,s-2.7250000000000005,s270
192_36,s1.9800000000000002,s-3.3000000000000007,s0
192_37,s2.33,s-2.5000000000000004,s180
192_38,s3.545,s-3.075,s90
192_39,s2.745,s-2.725,s270
192_40,s3.9600000000000004,s-3.3000000000000007,s0
192_41,s4.3100000000000005,s-2.5000000000000004,s180
192_42,s5.525,s-3.075,s90
192_43,s4.725,s-2.725,s270
192_44,s-4.95,s-2.2,s0
192_45,s-4.6,s-1.4,s180
192_46,s-3.385,s-1.975,s90
192_47,s-4.185,s-1.625,s270
192_48,s-2.97,s-2.2,s0
192_49,s-2.62,s-1.4,s180
192_50,s-1.405,s-1.975,s90
192_51,s-2.205,s-1.625,s270
192_52,s-0.9900000000000001,s-2.2,s0
192_53,s-0.6400000000000001,s-1.4,s180
192_54,s0.575,s-1.975,s90
192_55,s-0.225,s-1.625,s270
192_56,s0.9900000000000001,s-2.2,s0
192_57,s1.34,s-1.4,s180
192_58,s2.555,s-1.9749999999999996,s90
192_59,s1.7550000000000003,s-1.625,s270
192_60,s2.97,s-2.2,s0
192_61,s3.32,s-1.4,s180
192_62,s4.535,s-1.9749999999999994,s90
192_63,s3.7350000000000003,s-1.6249999999999996,s270
192_64,s4.95,s-2.2,s0
192_65,s5.3,s-1.4,s180
192_66,s-4.375,s-0.875,s90
192_67,s-5.175,s-0.525,s270
192_68,s-3.9600000000000004,s-1.1,s0
192_69,s-3.6100000000000003,s-0.3,s180
192_70,s-2.395,s-0.875,s90
192_71,s-3.195,s-0.525,s270
192_72,s-1.9800000000000002,s-1.1,s0
192_73,s-1.6300000000000003,s-0.3,s180
192_74,s-0.415,s-0.875,s90
192_75,s-1.215,s-0.525,s270
192_76,s0.0,s-1.1,s0
192_77,s0.35,s-0.3,s180
192_78,s1.565,s-0.8749999999999999,s90
192_79,s0.765,s-0.525,s270
192_80,s1.9800000000000002,s-1.1,s0
192_81,s2.33,s-0.3,s180
192_82,s3.545,s-0.875,s90
192_83,s2.745,s-0.525,s270
192_84,s3.9600000000000004,s-1.1,s0
192_85,s4.3100000000000005,s-0.3,s180
192_86,s5.525,s-0.875,s90
192_87,s4.725,s-0.525,s270
192_88,s-4.95,s0.0,s0
192_89,s-4.6,s0.8,s180
192_90,s-3.3850000000000007,s0.225,s90
192_91,s-4.1850000000000005,s0.575,s270
192_92,s-2.97,s0.0,s0
192_93,s-2.62,s0.8,s180
192_94,s-1.4050000000000002,s0.225,s90
192_95,s-2.205,s0.575,s270
192_96,s-0.9900000000000001,s0.0,s0
192_97,s-0.6400000000000001,s0.8,s180
192_98,s0.575,s0.225,s90
192_99,s-0.225,s0.575,s270
192_100,s0.9900000000000001,s0.0,s0
192_101,s1.34,s0.8,s180
192_102,s2.555,s0.225,s90
192_103,s1.755,s0.5749999999999997,s270
192_104,s2.97,s0.0,s0
192_105,s3.32,s0.8,s180
192_106,s4.535,s0.225,s90
192_107,s3.7350000000000003,s0.575,s270
192_108,s4.95,s0.0,s0
192_109,s5.3,s0.8,s180
192_110,s-4.375,s1.325,s90
192_111,s-5.175,s1.675,s270
192_112,s-3.9600000000000004,s1.1,s0
192_113,s-3.6100000000000003,s1.9,s180
192_114,s-2.395,s1.325,s90
192_115,s-3.195,s1.675,s270
192_116,s-1.9800000000000002,s1.1,s0
192_117,s-1.6300000000000003,s1.9,s180
192_118,s-0.41500000000000015,s1.325,s90
192_119,s-1.215,s1.675,s270
192_120,s0.0,s1.1,s0
192_121,s0.35,s1.9,s180
192_122,s1.565,s1.325,s90
192_123,s0.765,s1.675,s270
192_124,s1.9800000000000002,s1.1,s0
192_125,s2.33,s1.9,s180
192_126,s3.545,s1.325,s90
192_127,s2.745,s1.675,s270
192_128,s3.9600000000000004,s1.1,s0
192_129,s4.3100000000000005,s1.9,s180
192_130,s5.525,s1.325,s90
192_131,s4.725,s1.675,s270
192_132,s-4.95,s2.2,s0
192_133,s-4.6,s3.0,s180
192_134,s-3.3850000000000007,s2.4249999999999994,s90
192_135,s-4.1850000000000005,s2.7749999999999995,s270
192_136,s-2.97,s2.2,s0
192_137,s-2.62,s3.0,s180
192_138,s-1.4050000000000002,s2.425,s90
192_139,s-2.205,s2.775,s270
192_140,s-0.9900000000000001,s2.2,s0
192_141,s-0.6400000000000001,s3.0,s180
192_142,s0.575,s2.425,s90
192_143,s-0.225,s2.775,s270
192_144,s0.9900000000000001,s2.2,s0
192_145,s1.34,s3.0,s180
192_146,s2.555,s2.425,s90
192_147,s1.755,s2.775,s270
192_148,s2.97,s2.2,s0
192_149,s3.32,s3.0,s180
192_150,s4.535,s2.425,s90
192_151,s3.735,s2.775,s270
192_152,s4.95,s2.2,s0
192_153,s5.3,s3.0,s180
192_154,s-4.375,s3.525,s90
192_155,s-5.175,s3.875,s270
192_156,s-3.9600000000000004,s3.3000000000000007,s0
192_157,s-3.6100000000000003,s4.1000000000000005,s180
192_158,s-2.395,s3.525,s90
192_159,s-3.195,s3.875,s270
192_160,s-1.9800000000000002,s3.3000000000000007,s0
192_161,s-1.6300000000000003,s4.1000000000000005,s180
192_162,s-0.415,s3.5250000000000004,s90
192_163,s-1.215,s3.8750000000000004,s270
192_164,s0.0,s3.3000000000000007,s0
192_165,s0.35,s4.1000000000000005,s180
192_166,s1.5649999999999995,s3.5250000000000004,s90
192_167,s0.7649999999999995,s3.8750000000000004,s270
192_168,s1.9800000000000002,s3.3000000000000007,s0
192_169,s2.33,s4.1000000000000005,s180
192_170,s3.5449999999999995,s3.5250000000000004,s90
192_171,s2.7449999999999997,s3.8750000000000004,s270
192_172,s3.9600000000000004,s3.3000000000000007,s0
192_173,s4.3100000000000005,s4.1000000000000005,s180
192_174,s5.525,s3.5250000000000004,s90
192_175,s4.725,s3.8750000000000004,s270
192_176,s-4.95,s4.4,s0
192_177,s-4.6,s5.2,s180
192_178,s-3.3850000000000007,s4.625,s90
192_179,s-4.1850000000000005,s4.975,s270
192_180,s-2.97,s4.4,s0
192_181,s-2.62,s5.2,s180
192_182,s-1.405,s4.625,s90
192_183,s-2.205,s4.975,s270
192_184,s-0.9900000000000001,s4.4,s0
192_185,s-0.6400000000000001,s5.2,s180
192_186,s0.575,s4.625,s90
192_187,s-0.225,s4.975,s270
192_188,s0.9900000000000001,s4.4,s0
192_189,s1.34,s5.2,s180
192_190,s2.555,s4.625,s90
192_191,s1.755,s4.975,s270
193_0,s-4.95,s-4.4,s0
193_1,s-4.6,s-3.6,s180
193_2,s-3.385,s-4.175,s90
193_3,s-4.185,s-3.825,s270
193_4,s-2.97,s-4.4,s0
193_5,s-2.62,s-3.6,s180
193_6,s-1.405,s-4.175,s90
193_7,s-2.205,s-3.825,s270
193_8,s-0.9900000000000001,s-4.4,s0
193_9,s-0.6400000000000001,s-3.6,s180
193_10,s0.575,s-4.175,s90
193_11,s-0.225,s-3.825,s270
193_12,s0.9900000000000001,s-4.4,s0
193_13,s1.34,s-3.6,s180
193_14,s2.555,s-4.175,s90
193_15,s1.7550000000000003,s-3.825,s270
193_16,s2.97,s-4.4,s0
193_17,s3.32,s-3.6,s180
193_18,s4.535,s-4.175,s90
193_19,s3.7350000000000003,s-3.8249999999999993,s270
193_20,s4.95,s-4.4,s0
193_21,s5.3,s-3.6,s180
193_22,s-4.374999999999999,s-3.0750000000000006,s90
193_23,s-5.175,s-2.7250000000000005,s270
193_24,s-3.9600000000000004,s-3.3000000000000007,s0
193_25,s-3.6100000000000003,s-2.5000000000000004,s180
193_26,s-2.3949999999999996,s-3.0750000000000006,s90
193_27,s-3.1949999999999994,s-2.7250000000000005,s270
193_28,s-1.9800000000000002,s-3.3000000000000007,s0
193_29,s-1.6300000000000003,s-2.5000000000000004,s180
193_30,s-0.415,s-3.0750000000000006,s90
193_31,s-1.215,s-2.7250000000000005,s270
193_32,s0.0,s-3.3000000000000007,s0
193_33,s0.35,s-2.5000000000000004,s180
193_34,s1.565,s-3.0750000000000006,s90
193_35,s0.765,s-2.7250000000000005,s270
193_36,s1.9800000000000002,s-3.3000000000000007,s0
193_37,s2.33,s-2.5000000000000004,s180
193_38,s3.545,s-3.075,s90
193_39,s2.745,s-2.725,s270
193_40,s3.9600000000000004,s-3.3000000000000007,s0
193_41,s4.3100000000000005,s-2.5000000000000004,s180
193_42,s5.525,s-3.075,s90
193_43,s4.725,s-2.725,s270
193_44,s-4.95,s-2.2,s0
193_45,s-4.6,s-1.4,s180
193_46,s-3.385,s-1.975,s90
193_47,s-4.185,s-1.625,s270
193_48,s-2.97,s-2.2,s0
193_49,s-2.62,s-1.4,s180
193_50,s-1.405,s-1.975,s90
193_51,s-2.205,s-1.625,s270
193_52,s-0.9900000000000001,s-2.2,s0
193_53,s-0.6400000000000001,s-1.4,s180
193_54,s0.575,s-1.975,s90
193_55,s-0.225,s-1.625,s270
193_56,s0.9900000000000001,s-2.2,s0
193_57,s1.34,s-1.4,s180
193_58,s2.555,s-1.9749999999999996,s90
193_59,s1.7550000000000003,s-1.625,s270
193_60,s2.97,s-2.2,s0
193_61,s3.32,s-1.4,s180
193_62,s4.535,s-1.9749999999999994,s90
193_63,s3.7350000000000003,s-1.6249999999999996,s270
193_64,s4.95,s-2.2,s0
193_65,s5.3,s-1.4,s180
193_66,s-4.375,s-0.875,s90
193_67,s-5.175,s-0.525,s270
193_68,s-3.9600000000000004,s-1.1,s0
193_69,s-3.6100000000000003,s-0.3,s180
193_70,s-2.395,s-0.875,s90
193_71,s-3.195,s-0.525,s270
193_72,s-1.9800000000000002,s-1.1,s0
193_73,s-1.6300000000000003,s-0.3,s180
193_74,s-0.415,s-0.875,s90
193_75,s-1.215,s-0.525,s270
193_76,s0.0,s-1.1,s0
193_77,s0.35,s-0.3,s180
193_78,s1.565,s-0.8749999999999999,s90
193_79,s0.765,s-0.525,s270
193_80,s1.9800000000000002,s-1.1,s0
193_81,s2.33,s-0.3,s180
193_82,s3.545,s-0.875,s90
193_83,s2.745,s-0.525,s270
193_84,s3.9600000000000004,s-1.1,s0
193_85,s4.3100000000000005,s-0.3,s180
193_86,s5.525,s-0.875,s90
193_87,s4.725,s-0.525,s270
193_88,s-4.95,s0.0,s0
193_89,s-4.6,s0.8,s180
193_90,s-3.3850000000000007,s0.225,s90
193_91,s-4.1850000000000005,s0.575,s270
193_92,s-2.97,s0.0,s0
193_93,s-2.62,s0.8,s180
193_94,s-1.4050000000000002,s0.225,s90
193_95,s-2.205,s0.575,s270
193_96,s-0.9900000000000001,s0.0,s0
193_97,s-0.6400000000000001,s0.8,s180
193_98,s0.575,s0.225,s90
193_99,s-0.225,s0.575,s270
193_100,s0.9900000000000001,s0.0,s0
193_101,s1.34,s0.8,s180
193_102,s2.555,s0.225,s90
193_103,s1.755,s0.5749999999999997,s270
193_104,s2.97,s0.0,s0
193_105,s3.32,s0.8,s180
193_106,s4.535,s0.225,s90
193_107,s3.7350000000000003,s0.575,s270
193_108,s4.95,s0.0,s0
193_109,s5.3,s0.8,s180
193_110,s-4.375,s1.325,s90
193_111,s-5.175,s1.675,s270
193_112,s-3.9600000000000004,s1.1,s0
193_113,s-3.6100000000000003,s1.9,s180
193_114,s-2.395,s1.325,s90
193_115,s-3.195,s1.675,s270
193_116,s-1.9800000000000002,s1.1,s0
193_117,s-1.6300000000000003,s1.9,s180
193_118,s-0.41500000000000015,s1.325,s90
193_119,s-1.215,s1.675,s270
193_120,s0.0,s1.1,s0
193_121,s0.35,s1.9,s180
193_122,s1.565,s1.325,s90
193_123,s0.765,s1.675,s270
193_124,s1.9800000000000002,s1.1,s0
193_125,s2.33,s1.9,s180
193_126,s3.545,s1.325,s90
193_127,s2.745,s1.675,s270
193_128,s3.9600000000000004,s1.1,s0
193_129,s4.3100000000000005,s1.9,s180
193_130,s5.525,s1.325,s90
193_131,s4.725,s1.675,s270
193_132,s-4.95,s2.2,s0
193_133,s-4.6,s3.0,s180
193_134,s-3.3850000000000007,s2.4249999999999994,s90
193_135,s-4.1850000000000005,s2.7749999999999995,s270
193_136,s-2.97,s2.2,s0
193_137,s-2.62,s3.0,s180
193_138,s-1.4050000000000002,s2.425,s90
193_139,s-2.205,s2.775,s270
193_140,s-0.9900000000000001,s2.2,s0
193_141,s-0.6400000000000001,s3.0,s180
193_142,s0.575,s2.425,s90
193_143,s-0.225,s2.775,s270
193_144,s0.9900000000000001,s2.2,s0
193_145,s1.34,s3.0,s180
193_146,s2.555,s2.425,s90
193_147,s1.755,s2.775,s270
193_148,s2.97,s2.2,s0
193_149,s3.32,s3.0,s180
193_150,s4.535,s2.425,s90
193_151,s3.735,s2.775,s270
193_152,s4.95,s2.2,s0
193_153,s5.3,s3.0,s180
193_154,s-4.375,s3.525,s90
193_155,s-5.175,s3.875,s270
193_156,s-3.9600000000000004,s3.3000000000000007,s0
193_157,s-3.6100000000000003,s4.1000000000000005,s180
193_158,s-2.395,s3.525,s90
193_159,s-3.195,s3.875,s270
193_160,s-1.9800000000000002,s3.3000000000000007,s0
193_161,s-1.6300000000000003,s4.1000000000000005,s180
193_162,s-0.415,s3.5250000000000004,s90
193_163,s-1.215,s3.8750000000000004,s270
193_164,s0.0,s3.3000000000000007,s0
193_165,s0.35,s4.1000000000000005,s180
193_166,s1.5649999999999995,s3.5250000000000004,s90
193_167,s0.7649999999999995,s3.8750000000000004,s270
193_168,s1.9800000000000002,s3.3000000000000007,s0
193_169,s2.33,s4.1000000000000005,s180
193_170,s3.5449999999999995,s3.5250000000000004,s90
193_171,s2.7449999999999997,s3.8750000000000004,s270
193_172,s3.9600000000000004,s3.3000000000000007,s0
193_173,s4.3100000000000005,s4.1000000000000005,s180
193_174,s5.525,s3.5250000000000004,s90
193_175,s4.725,s3.8750000000000004,s270
193_176,s-4.95,s4.4,s0
193_177,s-4.6,s5.2,s180
193_178,s-3.3850000000000007,s4.625,s90
193_179,s-4.1850000000000005,s4.975,s270
193_180,s-2.97,s4.4,s0
193_181,s-2.62,s5.2,s180
193_182,s-1.405,s4.625,s90
193_183,s-2.205,s4.975,s270
193_184,s-0.9900000000000001,s4.4,s0
193_185,s-0.6400000000000001,s5.2,s180
193_186,s0.575,s4.625,s90
193_187,s-0.225,s4.975,s270
193_188,s0.9900000000000001,s4.4,s0
193_189,s1.34,s5.2,s180
193_190,s2.555,s4.625,s90
193_191,s1.755,s4.975,s270
194_0,s-4.95,s-4.4,s0
194_1,s-4.6,s-3.6,s180
194_2,s-3.385,s-4.175,s90
194_3,s-4.185,s-3.825,s270
194_4,s-2.97,s-4.4,s0
194_5,s-2.62,s-3.6,s180
194_6,s-1.405,s-4.175,s90
194_7,s-2.205,s-3.825,s270
194_8,s-0.9900000000000001,s-4.4,s0
194_9,s-0.6400000000000001,s-3.6,s180
194_10,s0.575,s-4.175,s90
194_11,s-0.225,s-3.825,s270
194_12,s0.9900000000000001,s-4.4,s0
194_13,s1.34,s-3.6,s180
194_14,s2.555,s-4.175,s90
194_15,s1.7550000000000003,s-3.825,s270
194_16,s2.97,s-4.4,s0
194_17,s3.32,s-3.6,s180
194_18,s4.535,s-4.175,s90
194_19,s3.7350000000000003,s-3.8249999999999993,s270
194_20,s4.95,s-4.4,s0
194_21,s5.3,s-3.6,s180
194_22,s-4.374999999999999,s-3.0750000000000006,s90
194_23,s-5.175,s-2.7250000000000005,s270
194_24,s-3.9600000000000004,s-3.3000000000000007,s0
194_25,s-3.6100000000000003,s-2.5000000000000004,s180
194_26,s-2.3949999999999996,s-3.0750000000000006,s90
194_27,s-3.1949999999999994,s-2.7250000000000005,s270
194_28,s-1.9800000000000002,s-3.3000000000000007,s0
194_29,s-1.6300000000000003,s-2.5000000000000004,s180
194_30,s-0.415,s-3.0750000000000006,s90
194_31,s-1.215,s-2.7250000000000005,s270
194_32,s0.0,s-3.3000000000000007,s0
194_33,s0.35,s-2.5000000000000004,s180
194_34,s1.565,s-3.0750000000000006,s90
194_35,s0.765,s-2.7250000000000005,s270
194_36,s1.9800000000000002,s-3.3000000000000007,s0
194_37,s2.33,s-2.5000000000000004,s180
194_38,s3.545,s-3.075,s90
194_39,s2.745,s-2.725,s270
194_40,s3.9600000000000004,s-3.3000000000000007,s0
194_41,s4.3100000000000005,s-2.5000000000000004,s180
194_42,s5.525,s-3.075,s90
194_43,s4.725,s-2.725,s270
194_44,s-4.95,s-2.2,s0
194_45,s-4.6,s-1.4,s180
194_46,s-3.385,s-1.975,s90
194_47,s-4.185,s-1.625,s270
194_48,s-2.97,s-2.2,s0
194_49,s-2.62,s-1.4,s180
194_50,s-1.405,s-1.975,s90
194_51,s-2.205,s-1.625,s270
194_52,s-0.9900000000000001,s-2.2,s0
194_53,s-0.6400000000000001,s-1.4,s180
194_54,s0.575,s-1.975,s90
194_55,s-0.225,s-1.625,s270
194_56,s0.9900000000000001,s-2.2,s0
194_57,s1.34,s-1.4,s180
194_58,s2.555,s-1.9749999999999996,s90
194_59,s1.7550000000000003,s-1.625,s270
194_60,s2.97,s-2.2,s0
194_61,s3.32,s-1.4,s180
194_62,s4.535,s-1.9749999999999994,s90
194_63,s3.7350000000000003,s-1.6249999999999996,s270
194_64,s4.95,s-2.2,s0
194_65,s5.3,s-1.4,s180
194_66,s-4.375,s-0.875,s90
194_67,s-5.175,s-0.525,s270
194_68,s-3.9600000000000004,s-1.1,s0
194_69,s-3.6100000000000003,s-0.3,s180
194_70,s-2.395,s-0.875,s90
194_71,s-3.195,s-0.525,s270
194_72,s-1.9800000000000002,s-1.1,s0
194_73,s-1.6300000000000003,s-0.3,s180
194_74,s-0.415,s-0.875,s90
194_75,s-1.215,s-0.525,s270
194_76,s0.0,s-1.1,s0
194_77,s0.35,s-0.3,s180
194_78,s1.565,s-0.8749999999999999,s90
194_79,s0.765,s-0.525,s270
194_80,s1.9800000000000002,s-1.1,s0
194_81,s2.33,s-0.3,s180
194_82,s3.545,s-0.875,s90
194_83,s2.745,s-0.525,s270
194_84,s3.9600000000000004,s-1.1,s0
194_85,s4.3100000000000005,s-0.3,s180
194_86,s5.525,s-0.875,s90
194_87,s4.725,s-0.525,s270
194_88,s-4.95,s0.0,s0
194_89,s-4.6,s0.8,s180
194_90,s-3.3850000000000007,s0.225,s90
194_91,s-4.1850000000000005,s0.575,s270
194_92,s-2.97,s0.0,s0
194_93,s-2.62,s0.8,s180
194_94,s-1.4050000000000002,s0.225,s90
194_95,s-2.205,s0.575,s270
194_96,s-0.9900000000000001,s0.0,s0
194_97,s-0.6400000000000001,s0.8,s180
194_98,s0.575,s0.225,s90
194_99,s-0.225,s0.575,s270
194_100,s0.9900000000000001,s0.0,s0
194_101,s1.34,s0.8,s180
194_102,s2.555,s0.225,s90
194_103,s1.755,s0.5749999999999997,s270
194_104,s2.97,s0.0,s0
194_105,s3.32,s0.8,s180
194_106,s4.535,s0.225,s90
194_107,s3.7350000000000003,s0.575,s270
194_108,s4.95,s0.0,s0
194_109,s5.3,s0.8,s180
194_110,s-4.375,s1.325,s90
194_111,s-5.175,s1.675,s270
194_112,s-3.9600000000000004,s1.1,s0
194_113,s-3.6100000000000003,s1.9,s180
194_114,s-2.395,s1.325,s90
194_115,s-3.195,s1.675,s270
194_116,s-1.9800000000000002,s1.1,s0
194_117,s-1.6300000000000003,s1.9,s180
194_118,s-0.41500000000000015,s1.325,s90
194_119,s-1.215,s1.675,s270
194_120,s0.0,s1.1,s0
194_121,s0.35,s1.9,s180
194_122,s1.565,s1.325,s90
194_123,s0.765,s1.675,s270
194_124,s1.9800000000000002,s1.1,s0
194_125,s2.33,s1.9,s180
194_126,s3.545,s1.325,s90
194_127,s2.745,s1.675,s270
194_128,s3.9600000000000004,s1.1,s0
194_129,s4.3100000000000005,s1.9,s180
194_130,s5.525,s1.325,s90
194_131,s4.725,s1.675,s270
194_132,s-4.95,s2.2,s0
194_133,s-4.6,s3.0,s180
194_134,s-3.3850000000000007,s2.4249999999999994,s90
194_135,s-4.1850000000000005,s2.7749999999999995,s270
194_136,s-2.97,s2.2,s0
194_137,s-2.62,s3.0,s180
194_138,s-1.4050000000000002,s2.425,s90
194_139,s-2.205,s2.775,s270
194_140,s-0.9900000000000001,s2.2,s0
194_141,s-0.6400000000000001,s3.0,s180
194_142,s0.575,s2.425,s90
194_143,s-0.225,s2.775,s270
194_144,s0.9900000000000001,s2.2,s0
194_145,s1.34,s3.0,s180
194_146,s2.555,s2.425,s90
194_147,s1.755,s2.775,s270
194_148,s2.97,s2.2,s0
194_149,s3.32,s3.0,s180
194_150,s4.535,s2.425,s90
194_151,s3.735,s2.775,s270
194_152,s4.95,s2.2,s0
194_153,s5.3,s3.0,s180
194_154,s-4.375,s3.525,s90
194_155,s-5.175,s3.875,s270
194_156,s-3.9600000000000004,s3.3000000000000007,s0
194_157,s-3.6100000000000003,s4.1000000000000005,s180
194_158,s-2.395,s3.525,s90
194_159,s-3.195,s3.875,s270
194_160,s-1.9800000000000002,s3.3000000000000007,s0
194_161,s-1.6300000000000003,s4.1000000000000005,s180
194_162,s-0.415,s3.5250000000000004,s90
194_163,s-1.215,s3.8750000000000004,s270
194_164,s0.0,s3.3000000000000007,s0
194_165,s0.35,s4.1000000000000005,s180
194_166,s1.5649999999999995,s3.5250000000000004,s90
194_167,s0.7649999999999995,s3.8750000000000004,s270
194_168,s1.9800000000000002,s3.3000000000000007,s0
194_169,s2.33,s4.1000000000000005,s180
194_170,s3.5449999999999995,s3.5250000000000004,s90
194_171,s2.7449999999999997,s3.8750000000000004,s270
194_172,s3.9600000000000004,s3.3000000000000007,s0
194_173,s4.3100000000000005,s4.1000000000000005,s180
194_174,s5.525,s3.5250000000000004,s90
194_175,s4.725,s3.8750000000000004,s270
194_176,s-4.95,s4.4,s0
194_177,s-4.6,s5.2,s180
194_178,s-3.3850000000000007,s4.625,s90
194_179,s-4.1850000000000005,s4.975,s270
194_180,s-2.97,s4.4,s0
194_181,s-2.62,s5.2,s180
194_182,s-1.405,s4.625,s90
194_183,s-2.205,s4.975,s270
194_184,s-0.9900000000000001,s4.4,s0
194_185,s-0.6400000000000001,s5.2,s180
194_186,s0.575,s4.625,s90
194_187,s-0.225,s4.975,s270
194_188,s0.9900000000000001,s4.4,s0
194_189,s1.34,s5.2,s180
194_190,s2.555,s4.625,s90
194_191,s1.755,s4.975,s270
194_192,s2.97,s4.4,s0
194_193,s3.32,s5.2,s180
195_0,s-4.95,s-4.4,s0
195_1,s-4.6,s-3.6,s180
195_2,s-3.385,s-4.175,s90
195_3,s-4.185,s-3.825,s270
195_4,s-2.97,s-4.4,s0
195_5,s-2.62,s-3.6,s180
195_6,s-1.405,s-4.175,s90
195_7,s-2.205,s-3.825,s270
195_8,s-0.9900000000000001,s-4.4,s0
195_9,s-0.6400000000000001,s-3.6,s180
195_10,s0.575,s-4.175,s90
195_11,s-0.225,s-3.825,s270
195_12,s0.9900000000000001,s-4.4,s0
195_13,s1.34,s-3.6,s180
195_14,s2.555,s-4.175,s90
195_15,s1.7550000000000003,s-3.825,s270
195_16,s2.97,s-4.4,s0
195_17,s3.32,s-3.6,s180
195_18,s4.535,s-4.175,s90
195_19,s3.7350000000000003,s-3.8249999999999993,s270
195_20,s4.95,s-4.4,s0
195_21,s5.3,s-3.6,s180
195_22,s-4.374999999999999,s-3.0750000000000006,s90
195_23,s-5.175,s-2.7250000000000005,s270
195_24,s-3.9600000000000004,s-3.3000000000000007,s0
195_25,s-3.6100000000000003,s-2.5000000000000004,s180
195_26,s-2.3949999999999996,s-3.0750000000000006,s90
195_27,s-3.1949999999999994,s-2.7250000000000005,s270
195_28,s-1.9800000000000002,s-3.3000000000000007,s0
195_29,s-1.6300000000000003,s-2.5000000000000004,s180
195_30,s-0.415,s-3.0750000000000006,s90
195_31,s-1.215,s-2.7250000000000005,s270
195_32,s0.0,s-3.3000000000000007,s0
195_33,s0.35,s-2.5000000000000004,s180
195_34,s1.565,s-3.0750000000000006,s90
195_35,s0.765,s-2.7250000000000005,s270
195_36,s1.9800000000000002,s-3.3000000000000007,s0
195_37,s2.33,s-2.5000000000000004,s180
195_38,s3.545,s-3.075,s90
195_39,s2.745,s-2.725,s270
195_40,s3.9600000000000004,s-3.3000000000000007,s0
195_41,s4.3100000000000005,s-2.5000000000000004,s180
195_42,s5.525,s-3.075,s90
195_43,s4.725,s-2.725,s270
195_44,s-4.95,s-2.2,s0
195_45,s-4.6,s-1.4,s180
195_46,s-3.385,s-1.975,s90
195_47,s-4.185,s-1.625,s270
195_48,s-2.97,s-2.2,s0
195_49,s-2.62,s-1.4,s180
195_50,s-1.405,s-1.975,s90
195_51,s-2.205,s-1.625,s270
195_52,s-0.9900000000000001,s-2.2,s0
195_53,s-0.6400000000000001,s-1.4,s180
195_54,s0.575,s-1.975,s90
195_55,s-0.225,s-1.625,s270
195_56,s0.9900000000000001,s-2.2,s0
195_57,s1.34,s-1.4,s180
195_58,s2.555,s-1.9749999999999996,s90
195_59,s1.7550000000000003,s-1.625,s270
195_60,s2.97,s-2.2,s0
195_61,s3.32,s-1.4,s180
195_62,s4.535,s-1.9749999999999994,s90
195_63,s3.7350000000000003,s-1.6249999999999996,s270
195_64,s4.95,s-2.2,s0
195_65,s5.3,s-1.4,s180
195_66,s-4.375,s-0.875,s90
195_67,s-5.175,s-0.525,s270
195_68,s-3.9600000000000004,s-1.1,s0
195_69,s-3.6100000000000003,s-0.3,s180
195_70,s-2.395,s-0.875,s90
195_71,s-3.195,s-0.525,s270
195_72,s-1.9800000000000002,s-1.1,s0
195_73,s-1.6300000000000003,s-0.3,s180
195_74,s-0.415,s-0.875,s90
195_75,s-1.215,s-0.525,s270
195_76,s0.0,s-1.1,s0
195_77,s0.35,s-0.3,s180
195_78,s1.565,s-0.8749999999999999,s90
195_79,s0.765,s-0.525,s270
195_80,s1.9800000000000002,s-1.1,s0
195_81,s2.33,s-0.3,s180
195_82,s3.545,s-0.875,s90
195_83,s2.745,s-0.525,s270
195_84,s3.9600000000000004,s-1.1,s0
195_85,s4.3100000000000005,s-0.3,s180
195_86,s5.525,s-0.875,s90
195_87,s4.725,s-0.525,s270
195_88,s-4.95,s0.0,s0
195_89,s-4.6,s0.8,s180
195_90,s-3.3850000000000007,s0.225,s90
195_91,s-4.1850000000000005,s0.575,s270
195_92,s-2.97,s0.0,s0
195_93,s-2.62,s0.8,s180
195_94,s-1.4050000000000002,s0.225,s90
195_95,s-2.205,s0.575,s270
195_96,s-0.9900000000000001,s0.0,s0
195_97,s-0.6400000000000001,s0.8,s180
195_98,s0.575,s0.225,s90
195_99,s-0.225,s0.575,s270
195_100,s0.9900000000000001,s0.0,s0
195_101,s1.34,s0.8,s180
195_102,s2.555,s0.225,s90
195_103,s1.755,s0.5749999999999997,s270
195_104,s2.97,s0.0,s0
195_105,s3.32,s0.8,s180
195_106,s4.535,s0.225,s90
195_107,s3.7350000000000003,s0.575,s270
195_108,s4.95,s0.0,s0
195_109,s5.3,s0.8,s180
195_110,s-4.375,s1.325,s90
195_111,s-5.175,s1.675,s270
195_112,s-3.9600000000000004,s1.1,s0
195_113,s-3.6100000000000003,s1.9,s180
195_114,s-2.395,s1.325,s90
195_115,s-3.195,s1.675,s270
195_116,s-1.9800000000000002,s1.1,s0
195_117,s-1.6300000000000003,s1.9,s180
195_118,s-0.41500000000000015,s1.325,s90
195_119,s-1.215,s1.675,s270
195_120,s0.0,s1.1,s0
195_121,s0.35,s1.9,s180
195_122,s1.565,s1.325,s90
195_123,s0.765,s1.675,s270
195_124,s1.9800000000000002,s1.1,s0
195_125,s2.33,s1.9,s180
195_126,s3.545,s1.325,s90
195_127,s2.745,s1.675,s270
195_128,s3.9600000000000004,s1.1,s0
195_129,s4.3100000000000005,s1.9,s180
195_130,s5.525,s1.325,s90
195_131,s4.725,s1.675,s270
195_132,s-4.95,s2.2,s0
195_133,s-4.6,s3.0,s180
195_134,s-3.3850000000000007,s2.4249999999999994,s90
195_135,s-4.1850000000000005,s2.7749999999999995,s270
195_136,s-2.97,s2.2,s0
195_137,s-2.62,s3.0,s180
195_138,s-1.4050000000000002,s2.425,s90
195_139,s-2.205,s2.775,s270
195_140,s-0.9900000000000001,s2.2,s0
195_141,s-0.6400000000000001,s3.0,s180
195_142,s0.575,s2.425,s90
195_143,s-0.225,s2.775,s270
195_144,s0.9900000000000001,s2.2,s0
195_145,s1.34,s3.0,s180
195_146,s2.555,s2.425,s90
195_147,s1.755,s2.775,s270
195_148,s2.97,s2.2,s0
195_149,s3.32,s3.0,s180
195_150,s4.535,s2.425,s90
195_151,s3.735,s2.775,s270
195_152,s4.95,s2.2,s0
195_153,s5.3,s3.0,s180
195_154,s-4.375,s3.525,s90
195_155,s-5.175,s3.875,s270
195_156,s-3.9600000000000004,s3.3000000000000007,s0
195_157,s-3.6100000000000003,s4.1000000000000005,s180
195_158,s-2.395,s3.525,s90
195_159,s-3.195,s3.875,s270
195_160,s-1.9800000000000002,s3.3000000000000007,s0
195_161,s-1.6300000000000003,s4.1000000000000005,s180
195_162,s-0.415,s3.5250000000000004,s90
195_163,s-1.215,s3.8750000000000004,s270
195_164,s0.0,s3.3000000000000007,s0
195_165,s0.35,s4.1000000000000005,s180
195_166,s1.5649999999999995,s3.5250000000000004,s90
195_167,s0.7649999999999995,s3.8750000000000004,s270
195_168,s1.9800000000000002,s3.3000000000000007,s0
195_169,s2.33,s4.1000000000000005,s180
195_170,s3.5449999999999995,s3.5250000000000004,s90
195_171,s2.7449999999999997,s3.8750000000000004,s270
195_172,s3.9600000000000004,s3.3000000000000007,s0
195_173,s4.3100000000000005,s4.1000000000000005,s180
195_174,s5.525,s3.5250000000000004,s90
195_175,s4.725,s3.8750000000000004,s270
195_176,s-4.95,s4.4,s0
195_177,s-4.6,s5.2,s180
195_178,s-3.3850000000000007,s4.625,s90
195_179,s-4.1850000000000005,s4.975,s270
195_180,s-2.97,s4.4,s0
195_181,s-2.62,s5.2,s180
195_182,s-1.405,s4.625,s90
195_183,s-2.205,s4.975,s270
195_184,s-0.9900000000000001,s4.4,s0
195_185,s-0.6400000000000001,s5.2,s180
195_186,s0.575,s4.625,s90
195_187,s-0.225,s4.975,s270
195_188,s0.9900000000000001,s4.4,s0
195_189,s1.34,s5.2,s180
195_190,s2.555,s4.625,s90
195_191,s1.755,s4.975,s270
195_192,s2.97,s4.4,s0
195_193,s3.32,s5.2,s180
196_0,s-4.95,s-4.4,s0
196_1,s-4.6,s-3.6,s180
196_2,s-3.385,s-4.175,s90
196_3,s-4.185,s-3.825,s270
196_4,s-2.97,s-4.4,s0
196_5,s-2.62,s-3.6,s180
196_6,s-1.405,s-4.175,s90
196_7,s-2.205,s-3.825,s270
196_8,s-0.9900000000000001,s-4.4,s0
196_9,s-0.6400000000000001,s-3.6,s180
196_10,s0.575,s-4.175,s90
196_11,s-0.225,s-3.825,s270
196_12,s0.9900000000000001,s-4.4,s0
196_13,s1.34,s-3.6,s180
196_14,s2.555,s-4.175,s90
196_15,s1.7550000000000003,s-3.825,s270
196_16,s2.97,s-4.4,s0
196_17,s3.32,s-3.6,s180
196_18,s4.535,s-4.175,s90
196_19,s3.7350000000000003,s-3.8249999999999993,s270
196_20,s4.95,s-4.4,s0
196_21,s5.3,s-3.6,s180
196_22,s-4.374999999999999,s-3.0750000000000006,s90
196_23,s-5.175,s-2.7250000000000005,s270
196_24,s-3.9600000000000004,s-3.3000000000000007,s0
196_25,s-3.6100000000000003,s-2.5000000000000004,s180
196_26,s-2.3949999999999996,s-3.0750000000000006,s90
196_27,s-3.1949999999999994,s-2.7250000000000005,s270
196_28,s-1.9800000000000002,s-3.3000000000000007,s0
196_29,s-1.6300000000000003,s-2.5000000000000004,s180
196_30,s-0.415,s-3.0750000000000006,s90
196_31,s-1.215,s-2.7250000000000005,s270
196_32,s0.0,s-3.3000000000000007,s0
196_33,s0.35,s-2.5000000000000004,s180
196_34,s1.565,s-3.0750000000000006,s90
196_35,s0.765,s-2.7250000000000005,s270
196_36,s1.9800000000000002,s-3.3000000000000007,s0
196_37,s2.33,s-2.5000000000000004,s180
196_38,s3.545,s-3.075,s90
196_39,s2.745,s-2.725,s270
196_40,s3.9600000000000004,s-3.3000000000000007,s0
196_41,s4.3100000000000005,s-2.5000000000000004,s180
196_42,s5.525,s-3.075,s90
196_43,s4.725,s-2.725,s270
196_44,s-4.95,s-2.2,s0
196_45,s-4.6,s-1.4,s180
196_46,s-3.385,s-1.975,s90
196_47,s-4.185,s-1.625,s270
196_48,s-2.97,s-2.2,s0
196_49,s-2.62,s-1.4,s180
196_50,s-1.405,s-1.975,s90
196_51,s-2.205,s-1.625,s270
196_52,s-0.9900000000000001,s-2.2,s0
196_53,s-0.6400000000000001,s-1.4,s180
196_54,s0.575,s-1.975,s90
196_55,s-0.225,s-1.625,s270
196_56,s0.9900000000000001,s-2.2,s0
196_57,s1.34,s-1.4,s180
196_58,s2.555,s-1.9749999999999996,s90
196_59,s1.7550000000000003,s-1.625,s270
196_60,s2.97,s-2.2,s0
196_61,s3.32,s-1.4,s180
196_62,s4.535,s-1.9749999999999994,s90
196_63,s3.7350000000000003,s-1.6249999999999996,s270
196_64,s4.95,s-2.2,s0
196_65,s5.3,s-1.4,s180
196_66,s-4.375,s-0.875,s90
196_67,s-5.175,s-0.525,s270
196_68,s-3.9600000000000004,s-1.1,s0
196_69,s-3.6100000000000003,s-0.3,s180
196_70,s-2.395,s-0.875,s90
196_71,s-3.195,s-0.525,s270
196_72,s-1.9800000000000002,s-1.1,s0
196_73,s-1.6300000000000003,s-0.3,s180
196_74,s-0.415,s-0.875,s90
196_75,s-1.215,s-0.525,s270
196_76,s0.0,s-1.1,s0
196_77,s0.35,s-0.3,s180
196_78,s1.565,s-0.8749999999999999,s90
196_79,s0.765,s-0.525,s270
196_80,s1.9800000000000002,s-1.1,s0
196_81,s2.33,s-0.3,s180
196_82,s3.545,s-0.875,s90
196_83,s2.745,s-0.525,s270
196_84,s3.9600000000000004,s-1.1,s0
196_85,s4.3100000000000005,s-0.3,s180
196_86,s5.525,s-0.875,s90
196_87,s4.725,s-0.525,s270
196_88,s-4.95,s0.0,s0
196_89,s-4.6,s0.8,s180
196_90,s-3.3850000000000007,s0.225,s90
196_91,s-4.1850000000000005,s0.575,s270
196_92,s-2.97,s0.0,s0
196_93,s-2.62,s0.8,s180
196_94,s-1.4050000000000002,s0.225,s90
196_95,s-2.205,s0.575,s270
196_96,s-0.9900000000000001,s0.0,s0
196_97,s-0.6400000000000001,s0.8,s180
196_98,s0.575,s0.225,s90
196_99,s-0.225,s0.575,s270
196_100,s0.9900000000000001,s0.0,s0
196_101,s1.34,s0.8,s180
196_102,s2.555,s0.225,s90
196_103,s1.755,s0.5749999999999997,s270
196_104,s2.97,s0.0,s0
196_105,s3.32,s0.8,s180
196_106,s4.535,s0.225,s90
196_107,s3.7350000000000003,s0.575,s270
196_108,s4.95,s0.0,s0
196_109,s5.3,s0.8,s180
196_110,s-4.375,s1.325,s90
196_111,s-5.175,s1.675,s270
196_112,s-3.9600000000000004,s1.1,s0
196_113,s-3.6100000000000003,s1.9,s180
196_114,s-2.395,s1.325,s90
196_115,s-3.195,s1.675,s270
196_116,s-1.9800000000000002,s1.1,s0
196_117,s-1.6300000000000003,s1.9,s180
196_118,s-0.41500000000000015,s1.325,s90
196_119,s-1.215,s1.675,s270
196_120,s0.0,s1.1,s0
196_121,s0.35,s1.9,s180
196_122,s1.565,s1.325,s90
196_123,s0.765,s1.675,s270
196_124,s1.9800000000000002,s1.1,s0
196_125,s2.33,s1.9,s180
196_126,s3.545,s1.325,s90
196_127,s2.745,s1.675,s270
196_128,s3.9600000000000004,s1.1,s0
196_129,s4.3100000000000005,s1.9,s180
196_130,s5.525,s1.325,s90
196_131,s4.725,s1.675,s270
196_132,s-4.95,s2.2,s0
196_133,s-4.6,s3.0,s180
196_134,s-3.3850000000000007,s2.4249999999999994,s90
196_135,s-4.1850000000000005,s2.7749999999999995,s270
196_136,s-2.97,s2.2,s0
196_137,s-2.62,s3.0,s180
196_138,s-1.4050000000000002,s2.425,s90
196_139,s-2.205,s2.775,s270
196_140,s-0.9900000000000001,s2.2,s0
196_141,s-0.6400000000000001,s3.0,s180
196_142,s0.575,s2.425,s90
196_143,s-0.225,s2.775,s270
196_144,s0.9900000000000001,s2.2,s0
196_145,s1.34,s3.0,s180
196_146,s2.555,s2.425,s90
196_147,s1.755,s2.775,s270
196_148,s2.97,s2.2,s0
196_149,s3.32,s3.0,s180
196_150,s4.535,s2.425,s90
196_151,s3.735,s2.775,s270
196_152,s4.95,s2.2,s0
196_153,s5.3,s3.0,s180
196_154,s-4.375,s3.525,s90
196_155,s-5.175,s3.875,s270
196_156,s-3.9600000000000004,s3.3000000000000007,s0
196_157,s-3.6100000000000003,s4.1000000000000005,s180
196_158,s-2.395,s3.525,s90
196_159,s-3.195,s3.875,s270
196_160,s-1.9800000000000002,s3.3000000000000007,s0
196_161,s-1.6300000000000003,s4.1000000000000005,s180
196_162,s-0.415,s3.5250000000000004,s90
196_163,s-1.215,s3.8750000000000004,s270
196_164,s0.0,s3.3000000000000007,s0
196_165,s0.35,s4.1000000000000005,s180
196_166,s1.5649999999999995,s3.5250000000000004,s90
196_167,s0.7649999999999995,s3.8750000000000004,s270
196_168,s1.9800000000000002,s3.3000000000000007,s0
196_169,s2.33,s4.1000000000000005,s180
196_170,s3.5449999999999995,s3.5250000000000004,s90
196_171,s2.7449999999999997,s3.8750000000000004,s270
196_172,s3.9600000000000004,s3.3000000000000007,s0
196_173,s4.3100000000000005,s4.1000000000000005,s180
196_174,s5.525,s3.5250000000000004,s90
196_175,s4.725,s3.8750000000000004,s270
196_176,s-4.95,s4.4,s0
196_177,s-4.6,s5.2,s180
196_178,s-3.3850000000000007,s4.625,s90
196_179,s-4.1850000000000005,s4.975,s270
196_180,s-2.97,s4.4,s0
196_181,s-2.62,s5.2,s180
196_182,s-1.405,s4.625,s90
196_183,s-2.205,s4.975,s270
196_184,s-0.9900000000000001,s4.4,s0
196_185,s-0.6400000000000001,s5.2,s180
196_186,s0.575,s4.625,s90
196_187,s-0.225,s4.975,s270
196_188,s0.9900000000000001,s4.4,s0
196_189,s1.34,s5.2,s180
196_190,s2.555,s4.625,s90
196_191,s1.755,s4.975,s270
196_192,s2.97,s4.4,s0
196_193,s3.32,s5.2,s180
196_194,s4.535,s4.625,s90
196_195,s3.735,s4.975,s270
197_0,s-4.95,s-4.4,s0
197_1,s-4.6,s-3.6,s180
197_2,s-3.385,s-4.175,s90
197_3,s-4.185,s-3.825,s270
197_4,s-2.97,s-4.4,s0
197_5,s-2.62,s-3.6,s180
197_6,s-1.405,s-4.175,s90
197_7,s-2.205,s-3.825,s270
197_8,s-0.9900000000000001,s-4.4,s0
197_9,s-0.6400000000000001,s-3.6,s180
197_10,s0.575,s-4.175,s90
197_11,s-0.225,s-3.825,s270
197_12,s0.9900000000000001,s-4.4,s0
197_13,s1.34,s-3.6,s180
197_14,s2.555,s-4.175,s90
197_15,s1.7550000000000003,s-3.825,s270
197_16,s2.97,s-4.4,s0
197_17,s3.32,s-3.6,s180
197_18,s4.535,s-4.175,s90
197_19,s3.7350000000000003,s-3.8249999999999993,s270
197_20,s4.95,s-4.4,s0
197_21,s5.3,s-3.6,s180
197_22,s-4.374999999999999,s-3.0750000000000006,s90
197_23,s-5.175,s-2.7250000000000005,s270
197_24,s-3.9600000000000004,s-3.3000000000000007,s0
197_25,s-3.6100000000000003,s-2.5000000000000004,s180
197_26,s-2.3949999999999996,s-3.0750000000000006,s90
197_27,s-3.1949999999999994,s-2.7250000000000005,s270
197_28,s-1.9800000000000002,s-3.3000000000000007,s0
197_29,s-1.6300000000000003,s-2.5000000000000004,s180
197_30,s-0.415,s-3.0750000000000006,s90
197_31,s-1.215,s-2.7250000000000005,s270
197_32,s0.0,s-3.3000000000000007,s0
197_33,s0.35,s-2.5000000000000004,s180
197_34,s1.565,s-3.0750000000000006,s90
197_35,s0.765,s-2.7250000000000005,s270
197_36,s1.9800000000000002,s-3.3000000000000007,s0
197_37,s2.33,s-2.5000000000000004,s180
197_38,s3.545,s-3.075,s90
197_39,s2.745,s-2.725,s270
197_40,s3.9600000000000004,s-3.3000000000000007,s0
197_41,s4.3100000000000005,s-2.5000000000000004,s180
197_42,s5.525,s-3.075,s90
197_43,s4.725,s-2.725,s270
197_44,s-4.95,s-2.2,s0
197_45,s-4.6,s-1.4,s180
197_46,s-3.385,s-1.975,s90
197_47,s-4.185,s-1.625,s270
197_48,s-2.97,s-2.2,s0
197_49,s-2.62,s-1.4,s180
197_50,s-1.405,s-1.975,s90
197_51,s-2.205,s-1.625,s270
197_52,s-0.9900000000000001,s-2.2,s0
197_53,s-0.6400000000000001,s-1.4,s180
197_54,s0.575,s-1.975,s90
197_55,s-0.225,s-1.625,s270
197_56,s0.9900000000000001,s-2.2,s0
197_57,s1.34,s-1.4,s180
197_58,s2.555,s-1.9749999999999996,s90
197_59,s1.7550000000000003,s-1.625,s270
197_60,s2.97,s-2.2,s0
197_61,s3.32,s-1.4,s180
197_62,s4.535,s-1.9749999999999994,s90
197_63,s3.7350000000000003,s-1.6249999999999996,s270
197_64,s4.95,s-2.2,s0
197_65,s5.3,s-1.4,s180
197_66,s-4.375,s-0.875,s90
197_67,s-5.175,s-0.525,s270
197_68,s-3.9600000000000004,s-1.1,s0
197_69,s-3.6100000000000003,s-0.3,s180
197_70,s-2.395,s-0.875,s90
197_71,s-3.195,s-0.525,s270
197_72,s-1.9800000000000002,s-1.1,s0
197_73,s-1.6300000000000003,s-0.3,s180
197_74,s-0.415,s-0.875,s90
197_75,s-1.215,s-0.525,s270
197_76,s0.0,s-1.1,s0
197_77,s0.35,s-0.3,s180
197_78,s1.565,s-0.8749999999999999,s90
197_79,s0.765,s-0.525,s270
197_80,s1.9800000000000002,s-1.1,s0
197_81,s2.33,s-0.3,s180
197_82,s3.545,s-0.875,s90
197_83,s2.745,s-0.525,s270
197_84,s3.9600000000000004,s-1.1,s0
197_85,s4.3100000000000005,s-0.3,s180
197_86,s5.525,s-0.875,s90
197_87,s4.725,s-0.525,s270
197_88,s-4.95,s0.0,s0
197_89,s-4.6,s0.8,s180
197_90,s-3.3850000000000007,s0.225,s90
197_91,s-4.1850000000000005,s0.575,s270
197_92,s-2.97,s0.0,s0
197_93,s-2.62,s0.8,s180
197_94,s-1.4050000000000002,s0.225,s90
197_95,s-2.205,s0.575,s270
197_96,s-0.9900000000000001,s0.0,s0
197_97,s-0.6400000000000001,s0.8,s180
197_98,s0.575,s0.225,s90
197_99,s-0.225,s0.575,s270
197_100,s0.9900000000000001,s0.0,s0
197_101,s1.34,s0.8,s180
197_102,s2.555,s0.225,s90
197_103,s1.755,s0.5749999999999997,s270
197_104,s2.97,s0.0,s0
197_105,s3.32,s0.8,s180
197_106,s4.535,s0.225,s90
197_107,s3.7350000000000003,s0.575,s270
197_108,s4.95,s0.0,s0
197_109,s5.3,s0.8,s180
197_110,s-4.375,s1.325,s90
197_111,s-5.175,s1.675,s270
197_112,s-3.9600000000000004,s1.1,s0
197_113,s-3.6100000000000003,s1.9,s180
197_114,s-2.395,s1.325,s90
197_115,s-3.195,s1.675,s270
197_116,s-1.9800000000000002,s1.1,s0
197_117,s-1.6300000000000003,s1.9,s180
197_118,s-0.41500000000000015,s1.325,s90
197_119,s-1.215,s1.675,s270
197_120,s0.0,s1.1,s0
197_121,s0.35,s1.9,s180
197_122,s1.565,s1.325,s90
197_123,s0.765,s1.675,s270
197_124,s1.9800000000000002,s1.1,s0
197_125,s2.33,s1.9,s180
197_126,s3.545,s1.325,s90
197_127,s2.745,s1.675,s270
197_128,s3.9600000000000004,s1.1,s0
197_129,s4.3100000000000005,s1.9,s180
197_130,s5.525,s1.325,s90
197_131,s4.725,s1.675,s270
197_132,s-4.95,s2.2,s0
197_133,s-4.6,s3.0,s180
197_134,s-3.3850000000000007,s2.4249999999999994,s90
197_135,s-4.1850000000000005,s2.7749999999999995,s270
197_136,s-2.97,s2.2,s0
197_137,s-2.62,s3.0,s180
197_138,s-1.4050000000000002,s2.425,s90
197_139,s-2.205,s2.775,s270
197_140,s-0.9900000000000001,s2.2,s0
197_141,s-0.6400000000000001,s3.0,s180
197_142,s0.575,s2.425,s90
197_143,s-0.225,s2.775,s270
197_144,s0.9900000000000001,s2.2,s0
197_145,s1.34,s3.0,s180
197_146,s2.555,s2.425,s90
197_147,s1.755,s2.775,s270
197_148,s2.97,s2.2,s0
197_149,s3.32,s3.0,s180
197_150,s4.535,s2.425,s90
197_151,s3.735,s2.775,s270
197_152,s4.95,s2.2,s0
197_153,s5.3,s3.0,s180
197_154,s-4.375,s3.525,s90
197_155,s-5.175,s3.875,s270
197_156,s-3.9600000000000004,s3.3000000000000007,s0
197_157,s-3.6100000000000003,s4.1000000000000005,s180
197_158,s-2.395,s3.525,s90
197_159,s-3.195,s3.875,s270
197_160,s-1.9800000000000002,s3.3000000000000007,s0
197_161,s-1.6300000000000003,s4.1000000000000005,s180
197_162,s-0.415,s3.5250000000000004,s90
197_163,s-1.215,s3.8750000000000004,s270
197_164,s0.0,s3.3000000000000007,s0
197_165,s0.35,s4.1000000000000005,s180
197_166,s1.5649999999999995,s3.5250000000000004,s90
197_167,s0.7649999999999995,s3.8750000000000004,s270
197_168,s1.9800000000000002,s3.3000000000000007,s0
197_169,s2.33,s4.1000000000000005,s180
197_170,s3.5449999999999995,s3.5250000000000004,s90
197_171,s2.7449999999999997,s3.8750000000000004,s270
197_172,s3.9600000000000004,s3.3000000000000007,s0
197_173,s4.3100000000000005,s4.1000000000000005,s180
197_174,s5.525,s3.5250000000000004,s90
197_175,s4.725,s3.8750000000000004,s270
197_176,s-4.95,s4.4,s0
197_177,s-4.6,s5.2,s180
197_178,s-3.3850000000000007,s4.625,s90
197_179,s-4.1850000000000005,s4.975,s270
197_180,s-2.97,s4.4,s0
197_181,s-2.62,s5.2,s180
197_182,s-1.405,s4.625,s90
197_183,s-2.205,s4.975,s270
197_184,s-0.9900000000000001,s4.4,s0
197_185,s-0.6400000000000001,s5.2,s180
197_186,s0.575,s4.625,s90
197_187,s-0.225,s4.975,s270
197_188,s0.9900000000000001,s4.4,s0
197_189,s1.34,s5.2,s180
197_190,s2.555,s4.625,s90
197_191,s1.755,s4.975,s270
197_192,s2.97,s4.4,s0
197_193,s3.32,s5.2,s180
197_194,s4.535,s4.625,s90
197_195,s3.735,s4.975,s270
198_0,s-4.95,s-4.4,s0
198_1,s-4.6,s-3.6,s180
198_2,s-3.385,s-4.175,s90
198_3,s-4.185,s-3.825,s270
198_4,s-2.97,s-4.4,s0
198_5,s-2.62,s-3.6,s180
198_6,s-1.405,s-4.175,s90
198_7,s-2.205,s-3.825,s270
198_8,s-0.9900000000000001,s-4.4,s0
198_9,s-0.6400000000000001,s-3.6,s180
198_10,s0.575,s-4.175,s90
198_11,s-0.225,s-3.825,s270
198_12,s0.9900000000000001,s-4.4,s0
198_13,s1.34,s-3.6,s180
198_14,s2.555,s-4.175,s90
198_15,s1.7550000000000003,s-3.825,s270
198_16,s2.97,s-4.4,s0
198_17,s3.32,s-3.6,s180
198_18,s4.535,s-4.175,s90
198_19,s3.7350000000000003,s-3.8249999999999993,s270
198_20,s4.95,s-4.4,s0
198_21,s5.3,s-3.6,s180
198_22,s-4.374999999999999,s-3.0750000000000006,s90
198_23,s-5.175,s-2.7250000000000005,s270
198_24,s-3.9600000000000004,s-3.3000000000000007,s0
198_25,s-3.6100000000000003,s-2.5000000000000004,s180
198_26,s-2.3949999999999996,s-3.0750000000000006,s90
198_27,s-3.1949999999999994,s-2.7250000000000005,s270
198_28,s-1.9800000000000002,s-3.3000000000000007,s0
198_29,s-1.6300000000000003,s-2.5000000000000004,s180
198_30,s-0.415,s-3.0750000000000006,s90
198_31,s-1.215,s-2.7250000000000005,s270
198_32,s0.0,s-3.3000000000000007,s0
198_33,s0.35,s-2.5000000000000004,s180
198_34,s1.565,s-3.0750000000000006,s90
198_35,s0.765,s-2.7250000000000005,s270
198_36,s1.9800000000000002,s-3.3000000000000007,s0
198_37,s2.33,s-2.5000000000000004,s180
198_38,s3.545,s-3.075,s90
198_39,s2.745,s-2.725,s270
198_40,s3.9600000000000004,s-3.3000000000000007,s0
198_41,s4.3100000000000005,s-2.5000000000000004,s180
198_42,s5.525,s-3.075,s90
198_43,s4.725,s-2.725,s270
198_44,s-4.95,s-2.2,s0
198_45,s-4.6,s-1.4,s180
198_46,s-3.385,s-1.975,s90
198_47,s-4.185,s-1.625,s270
198_48,s-2.97,s-2.2,s0
198_49,s-2.62,s-1.4,s180
198_50,s-1.405,s-1.975,s90
198_51,s-2.205,s-1.625,s270
198_52,s-0.9900000000000001,s-2.2,s0
198_53,s-0.6400000000000001,s-1.4,s180
198_54,s0.575,s-1.975,s90
198_55,s-0.225,s-1.625,s270
198_56,s0.9900000000000001,s-2.2,s0
198_57,s1.34,s-1.4,s180
198_58,s2.555,s-1.9749999999999996,s90
198_59,s1.7550000000000003,s-1.625,s270
198_60,s2.97,s-2.2,s0
198_61,s3.32,s-1.4,s180
198_62,s4.535,s-1.9749999999999994,s90
198_63,s3.7350000000000003,s-1.6249999999999996,s270
198_64,s4.95,s-2.2,s0
198_65,s5.3,s-1.4,s180
198_66,s-4.375,s-0.875,s90
198_67,s-5.175,s-0.525,s270
198_68,s-3.9600000000000004,s-1.1,s0
198_69,s-3.6100000000000003,s-0.3,s180
198_70,s-2.395,s-0.875,s90
198_71,s-3.195,s-0.525,s270
198_72,s-1.9800000000000002,s-1.1,s0
198_73,s-1.6300000000000003,s-0.3,s180
198_74,s-0.415,s-0.875,s90
198_75,s-1.215,s-0.525,s270
198_76,s0.0,s-1.1,s0
198_77,s0.35,s-0.3,s180
198_78,s1.565,s-0.8749999999999999,s90
198_79,s0.765,s-0.525,s270
198_80,s1.9800000000000002,s-1.1,s0
198_81,s2.33,s-0.3,s180
198_82,s3.545,s-0.875,s90
198_83,s2.745,s-0.525,s270
198_84,s3.9600000000000004,s-1.1,s0
198_85,s4.3100000000000005,s-0.3,s180
198_86,s5.525,s-0.875,s90
198_87,s4.725,s-0.525,s270
198_88,s-4.95,s0.0,s0
198_89,s-4.6,s0.8,s180
198_90,s-3.3850000000000007,s0.225,s90
198_91,s-4.1850000000000005,s0.575,s270
198_92,s-2.97,s0.0,s0
198_93,s-2.62,s0.8,s180
198_94,s-1.4050000000000002,s0.225,s90
198_95,s-2.205,s0.575,s270
198_96,s-0.9900000000000001,s0.0,s0
198_97,s-0.6400000000000001,s0.8,s180
198_98,s0.575,s0.225,s90
198_99,s-0.225,s0.575,s270
198_100,s0.9900000000000001,s0.0,s0
198_101,s1.34,s0.8,s180
198_102,s2.555,s0.225,s90
198_103,s1.755,s0.5749999999999997,s270
198_104,s2.97,s0.0,s0
198_105,s3.32,s0.8,s180
198_106,s4.535,s0.225,s90
198_107,s3.7350000000000003,s0.575,s270
198_108,s4.95,s0.0,s0
198_109,s5.3,s0.8,s180
198_110,s-4.375,s1.325,s90
198_111,s-5.175,s1.675,s270
198_112,s-3.9600000000000004,s1.1,s0
198_113,s-3.6100000000000003,s1.9,s180
198_114,s-2.395,s1.325,s90
198_115,s-3.195,s1.675,s270
198_116,s-1.9800000000000002,s1.1,s0
198_117,s-1.6300000000000003,s1.9,s180
198_118,s-0.41500000000000015,s1.325,s90
198_119,s-1.215,s1.675,s270
198_120,s0.0,s1.1,s0
198_121,s0.35,s1.9,s180
198_122,s1.565,s1.325,s90
198_123,s0.765,s1.675,s270
198_124,s1.9800000000000002,s1.1,s0
198_125,s2.33,s1.9,s180
198_126,s3.545,s1.325,s90
198_127,s2.745,s1.675,s270
198_128,s3.9600000000000004,s1.1,s0
198_129,s4.3100000000000005,s1.9,s180
198_130,s5.525,s1.325,s90
198_131,s4.725,s1.675,s270
198_132,s-4.95,s2.2,s0
198_133,s-4.6,s3.0,s180
198_134,s-3.3850000000000007,s2.4249999999999994,s90
198_135,s-4.1850000000000005,s2.7749999999999995,s270
198_136,s-2.97,s2.2,s0
198_137,s-2.62,s3.0,s180
198_138,s-1.4050000000000002,s2.425,s90
198_139,s-2.205,s2.775,s270
198_140,s-0.9900000000000001,s2.2,s0
198_141,s-0.6400000000000001,s3.0,s180
198_142,s0.575,s2.425,s90
198_143,s-0.225,s2.775,s270
198_144,s0.9900000000000001,s2.2,s0
198_145,s1.34,s3.0,s180
198_146,s2.555,s2.425,s90
198_147,s1.755,s2.775,s270
198_148,s2.97,s2.2,s0
198_149,s3.32,s3.0,s180
198_150,s4.535,s2.425,s90
198_151,s3.735,s2.775,s270
198_152,s4.95,s2.2,s0
198_153,s5.3,s3.0,s180
198_154,s-4.375,s3.525,s90
198_155,s-5.175,s3.875,s270
198_156,s-3.9600000000000004,s3.3000000000000007,s0
198_157,s-3.6100000000000003,s4.1000000000000005,s180
198_158,s-2.395,s3.525,s90
198_159,s-3.195,s3.875,s270
198_160,s-1.9800000000000002,s3.3000000000000007,s0
198_161,s-1.6300000000000003,s4.1000000000000005,s180
198_162,s-0.415,s3.5250000000000004,s90
198_163,s-1.215,s3.8750000000000004,s270
198_164,s0.0,s3.3000000000000007,s0
198_165,s0.35,s4.1000000000000005,s180
198_166,s1.5649999999999995,s3.5250000000000004,s90
198_167,s0.7649999999999995,s3.8750000000000004,s270
198_168,s1.9800000000000002,s3.3000000000000007,s0
198_169,s2.33,s4.1000000000000005,s180
198_170,s3.5449999999999995,s3.5250000000000004,s90
198_171,s2.7449999999999997,s3.8750000000000004,s270
198_172,s3.9600000000000004,s3.3000000000000007,s0
198_173,s4.3100000000000005,s4.1000000000000005,s180
198_174,s5.525,s3.5250000000000004,s90
198_175,s4.725,s3.8750000000000004,s270
198_176,s-4.95,s4.4,s0
198_177,s-4.6,s5.2,s180
198_178,s-3.3850000000000007,s4.625,s90
198_179,s-4.1850000000000005,s4.975,s270
198_180,s-2.97,s4.4,s0
198_181,s-2.62,s5.2,s180
198_182,s-1.405,s4.625,s90
198_183,s-2.205,s4.975,s270
198_184,s-0.9900000000000001,s4.4,s0
198_185,s-0.6400000000000001,s5.2,s180
198_186,s0.575,s4.625,s90
198_187,s-0.225,s4.975,s270
198_188,s0.9900000000000001,s4.4,s0
198_189,s1.34,s5.2,s180
198_190,s2.555,s4.625,s90
198_191,s1.755,s4.975,s270
198_192,s2.97,s4.4,s0
198_193,s3.32,s5.2,s180
198_194,s4.535,s4.625,s90
198_195,s3.735,s4.975,s270
198_196,s4.95,s4.4,s0
198_197,s5.3,s5.2,s180
199_0,s-4.95,s-4.4,s0
199_1,s-4.6,s-3.6,s180
199_2,s-3.385,s-4.175,s90
199_3,s-4.185,s-3.825,s270
199_4,s-2.97,s-4.4,s0
199_5,s-2.62,s-3.6,s180
199_6,s-1.405,s-4.175,s90
199_7,s-2.205,s-3.825,s270
199_8,s-0.9900000000000001,s-4.4,s0
199_9,s-0.6400000000000001,s-3.6,s180
199_10,s0.575,s-4.175,s90
199_11,s-0.225,s-3.825,s270
199_12,s0.9900000000000001,s-4.4,s0
199_13,s1.34,s-3.6,s180
199_14,s2.555,s-4.175,s90
199_15,s1.7550000000000003,s-3.825,s270
199_16,s2.97,s-4.4,s0
199_17,s3.32,s-3.6,s180
199_18,s4.535,s-4.175,s90
199_19,s3.7350000000000003,s-3.8249999999999993,s270
199_20,s4.95,s-4.4,s0
199_21,s5.3,s-3.6,s180
199_22,s-4.374999999999999,s-3.0750000000000006,s90
199_23,s-5.175,s-2.7250000000000005,s270
199_24,s-3.9600000000000004,s-3.3000000000000007,s0
199_25,s-3.6100000000000003,s-2.5000000000000004,s180
199_26,s-2.3949999999999996,s-3.0750000000000006,s90
199_27,s-3.1949999999999994,s-2.7250000000000005,s270
199_28,s-1.9800000000000002,s-3.3000000000000007,s0
199_29,s-1.6300000000000003,s-2.5000000000000004,s180
199_30,s-0.415,s-3.0750000000000006,s90
199_31,s-1.215,s-2.7250000000000005,s270
199_32,s0.0,s-3.3000000000000007,s0
199_33,s0.35,s-2.5000000000000004,s180
199_34,s1.565,s-3.0750000000000006,s90
199_35,s0.765,s-2.7250000000000005,s270
199_36,s1.9800000000000002,s-3.3000000000000007,s0
199_37,s2.33,s-2.5000000000000004,s180
199_38,s3.545,s-3.075,s90
199_39,s2.745,s-2.725,s270
199_40,s3.9600000000000004,s-3.3000000000000007,s0
199_41,s4.3100000000000005,s-2.5000000000000004,s180
199_42,s5.525,s-3.075,s90
199_43,s4.725,s-2.725,s270
199_44,s-4.95,s-2.2,s0
199_45,s-4.6,s-1.4,s180
199_46,s-3.385,s-1.975,s90
199_47,s-4.185,s-1.625,s270
199_48,s-2.97,s-2.2,s0
199_49,s-2.62,s-1.4,s180
199_50,s-1.405,s-1.975,s90
199_51,s-2.205,s-1.625,s270
199_52,s-0.9900000000000001,s-2.2,s0
199_53,s-0.6400000000000001,s-1.4,s180
199_54,s0.575,s-1.975,s90
199_55,s-0.225,s-1.625,s270
199_56,s0.9900000000000001,s-2.2,s0
199_57,s1.34,s-1.4,s180
199_58,s2.555,s-1.9749999999999996,s90
199_59,s1.7550000000000003,s-1.625,s270
199_60,s2.97,s-2.2,s0
199_61,s3.32,s-1.4,s180
199_62,s4.535,s-1.9749999999999994,s90
199_63,s3.7350000000000003,s-1.6249999999999996,s270
199_64,s4.95,s-2.2,s0
199_65,s5.3,s-1.4,s180
199_66,s-4.375,s-0.875,s90
199_67,s-5.175,s-0.525,s270
199_68,s-3.9600000000000004,s-1.1,s0
199_69,s-3.6100000000000003,s-0.3,s180
199_70,s-2.395,s-0.875,s90
199_71,s-3.195,s-0.525,s270
199_72,s-1.9800000000000002,s-1.1,s0
199_73,s-1.6300000000000003,s-0.3,s180
199_74,s-0.415,s-0.875,s90
199_75,s-1.215,s-0.525,s270
199_76,s0.0,s-1.1,s0
199_77,s0.35,s-0.3,s180
199_78,s1.565,s-0.8749999999999999,s90
199_79,s0.765,s-0.525,s270
199_80,s1.9800000000000002,s-1.1,s0
199_81,s2.33,s-0.3,s180
199_82,s3.545,s-0.875,s90
199_83,s2.745,s-0.525,s270
199_84,s3.9600000000000004,s-1.1,s0
199_85,s4.3100000000000005,s-0.3,s180
199_86,s5.525,s-0.875,s90
199_87,s4.725,s-0.525,s270
199_88,s-4.95,s0.0,s0
199_89,s-4.6,s0.8,s180
199_90,s-3.3850000000000007,s0.225,s90
199_91,s-4.1850000000000005,s0.575,s270
199_92,s-2.97,s0.0,s0
199_93,s-2.62,s0.8,s180
199_94,s-1.4050000000000002,s0.225,s90
199_95,s-2.205,s0.575,s270
199_96,s-0.9900000000000001,s0.0,s0
199_97,s-0.6400000000000001,s0.8,s180
199_98,s0.575,s0.225,s90
199_99,s-0.225,s0.575,s270
199_100,s0.9900000000000001,s0.0,s0
199_101,s1.34,s0.8,s180
199_102,s2.555,s0.225,s90
199_103,s1.755,s0.5749999999999997,s270
199_104,s2.97,s0.0,s0
199_105,s3.32,s0.8,s180
199_106,s4.535,s0.225,s90
199_107,s3.7350000000000003,s0.575,s270
199_108,s4.95,s0.0,s0
199_109,s5.3,s0.8,s180
199_110,s-4.375,s1.325,s90
199_111,s-5.175,s1.675,s270
199_112,s-3.9600000000000004,s1.1,s0
199_113,s-3.6100000000000003,s1.9,s180
199_114,s-2.395,s1.325,s90
199_115,s-3.195,s1.675,s270
199_116,s-1.9800000000000002,s1.1,s0
199_117,s-1.6300000000000003,s1.9,s180
199_118,s-0.41500000000000015,s1.325,s90
199_119,s-1.215,s1.675,s270
199_120,s0.0,s1.1,s0
199_121,s0.35,s1.9,s180
199_122,s1.565,s1.325,s90
199_123,s0.765,s1.675,s270
199_124,s1.9800000000000002,s1.1,s0
199_125,s2.33,s1.9,s180
199_126,s3.545,s1.325,s90
199_127,s2.745,s1.675,s270
199_128,s3.9600000000000004,s1.1,s0
199_129,s4.3100000000000005,s1.9,s180
199_130,s5.525,s1.325,s90
199_131,s4.725,s1.675,s270
199_132,s-4.95,s2.2,s0
199_133,s-4.6,s3.0,s180
199_134,s-3.3850000000000007,s2.4249999999999994,s90
199_135,s-4.1850000000000005,s2.7749999999999995,s270
199_136,s-2.97,s2.2,s0
199_137,s-2.62,s3.0,s180
199_138,s-1.4050000000000002,s2.425,s90
199_139,s-2.205,s2.775,s270
199_140,s-0.9900000000000001,s2.2,s0
199_141,s-0.6400000000000001,s3.0,s180
199_142,s0.575,s2.425,s90
199_143,s-0.225,s2.775,s270
199_144,s0.9900000000000001,s2.2,s0
199_145,s1.34,s3.0,s180
199_146,s2.555,s2.425,s90
199_147,s1.755,s2.775,s270
199_148,s2.97,s2.2,s0
199_149,s3.32,s3.0,s180
199_150,s4.535,s2.425,s90
199_151,s3.735,s2.775,s270
199_152,s4.95,s2.2,s0
199_153,s5.3,s3.0,s180
199_154,s-4.375,s3.525,s90
199_155,s-5.175,s3.875,s270
199_156,s-3.9600000000000004,s3.3000000000000007,s0
199_157,s-3.6100000000000003,s4.1000000000000005,s180
199_158,s-2.395,s3.525,s90
199_159,s-3.195,s3.875,s270
199_160,s-1.9800000000000002,s3.3000000000000007,s0
199_161,s-1.6300000000000003,s4.1000000000000005,s180
199_162,s-0.415,s3.5250000000000004,s90
199_163,s-1.215,s3.8750000000000004,s270
199_164,s0.0,s3.3000000000000007,s0
199_165,s0.35,s4.1000000000000005,s180
199_166,s1.5649999999999995,s3.5250000000000004,s90
199_167,s0.7649999999999995,s3.8750000000000004,s270
199_168,s1.9800000000000002,s3.3000000000000007,s0
199_169,s2.33,s4.1000000000000005,s180
199_170,s3.5449999999999995,s3.5250000000000004,s90
199_171,s2.7449999999999997,s3.8750000000000004,s270
199_172,s3.9600000000000004,s3.3000000000000007,s0
199_173,s4.3100000000000005,s4.1000000000000005,s180
199_174,s5.525,s3.5250000000000004,s90
199_175,s4.725,s3.8750000000000004,s270
199_176,s-4.95,s4.4,s0
199_177,s-4.6,s5.2,s180
199_178,s-3.3850000000000007,s4.625,s90
199_179,s-4.1850000000000005,s4.975,s270
199_180,s-2.97,s4.4,s0
199_181,s-2.62,s5.2,s180
199_182,s-1.405,s4.625,s90
199_183,s-2.205,s4.975,s270
199_184,s-0.9900000000000001,s4.4,s0
199_185,s-0.6400000000000001,s5.2,s180
199_186,s0.575,s4.625,s90
199_187,s-0.225,s4.975,s270
199_188,s0.9900000000000001,s4.4,s0
199_189,s1.34,s5.2,s180
199_190,s2.555,s4.625,s90
199_191,s1.755,s4.975,s270
199_192,s2.97,s4.4,s0
199_193,s3.32,s5.2,s180
199_194,s4.535,s4.625,s90
199_195,s3.735,s4.975,s270
199_196,s4.95,s4.4,s0
199_197,s5.3,s5.2,s180
200_0,s-4.95,s-4.95,s0
200_1,s-4.6,s-4.15,s180
200_2,s-3.385,s-4.725,s90
200_3,s-4.185,s-4.375,s270
200_4,s-2.97,s-4.95,s0
200_5,s-2.62,s-4.15,s180
200_6,s-1.405,s-4.725,s90
200_7,s-2.205,s-4.375,s270
200_8,s-0.9900000000000001,s-4.95,s0
200_9,s-0.6400000000000001,s-4.15,s180
200_10,s0.575,s-4.725,s90
200_11,s-0.225,s-4.375,s270
200_12,s0.9900000000000001,s-4.95,s0
200_13,s1.34,s-4.15,s180
200_14,s2.555,s-4.725,s90
200_15,s1.755,s-4.375,s270
200_16,s2.97,s-4.95,s0
200_17,s3.32,s-4.15,s180
200_18,s4.535,s-4.725,s90
200_19,s3.7350000000000003,s-4.374999999999999,s270
200_20,s4.95,s-4.95,s0
200_21,s5.3,s-4.15,s180
200_22,s-4.374999999999999,s-3.6250000000000004,s90
200_23,s-5.175,s-3.2750000000000004,s270
200_24,s-3.9600000000000004,s-3.8500000000000005,s0
200_25,s-3.6100000000000003,s-3.0500000000000007,s180
200_26,s-2.3949999999999996,s-3.6250000000000004,s90
200_27,s-3.1949999999999994,s-3.2750000000000004,s270
200_28,s-1.9800000000000002,s-3.8500000000000005,s0
200_29,s-1.6300000000000003,s-3.0500000000000007,s180
200_30,s-0.415,s-3.6250000000000004,s90
200_31,s-1.215,s-3.2750000000000004,s270
200_32,s0.0,s-3.8500000000000005,s0
200_33,s0.35,s-3.0500000000000007,s180
200_34,s1.565,s-3.625,s90
200_35,s0.765,s-3.275,s270
200_36,s1.9800000000000002,s-3.8500000000000005,s0
200_37,s2.33,s-3.0500000000000007,s180
200_38,s3.545,s-3.625,s90
200_39,s2.745,s-3.275,s270
200_40,s3.9600000000000004,s-3.8500000000000005,s0
200_41,s4.3100000000000005,s-3.0500000000000007,s180
200_42,s5.525,s-3.625,s90
200_43,s4.725,s-3.275,s270
200_44,s-4.95,s-2.75,s0
200_45,s-4.6,s-1.95,s180
200_46,s-3.385,s-2.525,s90
200_47,s-4.185,s-2.175,s270
200_48,s-2.97,s-2.75,s0
200_49,s-2.62,s-1.95,s180
200_50,s-1.405,s-2.525,s90
200_51,s-2.205,s-2.175,s270
200_52,s-0.9900000000000001,s-2.75,s0
200_53,s-0.6400000000000001,s-1.95,s180
200_54,s0.575,s-2.525,s90
200_55,s-0.225,s-2.175,s270
200_56,s0.9900000000000001,s-2.75,s0
200_57,s1.34,s-1.95,s180
200_58,s2.555,s-2.525,s90
200_59,s1.7550000000000003,s-2.175,s270
200_60,s2.97,s-2.75,s0
200_61,s3.32,s-1.95,s180
200_62,s4.535,s-2.5249999999999995,s90
200_63,s3.7350000000000003,s-2.1749999999999994,s270
200_64,s4.95,s-2.75,s0
200_65,s5.3,s-1.95,s180
200_66,s-4.375,s-1.425,s90
200_67,s-5.175,s-1.075,s270
200_68,s-3.9600000000000004,s-1.65,s0
200_69,s-3.6100000000000003,s-0.8500000000000001,s180
200_70,s-2.395,s-1.425,s90
200_71,s-3.195,s-1.075,s270
200_72,s-1.9800000000000002,s-1.65,s0
200_73,s-1.6300000000000003,s-0.8500000000000001,s180
200_74,s-0.415,s-1.425,s90
200_75,s-1.215,s-1.075,s270
200_76,s0.0,s-1.65,s0
200_77,s0.35,s-0.8500000000000001,s180
200_78,s1.565,s-1.425,s90
200_79,s0.7650000000000001,s-1.075,s270
200_80,s1.9800000000000002,s-1.65,s0
200_81,s2.33,s-0.8500000000000001,s180
200_82,s3.545,s-1.425,s90
200_83,s2.745,s-1.075,s270
200_84,s3.9600000000000004,s-1.65,s0
200_85,s4.3100000000000005,s-0.8500000000000001,s180
200_86,s5.525,s-1.425,s90
200_87,s4.725,s-1.075,s270
200_88,s-4.95,s-0.55,s0
200_89,s-4.6,s0.25,s180
200_90,s-3.3850000000000007,s-0.325,s90
200_91,s-4.1850000000000005,s0.025,s270
200_92,s-2.97,s-0.55,s0
200_93,s-2.62,s0.25,s180
200_94,s-1.4050000000000002,s-0.325,s90
200_95,s-2.205,s0.025,s270
200_96,s-0.9900000000000001,s-0.55,s0
200_97,s-0.6400000000000001,s0.25,s180
200_98,s0.575,s-0.325,s90
200_99,s-0.225,s0.025,s270
200_100,s0.9900000000000001,s-0.55,s0
200_101,s1.34,s0.25,s180
200_102,s2.555,s-0.325,s90
200_103,s1.7550000000000003,s0.024999999999999745,s270
200_104,s2.97,s-0.55,s0
200_105,s3.32,s0.25,s180
200_106,s4.535,s-0.325,s90
200_107,s3.7350000000000003,s0.025,s270
200_108,s4.95,s-0.55,s0
200_109,s5.3,s0.25,s180
200_110,s-4.375,s0.775,s90
200_111,s-5.175,s1.125,s270
200_112,s-3.9600000000000004,s0.55,s0
200_113,s-3.6100000000000003,s1.35,s180
200_114,s-2.395,s0.775,s90
200_115,s-3.195,s1.125,s270
200_116,s-1.9800000000000002,s0.55,s0
200_117,s-1.6300000000000003,s1.35,s180
200_118,s-0.41500000000000015,s0.7749999999999999,s90
200_119,s-1.215,s1.1249999999999998,s270
200_120,s0.0,s0.55,s0
200_121,s0.35,s1.35,s180
200_122,s1.565,s0.7750000000000001,s90
200_123,s0.765,s1.125,s270
200_124,s1.9800000000000002,s0.55,s0
200_125,s2.33,s1.35,s180
200_126,s3.545,s0.775,s90
200_127,s2.745,s1.125,s270
200_128,s3.9600000000000004,s0.55,s0
200_129,s4.3100000000000005,s1.35,s180
200_130,s5.525,s0.775,s90
200_131,s4.725,s1.125,s270
200_132,s-4.95,s1.65,s0
200_133,s-4.6,s2.45,s180
200_134,s-3.3850000000000007,s1.8749999999999996,s90
200_135,s-4.1850000000000005,s2.2249999999999996,s270
200_136,s-2.97,s1.65,s0
200_137,s-2.62,s2.45,s180
200_138,s-1.4050000000000002,s1.8749999999999998,s90
200_139,s-2.205,s2.2249999999999996,s270
200_140,s-0.9900000000000001,s1.65,s0
200_141,s-0.6400000000000001,s2.45,s180
200_142,s0.575,s1.875,s90
200_143,s-0.225,s2.225,s270
200_144,s0.9900000000000001,s1.65,s0
200_145,s1.34,s2.45,s180
200_146,s2.555,s1.875,s90
200_147,s1.755,s2.2249999999999996,s270
200_148,s2.97,s1.65,s0
200_149,s3.32,s2.45,s180
200_150,s4.535,s1.875,s90
200_151,s3.735,s2.225,s270
200_152,s4.95,s1.65,s0
200_153,s5.3,s2.45,s180
200_154,s-4.375,s2.975,s90
200_155,s-5.175,s3.325,s270
200_156,s-3.9600000000000004,s2.75,s0
200_157,s-3.6100000000000003,s3.55,s180
200_158,s-2.395,s2.975,s90
200_159,s-3.195,s3.325,s270
200_160,s-1.9800000000000002,s2.75,s0
200_161,s-1.6300000000000003,s3.55,s180
200_162,s-0.415,s2.975,s90
200_163,s-1.215,s3.325,s270
200_164,s0.0,s2.75,s0
200_165,s0.35,s3.55,s180
200_166,s1.565,s2.975,s90
200_167,s0.765,s3.325,s270
200_168,s1.9800000000000002,s2.75,s0
200_169,s2.33,s3.55,s180
200_170,s3.545,s2.975,s90
200_171,s2.745,s3.325,s270
200_172,s3.9600000000000004,s2.75,s0
200_173,s4.3100000000000005,s3.55,s180
200_174,s5.525,s2.975,s90
200_175,s4.725,s3.325,s270
200_176,s-4.95,s3.8500000000000005,s0
200_177,s-4.6,s4.65,s180
200_178,s-3.3850000000000007,s4.075,s90
200_179,s-4.185,s4.425000000000001,s270
200_180,s-2.97,s3.8500000000000005,s0
200_181,s-2.62,s4.65,s180
200_182,s-1.4050000000000005,s4.075000000000001,s90
200_183,s-2.205,s4.425000000000001,s270
200_184,s-0.9900000000000001,s3.8500000000000005,s0
200_185,s-0.6400000000000001,s4.65,s180
200_186,s0.575,s4.075,s90
200_187,s-0.22499999999999948,s4.425000000000001,s270
200_188,s0.9900000000000001,s3.8500000000000005,s0
200_189,s1.34,s4.65,s180
200_190,s2.5550000000000006,s4.075,s90
200_191,s1.755000000000001,s4.425,s270
200_192,s2.97,s3.8500000000000005,s0
200_193,s3.32,s4.65,s180
200_194,s4.535,s4.075,s90
200_195,s3.735000000000001,s4.425000000000001,s270
200_196,s4.95,s3.8500000000000005,s0
200_197,s5.3,s4.65,s180
200_198,s-4.375,s5.175,s90
200_199,s-5.175,s5.525,s270
