id,x,y,deg
001_0,s0,s0,s0
002_0,s0.0,s0.0,s0
002_1,s0.35,s0.8,s180
003_0,s0.0,s0.0,s0
003_1,s0.35,s0.8,s180
003_2,s1.2,s0.4,s0
004_0,s-0.6525,s0.0,s0
004_1,s-0.3025,s0.8,s180
004_2,s0.6525,s0.0,s0
004_3,s1.0025,s0.8,s180
005_0,s-0.6525,s0.0,s0
005_1,s-0.3025,s0.8,s180
005_2,s0.6525,s0.0,s0
005_3,s1.0025,s0.8,s180
005_4,s0.17500000000000004,s0.4,s0
006_0,s-0.5850000000000001,s-0.65,s0
006_1,s-0.2350000000000001,s0.15000000000000002,s180
006_2,s-0.5850000000000001,s0.65,s0
006_3,s-0.2350000000000001,s1.4500000000000002,s180
006_4,s0.5850000000000001,s0.65,s0
006_5,s0.935,s1.4500000000000002,s180
007_0,s-0.5850000000000001,s-0.65,s0
007_1,s-0.2350000000000001,s0.15000000000000002,s180
007_2,s-0.5850000000000001,s0.65,s0
007_3,s-0.2350000000000001,s1.4500000000000002,s180
007_4,s0.5850000000000001,s0.65,s0
007_5,s0.935,s1.4500000000000002,s180
007_6,s1.785,s0.4000000000000002,s0
008_0,s-0.6525,s-0.725,s0
008_1,s-0.3025,s0.07500000000000007,s180
008_2,s0.6525,s-0.725,s0
008_3,s1.0025,s0.07500000000000007,s180
008_4,s-0.6525,s0.725,s0
008_5,s-0.3025,s1.525,s180
008_6,s0.6525,s0.725,s0
008_7,s1.0025,s1.525,s180
009_0,s-0.6525,s-0.725,s0
009_1,s-0.3025,s0.07500000000000007,s180
009_2,s0.6525,s-0.725,s0
009_3,s1.0025,s0.07500000000000007,s180
009_4,s-0.6525,s0.725,s0
009_5,s-0.3025,s1.525,s180
009_6,s0.6525,s0.725,s0
009_7,s1.0025,s1.525,s180
009_8,s1.8525,s0.4,s0
010_0,s-1.1700000000000002,s-0.65,s0
010_1,s-0.8200000000000002,s0.15000000000000002,s180
010_2,s0.0,s-0.65,s0
010_3,s0.35,s0.15000000000000002,s180
010_4,s-1.1700000000000002,s0.65,s0
010_5,s-0.8200000000000002,s1.4500000000000002,s180
010_6,s0.0,s0.65,s0
010_7,s0.35,s1.4500000000000002,s180
010_8,s1.1700000000000002,s0.65,s0
010_9,s1.52,s1.4500000000000002,s180
011_0,s-1.1700000000000002,s-0.65,s0
011_1,s-0.8200000000000002,s0.15000000000000002,s180
011_2,s0.0,s-0.65,s0
011_3,s0.35,s0.15000000000000002,s180
011_4,s-1.1700000000000002,s0.65,s0
011_5,s-0.8200000000000002,s1.4500000000000002,s180
011_6,s0.0,s0.65,s0
011_7,s0.35,s1.4500000000000002,s180
011_8,s1.1700000000000002,s0.65,s0
011_9,s1.52,s1.4500000000000002,s180
011_10,s2.37,s0.4000000000000002,s0
012_0,s-1.4400000000000002,s-0.8,s0
012_1,s-1.0900000000000003,s0.0,s180
012_2,s0.0,s-0.8,s0
012_3,s0.35,s0.0,s180
012_4,s-1.4400000000000002,s0.8,s0
012_5,s-1.0900000000000003,s1.6,s180
012_6,s0.0,s0.8,s0
012_7,s0.35,s1.6,s180
013_0,s-1.4400000000000002,s-0.8,s0
013_1,s-1.0900000000000003,s0.0,s180
013_2,s0.0,s-0.8,s0
013_3,s0.35,s0.0,s180
013_4,s-1.4400000000000002,s0.8,s0
013_5,s-1.0900000000000003,s1.6,s180
013_6,s0.0,s0.8,s0
013_7,s0.35,s1.6,s180
013_8,s-0.5450000000000002,s0.4,s0
014_0,s-1.4400000000000002,s-1.6,s0
014_1,s-1.0900000000000003,s-0.8,s180
014_2,s0.0,s-1.6,s0
014_3,s0.35,s-0.8,s180
014_4,s-1.4400000000000002,s0.0,s0
014_5,s-1.0900000000000003,s0.8,s180
014_6,s0.0,s0.0,s0
014_7,s0.35,s0.8,s180
014_8,s-1.4400000000000002,s1.6,s0
014_9,s-1.0900000000000003,s2.4000000000000004,s180
014_10,s0.0,s1.6,s0
014_11,s0.35,s2.4000000000000004,s180
014_12,s1.4400000000000002,s1.6,s0
014_13,s1.79,s2.4000000000000004,s180
015_0,s-1.4400000000000002,s-1.6,s0
015_1,s-1.0900000000000003,s-0.8,s180
015_2,s0.0,s-1.6,s0
015_3,s0.35,s-0.8,s180
015_4,s-1.4400000000000002,s0.0,s0
015_5,s-1.0900000000000003,s0.8,s180
015_6,s0.0,s0.0,s0
015_7,s0.35,s0.8,s180
015_8,s-1.4400000000000002,s1.6,s0
015_9,s-1.0900000000000003,s2.4000000000000004,s180
015_10,s0.0,s1.6,s0
015_11,s0.35,s2.4000000000000004,s180
015_12,s1.4400000000000002,s1.6,s0
015_13,s1.79,s2.4000000000000004,s180
015_14,s2.64,s0.40000000000000024,s0
016_0,s-1.4400000000000002,s-1.6,s0
016_1,s-1.0900000000000003,s-0.8,s180
016_2,s0.0,s-1.6,s0
016_3,s0.35,s-0.8,s180
016_4,s-1.4400000000000002,s0.0,s0
016_5,s-1.0900000000000003,s0.8,s180
016_6,s0.0,s0.0,s0
016_7,s0.35,s0.8,s180
016_8,s-1.4400000000000002,s1.6,s0
016_9,s-1.0900000000000003,s2.4000000000000004,s180
016_10,s0.0,s1.6,s0
016_11,s0.35,s2.4000000000000004,s180
016_12,s1.4400000000000002,s1.6,s0
016_13,s1.79,s2.4000000000000004,s180
017_0,s-1.4400000000000002,s-1.6,s0
017_1,s-1.0900000000000003,s-0.8,s180
017_2,s0.0,s-1.6,s0
017_3,s0.35,s-0.8,s180
017_4,s-1.4400000000000002,s0.0,s0
017_5,s-1.0900000000000003,s0.8,s180
017_6,s0.0,s0.0,s0
017_7,s0.35,s0.8,s180
017_8,s-1.4400000000000002,s1.6,s0
017_9,s-1.0900000000000003,s2.4000000000000004,s180
017_10,s0.0,s1.6,s0
017_11,s0.35,s2.4000000000000004,s180
017_12,s1.4400000000000002,s1.6,s0
017_13,s1.79,s2.4000000000000004,s180
017_14,s2.64,s0.40000000000000024,s0
018_0,s-1.4400000000000002,s-1.6,s0
018_1,s-1.0900000000000003,s-0.8,s180
018_2,s0.0,s-1.6,s0
018_3,s0.35,s-0.8,s180
018_4,s-1.4400000000000002,s0.0,s0
018_5,s-1.0900000000000003,s0.8,s180
018_6,s0.0,s0.0,s0
018_7,s0.35,s0.8,s180
018_8,s-1.4400000000000002,s1.6,s0
018_9,s-1.0900000000000003,s2.4000000000000004,s180
018_10,s0.0,s1.6,s0
018_11,s0.35,s2.4000000000000004,s180
018_12,s1.4400000000000002,s1.6,s0
018_13,s1.79,s2.4000000000000004,s180
019_0,s-1.4400000000000002,s-1.6,s0
019_1,s-1.0900000000000003,s-0.8,s180
019_2,s0.0,s-1.6,s0
019_3,s0.35,s-0.8,s180
019_4,s-1.4400000000000002,s0.0,s0
019_5,s-1.0900000000000003,s0.8,s180
019_6,s0.0,s0.0,s0
019_7,s0.35,s0.8,s180
019_8,s-1.4400000000000002,s1.6,s0
019_9,s-1.0900000000000003,s2.4000000000000004,s180
019_10,s0.0,s1.6,s0
019_11,s0.35,s2.4000000000000004,s180
019_12,s1.4400000000000002,s1.6,s0
019_13,s1.79,s2.4000000000000004,s180
019_14,s2.64,s0.40000000000000024,s0
020_0,s-1.5524999999999998,s-1.15,s0
020_1,s-1.2024999999999997,s-0.34999999999999987,s180
020_2,s-0.5175,s-1.15,s0
020_3,s-0.16749999999999998,s-0.34999999999999987,s180
020_4,s0.5175,s-1.15,s0
020_5,s0.8674999999999999,s-0.34999999999999987,s180
020_6,s1.5524999999999998,s-1.15,s0
020_7,s1.9024999999999999,s-0.34999999999999987,s180
020_8,s-1.5524999999999998,s0.0,s0
020_9,s-1.2024999999999997,s0.8,s180
020_10,s-0.5175,s0.0,s0
020_11,s-0.16749999999999998,s0.8,s180
020_12,s1.5524999999999998,s0.0,s0
020_13,s1.9024999999999999,s0.8,s180
020_14,s-1.5524999999999998,s1.15,s0
020_15,s-1.2024999999999997,s1.95,s180
020_16,s-0.5175,s1.15,s0
020_17,s-0.16749999999999998,s1.95,s180
020_18,s1.5524999999999998,s1.15,s0
020_19,s1.9024999999999999,s1.95,s180
021_0,s-1.5524999999999998,s-1.15,s0
021_1,s-1.2024999999999997,s-0.34999999999999987,s180
021_2,s-0.5175,s-1.15,s0
021_3,s-0.16749999999999998,s-0.34999999999999987,s180
021_4,s0.5175,s-1.15,s0
021_5,s0.8674999999999999,s-0.34999999999999987,s180
021_6,s1.5524999999999998,s-1.15,s0
021_7,s1.9024999999999999,s-0.34999999999999987,s180
021_8,s-1.5524999999999998,s0.0,s0
021_9,s-1.2024999999999997,s0.8,s180
021_10,s-0.5175,s0.0,s0
021_11,s-0.16749999999999998,s0.8,s180
021_12,s1.5524999999999998,s0.0,s0
021_13,s1.9024999999999999,s0.8,s180
021_14,s-1.5524999999999998,s1.15,s0
021_15,s-1.2024999999999997,s1.95,s180
021_16,s-0.5175,s1.15,s0
021_17,s-0.16749999999999998,s1.95,s180
021_18,s1.5524999999999998,s1.15,s0
021_19,s1.9024999999999999,s1.95,s180
021_20,s2.7525,s0.3999999999999999,s0
022_0,s-1.9575,s-1.45,s0
022_1,s-1.6075,s-0.6499999999999999,s180
022_2,s-0.6525,s-1.45,s0
022_3,s-0.3025,s-0.6499999999999999,s180
022_4,s0.6525,s-1.45,s0
022_5,s1.0025,s-0.6499999999999999,s180
022_6,s1.9575,s-1.45,s0
022_7,s2.3075,s-0.6499999999999999,s180
022_8,s-1.9575,s0.0,s0
022_9,s-1.6075,s0.8,s180
022_10,s-0.6525,s0.0,s0
022_11,s-0.3025,s0.8,s180
022_12,s0.6525,s0.0,s0
022_13,s1.0025,s0.8,s180
022_14,s1.9575,s0.0,s0
022_15,s2.3075,s0.8,s180
022_16,s-1.9575,s1.45,s0
022_17,s-1.6075,s2.25,s180
022_18,s-0.6525,s1.45,s0
022_19,s-0.3025,s2.25,s180
022_20,s0.6525,s1.45,s0
022_21,s1.0025,s2.25,s180
023_0,s-1.9575,s-1.45,s0
023_1,s-1.6075,s-0.6499999999999999,s180
023_2,s-0.6525,s-1.45,s0
023_3,s-0.3025,s-0.6499999999999999,s180
023_4,s0.6525,s-1.45,s0
023_5,s1.0025,s-0.6499999999999999,s180
023_6,s1.9575,s-1.45,s0
023_7,s2.3075,s-0.6499999999999999,s180
023_8,s-1.9575,s0.0,s0
023_9,s-1.6075,s0.8,s180
023_10,s-0.6525,s0.0,s0
023_11,s-0.3025,s0.8,s180
023_12,s0.6525,s0.0,s0
023_13,s1.0025,s0.8,s180
023_14,s1.9575,s0.0,s0
023_15,s2.3075,s0.8,s180
023_16,s-1.9575,s1.45,s0
023_17,s-1.6075,s2.25,s180
023_18,s-0.6525,s1.45,s0
023_19,s-0.3025,s2.25,s180
023_20,s0.6525,s1.45,s0
023_21,s1.0025,s2.25,s180
023_22,s0.17500000000000004,s0.40000000000000013,s0
024_0,s-1.9575,s-1.45,s0
024_1,s-1.6075,s-0.6499999999999999,s180
024_2,s-0.6525,s-1.45,s0
024_3,s-0.3025,s-0.6499999999999999,s180
024_4,s0.6525,s-1.45,s0
024_5,s1.0025,s-0.6499999999999999,s180
024_6,s1.9575,s-1.45,s0
024_7,s2.3075,s-0.6499999999999999,s180
024_8,s-1.9575,s0.0,s0
024_9,s-1.6075,s0.8,s180
024_10,s-0.6525,s0.0,s0
024_11,s-0.3025,s0.8,s180
024_12,s0.6525,s0.0,s0
024_13,s1.0025,s0.8,s180
024_14,s1.9575,s0.0,s0
024_15,s2.3075,s0.8,s180
024_16,s-1.9575,s1.45,s0
024_17,s-1.6075,s2.25,s180
024_18,s-0.6525,s1.45,s0
024_19,s-0.3025,s2.25,s180
024_20,s0.6525,s1.45,s0
024_21,s1.0025,s2.25,s180
024_22,s1.9575,s1.45,s0
024_23,s2.3075,s2.25,s180
025_0,s-1.9575,s-1.45,s0
025_1,s-1.6075,s-0.6499999999999999,s180
025_2,s-0.6525,s-1.45,s0
025_3,s-0.3025,s-0.6499999999999999,s180
025_4,s0.6525,s-1.45,s0
025_5,s1.0025,s-0.6499999999999999,s180
025_6,s1.9575,s-1.45,s0
025_7,s2.3075,s-0.6499999999999999,s180
025_8,s-1.9575,s0.0,s0
025_9,s-1.6075,s0.8,s180
025_10,s-0.6525,s0.0,s0
025_11,s-0.3025,s0.8,s180
025_12,s0.6525,s0.0,s0
025_13,s1.0025,s0.8,s180
025_14,s1.9575,s0.0,s0
025_15,s2.3075,s0.8,s180
025_16,s-1.9575,s1.45,s0
025_17,s-1.6075,s2.25,s180
025_18,s-0.6525,s1.45,s0
025_19,s-0.3025,s2.25,s180
025_20,s0.6525,s1.45,s0
025_21,s1.0025,s2.25,s180
025_22,s1.9575,s1.45,s0
025_23,s2.3075,s2.25,s180
025_24,s0.17500000000000004,s0.40000000000000013,s0
026_0,s-1.5524999999999998,s-1.7249999999999999,s0
026_1,s-1.2024999999999997,s-0.9249999999999998,s180
026_2,s-0.5175,s-1.7249999999999999,s0
026_3,s-0.16749999999999998,s-0.9249999999999998,s180
026_4,s0.5175,s-1.7249999999999999,s0
026_5,s0.8674999999999999,s-0.9249999999999998,s180
026_6,s1.5524999999999998,s-1.7249999999999999,s0
026_7,s1.9024999999999999,s-0.9249999999999998,s180
026_8,s-1.5524999999999998,s-0.575,s0
026_9,s-1.2024999999999997,s0.2250000000000001,s180
026_10,s-0.5175,s-0.575,s0
026_11,s-0.16749999999999998,s0.2250000000000001,s180
026_12,s1.5524999999999998,s-0.575,s0
026_13,s1.9024999999999999,s0.2250000000000001,s180
026_14,s-1.5524999999999998,s0.575,s0
026_15,s-1.2024999999999997,s1.375,s180
026_16,s-0.5175,s0.575,s0
026_17,s-0.16749999999999998,s1.375,s180
026_18,s1.5524999999999998,s0.575,s0
026_19,s1.9024999999999999,s1.375,s180
026_20,s-1.5524999999999998,s1.7249999999999999,s0
026_21,s-1.2024999999999997,s2.525,s180
026_22,s-0.5175,s1.7249999999999999,s0
026_23,s-0.16749999999999998,s2.525,s180
026_24,s1.5524999999999998,s1.7249999999999999,s0
026_25,s1.9024999999999999,s2.525,s180
027_0,s-1.5524999999999998,s-1.7249999999999999,s0
027_1,s-1.2024999999999997,s-0.9249999999999998,s180
027_2,s-0.5175,s-1.7249999999999999,s0
027_3,s-0.16749999999999998,s-0.9249999999999998,s180
027_4,s0.5175,s-1.7249999999999999,s0
027_5,s0.8674999999999999,s-0.9249999999999998,s180
027_6,s1.5524999999999998,s-1.7249999999999999,s0
027_7,s1.9024999999999999,s-0.9249999999999998,s180
027_8,s-1.5524999999999998,s-0.575,s0
027_9,s-1.2024999999999997,s0.2250000000000001,s180
027_10,s-0.5175,s-0.575,s0
027_11,s-0.16749999999999998,s0.2250000000000001,s180
027_12,s1.5524999999999998,s-0.575,s0
027_13,s1.9024999999999999,s0.2250000000000001,s180
027_14,s-1.5524999999999998,s0.575,s0
027_15,s-1.2024999999999997,s1.375,s180
027_16,s-0.5175,s0.575,s0
027_17,s-0.16749999999999998,s1.375,s180
027_18,s1.5524999999999998,s0.575,s0
027_19,s1.9024999999999999,s1.375,s180
027_20,s-1.5524999999999998,s1.7249999999999999,s0
027_21,s-1.2024999999999997,s2.525,s180
027_22,s-0.5175,s1.7249999999999999,s0
027_23,s-0.16749999999999998,s2.525,s180
027_24,s1.5524999999999998,s1.7249999999999999,s0
027_25,s1.9024999999999999,s2.525,s180
027_26,s2.7525,s0.4,s0
028_0,s-2.16,s-2.4000000000000004,s0
028_1,s-1.81,s-1.6000000000000003,s180
028_2,s-0.7200000000000001,s-2.4000000000000004,s0
028_3,s-0.3700000000000001,s-1.6000000000000003,s180
028_4,s0.7200000000000001,s-2.4000000000000004,s0
028_5,s1.07,s-1.6000000000000003,s180
028_6,s2.16,s-2.4000000000000004,s0
028_7,s2.5100000000000002,s-1.6000000000000003,s180
028_8,s-2.16,s-0.8,s0
028_9,s-1.81,s0.0,s180
028_10,s-0.7200000000000001,s-0.8,s0
028_11,s-0.3700000000000001,s0.0,s180
028_12,s2.16,s-0.8,s0
028_13,s2.5100000000000002,s0.0,s180
028_14,s-2.16,s0.8,s0
028_15,s-1.81,s1.6,s180
028_16,s-0.7200000000000001,s0.8,s0
028_17,s-0.3700000000000001,s1.6,s180
028_18,s2.16,s0.8,s0
028_19,s2.5100000000000002,s1.6,s180
029_0,s-2.16,s-2.4000000000000004,s0
029_1,s-1.81,s-1.6000000000000003,s180
029_2,s-0.7200000000000001,s-2.4000000000000004,s0
029_3,s-0.3700000000000001,s-1.6000000000000003,s180
029_4,s0.7200000000000001,s-2.4000000000000004,s0
029_5,s1.07,s-1.6000000000000003,s180
029_6,s2.16,s-2.4000000000000004,s0
029_7,s2.5100000000000002,s-1.6000000000000003,s180
029_8,s-2.16,s-0.8,s0
029_9,s-1.81,s0.0,s180
029_10,s-0.7200000000000001,s-0.8,s0
029_11,s-0.3700000000000001,s0.0,s180
029_12,s2.16,s-0.8,s0
029_13,s2.5100000000000002,s0.0,s180
029_14,s-2.16,s0.8,s0
029_15,s-1.81,s1.6,s180
029_16,s-0.7200000000000001,s0.8,s0
029_17,s-0.3700000000000001,s1.6,s180
029_18,s2.16,s0.8,s0
029_19,s2.5100000000000002,s1.6,s180
029_20,s0.17500000000000004,s-0.40000000000000024,s0
030_0,s-2.16,s-2.4000000000000004,s0
030_1,s-1.81,s-1.6000000000000003,s180
030_2,s-0.7200000000000001,s-2.4000000000000004,s0
030_3,s-0.3700000000000001,s-1.6000000000000003,s180
030_4,s0.7200000000000001,s-2.4000000000000004,s0
030_5,s1.07,s-1.6000000000000003,s180
030_6,s2.16,s-2.4000000000000004,s0
030_7,s2.5100000000000002,s-1.6000000000000003,s180
030_8,s-2.16,s-0.8,s0
030_9,s-1.81,s0.0,s180
030_10,s-0.7200000000000001,s-0.8,s0
030_11,s-0.3700000000000001,s0.0,s180
030_12,s2.16,s-0.8,s0
030_13,s2.5100000000000002,s0.0,s180
030_14,s-2.16,s0.8,s0
030_15,s-1.81,s1.6,s180
030_16,s-0.7200000000000001,s0.8,s0
030_17,s-0.3700000000000001,s1.6,s180
030_18,s2.16,s0.8,s0
030_19,s2.5100000000000002,s1.6,s180
031_0,s-2.16,s-2.4000000000000004,s0
031_1,s-1.81,s-1.6000000000000003,s180
031_2,s-0.7200000000000001,s-2.4000000000000004,s0
031_3,s-0.3700000000000001,s-1.6000000000000003,s180
031_4,s0.7200000000000001,s-2.4000000000000004,s0
031_5,s1.07,s-1.6000000000000003,s180
031_6,s2.16,s-2.4000000000000004,s0
031_7,s2.5100000000000002,s-1.6000000000000003,s180
031_8,s-2.16,s-0.8,s0
031_9,s-1.81,s0.0,s180
031_10,s-0.7200000000000001,s-0.8,s0
031_11,s-0.3700000000000001,s0.0,s180
031_12,s2.16,s-0.8,s0
031_13,s2.5100000000000002,s0.0,s180
031_14,s-2.16,s0.8,s0
031_15,s-1.81,s1.6,s180
031_16,s-0.7200000000000001,s0.8,s0
031_17,s-0.3700000000000001,s1.6,s180
031_18,s2.16,s0.8,s0
031_19,s2.5100000000000002,s1.6,s180
031_20,s0.17500000000000004,s-0.40000000000000024,s0
032_0,s-2.16,s-2.4000000000000004,s0
032_1,s-1.81,s-1.6000000000000003,s180
032_2,s-0.7200000000000001,s-2.4000000000000004,s0
032_3,s-0.3700000000000001,s-1.6000000000000003,s180
032_4,s0.7200000000000001,s-2.4000000000000004,s0
032_5,s1.07,s-1.6000000000000003,s180
032_6,s2.16,s-2.4000000000000004,s0
032_7,s2.5100000000000002,s-1.6000000000000003,s180
032_8,s-2.16,s-0.8,s0
032_9,s-1.81,s0.0,s180
032_10,s-0.7200000000000001,s-0.8,s0
032_11,s-0.3700000000000001,s0.0,s180
032_12,s2.16,s-0.8,s0
032_13,s2.5100000000000002,s0.0,s180
032_14,s-2.16,s0.8,s0
032_15,s-1.81,s1.6,s180
032_16,s-0.7200000000000001,s0.8,s0
032_17,s-0.3700000000000001,s1.6,s180
032_18,s2.16,s0.8,s0
032_19,s2.5100000000000002,s1.6,s180
033_0,s-2.16,s-2.4000000000000004,s0
033_1,s-1.81,s-1.6000000000000003,s180
033_2,s-0.7200000000000001,s-2.4000000000000004,s0
033_3,s-0.3700000000000001,s-1.6000000000000003,s180
033_4,s0.7200000000000001,s-2.4000000000000004,s0
033_5,s1.07,s-1.6000000000000003,s180
033_6,s2.16,s-2.4000000000000004,s0
033_7,s2.5100000000000002,s-1.6000000000000003,s180
033_8,s-2.16,s-0.8,s0
033_9,s-1.81,s0.0,s180
033_10,s-0.7200000000000001,s-0.8,s0
033_11,s-0.3700000000000001,s0.0,s180
033_12,s2.16,s-0.8,s0
033_13,s2.5100000000000002,s0.0,s180
033_14,s-2.16,s0.8,s0
033_15,s-1.81,s1.6,s180
033_16,s-0.7200000000000001,s0.8,s0
033_17,s-0.3700000000000001,s1.6,s180
033_18,s2.16,s0.8,s0
033_19,s2.5100000000000002,s1.6,s180
033_20,s0.17500000000000004,s-0.40000000000000024,s0
034_0,s-2.07,s-1.7249999999999999,s0
034_1,s-1.7199999999999998,s-0.9249999999999998,s180
034_2,s-1.035,s-1.7249999999999999,s0
034_3,s-0.6849999999999999,s-0.9249999999999998,s180
034_4,s0.0,s-1.7249999999999999,s0
034_5,s0.35,s-0.9249999999999998,s180
034_6,s1.035,s-1.7249999999999999,s0
034_7,s1.3849999999999998,s-0.9249999999999998,s180
034_8,s2.07,s-1.7249999999999999,s0
034_9,s2.42,s-0.9249999999999998,s180
034_10,s-2.07,s-0.575,s0
034_11,s-1.7199999999999998,s0.2250000000000001,s180
034_12,s-1.035,s-0.575,s0
034_13,s-0.6849999999999999,s0.2250000000000001,s180
034_14,s0.0,s-0.575,s0
034_15,s0.35,s0.2250000000000001,s180
034_16,s2.07,s-0.575,s0
034_17,s2.42,s0.2250000000000001,s180
034_18,s-2.07,s0.575,s0
034_19,s-1.7199999999999998,s1.375,s180
034_20,s-1.035,s0.575,s0
034_21,s-0.6849999999999999,s1.375,s180
034_22,s0.0,s0.575,s0
034_23,s0.35,s1.375,s180
034_24,s2.07,s0.575,s0
034_25,s2.42,s1.375,s180
034_26,s-2.07,s1.7249999999999999,s0
034_27,s-1.7199999999999998,s2.525,s180
034_28,s-1.035,s1.7249999999999999,s0
034_29,s-0.6849999999999999,s2.525,s180
034_30,s0.0,s1.7249999999999999,s0
034_31,s0.35,s2.525,s180
034_32,s2.07,s1.7249999999999999,s0
034_33,s2.42,s2.525,s180
035_0,s-2.07,s-1.7249999999999999,s0
035_1,s-1.7199999999999998,s-0.9249999999999998,s180
035_2,s-1.035,s-1.7249999999999999,s0
035_3,s-0.6849999999999999,s-0.9249999999999998,s180
035_4,s0.0,s-1.7249999999999999,s0
035_5,s0.35,s-0.9249999999999998,s180
035_6,s1.035,s-1.7249999999999999,s0
035_7,s1.3849999999999998,s-0.9249999999999998,s180
035_8,s2.07,s-1.7249999999999999,s0
035_9,s2.42,s-0.9249999999999998,s180
035_10,s-2.07,s-0.575,s0
035_11,s-1.7199999999999998,s0.2250000000000001,s180
035_12,s-1.035,s-0.575,s0
035_13,s-0.6849999999999999,s0.2250000000000001,s180
035_14,s0.0,s-0.575,s0
035_15,s0.35,s0.2250000000000001,s180
035_16,s2.07,s-0.575,s0
035_17,s2.42,s0.2250000000000001,s180
035_18,s-2.07,s0.575,s0
035_19,s-1.7199999999999998,s1.375,s180
035_20,s-1.035,s0.575,s0
035_21,s-0.6849999999999999,s1.375,s180
035_22,s0.0,s0.575,s0
035_23,s0.35,s1.375,s180
035_24,s2.07,s0.575,s0
035_25,s2.42,s1.375,s180
035_26,s-2.07,s1.7249999999999999,s0
035_27,s-1.7199999999999998,s2.525,s180
035_28,s-1.035,s1.7249999999999999,s0
035_29,s-0.6849999999999999,s2.525,s180
035_30,s0.0,s1.7249999999999999,s0
035_31,s0.35,s2.525,s180
035_32,s2.07,s1.7249999999999999,s0
035_33,s2.42,s2.525,s180
035_34,s3.27,s0.4,s0
036_0,s-2.8800000000000003,s-2.4000000000000004,s0
036_1,s-2.5300000000000002,s-1.6000000000000003,s180
036_2,s-1.4400000000000002,s-2.4000000000000004,s0
036_3,s-1.0900000000000003,s-1.6000000000000003,s180
036_4,s0.0,s-2.4000000000000004,s0
036_5,s0.35,s-1.6000000000000003,s180
036_6,s1.4400000000000002,s-2.4000000000000004,s0
036_7,s1.79,s-1.6000000000000003,s180
036_8,s2.8800000000000003,s-2.4000000000000004,s0
036_9,s3.2300000000000004,s-1.6000000000000003,s180
036_10,s-2.8800000000000003,s-0.8,s0
036_11,s-2.5300000000000002,s0.0,s180
036_12,s-1.4400000000000002,s-0.8,s0
036_13,s-1.0900000000000003,s0.0,s180
036_14,s0.0,s-0.8,s0
036_15,s0.35,s0.0,s180
036_16,s2.8800000000000003,s-0.8,s0
036_17,s3.2300000000000004,s0.0,s180
036_18,s-2.8800000000000003,s0.8,s0
036_19,s-2.5300000000000002,s1.6,s180
036_20,s-1.4400000000000002,s0.8,s0
036_21,s-1.0900000000000003,s1.6,s180
036_22,s0.0,s0.8,s0
036_23,s0.35,s1.6,s180
036_24,s2.8800000000000003,s0.8,s0
036_25,s3.2300000000000004,s1.6,s180
036_26,s-2.8800000000000003,s2.4000000000000004,s0
036_27,s-2.5300000000000002,s3.2,s180
037_0,s-2.8800000000000003,s-2.4000000000000004,s0
037_1,s-2.5300000000000002,s-1.6000000000000003,s180
037_2,s-1.4400000000000002,s-2.4000000000000004,s0
037_3,s-1.0900000000000003,s-1.6000000000000003,s180
037_4,s0.0,s-2.4000000000000004,s0
037_5,s0.35,s-1.6000000000000003,s180
037_6,s1.4400000000000002,s-2.4000000000000004,s0
037_7,s1.79,s-1.6000000000000003,s180
037_8,s2.8800000000000003,s-2.4000000000000004,s0
037_9,s3.2300000000000004,s-1.6000000000000003,s180
037_10,s-2.8800000000000003,s-0.8,s0
037_11,s-2.5300000000000002,s0.0,s180
037_12,s-1.4400000000000002,s-0.8,s0
037_13,s-1.0900000000000003,s0.0,s180
037_14,s0.0,s-0.8,s0
037_15,s0.35,s0.0,s180
037_16,s2.8800000000000003,s-0.8,s0
037_17,s3.2300000000000004,s0.0,s180
037_18,s-2.8800000000000003,s0.8,s0
037_19,s-2.5300000000000002,s1.6,s180
037_20,s-1.4400000000000002,s0.8,s0
037_21,s-1.0900000000000003,s1.6,s180
037_22,s0.0,s0.8,s0
037_23,s0.35,s1.6,s180
037_24,s2.8800000000000003,s0.8,s0
037_25,s3.2300000000000004,s1.6,s180
037_26,s-2.8800000000000003,s2.4000000000000004,s0
037_27,s-2.5300000000000002,s3.2,s180
037_28,s4.08,s0.3999999999999997,s0
038_0,s-2.8800000000000003,s-2.4000000000000004,s0
038_1,s-2.5300000000000002,s-1.6000000000000003,s180
038_2,s-1.4400000000000002,s-2.4000000000000004,s0
038_3,s-1.0900000000000003,s-1.6000000000000003,s180
038_4,s0.0,s-2.4000000000000004,s0
038_5,s0.35,s-1.6000000000000003,s180
038_6,s1.4400000000000002,s-2.4000000000000004,s0
038_7,s1.79,s-1.6000000000000003,s180
038_8,s2.8800000000000003,s-2.4000000000000004,s0
038_9,s3.2300000000000004,s-1.6000000000000003,s180
038_10,s-2.8800000000000003,s-0.8,s0
038_11,s-2.5300000000000002,s0.0,s180
038_12,s-1.4400000000000002,s-0.8,s0
038_13,s-1.0900000000000003,s0.0,s180
038_14,s0.0,s-0.8,s0
038_15,s0.35,s0.0,s180
038_16,s2.8800000000000003,s-0.8,s0
038_17,s3.2300000000000004,s0.0,s180
038_18,s-2.8800000000000003,s0.8,s0
038_19,s-2.5300000000000002,s1.6,s180
038_20,s-1.4400000000000002,s0.8,s0
038_21,s-1.0900000000000003,s1.6,s180
038_22,s0.0,s0.8,s0
038_23,s0.35,s1.6,s180
038_24,s2.8800000000000003,s0.8,s0
038_25,s3.2300000000000004,s1.6,s180
038_26,s-2.8800000000000003,s2.4000000000000004,s0
038_27,s-2.5300000000000002,s3.2,s180
039_0,s-2.8800000000000003,s-2.4000000000000004,s0
039_1,s-2.5300000000000002,s-1.6000000000000003,s180
039_2,s-1.4400000000000002,s-2.4000000000000004,s0
039_3,s-1.0900000000000003,s-1.6000000000000003,s180
039_4,s0.0,s-2.4000000000000004,s0
039_5,s0.35,s-1.6000000000000003,s180
039_6,s1.4400000000000002,s-2.4000000000000004,s0
039_7,s1.79,s-1.6000000000000003,s180
039_8,s2.8800000000000003,s-2.4000000000000004,s0
039_9,s3.2300000000000004,s-1.6000000000000003,s180
039_10,s-2.8800000000000003,s-0.8,s0
039_11,s-2.5300000000000002,s0.0,s180
039_12,s-1.4400000000000002,s-0.8,s0
039_13,s-1.0900000000000003,s0.0,s180
039_14,s0.0,s-0.8,s0
039_15,s0.35,s0.0,s180
039_16,s2.8800000000000003,s-0.8,s0
039_17,s3.2300000000000004,s0.0,s180
039_18,s-2.8800000000000003,s0.8,s0
039_19,s-2.5300000000000002,s1.6,s180
039_20,s-1.4400000000000002,s0.8,s0
039_21,s-1.0900000000000003,s1.6,s180
039_22,s0.0,s0.8,s0
039_23,s0.35,s1.6,s180
039_24,s2.8800000000000003,s0.8,s0
039_25,s3.2300000000000004,s1.6,s180
039_26,s-2.8800000000000003,s2.4000000000000004,s0
039_27,s-2.5300000000000002,s3.2,s180
039_28,s4.08,s0.3999999999999997,s0
040_0,s-2.8800000000000003,s-2.4000000000000004,s0
040_1,s-2.5300000000000002,s-1.6000000000000003,s180
040_2,s-1.4400000000000002,s-2.4000000000000004,s0
040_3,s-1.0900000000000003,s-1.6000000000000003,s180
040_4,s0.0,s-2.4000000000000004,s0
040_5,s0.35,s-1.6000000000000003,s180
040_6,s1.4400000000000002,s-2.4000000000000004,s0
040_7,s1.79,s-1.6000000000000003,s180
040_8,s2.8800000000000003,s-2.4000000000000004,s0
040_9,s3.2300000000000004,s-1.6000000000000003,s180
040_10,s-2.8800000000000003,s-0.8,s0
040_11,s-2.5300000000000002,s0.0,s180
040_12,s-1.4400000000000002,s-0.8,s0
040_13,s-1.0900000000000003,s0.0,s180
040_14,s0.0,s-0.8,s0
040_15,s0.35,s0.0,s180
040_16,s2.8800000000000003,s-0.8,s0
040_17,s3.2300000000000004,s0.0,s180
040_18,s-2.8800000000000003,s0.8,s0
040_19,s-2.5300000000000002,s1.6,s180
040_20,s-1.4400000000000002,s0.8,s0
040_21,s-1.0900000000000003,s1.6,s180
040_22,s0.0,s0.8,s0
040_23,s0.35,s1.6,s180
040_24,s2.8800000000000003,s0.8,s0
040_25,s3.2300000000000004,s1.6,s180
040_26,s-2.8800000000000003,s2.4000000000000004,s0
040_27,s-2.5300000000000002,s3.2,s180
041_0,s-2.8800000000000003,s-2.4000000000000004,s0
041_1,s-2.5300000000000002,s-1.6000000000000003,s180
041_2,s-1.4400000000000002,s-2.4000000000000004,s0
041_3,s-1.0900000000000003,s-1.6000000000000003,s180
041_4,s0.0,s-2.4000000000000004,s0
041_5,s0.35,s-1.6000000000000003,s180
041_6,s1.4400000000000002,s-2.4000000000000004,s0
041_7,s1.79,s-1.6000000000000003,s180
041_8,s2.8800000000000003,s-2.4000000000000004,s0
041_9,s3.2300000000000004,s-1.6000000000000003,s180
041_10,s-2.8800000000000003,s-0.8,s0
041_11,s-2.5300000000000002,s0.0,s180
041_12,s-1.4400000000000002,s-0.8,s0
041_13,s-1.0900000000000003,s0.0,s180
041_14,s0.0,s-0.8,s0
041_15,s0.35,s0.0,s180
041_16,s2.8800000000000003,s-0.8,s0
041_17,s3.2300000000000004,s0.0,s180
041_18,s-2.8800000000000003,s0.8,s0
041_19,s-2.5300000000000002,s1.6,s180
041_20,s-1.4400000000000002,s0.8,s0
041_21,s-1.0900000000000003,s1.6,s180
041_22,s0.0,s0.8,s0
041_23,s0.35,s1.6,s180
041_24,s2.8800000000000003,s0.8,s0
041_25,s3.2300000000000004,s1.6,s180
041_26,s-2.8800000000000003,s2.4000000000000004,s0
041_27,s-2.5300000000000002,s3.2,s180
041_28,s4.08,s0.3999999999999997,s0
042_0,s-2.3400000000000003,s-2.6,s0
042_1,s-1.9900000000000002,s-1.8,s180
042_2,s-1.1700000000000002,s-2.6,s0
042_3,s-0.8200000000000002,s-1.8,s180
042_4,s0.0,s-2.6,s0
042_5,s0.35,s-1.8,s180
042_6,s2.3400000000000003,s-2.6,s0
042_7,s2.6900000000000004,s-1.8,s180
042_8,s-2.3400000000000003,s-1.3,s0
042_9,s-1.9900000000000002,s-0.5,s180
042_10,s-1.1700000000000002,s-1.3,s0
042_11,s-0.8200000000000002,s-0.5,s180
042_12,s0.0,s-1.3,s0
042_13,s0.35,s-0.5,s180
042_14,s2.3400000000000003,s-1.3,s0
042_15,s2.6900000000000004,s-0.5,s180
042_16,s-2.3400000000000003,s0.0,s0
042_17,s-1.9900000000000002,s0.8,s180
042_18,s-1.1700000000000002,s0.0,s0
042_19,s-0.8200000000000002,s0.8,s180
042_20,s0.0,s0.0,s0
042_21,s0.35,s0.8,s180
042_22,s2.3400000000000003,s0.0,s0
042_23,s2.6900000000000004,s0.8,s180
042_24,s-2.3400000000000003,s1.3,s0
042_25,s-1.9900000000000002,s2.1,s180
042_26,s-1.1700000000000002,s1.3,s0
042_27,s-0.8200000000000002,s2.1,s180
042_28,s0.0,s1.3,s0
042_29,s0.35,s2.1,s180
042_30,s2.3400000000000003,s1.3,s0
042_31,s2.6900000000000004,s2.1,s180
042_32,s-2.3400000000000003,s2.6,s0
042_33,s-1.9900000000000002,s3.4000000000000004,s180
042_34,s-1.1700000000000002,s2.6,s0
042_35,s-0.8200000000000002,s3.4000000000000004,s180
042_36,s0.0,s2.6,s0
042_37,s0.35,s3.4000000000000004,s180
042_38,s1.1700000000000002,s2.6,s0
042_39,s1.52,s3.4000000000000004,s180
042_40,s2.3400000000000003,s2.6,s0
042_41,s2.6900000000000004,s3.4000000000000004,s180
043_0,s-2.3400000000000003,s-2.6,s0
043_1,s-1.9900000000000002,s-1.8,s180
043_2,s-1.1700000000000002,s-2.6,s0
043_3,s-0.8200000000000002,s-1.8,s180
043_4,s0.0,s-2.6,s0
043_5,s0.35,s-1.8,s180
043_6,s2.3400000000000003,s-2.6,s0
043_7,s2.6900000000000004,s-1.8,s180
043_8,s-2.3400000000000003,s-1.3,s0
043_9,s-1.9900000000000002,s-0.5,s180
043_10,s-1.1700000000000002,s-1.3,s0
043_11,s-0.8200000000000002,s-0.5,s180
043_12,s0.0,s-1.3,s0
043_13,s0.35,s-0.5,s180
043_14,s2.3400000000000003,s-1.3,s0
043_15,s2.6900000000000004,s-0.5,s180
043_16,s-2.3400000000000003,s0.0,s0
043_17,s-1.9900000000000002,s0.8,s180
043_18,s-1.1700000000000002,s0.0,s0
043_19,s-0.8200000000000002,s0.8,s180
043_20,s0.0,s0.0,s0
043_21,s0.35,s0.8,s180
043_22,s2.3400000000000003,s0.0,s0
043_23,s2.6900000000000004,s0.8,s180
043_24,s-2.3400000000000003,s1.3,s0
043_25,s-1.9900000000000002,s2.1,s180
043_26,s-1.1700000000000002,s1.3,s0
043_27,s-0.8200000000000002,s2.1,s180
043_28,s0.0,s1.3,s0
043_29,s0.35,s2.1,s180
043_30,s2.3400000000000003,s1.3,s0
043_31,s2.6900000000000004,s2.1,s180
043_32,s-2.3400000000000003,s2.6,s0
043_33,s-1.9900000000000002,s3.4000000000000004,s180
043_34,s-1.1700000000000002,s2.6,s0
043_35,s-0.8200000000000002,s3.4000000000000004,s180
043_36,s0.0,s2.6,s0
043_37,s0.35,s3.4000000000000004,s180
043_38,s1.1700000000000002,s2.6,s0
043_39,s1.52,s3.4000000000000004,s180
043_40,s2.3400000000000003,s2.6,s0
043_41,s2.6900000000000004,s3.4000000000000004,s180
043_42,s3.5400000000000005,s0.40000000000000036,s0
044_0,s-2.8800000000000003,s-3.2,s0
044_1,s-2.5300000000000002,s-2.4000000000000004,s180
044_2,s-2.8800000000000003,s-1.6,s0
044_3,s-2.5300000000000002,s-0.8,s180
044_4,s-1.4400000000000002,s-1.6,s0
044_5,s-1.0900000000000003,s-0.8,s180
044_6,s0.0,s-1.6,s0
044_7,s0.35,s-0.8,s180
044_8,s2.8800000000000003,s-1.6,s0
044_9,s3.2300000000000004,s-0.8,s180
044_10,s-2.8800000000000003,s0.0,s0
044_11,s-2.5300000000000002,s0.8,s180
044_12,s-1.4400000000000002,s0.0,s0
044_13,s-1.0900000000000003,s0.8,s180
044_14,s0.0,s0.0,s0
044_15,s0.35,s0.8,s180
044_16,s2.8800000000000003,s0.0,s0
044_17,s3.2300000000000004,s0.8,s180
044_18,s-2.8800000000000003,s1.6,s0
044_19,s-2.5300000000000002,s2.4000000000000004,s180
044_20,s-1.4400000000000002,s1.6,s0
044_21,s-1.0900000000000003,s2.4000000000000004,s180
044_22,s0.0,s1.6,s0
044_23,s0.35,s2.4000000000000004,s180
044_24,s1.4400000000000002,s1.6,s0
044_25,s1.79,s2.4000000000000004,s180
044_26,s2.8800000000000003,s1.6,s0
044_27,s3.2300000000000004,s2.4000000000000004,s180
044_28,s-2.8800000000000003,s3.2,s0
044_29,s-2.5300000000000002,s4.0,s180
044_30,s-1.4400000000000002,s3.2,s0
044_31,s-1.0900000000000003,s4.0,s180
044_32,s0.0,s3.2,s0
044_33,s0.35,s4.0,s180
044_34,s2.8800000000000003,s3.2,s0
044_35,s3.2300000000000004,s4.0,s180
045_0,s-2.8800000000000003,s-3.2,s0
045_1,s-2.5300000000000002,s-2.4000000000000004,s180
045_2,s-2.8800000000000003,s-1.6,s0
045_3,s-2.5300000000000002,s-0.8,s180
045_4,s-1.4400000000000002,s-1.6,s0
045_5,s-1.0900000000000003,s-0.8,s180
045_6,s0.0,s-1.6,s0
045_7,s0.35,s-0.8,s180
045_8,s2.8800000000000003,s-1.6,s0
045_9,s3.2300000000000004,s-0.8,s180
045_10,s-2.8800000000000003,s0.0,s0
045_11,s-2.5300000000000002,s0.8,s180
045_12,s-1.4400000000000002,s0.0,s0
045_13,s-1.0900000000000003,s0.8,s180
045_14,s0.0,s0.0,s0
045_15,s0.35,s0.8,s180
045_16,s2.8800000000000003,s0.0,s0
045_17,s3.2300000000000004,s0.8,s180
045_18,s-2.8800000000000003,s1.6,s0
045_19,s-2.5300000000000002,s2.4000000000000004,s180
045_20,s-1.4400000000000002,s1.6,s0
045_21,s-1.0900000000000003,s2.4000000000000004,s180
045_22,s0.0,s1.6,s0
045_23,s0.35,s2.4000000000000004,s180
045_24,s1.4400000000000002,s1.6,s0
045_25,s1.79,s2.4000000000000004,s180
045_26,s2.8800000000000003,s1.6,s0
045_27,s3.2300000000000004,s2.4000000000000004,s180
045_28,s-2.8800000000000003,s3.2,s0
045_29,s-2.5300000000000002,s4.0,s180
045_30,s-1.4400000000000002,s3.2,s0
045_31,s-1.0900000000000003,s4.0,s180
045_32,s0.0,s3.2,s0
045_33,s0.35,s4.0,s180
045_34,s2.8800000000000003,s3.2,s0
045_35,s3.2300000000000004,s4.0,s180
045_36,s4.08,s0.40000000000000013,s0
046_0,s-2.8800000000000003,s-3.2,s0
046_1,s-2.5300000000000002,s-2.4000000000000004,s180
046_2,s-2.8800000000000003,s-1.6,s0
046_3,s-2.5300000000000002,s-0.8,s180
046_4,s-1.4400000000000002,s-1.6,s0
046_5,s-1.0900000000000003,s-0.8,s180
046_6,s0.0,s-1.6,s0
046_7,s0.35,s-0.8,s180
046_8,s2.8800000000000003,s-1.6,s0
046_9,s3.2300000000000004,s-0.8,s180
046_10,s-2.8800000000000003,s0.0,s0
046_11,s-2.5300000000000002,s0.8,s180
046_12,s-1.4400000000000002,s0.0,s0
046_13,s-1.0900000000000003,s0.8,s180
046_14,s0.0,s0.0,s0
046_15,s0.35,s0.8,s180
046_16,s2.8800000000000003,s0.0,s0
046_17,s3.2300000000000004,s0.8,s180
046_18,s-2.8800000000000003,s1.6,s0
046_19,s-2.5300000000000002,s2.4000000000000004,s180
046_20,s-1.4400000000000002,s1.6,s0
046_21,s-1.0900000000000003,s2.4000000000000004,s180
046_22,s0.0,s1.6,s0
046_23,s0.35,s2.4000000000000004,s180
046_24,s1.4400000000000002,s1.6,s0
046_25,s1.79,s2.4000000000000004,s180
046_26,s2.8800000000000003,s1.6,s0
046_27,s3.2300000000000004,s2.4000000000000004,s180
046_28,s-2.8800000000000003,s3.2,s0
046_29,s-2.5300000000000002,s4.0,s180
046_30,s-1.4400000000000002,s3.2,s0
046_31,s-1.0900000000000003,s4.0,s180
046_32,s0.0,s3.2,s0
046_33,s0.35,s4.0,s180
046_34,s2.8800000000000003,s3.2,s0
046_35,s3.2300000000000004,s4.0,s180
047_0,s-2.8800000000000003,s-3.2,s0
047_1,s-2.5300000000000002,s-2.4000000000000004,s180
047_2,s-2.8800000000000003,s-1.6,s0
047_3,s-2.5300000000000002,s-0.8,s180
047_4,s-1.4400000000000002,s-1.6,s0
047_5,s-1.0900000000000003,s-0.8,s180
047_6,s0.0,s-1.6,s0
047_7,s0.35,s-0.8,s180
047_8,s2.8800000000000003,s-1.6,s0
047_9,s3.2300000000000004,s-0.8,s180
047_10,s-2.8800000000000003,s0.0,s0
047_11,s-2.5300000000000002,s0.8,s180
047_12,s-1.4400000000000002,s0.0,s0
047_13,s-1.0900000000000003,s0.8,s180
047_14,s0.0,s0.0,s0
047_15,s0.35,s0.8,s180
047_16,s2.8800000000000003,s0.0,s0
047_17,s3.2300000000000004,s0.8,s180
047_18,s-2.8800000000000003,s1.6,s0
047_19,s-2.5300000000000002,s2.4000000000000004,s180
047_20,s-1.4400000000000002,s1.6,s0
047_21,s-1.0900000000000003,s2.4000000000000004,s180
047_22,s0.0,s1.6,s0
047_23,s0.35,s2.4000000000000004,s180
047_24,s1.4400000000000002,s1.6,s0
047_25,s1.79,s2.4000000000000004,s180
047_26,s2.8800000000000003,s1.6,s0
047_27,s3.2300000000000004,s2.4000000000000004,s180
047_28,s-2.8800000000000003,s3.2,s0
047_29,s-2.5300000000000002,s4.0,s180
047_30,s-1.4400000000000002,s3.2,s0
047_31,s-1.0900000000000003,s4.0,s180
047_32,s0.0,s3.2,s0
047_33,s0.35,s4.0,s180
047_34,s2.8800000000000003,s3.2,s0
047_35,s3.2300000000000004,s4.0,s180
047_36,s4.08,s0.40000000000000013,s0
048_0,s-2.8800000000000003,s-3.2,s0
048_1,s-2.5300000000000002,s-2.4000000000000004,s180
048_2,s-2.8800000000000003,s-1.6,s0
048_3,s-2.5300000000000002,s-0.8,s180
048_4,s-1.4400000000000002,s-1.6,s0
048_5,s-1.0900000000000003,s-0.8,s180
048_6,s0.0,s-1.6,s0
048_7,s0.35,s-0.8,s180
048_8,s2.8800000000000003,s-1.6,s0
048_9,s3.2300000000000004,s-0.8,s180
048_10,s-2.8800000000000003,s0.0,s0
048_11,s-2.5300000000000002,s0.8,s180
048_12,s-1.4400000000000002,s0.0,s0
048_13,s-1.0900000000000003,s0.8,s180
048_14,s0.0,s0.0,s0
048_15,s0.35,s0.8,s180
048_16,s2.8800000000000003,s0.0,s0
048_17,s3.2300000000000004,s0.8,s180
048_18,s-2.8800000000000003,s1.6,s0
048_19,s-2.5300000000000002,s2.4000000000000004,s180
048_20,s-1.4400000000000002,s1.6,s0
048_21,s-1.0900000000000003,s2.4000000000000004,s180
048_22,s0.0,s1.6,s0
048_23,s0.35,s2.4000000000000004,s180
048_24,s1.4400000000000002,s1.6,s0
048_25,s1.79,s2.4000000000000004,s180
048_26,s2.8800000000000003,s1.6,s0
048_27,s3.2300000000000004,s2.4000000000000004,s180
048_28,s-2.8800000000000003,s3.2,s0
048_29,s-2.5300000000000002,s4.0,s180
048_30,s-1.4400000000000002,s3.2,s0
048_31,s-1.0900000000000003,s4.0,s180
048_32,s0.0,s3.2,s0
048_33,s0.35,s4.0,s180
048_34,s2.8800000000000003,s3.2,s0
048_35,s3.2300000000000004,s4.0,s180
049_0,s-2.8800000000000003,s-3.2,s0
049_1,s-2.5300000000000002,s-2.4000000000000004,s180
049_2,s-2.8800000000000003,s-1.6,s0
049_3,s-2.5300000000000002,s-0.8,s180
049_4,s-1.4400000000000002,s-1.6,s0
049_5,s-1.0900000000000003,s-0.8,s180
049_6,s0.0,s-1.6,s0
049_7,s0.35,s-0.8,s180
049_8,s2.8800000000000003,s-1.6,s0
049_9,s3.2300000000000004,s-0.8,s180
049_10,s-2.8800000000000003,s0.0,s0
049_11,s-2.5300000000000002,s0.8,s180
049_12,s-1.4400000000000002,s0.0,s0
049_13,s-1.0900000000000003,s0.8,s180
049_14,s0.0,s0.0,s0
049_15,s0.35,s0.8,s180
049_16,s2.8800000000000003,s0.0,s0
049_17,s3.2300000000000004,s0.8,s180
049_18,s-2.8800000000000003,s1.6,s0
049_19,s-2.5300000000000002,s2.4000000000000004,s180
049_20,s-1.4400000000000002,s1.6,s0
049_21,s-1.0900000000000003,s2.4000000000000004,s180
049_22,s0.0,s1.6,s0
049_23,s0.35,s2.4000000000000004,s180
049_24,s1.4400000000000002,s1.6,s0
049_25,s1.79,s2.4000000000000004,s180
049_26,s2.8800000000000003,s1.6,s0
049_27,s3.2300000000000004,s2.4000000000000004,s180
049_28,s-2.8800000000000003,s3.2,s0
049_29,s-2.5300000000000002,s4.0,s180
049_30,s-1.4400000000000002,s3.2,s0
049_31,s-1.0900000000000003,s4.0,s180
049_32,s0.0,s3.2,s0
049_33,s0.35,s4.0,s180
049_34,s2.8800000000000003,s3.2,s0
049_35,s3.2300000000000004,s4.0,s180
049_36,s4.08,s0.40000000000000013,s0
050_0,s-2.9250000000000003,s-2.6,s0
050_1,s-2.575,s-1.8,s180
050_2,s-1.7550000000000003,s-2.6,s0
050_3,s-1.4050000000000002,s-1.8,s180
050_4,s-0.5850000000000001,s-2.6,s0
050_5,s-0.2350000000000001,s-1.8,s180
050_6,s1.7550000000000003,s-2.6,s0
050_7,s2.1050000000000004,s-1.8,s180
050_8,s2.9250000000000003,s-2.6,s0
050_9,s3.2750000000000004,s-1.8,s180
050_10,s-2.9250000000000003,s-1.3,s0
050_11,s-2.575,s-0.5,s180
050_12,s-1.7550000000000003,s-1.3,s0
050_13,s-1.4050000000000002,s-0.5,s180
050_14,s-0.5850000000000001,s-1.3,s0
050_15,s-0.2350000000000001,s-0.5,s180
050_16,s1.7550000000000003,s-1.3,s0
050_17,s2.1050000000000004,s-0.5,s180
050_18,s2.9250000000000003,s-1.3,s0
050_19,s3.2750000000000004,s-0.5,s180
050_20,s-2.9250000000000003,s0.0,s0
050_21,s-2.575,s0.8,s180
050_22,s-1.7550000000000003,s0.0,s0
050_23,s-1.4050000000000002,s0.8,s180
050_24,s-0.5850000000000001,s0.0,s0
050_25,s-0.2350000000000001,s0.8,s180
050_26,s1.7550000000000003,s0.0,s0
050_27,s2.1050000000000004,s0.8,s180
050_28,s2.9250000000000003,s0.0,s0
050_29,s3.2750000000000004,s0.8,s180
050_30,s-2.9250000000000003,s1.3,s0
050_31,s-2.575,s2.1,s180
050_32,s-1.7550000000000003,s1.3,s0
050_33,s-1.4050000000000002,s2.1,s180
050_34,s-0.5850000000000001,s1.3,s0
050_35,s-0.2350000000000001,s2.1,s180
050_36,s1.7550000000000003,s1.3,s0
050_37,s2.1050000000000004,s2.1,s180
050_38,s2.9250000000000003,s1.3,s0
050_39,s3.2750000000000004,s2.1,s180
050_40,s-2.9250000000000003,s2.6,s0
050_41,s-2.575,s3.4000000000000004,s180
050_42,s-1.7550000000000003,s2.6,s0
050_43,s-1.4050000000000002,s3.4000000000000004,s180
050_44,s-0.5850000000000001,s2.6,s0
050_45,s-0.2350000000000001,s3.4000000000000004,s180
050_46,s0.5850000000000001,s2.6,s0
050_47,s0.935,s3.4000000000000004,s180
050_48,s1.7550000000000003,s2.6,s0
050_49,s2.1050000000000004,s3.4000000000000004,s180
051_0,s-2.9250000000000003,s-2.6,s0
051_1,s-2.575,s-1.8,s180
051_2,s-1.7550000000000003,s-2.6,s0
051_3,s-1.4050000000000002,s-1.8,s180
051_4,s-0.5850000000000001,s-2.6,s0
051_5,s-0.2350000000000001,s-1.8,s180
051_6,s1.7550000000000003,s-2.6,s0
051_7,s2.1050000000000004,s-1.8,s180
051_8,s2.9250000000000003,s-2.6,s0
051_9,s3.2750000000000004,s-1.8,s180
051_10,s-2.9250000000000003,s-1.3,s0
051_11,s-2.575,s-0.5,s180
051_12,s-1.7550000000000003,s-1.3,s0
051_13,s-1.4050000000000002,s-0.5,s180
051_14,s-0.5850000000000001,s-1.3,s0
051_15,s-0.2350000000000001,s-0.5,s180
051_16,s1.7550000000000003,s-1.3,s0
051_17,s2.1050000000000004,s-0.5,s180
051_18,s2.9250000000000003,s-1.3,s0
051_19,s3.2750000000000004,s-0.5,s180
051_20,s-2.9250000000000003,s0.0,s0
051_21,s-2.575,s0.8,s180
051_22,s-1.7550000000000003,s0.0,s0
051_23,s-1.4050000000000002,s0.8,s180
051_24,s-0.5850000000000001,s0.0,s0
051_25,s-0.2350000000000001,s0.8,s180
051_26,s1.7550000000000003,s0.0,s0
051_27,s2.1050000000000004,s0.8,s180
051_28,s2.9250000000000003,s0.0,s0
051_29,s3.2750000000000004,s0.8,s180
051_30,s-2.9250000000000003,s1.3,s0
051_31,s-2.575,s2.1,s180
051_32,s-1.7550000000000003,s1.3,s0
051_33,s-1.4050000000000002,s2.1,s180
051_34,s-0.5850000000000001,s1.3,s0
051_35,s-0.2350000000000001,s2.1,s180
051_36,s1.7550000000000003,s1.3,s0
051_37,s2.1050000000000004,s2.1,s180
051_38,s2.9250000000000003,s1.3,s0
051_39,s3.2750000000000004,s2.1,s180
051_40,s-2.9250000000000003,s2.6,s0
051_41,s-2.575,s3.4000000000000004,s180
051_42,s-1.7550000000000003,s2.6,s0
051_43,s-1.4050000000000002,s3.4000000000000004,s180
051_44,s-0.5850000000000001,s2.6,s0
051_45,s-0.2350000000000001,s3.4000000000000004,s180
051_46,s0.5850000000000001,s2.6,s0
051_47,s0.935,s3.4000000000000004,s180
051_48,s1.7550000000000003,s2.6,s0
051_49,s2.1050000000000004,s3.4000000000000004,s180
051_50,s4.125,s0.40000000000000036,s0
052_0,s-2.9250000000000003,s-2.6,s0
052_1,s-2.575,s-1.8,s180
052_2,s-1.7550000000000003,s-2.6,s0
052_3,s-1.4050000000000002,s-1.8,s180
052_4,s-0.5850000000000001,s-2.6,s0
052_5,s-0.2350000000000001,s-1.8,s180
052_6,s1.7550000000000003,s-2.6,s0
052_7,s2.1050000000000004,s-1.8,s180
052_8,s2.9250000000000003,s-2.6,s0
052_9,s3.2750000000000004,s-1.8,s180
052_10,s-2.9250000000000003,s-1.3,s0
052_11,s-2.575,s-0.5,s180
052_12,s-1.7550000000000003,s-1.3,s0
052_13,s-1.4050000000000002,s-0.5,s180
052_14,s-0.5850000000000001,s-1.3,s0
052_15,s-0.2350000000000001,s-0.5,s180
052_16,s1.7550000000000003,s-1.3,s0
052_17,s2.1050000000000004,s-0.5,s180
052_18,s2.9250000000000003,s-1.3,s0
052_19,s3.2750000000000004,s-0.5,s180
052_20,s-2.9250000000000003,s0.0,s0
052_21,s-2.575,s0.8,s180
052_22,s-1.7550000000000003,s0.0,s0
052_23,s-1.4050000000000002,s0.8,s180
052_24,s-0.5850000000000001,s0.0,s0
052_25,s-0.2350000000000001,s0.8,s180
052_26,s1.7550000000000003,s0.0,s0
052_27,s2.1050000000000004,s0.8,s180
052_28,s2.9250000000000003,s0.0,s0
052_29,s3.2750000000000004,s0.8,s180
052_30,s-2.9250000000000003,s1.3,s0
052_31,s-2.575,s2.1,s180
052_32,s-1.7550000000000003,s1.3,s0
052_33,s-1.4050000000000002,s2.1,s180
052_34,s-0.5850000000000001,s1.3,s0
052_35,s-0.2350000000000001,s2.1,s180
052_36,s1.7550000000000003,s1.3,s0
052_37,s2.1050000000000004,s2.1,s180
052_38,s2.9250000000000003,s1.3,s0
052_39,s3.2750000000000004,s2.1,s180
052_40,s-2.9250000000000003,s2.6,s0
052_41,s-2.575,s3.4000000000000004,s180
052_42,s-1.7550000000000003,s2.6,s0
052_43,s-1.4050000000000002,s3.4000000000000004,s180
052_44,s-0.5850000000000001,s2.6,s0
052_45,s-0.2350000000000001,s3.4000000000000004,s180
052_46,s0.5850000000000001,s2.6,s0
052_47,s0.935,s3.4000000000000004,s180
052_48,s1.7550000000000003,s2.6,s0
052_49,s2.1050000000000004,s3.4000000000000004,s180
052_50,s2.9250000000000003,s2.6,s0
052_51,s3.2750000000000004,s3.4000000000000004,s180
053_0,s-2.9250000000000003,s-2.6,s0
053_1,s-2.575,s-1.8,s180
053_2,s-1.7550000000000003,s-2.6,s0
053_3,s-1.4050000000000002,s-1.8,s180
053_4,s-0.5850000000000001,s-2.6,s0
053_5,s-0.2350000000000001,s-1.8,s180
053_6,s1.7550000000000003,s-2.6,s0
053_7,s2.1050000000000004,s-1.8,s180
053_8,s2.9250000000000003,s-2.6,s0
053_9,s3.2750000000000004,s-1.8,s180
053_10,s-2.9250000000000003,s-1.3,s0
053_11,s-2.575,s-0.5,s180
053_12,s-1.7550000000000003,s-1.3,s0
053_13,s-1.4050000000000002,s-0.5,s180
053_14,s-0.5850000000000001,s-1.3,s0
053_15,s-0.2350000000000001,s-0.5,s180
053_16,s1.7550000000000003,s-1.3,s0
053_17,s2.1050000000000004,s-0.5,s180
053_18,s2.9250000000000003,s-1.3,s0
053_19,s3.2750000000000004,s-0.5,s180
053_20,s-2.9250000000000003,s0.0,s0
053_21,s-2.575,s0.8,s180
053_22,s-1.7550000000000003,s0.0,s0
053_23,s-1.4050000000000002,s0.8,s180
053_24,s-0.5850000000000001,s0.0,s0
053_25,s-0.2350000000000001,s0.8,s180
053_26,s1.7550000000000003,s0.0,s0
053_27,s2.1050000000000004,s0.8,s180
053_28,s2.9250000000000003,s0.0,s0
053_29,s3.2750000000000004,s0.8,s180
053_30,s-2.9250000000000003,s1.3,s0
053_31,s-2.575,s2.1,s180
053_32,s-1.7550000000000003,s1.3,s0
053_33,s-1.4050000000000002,s2.1,s180
053_34,s-0.5850000000000001,s1.3,s0
053_35,s-0.2350000000000001,s2.1,s180
053_36,s1.7550000000000003,s1.3,s0
053_37,s2.1050000000000004,s2.1,s180
053_38,s2.9250000000000003,s1.3,s0
053_39,s3.2750000000000004,s2.1,s180
053_40,s-2.9250000000000003,s2.6,s0
053_41,s-2.575,s3.4000000000000004,s180
053_42,s-1.7550000000000003,s2.6,s0
053_43,s-1.4050000000000002,s3.4000000000000004,s180
053_44,s-0.5850000000000001,s2.6,s0
053_45,s-0.2350000000000001,s3.4000000000000004,s180
053_46,s0.5850000000000001,s2.6,s0
053_47,s0.935,s3.4000000000000004,s180
053_48,s1.7550000000000003,s2.6,s0
053_49,s2.1050000000000004,s3.4000000000000004,s180
053_50,s2.9250000000000003,s2.6,s0
053_51,s3.2750000000000004,s3.4000000000000004,s180
053_52,s4.125,s0.40000000000000036,s0
054_0,s-3.2624999999999997,s-2.9,s0
054_1,s-2.9124999999999996,s-2.0999999999999996,s180
054_2,s-1.9575,s-2.9,s0
054_3,s-1.6075,s-2.0999999999999996,s180
054_4,s-0.6525,s-2.9,s0
054_5,s-0.3025,s-2.0999999999999996,s180
054_6,s0.6525,s-2.9,s0
054_7,s1.0025,s-2.0999999999999996,s180
054_8,s1.9575,s-2.9,s0
054_9,s2.3075,s-2.0999999999999996,s180
054_10,s3.2624999999999997,s-2.9,s0
054_11,s3.6125,s-2.0999999999999996,s180
054_12,s-3.2624999999999997,s-1.45,s0
054_13,s-2.9124999999999996,s-0.6499999999999999,s180
054_14,s-1.9575,s-1.45,s0
054_15,s-1.6075,s-0.6499999999999999,s180
054_16,s-0.6525,s-1.45,s0
054_17,s-0.3025,s-0.6499999999999999,s180
054_18,s0.6525,s-1.45,s0
054_19,s1.0025,s-0.6499999999999999,s180
054_20,s1.9575,s-1.45,s0
054_21,s2.3075,s-0.6499999999999999,s180
054_22,s3.2624999999999997,s-1.45,s0
054_23,s3.6125,s-0.6499999999999999,s180
054_24,s-3.2624999999999997,s0.0,s0
054_25,s-2.9124999999999996,s0.8,s180
054_26,s-1.9575,s0.0,s0
054_27,s-1.6075,s0.8,s180
054_28,s-0.6525,s0.0,s0
054_29,s-0.3025,s0.8,s180
054_30,s0.6525,s0.0,s0
054_31,s1.0025,s0.8,s180
054_32,s1.9575,s0.0,s0
054_33,s2.3075,s0.8,s180
054_34,s3.2624999999999997,s0.0,s0
054_35,s3.6125,s0.8,s180
054_36,s-3.2624999999999997,s1.45,s0
054_37,s-2.9124999999999996,s2.25,s180
054_38,s-1.9575,s1.45,s0
054_39,s-1.6075,s2.25,s180
054_40,s-0.6525,s1.45,s0
054_41,s-0.3025,s2.25,s180
054_42,s0.6525,s1.45,s0
054_43,s1.0025,s2.25,s180
054_44,s1.9575,s1.45,s0
054_45,s2.3075,s2.25,s180
054_46,s3.2624999999999997,s1.45,s0
054_47,s3.6125,s2.25,s180
054_48,s-3.2624999999999997,s2.9,s0
054_49,s-2.9124999999999996,s3.7,s180
054_50,s-1.9575,s2.9,s0
054_51,s-1.6075,s3.7,s180
054_52,s-0.6525,s2.9,s0
054_53,s-0.3025,s3.7,s180
055_0,s-3.2624999999999997,s-2.9,s0
055_1,s-2.9124999999999996,s-2.0999999999999996,s180
055_2,s-1.9575,s-2.9,s0
055_3,s-1.6075,s-2.0999999999999996,s180
055_4,s-0.6525,s-2.9,s0
055_5,s-0.3025,s-2.0999999999999996,s180
055_6,s0.6525,s-2.9,s0
055_7,s1.0025,s-2.0999999999999996,s180
055_8,s1.9575,s-2.9,s0
055_9,s2.3075,s-2.0999999999999996,s180
055_10,s3.2624999999999997,s-2.9,s0
055_11,s3.6125,s-2.0999999999999996,s180
055_12,s-3.2624999999999997,s-1.45,s0
055_13,s-2.9124999999999996,s-0.6499999999999999,s180
055_14,s-1.9575,s-1.45,s0
055_15,s-1.6075,s-0.6499999999999999,s180
055_16,s-0.6525,s-1.45,s0
055_17,s-0.3025,s-0.6499999999999999,s180
055_18,s0.6525,s-1.45,s0
055_19,s1.0025,s-0.6499999999999999,s180
055_20,s1.9575,s-1.45,s0
055_21,s2.3075,s-0.6499999999999999,s180
055_22,s3.2624999999999997,s-1.45,s0
055_23,s3.6125,s-0.6499999999999999,s180
055_24,s-3.2624999999999997,s0.0,s0
055_25,s-2.9124999999999996,s0.8,s180
055_26,s-1.9575,s0.0,s0
055_27,s-1.6075,s0.8,s180
055_28,s-0.6525,s0.0,s0
055_29,s-0.3025,s0.8,s180
055_30,s0.6525,s0.0,s0
055_31,s1.0025,s0.8,s180
055_32,s1.9575,s0.0,s0
055_33,s2.3075,s0.8,s180
055_34,s3.2624999999999997,s0.0,s0
055_35,s3.6125,s0.8,s180
055_36,s-3.2624999999999997,s1.45,s0
055_37,s-2.9124999999999996,s2.25,s180
055_38,s-1.9575,s1.45,s0
055_39,s-1.6075,s2.25,s180
055_40,s-0.6525,s1.45,s0
055_41,s-0.3025,s2.25,s180
055_42,s0.6525,s1.45,s0
055_43,s1.0025,s2.25,s180
055_44,s1.9575,s1.45,s0
055_45,s2.3075,s2.25,s180
055_46,s3.2624999999999997,s1.45,s0
055_47,s3.6125,s2.25,s180
055_48,s-3.2624999999999997,s2.9,s0
055_49,s-2.9124999999999996,s3.7,s180
055_50,s-1.9575,s2.9,s0
055_51,s-1.6075,s3.7,s180
055_52,s-0.6525,s2.9,s0
055_53,s-0.3025,s3.7,s180
055_54,s0.17500000000000027,s0.3999999999999999,s0
056_0,s-3.2624999999999997,s-2.9,s0
056_1,s-2.9124999999999996,s-2.0999999999999996,s180
056_2,s-1.9575,s-2.9,s0
056_3,s-1.6075,s-2.0999999999999996,s180
056_4,s-0.6525,s-2.9,s0
056_5,s-0.3025,s-2.0999999999999996,s180
056_6,s0.6525,s-2.9,s0
056_7,s1.0025,s-2.0999999999999996,s180
056_8,s1.9575,s-2.9,s0
056_9,s2.3075,s-2.0999999999999996,s180
056_10,s3.2624999999999997,s-2.9,s0
056_11,s3.6125,s-2.0999999999999996,s180
056_12,s-3.2624999999999997,s-1.45,s0
056_13,s-2.9124999999999996,s-0.6499999999999999,s180
056_14,s-1.9575,s-1.45,s0
056_15,s-1.6075,s-0.6499999999999999,s180
056_16,s-0.6525,s-1.45,s0
056_17,s-0.3025,s-0.6499999999999999,s180
056_18,s0.6525,s-1.45,s0
056_19,s1.0025,s-0.6499999999999999,s180
056_20,s1.9575,s-1.45,s0
056_21,s2.3075,s-0.6499999999999999,s180
056_22,s3.2624999999999997,s-1.45,s0
056_23,s3.6125,s-0.6499999999999999,s180
056_24,s-3.2624999999999997,s0.0,s0
056_25,s-2.9124999999999996,s0.8,s180
056_26,s-1.9575,s0.0,s0
056_27,s-1.6075,s0.8,s180
056_28,s-0.6525,s0.0,s0
056_29,s-0.3025,s0.8,s180
056_30,s0.6525,s0.0,s0
056_31,s1.0025,s0.8,s180
056_32,s1.9575,s0.0,s0
056_33,s2.3075,s0.8,s180
056_34,s3.2624999999999997,s0.0,s0
056_35,s3.6125,s0.8,s180
056_36,s-3.2624999999999997,s1.45,s0
056_37,s-2.9124999999999996,s2.25,s180
056_38,s-1.9575,s1.45,s0
056_39,s-1.6075,s2.25,s180
056_40,s-0.6525,s1.45,s0
056_41,s-0.3025,s2.25,s180
056_42,s0.6525,s1.45,s0
056_43,s1.0025,s2.25,s180
056_44,s1.9575,s1.45,s0
056_45,s2.3075,s2.25,s180
056_46,s3.2624999999999997,s1.45,s0
056_47,s3.6125,s2.25,s180
056_48,s-3.2624999999999997,s2.9,s0
056_49,s-2.9124999999999996,s3.7,s180
056_50,s-1.9575,s2.9,s0
056_51,s-1.6075,s3.7,s180
056_52,s-0.6525,s2.9,s0
056_53,s-0.3025,s3.7,s180
056_54,s0.6525,s2.9,s0
056_55,s1.0025,s3.7,s180
057_0,s-3.2624999999999997,s-2.9,s0
057_1,s-2.9124999999999996,s-2.0999999999999996,s180
057_2,s-1.9575,s-2.9,s0
057_3,s-1.6075,s-2.0999999999999996,s180
057_4,s-0.6525,s-2.9,s0
057_5,s-0.3025,s-2.0999999999999996,s180
057_6,s0.6525,s-2.9,s0
057_7,s1.0025,s-2.0999999999999996,s180
057_8,s1.9575,s-2.9,s0
057_9,s2.3075,s-2.0999999999999996,s180
057_10,s3.2624999999999997,s-2.9,s0
057_11,s3.6125,s-2.0999999999999996,s180
057_12,s-3.2624999999999997,s-1.45,s0
057_13,s-2.9124999999999996,s-0.6499999999999999,s180
057_14,s-1.9575,s-1.45,s0
057_15,s-1.6075,s-0.6499999999999999,s180
057_16,s-0.6525,s-1.45,s0
057_17,s-0.3025,s-0.6499999999999999,s180
057_18,s0.6525,s-1.45,s0
057_19,s1.0025,s-0.6499999999999999,s180
057_20,s1.9575,s-1.45,s0
057_21,s2.3075,s-0.6499999999999999,s180
057_22,s3.2624999999999997,s-1.45,s0
057_23,s3.6125,s-0.6499999999999999,s180
057_24,s-3.2624999999999997,s0.0,s0
057_25,s-2.9124999999999996,s0.8,s180
057_26,s-1.9575,s0.0,s0
057_27,s-1.6075,s0.8,s180
057_28,s-0.6525,s0.0,s0
057_29,s-0.3025,s0.8,s180
057_30,s0.6525,s0.0,s0
057_31,s1.0025,s0.8,s180
057_32,s1.9575,s0.0,s0
057_33,s2.3075,s0.8,s180
057_34,s3.2624999999999997,s0.0,s0
057_35,s3.6125,s0.8,s180
057_36,s-3.2624999999999997,s1.45,s0
057_37,s-2.9124999999999996,s2.25,s180
057_38,s-1.9575,s1.45,s0
057_39,s-1.6075,s2.25,s180
057_40,s-0.6525,s1.45,s0
057_41,s-0.3025,s2.25,s180
057_42,s0.6525,s1.45,s0
057_43,s1.0025,s2.25,s180
057_44,s1.9575,s1.45,s0
057_45,s2.3075,s2.25,s180
057_46,s3.2624999999999997,s1.45,s0
057_47,s3.6125,s2.25,s180
057_48,s-3.2624999999999997,s2.9,s0
057_49,s-2.9124999999999996,s3.7,s180
057_50,s-1.9575,s2.9,s0
057_51,s-1.6075,s3.7,s180
057_52,s-0.6525,s2.9,s0
057_53,s-0.3025,s3.7,s180
057_54,s0.6525,s2.9,s0
057_55,s1.0025,s3.7,s180
057_56,s0.17500000000000027,s0.3999999999999999,s0
058_0,s-3.2624999999999997,s-2.9,s0
058_1,s-2.9124999999999996,s-2.0999999999999996,s180
058_2,s-1.9575,s-2.9,s0
058_3,s-1.6075,s-2.0999999999999996,s180
058_4,s-0.6525,s-2.9,s0
058_5,s-0.3025,s-2.0999999999999996,s180
058_6,s0.6525,s-2.9,s0
058_7,s1.0025,s-2.0999999999999996,s180
058_8,s1.9575,s-2.9,s0
058_9,s2.3075,s-2.0999999999999996,s180
058_10,s3.2624999999999997,s-2.9,s0
058_11,s3.6125,s-2.0999999999999996,s180
058_12,s-3.2624999999999997,s-1.45,s0
058_13,s-2.9124999999999996,s-0.6499999999999999,s180
058_14,s-1.9575,s-1.45,s0
058_15,s-1.6075,s-0.6499999999999999,s180
058_16,s-0.6525,s-1.45,s0
058_17,s-0.3025,s-0.6499999999999999,s180
058_18,s0.6525,s-1.45,s0
058_19,s1.0025,s-0.6499999999999999,s180
058_20,s1.9575,s-1.45,s0
058_21,s2.3075,s-0.6499999999999999,s180
058_22,s3.2624999999999997,s-1.45,s0
058_23,s3.6125,s-0.6499999999999999,s180
058_24,s-3.2624999999999997,s0.0,s0
058_25,s-2.9124999999999996,s0.8,s180
058_26,s-1.9575,s0.0,s0
058_27,s-1.6075,s0.8,s180
058_28,s-0.6525,s0.0,s0
058_29,s-0.3025,s0.8,s180
058_30,s0.6525,s0.0,s0
058_31,s1.0025,s0.8,s180
058_32,s1.9575,s0.0,s0
058_33,s2.3075,s0.8,s180
058_34,s3.2624999999999997,s0.0,s0
058_35,s3.6125,s0.8,s180
058_36,s-3.2624999999999997,s1.45,s0
058_37,s-2.9124999999999996,s2.25,s180
058_38,s-1.9575,s1.45,s0
058_39,s-1.6075,s2.25,s180
058_40,s-0.6525,s1.45,s0
058_41,s-0.3025,s2.25,s180
058_42,s0.6525,s1.45,s0
058_43,s1.0025,s2.25,s180
058_44,s1.9575,s1.45,s0
058_45,s2.3075,s2.25,s180
058_46,s3.2624999999999997,s1.45,s0
058_47,s3.6125,s2.25,s180
058_48,s-3.2624999999999997,s2.9,s0
058_49,s-2.9124999999999996,s3.7,s180
058_50,s-1.9575,s2.9,s0
058_51,s-1.6075,s3.7,s180
058_52,s-0.6525,s2.9,s0
058_53,s-0.3025,s3.7,s180
058_54,s0.6525,s2.9,s0
058_55,s1.0025,s3.7,s180
058_56,s1.9575,s2.9,s0
058_57,s2.3075,s3.7,s180
059_0,s-3.2624999999999997,s-2.9,s0
059_1,s-2.9124999999999996,s-2.0999999999999996,s180
059_2,s-1.9575,s-2.9,s0
059_3,s-1.6075,s-2.0999999999999996,s180
059_4,s-0.6525,s-2.9,s0
059_5,s-0.3025,s-2.0999999999999996,s180
059_6,s0.6525,s-2.9,s0
059_7,s1.0025,s-2.0999999999999996,s180
059_8,s1.9575,s-2.9,s0
059_9,s2.3075,s-2.0999999999999996,s180
059_10,s3.2624999999999997,s-2.9,s0
059_11,s3.6125,s-2.0999999999999996,s180
059_12,s-3.2624999999999997,s-1.45,s0
059_13,s-2.9124999999999996,s-0.6499999999999999,s180
059_14,s-1.9575,s-1.45,s0
059_15,s-1.6075,s-0.6499999999999999,s180
059_16,s-0.6525,s-1.45,s0
059_17,s-0.3025,s-0.6499999999999999,s180
059_18,s0.6525,s-1.45,s0
059_19,s1.0025,s-0.6499999999999999,s180
059_20,s1.9575,s-1.45,s0
059_21,s2.3075,s-0.6499999999999999,s180
059_22,s3.2624999999999997,s-1.45,s0
059_23,s3.6125,s-0.6499999999999999,s180
059_24,s-3.2624999999999997,s0.0,s0
059_25,s-2.9124999999999996,s0.8,s180
059_26,s-1.9575,s0.0,s0
059_27,s-1.6075,s0.8,s180
059_28,s-0.6525,s0.0,s0
059_29,s-0.3025,s0.8,s180
059_30,s0.6525,s0.0,s0
059_31,s1.0025,s0.8,s180
059_32,s1.9575,s0.0,s0
059_33,s2.3075,s0.8,s180
059_34,s3.2624999999999997,s0.0,s0
059_35,s3.6125,s0.8,s180
059_36,s-3.2624999999999997,s1.45,s0
059_37,s-2.9124999999999996,s2.25,s180
059_38,s-1.9575,s1.45,s0
059_39,s-1.6075,s2.25,s180
059_40,s-0.6525,s1.45,s0
059_41,s-0.3025,s2.25,s180
059_42,s0.6525,s1.45,s0
059_43,s1.0025,s2.25,s180
059_44,s1.9575,s1.45,s0
059_45,s2.3075,s2.25,s180
059_46,s3.2624999999999997,s1.45,s0
059_47,s3.6125,s2.25,s180
059_48,s-3.2624999999999997,s2.9,s0
059_49,s-2.9124999999999996,s3.7,s180
059_50,s-1.9575,s2.9,s0
059_51,s-1.6075,s3.7,s180
059_52,s-0.6525,s2.9,s0
059_53,s-0.3025,s3.7,s180
059_54,s0.6525,s2.9,s0
059_55,s1.0025,s3.7,s180
059_56,s1.9575,s2.9,s0
059_57,s2.3075,s3.7,s180
059_58,s0.17500000000000027,s0.3999999999999999,s0
060_0,s-3.2624999999999997,s-2.9,s0
060_1,s-2.9124999999999996,s-2.0999999999999996,s180
060_2,s-1.9575,s-2.9,s0
060_3,s-1.6075,s-2.0999999999999996,s180
060_4,s-0.6525,s-2.9,s0
060_5,s-0.3025,s-2.0999999999999996,s180
060_6,s0.6525,s-2.9,s0
060_7,s1.0025,s-2.0999999999999996,s180
060_8,s1.9575,s-2.9,s0
060_9,s2.3075,s-2.0999999999999996,s180
060_10,s3.2624999999999997,s-2.9,s0
060_11,s3.6125,s-2.0999999999999996,s180
060_12,s-3.2624999999999997,s-1.45,s0
060_13,s-2.9124999999999996,s-0.6499999999999999,s180
060_14,s-1.9575,s-1.45,s0
060_15,s-1.6075,s-0.6499999999999999,s180
060_16,s-0.6525,s-1.45,s0
060_17,s-0.3025,s-0.6499999999999999,s180
060_18,s0.6525,s-1.45,s0
060_19,s1.0025,s-0.6499999999999999,s180
060_20,s1.9575,s-1.45,s0
060_21,s2.3075,s-0.6499999999999999,s180
060_22,s3.2624999999999997,s-1.45,s0
060_23,s3.6125,s-0.6499999999999999,s180
060_24,s-3.2624999999999997,s0.0,s0
060_25,s-2.9124999999999996,s0.8,s180
060_26,s-1.9575,s0.0,s0
060_27,s-1.6075,s0.8,s180
060_28,s-0.6525,s0.0,s0
060_29,s-0.3025,s0.8,s180
060_30,s0.6525,s0.0,s0
060_31,s1.0025,s0.8,s180
060_32,s1.9575,s0.0,s0
060_33,s2.3075,s0.8,s180
060_34,s3.2624999999999997,s0.0,s0
060_35,s3.6125,s0.8,s180
060_36,s-3.2624999999999997,s1.45,s0
060_37,s-2.9124999999999996,s2.25,s180
060_38,s-1.9575,s1.45,s0
060_39,s-1.6075,s2.25,s180
060_40,s-0.6525,s1.45,s0
060_41,s-0.3025,s2.25,s180
060_42,s0.6525,s1.45,s0
060_43,s1.0025,s2.25,s180
060_44,s1.9575,s1.45,s0
060_45,s2.3075,s2.25,s180
060_46,s3.2624999999999997,s1.45,s0
060_47,s3.6125,s2.25,s180
060_48,s-3.2624999999999997,s2.9,s0
060_49,s-2.9124999999999996,s3.7,s180
060_50,s-1.9575,s2.9,s0
060_51,s-1.6075,s3.7,s180
060_52,s-0.6525,s2.9,s0
060_53,s-0.3025,s3.7,s180
060_54,s0.6525,s2.9,s0
060_55,s1.0025,s3.7,s180
060_56,s1.9575,s2.9,s0
060_57,s2.3075,s3.7,s180
060_58,s3.2624999999999997,s2.9,s0
060_59,s3.6125,s3.7,s180
061_0,s-3.2624999999999997,s-2.9,s0
061_1,s-2.9124999999999996,s-2.0999999999999996,s180
061_2,s-1.9575,s-2.9,s0
061_3,s-1.6075,s-2.0999999999999996,s180
061_4,s-0.6525,s-2.9,s0
061_5,s-0.3025,s-2.0999999999999996,s180
061_6,s0.6525,s-2.9,s0
061_7,s1.0025,s-2.0999999999999996,s180
061_8,s1.9575,s-2.9,s0
061_9,s2.3075,s-2.0999999999999996,s180
061_10,s3.2624999999999997,s-2.9,s0
061_11,s3.6125,s-2.0999999999999996,s180
061_12,s-3.2624999999999997,s-1.45,s0
061_13,s-2.9124999999999996,s-0.6499999999999999,s180
061_14,s-1.9575,s-1.45,s0
061_15,s-1.6075,s-0.6499999999999999,s180
061_16,s-0.6525,s-1.45,s0
061_17,s-0.3025,s-0.6499999999999999,s180
061_18,s0.6525,s-1.45,s0
061_19,s1.0025,s-0.6499999999999999,s180
061_20,s1.9575,s-1.45,s0
061_21,s2.3075,s-0.6499999999999999,s180
061_22,s3.2624999999999997,s-1.45,s0
061_23,s3.6125,s-0.6499999999999999,s180
061_24,s-3.2624999999999997,s0.0,s0
061_25,s-2.9124999999999996,s0.8,s180
061_26,s-1.9575,s0.0,s0
061_27,s-1.6075,s0.8,s180
061_28,s-0.6525,s0.0,s0
061_29,s-0.3025,s0.8,s180
061_30,s0.6525,s0.0,s0
061_31,s1.0025,s0.8,s180
061_32,s1.9575,s0.0,s0
061_33,s2.3075,s0.8,s180
061_34,s3.2624999999999997,s0.0,s0
061_35,s3.6125,s0.8,s180
061_36,s-3.2624999999999997,s1.45,s0
061_37,s-2.9124999999999996,s2.25,s180
061_38,s-1.9575,s1.45,s0
061_39,s-1.6075,s2.25,s180
061_40,s-0.6525,s1.45,s0
061_41,s-0.3025,s2.25,s180
061_42,s0.6525,s1.45,s0
061_43,s1.0025,s2.25,s180
061_44,s1.9575,s1.45,s0
061_45,s2.3075,s2.25,s180
061_46,s3.2624999999999997,s1.45,s0
061_47,s3.6125,s2.25,s180
061_48,s-3.2624999999999997,s2.9,s0
061_49,s-2.9124999999999996,s3.7,s180
061_50,s-1.9575,s2.9,s0
061_51,s-1.6075,s3.7,s180
061_52,s-0.6525,s2.9,s0
061_53,s-0.3025,s3.7,s180
061_54,s0.6525,s2.9,s0
061_55,s1.0025,s3.7,s180
061_56,s1.9575,s2.9,s0
061_57,s2.3075,s3.7,s180
061_58,s3.2624999999999997,s2.9,s0
061_59,s3.6125,s3.7,s180
061_60,s0.17500000000000027,s0.3999999999999999,s0
062_0,s-2.5875,s-2.875,s0
062_1,s-2.2375,s-2.075,s180
062_2,s-1.5524999999999998,s-2.875,s0
062_3,s-1.2024999999999997,s-2.075,s180
062_4,s-0.5175,s-2.875,s0
062_5,s-0.16749999999999998,s-2.075,s180
062_6,s1.5524999999999998,s-2.875,s0
062_7,s1.9024999999999999,s-2.075,s180
062_8,s2.5875,s-2.875,s0
062_9,s2.9375,s-2.075,s180
062_10,s-2.5875,s-1.7249999999999999,s0
062_11,s-2.2375,s-0.9249999999999998,s180
062_12,s-1.5524999999999998,s-1.7249999999999999,s0
062_13,s-1.2024999999999997,s-0.9249999999999998,s180
062_14,s-0.5175,s-1.7249999999999999,s0
062_15,s-0.16749999999999998,s-0.9249999999999998,s180
062_16,s0.5175,s-1.7249999999999999,s0
062_17,s0.8674999999999999,s-0.9249999999999998,s180
062_18,s1.5524999999999998,s-1.7249999999999999,s0
062_19,s1.9024999999999999,s-0.9249999999999998,s180
062_20,s2.5875,s-1.7249999999999999,s0
062_21,s2.9375,s-0.9249999999999998,s180
062_22,s-2.5875,s-0.575,s0
062_23,s-2.2375,s0.2250000000000001,s180
062_24,s-1.5524999999999998,s-0.575,s0
062_25,s-1.2024999999999997,s0.2250000000000001,s180
062_26,s-0.5175,s-0.575,s0
062_27,s-0.16749999999999998,s0.2250000000000001,s180
062_28,s1.5524999999999998,s-0.575,s0
062_29,s1.9024999999999999,s0.2250000000000001,s180
062_30,s2.5875,s-0.575,s0
062_31,s2.9375,s0.2250000000000001,s180
062_32,s-2.5875,s0.575,s0
062_33,s-2.2375,s1.375,s180
062_34,s-1.5524999999999998,s0.575,s0
062_35,s-1.2024999999999997,s1.375,s180
062_36,s-0.5175,s0.575,s0
062_37,s-0.16749999999999998,s1.375,s180
062_38,s1.5524999999999998,s0.575,s0
062_39,s1.9024999999999999,s1.375,s180
062_40,s2.5875,s0.575,s0
062_41,s2.9375,s1.375,s180
062_42,s-2.5875,s1.7249999999999999,s0
062_43,s-2.2375,s2.525,s180
062_44,s-1.5524999999999998,s1.7249999999999999,s0
062_45,s-1.2024999999999997,s2.525,s180
062_46,s-0.5175,s1.7249999999999999,s0
062_47,s-0.16749999999999998,s2.525,s180
062_48,s1.5524999999999998,s1.7249999999999999,s0
062_49,s1.9024999999999999,s2.525,s180
062_50,s2.5875,s1.7249999999999999,s0
062_51,s2.9375,s2.525,s180
062_52,s-2.5875,s2.875,s0
062_53,s-2.2375,s3.675,s180
062_54,s-1.5524999999999998,s2.875,s0
062_55,s-1.2024999999999997,s3.675,s180
062_56,s-0.5175,s2.875,s0
062_57,s-0.16749999999999998,s3.675,s180
062_58,s1.5524999999999998,s2.875,s0
062_59,s1.9024999999999999,s3.675,s180
062_60,s2.5875,s2.875,s0
062_61,s2.9375,s3.675,s180
063_0,s-2.5875,s-2.875,s0
063_1,s-2.2375,s-2.075,s180
063_2,s-1.5524999999999998,s-2.875,s0
063_3,s-1.2024999999999997,s-2.075,s180
063_4,s-0.5175,s-2.875,s0
063_5,s-0.16749999999999998,s-2.075,s180
063_6,s1.5524999999999998,s-2.875,s0
063_7,s1.9024999999999999,s-2.075,s180
063_8,s2.5875,s-2.875,s0
063_9,s2.9375,s-2.075,s180
063_10,s-2.5875,s-1.7249999999999999,s0
063_11,s-2.2375,s-0.9249999999999998,s180
063_12,s-1.5524999999999998,s-1.7249999999999999,s0
063_13,s-1.2024999999999997,s-0.9249999999999998,s180
063_14,s-0.5175,s-1.7249999999999999,s0
063_15,s-0.16749999999999998,s-0.9249999999999998,s180
063_16,s0.5175,s-1.7249999999999999,s0
063_17,s0.8674999999999999,s-0.9249999999999998,s180
063_18,s1.5524999999999998,s-1.7249999999999999,s0
063_19,s1.9024999999999999,s-0.9249999999999998,s180
063_20,s2.5875,s-1.7249999999999999,s0
063_21,s2.9375,s-0.9249999999999998,s180
063_22,s-2.5875,s-0.575,s0
063_23,s-2.2375,s0.2250000000000001,s180
063_24,s-1.5524999999999998,s-0.575,s0
063_25,s-1.2024999999999997,s0.2250000000000001,s180
063_26,s-0.5175,s-0.575,s0
063_27,s-0.16749999999999998,s0.2250000000000001,s180
063_28,s1.5524999999999998,s-0.575,s0
063_29,s1.9024999999999999,s0.2250000000000001,s180
063_30,s2.5875,s-0.575,s0
063_31,s2.9375,s0.2250000000000001,s180
063_32,s-2.5875,s0.575,s0
063_33,s-2.2375,s1.375,s180
063_34,s-1.5524999999999998,s0.575,s0
063_35,s-1.2024999999999997,s1.375,s180
063_36,s-0.5175,s0.575,s0
063_37,s-0.16749999999999998,s1.375,s180
063_38,s1.5524999999999998,s0.575,s0
063_39,s1.9024999999999999,s1.375,s180
063_40,s2.5875,s0.575,s0
063_41,s2.9375,s1.375,s180
063_42,s-2.5875,s1.7249999999999999,s0
063_43,s-2.2375,s2.525,s180
063_44,s-1.5524999999999998,s1.7249999999999999,s0
063_45,s-1.2024999999999997,s2.525,s180
063_46,s-0.5175,s1.7249999999999999,s0
063_47,s-0.16749999999999998,s2.525,s180
063_48,s1.5524999999999998,s1.7249999999999999,s0
063_49,s1.9024999999999999,s2.525,s180
063_50,s2.5875,s1.7249999999999999,s0
063_51,s2.9375,s2.525,s180
063_52,s-2.5875,s2.875,s0
063_53,s-2.2375,s3.675,s180
063_54,s-1.5524999999999998,s2.875,s0
063_55,s-1.2024999999999997,s3.675,s180
063_56,s-0.5175,s2.875,s0
063_57,s-0.16749999999999998,s3.675,s180
063_58,s1.5524999999999998,s2.875,s0
063_59,s1.9024999999999999,s3.675,s180
063_60,s2.5875,s2.875,s0
063_61,s2.9375,s3.675,s180
063_62,s3.7875,s0.3999999999999999,s0
064_0,s-3.6000000000000005,s-4.0,s0
064_1,s-3.2500000000000004,s-3.2,s180
064_2,s-2.16,s-4.0,s0
064_3,s-1.81,s-3.2,s180
064_4,s-0.7200000000000001,s-4.0,s0
064_5,s-0.3700000000000001,s-3.2,s180
064_6,s2.16,s-4.0,s0
064_7,s2.5100000000000002,s-3.2,s180
064_8,s3.6000000000000005,s-4.0,s0
064_9,s3.9500000000000006,s-3.2,s180
064_10,s-3.6000000000000005,s-2.4000000000000004,s0
064_11,s-3.2500000000000004,s-1.6000000000000003,s180
064_12,s-2.16,s-2.4000000000000004,s0
064_13,s-1.81,s-1.6000000000000003,s180
064_14,s-0.7200000000000001,s-2.4000000000000004,s0
064_15,s-0.3700000000000001,s-1.6000000000000003,s180
064_16,s0.7200000000000001,s-2.4000000000000004,s0
064_17,s1.07,s-1.6000000000000003,s180
064_18,s2.16,s-2.4000000000000004,s0
064_19,s2.5100000000000002,s-1.6000000000000003,s180
064_20,s3.6000000000000005,s-2.4000000000000004,s0
064_21,s3.9500000000000006,s-1.6000000000000003,s180
064_22,s-3.6000000000000005,s-0.8,s0
064_23,s-3.2500000000000004,s0.0,s180
064_24,s-2.16,s-0.8,s0
064_25,s-1.81,s0.0,s180
064_26,s-0.7200000000000001,s-0.8,s0
064_27,s-0.3700000000000001,s0.0,s180
064_28,s2.16,s-0.8,s0
064_29,s2.5100000000000002,s0.0,s180
064_30,s3.6000000000000005,s-0.8,s0
064_31,s3.9500000000000006,s0.0,s180
064_32,s-3.6000000000000005,s0.8,s0
064_33,s-3.2500000000000004,s1.6,s180
064_34,s-2.16,s0.8,s0
064_35,s-1.81,s1.6,s180
064_36,s-0.7200000000000001,s0.8,s0
064_37,s-0.3700000000000001,s1.6,s180
064_38,s2.16,s0.8,s0
064_39,s2.5100000000000002,s1.6,s180
064_40,s3.6000000000000005,s0.8,s0
064_41,s3.9500000000000006,s1.6,s180
064_42,s-3.6000000000000005,s4.0,s0
064_43,s-3.2500000000000004,s4.8,s180
064_44,s-2.16,s4.0,s0
064_45,s-1.81,s4.8,s180
064_46,s-0.7200000000000001,s4.0,s0
064_47,s-0.3700000000000001,s4.8,s180
064_48,s2.16,s4.0,s0
064_49,s2.5100000000000002,s4.8,s180
064_50,s3.6000000000000005,s4.0,s0
064_51,s3.9500000000000006,s4.8,s180
065_0,s-3.6000000000000005,s-4.0,s0
065_1,s-3.2500000000000004,s-3.2,s180
065_2,s-2.16,s-4.0,s0
065_3,s-1.81,s-3.2,s180
065_4,s-0.7200000000000001,s-4.0,s0
065_5,s-0.3700000000000001,s-3.2,s180
065_6,s2.16,s-4.0,s0
065_7,s2.5100000000000002,s-3.2,s180
065_8,s3.6000000000000005,s-4.0,s0
065_9,s3.9500000000000006,s-3.2,s180
065_10,s-3.6000000000000005,s-2.4000000000000004,s0
065_11,s-3.2500000000000004,s-1.6000000000000003,s180
065_12,s-2.16,s-2.4000000000000004,s0
065_13,s-1.81,s-1.6000000000000003,s180
065_14,s-0.7200000000000001,s-2.4000000000000004,s0
065_15,s-0.3700000000000001,s-1.6000000000000003,s180
065_16,s0.7200000000000001,s-2.4000000000000004,s0
065_17,s1.07,s-1.6000000000000003,s180
065_18,s2.16,s-2.4000000000000004,s0
065_19,s2.5100000000000002,s-1.6000000000000003,s180
065_20,s3.6000000000000005,s-2.4000000000000004,s0
065_21,s3.9500000000000006,s-1.6000000000000003,s180
065_22,s-3.6000000000000005,s-0.8,s0
065_23,s-3.2500000000000004,s0.0,s180
065_24,s-2.16,s-0.8,s0
065_25,s-1.81,s0.0,s180
065_26,s-0.7200000000000001,s-0.8,s0
065_27,s-0.3700000000000001,s0.0,s180
065_28,s2.16,s-0.8,s0
065_29,s2.5100000000000002,s0.0,s180
065_30,s3.6000000000000005,s-0.8,s0
065_31,s3.9500000000000006,s0.0,s180
065_32,s-3.6000000000000005,s0.8,s0
065_33,s-3.2500000000000004,s1.6,s180
065_34,s-2.16,s0.8,s0
065_35,s-1.81,s1.6,s180
065_36,s-0.7200000000000001,s0.8,s0
065_37,s-0.3700000000000001,s1.6,s180
065_38,s2.16,s0.8,s0
065_39,s2.5100000000000002,s1.6,s180
065_40,s3.6000000000000005,s0.8,s0
065_41,s3.9500000000000006,s1.6,s180
065_42,s-3.6000000000000005,s4.0,s0
065_43,s-3.2500000000000004,s4.8,s180
065_44,s-2.16,s4.0,s0
065_45,s-1.81,s4.8,s180
065_46,s-0.7200000000000001,s4.0,s0
065_47,s-0.3700000000000001,s4.8,s180
065_48,s2.16,s4.0,s0
065_49,s2.5100000000000002,s4.8,s180
065_50,s3.6000000000000005,s4.0,s0
065_51,s3.9500000000000006,s4.8,s180
065_52,s0.17500000000000004,s0.3999999999999999,s0
066_0,s-3.6000000000000005,s-4.0,s0
066_1,s-3.2500000000000004,s-3.2,s180
066_2,s-2.16,s-4.0,s0
066_3,s-1.81,s-3.2,s180
066_4,s-0.7200000000000001,s-4.0,s0
066_5,s-0.3700000000000001,s-3.2,s180
066_6,s2.16,s-4.0,s0
066_7,s2.5100000000000002,s-3.2,s180
066_8,s3.6000000000000005,s-4.0,s0
066_9,s3.9500000000000006,s-3.2,s180
066_10,s-3.6000000000000005,s-2.4000000000000004,s0
066_11,s-3.2500000000000004,s-1.6000000000000003,s180
066_12,s-2.16,s-2.4000000000000004,s0
066_13,s-1.81,s-1.6000000000000003,s180
066_14,s-0.7200000000000001,s-2.4000000000000004,s0
066_15,s-0.3700000000000001,s-1.6000000000000003,s180
066_16,s0.7200000000000001,s-2.4000000000000004,s0
066_17,s1.07,s-1.6000000000000003,s180
066_18,s2.16,s-2.4000000000000004,s0
066_19,s2.5100000000000002,s-1.6000000000000003,s180
066_20,s3.6000000000000005,s-2.4000000000000004,s0
066_21,s3.9500000000000006,s-1.6000000000000003,s180
066_22,s-3.6000000000000005,s-0.8,s0
066_23,s-3.2500000000000004,s0.0,s180
066_24,s-2.16,s-0.8,s0
066_25,s-1.81,s0.0,s180
066_26,s-0.7200000000000001,s-0.8,s0
066_27,s-0.3700000000000001,s0.0,s180
066_28,s2.16,s-0.8,s0
066_29,s2.5100000000000002,s0.0,s180
066_30,s3.6000000000000005,s-0.8,s0
066_31,s3.9500000000000006,s0.0,s180
066_32,s-3.6000000000000005,s0.8,s0
066_33,s-3.2500000000000004,s1.6,s180
066_34,s-2.16,s0.8,s0
066_35,s-1.81,s1.6,s180
066_36,s-0.7200000000000001,s0.8,s0
066_37,s-0.3700000000000001,s1.6,s180
066_38,s2.16,s0.8,s0
066_39,s2.5100000000000002,s1.6,s180
066_40,s3.6000000000000005,s0.8,s0
066_41,s3.9500000000000006,s1.6,s180
066_42,s-3.6000000000000005,s4.0,s0
066_43,s-3.2500000000000004,s4.8,s180
066_44,s-2.16,s4.0,s0
066_45,s-1.81,s4.8,s180
066_46,s-0.7200000000000001,s4.0,s0
066_47,s-0.3700000000000001,s4.8,s180
066_48,s2.16,s4.0,s0
066_49,s2.5100000000000002,s4.8,s180
066_50,s3.6000000000000005,s4.0,s0
066_51,s3.9500000000000006,s4.8,s180
067_0,s-3.6000000000000005,s-4.0,s0
067_1,s-3.2500000000000004,s-3.2,s180
067_2,s-2.16,s-4.0,s0
067_3,s-1.81,s-3.2,s180
067_4,s-0.7200000000000001,s-4.0,s0
067_5,s-0.3700000000000001,s-3.2,s180
067_6,s2.16,s-4.0,s0
067_7,s2.5100000000000002,s-3.2,s180
067_8,s3.6000000000000005,s-4.0,s0
067_9,s3.9500000000000006,s-3.2,s180
067_10,s-3.6000000000000005,s-2.4000000000000004,s0
067_11,s-3.2500000000000004,s-1.6000000000000003,s180
067_12,s-2.16,s-2.4000000000000004,s0
067_13,s-1.81,s-1.6000000000000003,s180
067_14,s-0.7200000000000001,s-2.4000000000000004,s0
067_15,s-0.3700000000000001,s-1.6000000000000003,s180
067_16,s0.7200000000000001,s-2.4000000000000004,s0
067_17,s1.07,s-1.6000000000000003,s180
067_18,s2.16,s-2.4000000000000004,s0
067_19,s2.5100000000000002,s-1.6000000000000003,s180
067_20,s3.6000000000000005,s-2.4000000000000004,s0
067_21,s3.9500000000000006,s-1.6000000000000003,s180
067_22,s-3.6000000000000005,s-0.8,s0
067_23,s-3.2500000000000004,s0.0,s180
067_24,s-2.16,s-0.8,s0
067_25,s-1.81,s0.0,s180
067_26,s-0.7200000000000001,s-0.8,s0
067_27,s-0.3700000000000001,s0.0,s180
067_28,s2.16,s-0.8,s0
067_29,s2.5100000000000002,s0.0,s180
067_30,s3.6000000000000005,s-0.8,s0
067_31,s3.9500000000000006,s0.0,s180
067_32,s-3.6000000000000005,s0.8,s0
067_33,s-3.2500000000000004,s1.6,s180
067_34,s-2.16,s0.8,s0
067_35,s-1.81,s1.6,s180
067_36,s-0.7200000000000001,s0.8,s0
067_37,s-0.3700000000000001,s1.6,s180
067_38,s2.16,s0.8,s0
067_39,s2.5100000000000002,s1.6,s180
067_40,s3.6000000000000005,s0.8,s0
067_41,s3.9500000000000006,s1.6,s180
067_42,s-3.6000000000000005,s4.0,s0
067_43,s-3.2500000000000004,s4.8,s180
067_44,s-2.16,s4.0,s0
067_45,s-1.81,s4.8,s180
067_46,s-0.7200000000000001,s4.0,s0
067_47,s-0.3700000000000001,s4.8,s180
067_48,s2.16,s4.0,s0
067_49,s2.5100000000000002,s4.8,s180
067_50,s3.6000000000000005,s4.0,s0
067_51,s3.9500000000000006,s4.8,s180
067_52,s0.17500000000000004,s0.3999999999999999,s0
068_0,s-3.6000000000000005,s-4.0,s0
068_1,s-3.2500000000000004,s-3.2,s180
068_2,s-2.16,s-4.0,s0
068_3,s-1.81,s-3.2,s180
068_4,s-0.7200000000000001,s-4.0,s0
068_5,s-0.3700000000000001,s-3.2,s180
068_6,s2.16,s-4.0,s0
068_7,s2.5100000000000002,s-3.2,s180
068_8,s3.6000000000000005,s-4.0,s0
068_9,s3.9500000000000006,s-3.2,s180
068_10,s-3.6000000000000005,s-2.4000000000000004,s0
068_11,s-3.2500000000000004,s-1.6000000000000003,s180
068_12,s-2.16,s-2.4000000000000004,s0
068_13,s-1.81,s-1.6000000000000003,s180
068_14,s-0.7200000000000001,s-2.4000000000000004,s0
068_15,s-0.3700000000000001,s-1.6000000000000003,s180
068_16,s0.7200000000000001,s-2.4000000000000004,s0
068_17,s1.07,s-1.6000000000000003,s180
068_18,s2.16,s-2.4000000000000004,s0
068_19,s2.5100000000000002,s-1.6000000000000003,s180
068_20,s3.6000000000000005,s-2.4000000000000004,s0
068_21,s3.9500000000000006,s-1.6000000000000003,s180
068_22,s-3.6000000000000005,s-0.8,s0
068_23,s-3.2500000000000004,s0.0,s180
068_24,s-2.16,s-0.8,s0
068_25,s-1.81,s0.0,s180
068_26,s-0.7200000000000001,s-0.8,s0
068_27,s-0.3700000000000001,s0.0,s180
068_28,s2.16,s-0.8,s0
068_29,s2.5100000000000002,s0.0,s180
068_30,s3.6000000000000005,s-0.8,s0
068_31,s3.9500000000000006,s0.0,s180
068_32,s-3.6000000000000005,s0.8,s0
068_33,s-3.2500000000000004,s1.6,s180
068_34,s-2.16,s0.8,s0
068_35,s-1.81,s1.6,s180
068_36,s-0.7200000000000001,s0.8,s0
068_37,s-0.3700000000000001,s1.6,s180
068_38,s2.16,s0.8,s0
068_39,s2.5100000000000002,s1.6,s180
068_40,s3.6000000000000005,s0.8,s0
068_41,s3.9500000000000006,s1.6,s180
068_42,s-3.6000000000000005,s4.0,s0
068_43,s-3.2500000000000004,s4.8,s180
068_44,s-2.16,s4.0,s0
068_45,s-1.81,s4.8,s180
068_46,s-0.7200000000000001,s4.0,s0
068_47,s-0.3700000000000001,s4.8,s180
068_48,s2.16,s4.0,s0
068_49,s2.5100000000000002,s4.8,s180
068_50,s3.6000000000000005,s4.0,s0
068_51,s3.9500000000000006,s4.8,s180
069_0,s-3.6000000000000005,s-4.0,s0
069_1,s-3.2500000000000004,s-3.2,s180
069_2,s-2.16,s-4.0,s0
069_3,s-1.81,s-3.2,s180
069_4,s-0.7200000000000001,s-4.0,s0
069_5,s-0.3700000000000001,s-3.2,s180
069_6,s2.16,s-4.0,s0
069_7,s2.5100000000000002,s-3.2,s180
069_8,s3.6000000000000005,s-4.0,s0
069_9,s3.9500000000000006,s-3.2,s180
069_10,s-3.6000000000000005,s-2.4000000000000004,s0
069_11,s-3.2500000000000004,s-1.6000000000000003,s180
069_12,s-2.16,s-2.4000000000000004,s0
069_13,s-1.81,s-1.6000000000000003,s180
069_14,s-0.7200000000000001,s-2.4000000000000004,s0
069_15,s-0.3700000000000001,s-1.6000000000000003,s180
069_16,s0.7200000000000001,s-2.4000000000000004,s0
069_17,s1.07,s-1.6000000000000003,s180
069_18,s2.16,s-2.4000000000000004,s0
069_19,s2.5100000000000002,s-1.6000000000000003,s180
069_20,s3.6000000000000005,s-2.4000000000000004,s0
069_21,s3.9500000000000006,s-1.6000000000000003,s180
069_22,s-3.6000000000000005,s-0.8,s0
069_23,s-3.2500000000000004,s0.0,s180
069_24,s-2.16,s-0.8,s0
069_25,s-1.81,s0.0,s180
069_26,s-0.7200000000000001,s-0.8,s0
069_27,s-0.3700000000000001,s0.0,s180
069_28,s2.16,s-0.8,s0
069_29,s2.5100000000000002,s0.0,s180
069_30,s3.6000000000000005,s-0.8,s0
069_31,s3.9500000000000006,s0.0,s180
069_32,s-3.6000000000000005,s0.8,s0
069_33,s-3.2500000000000004,s1.6,s180
069_34,s-2.16,s0.8,s0
069_35,s-1.81,s1.6,s180
069_36,s-0.7200000000000001,s0.8,s0
069_37,s-0.3700000000000001,s1.6,s180
069_38,s2.16,s0.8,s0
069_39,s2.5100000000000002,s1.6,s180
069_40,s3.6000000000000005,s0.8,s0
069_41,s3.9500000000000006,s1.6,s180
069_42,s-3.6000000000000005,s4.0,s0
069_43,s-3.2500000000000004,s4.8,s180
069_44,s-2.16,s4.0,s0
069_45,s-1.81,s4.8,s180
069_46,s-0.7200000000000001,s4.0,s0
069_47,s-0.3700000000000001,s4.8,s180
069_48,s2.16,s4.0,s0
069_49,s2.5100000000000002,s4.8,s180
069_50,s3.6000000000000005,s4.0,s0
069_51,s3.9500000000000006,s4.8,s180
069_52,s0.17500000000000004,s0.3999999999999999,s0
070_0,s-3.6000000000000005,s-4.0,s0
070_1,s-3.2500000000000004,s-3.2,s180
070_2,s-2.16,s-4.0,s0
070_3,s-1.81,s-3.2,s180
070_4,s-0.7200000000000001,s-4.0,s0
070_5,s-0.3700000000000001,s-3.2,s180
070_6,s2.16,s-4.0,s0
070_7,s2.5100000000000002,s-3.2,s180
070_8,s3.6000000000000005,s-4.0,s0
070_9,s3.9500000000000006,s-3.2,s180
070_10,s-3.6000000000000005,s-2.4000000000000004,s0
070_11,s-3.2500000000000004,s-1.6000000000000003,s180
070_12,s-2.16,s-2.4000000000000004,s0
070_13,s-1.81,s-1.6000000000000003,s180
070_14,s-0.7200000000000001,s-2.4000000000000004,s0
070_15,s-0.3700000000000001,s-1.6000000000000003,s180
070_16,s0.7200000000000001,s-2.4000000000000004,s0
070_17,s1.07,s-1.6000000000000003,s180
070_18,s2.16,s-2.4000000000000004,s0
070_19,s2.5100000000000002,s-1.6000000000000003,s180
070_20,s3.6000000000000005,s-2.4000000000000004,s0
070_21,s3.9500000000000006,s-1.6000000000000003,s180
070_22,s-3.6000000000000005,s-0.8,s0
070_23,s-3.2500000000000004,s0.0,s180
070_24,s-2.16,s-0.8,s0
070_25,s-1.81,s0.0,s180
070_26,s-0.7200000000000001,s-0.8,s0
070_27,s-0.3700000000000001,s0.0,s180
070_28,s2.16,s-0.8,s0
070_29,s2.5100000000000002,s0.0,s180
070_30,s3.6000000000000005,s-0.8,s0
070_31,s3.9500000000000006,s0.0,s180
070_32,s-3.6000000000000005,s0.8,s0
070_33,s-3.2500000000000004,s1.6,s180
070_34,s-2.16,s0.8,s0
070_35,s-1.81,s1.6,s180
070_36,s-0.7200000000000001,s0.8,s0
070_37,s-0.3700000000000001,s1.6,s180
070_38,s2.16,s0.8,s0
070_39,s2.5100000000000002,s1.6,s180
070_40,s3.6000000000000005,s0.8,s0
070_41,s3.9500000000000006,s1.6,s180
070_42,s-3.6000000000000005,s4.0,s0
070_43,s-3.2500000000000004,s4.8,s180
070_44,s-2.16,s4.0,s0
070_45,s-1.81,s4.8,s180
070_46,s-0.7200000000000001,s4.0,s0
070_47,s-0.3700000000000001,s4.8,s180
070_48,s2.16,s4.0,s0
070_49,s2.5100000000000002,s4.8,s180
070_50,s3.6000000000000005,s4.0,s0
070_51,s3.9500000000000006,s4.8,s180
071_0,s-3.6000000000000005,s-4.0,s0
071_1,s-3.2500000000000004,s-3.2,s180
071_2,s-2.16,s-4.0,s0
071_3,s-1.81,s-3.2,s180
071_4,s-0.7200000000000001,s-4.0,s0
071_5,s-0.3700000000000001,s-3.2,s180
071_6,s2.16,s-4.0,s0
071_7,s2.5100000000000002,s-3.2,s180
071_8,s3.6000000000000005,s-4.0,s0
071_9,s3.9500000000000006,s-3.2,s180
071_10,s-3.6000000000000005,s-2.4000000000000004,s0
071_11,s-3.2500000000000004,s-1.6000000000000003,s180
071_12,s-2.16,s-2.4000000000000004,s0
071_13,s-1.81,s-1.6000000000000003,s180
071_14,s-0.7200000000000001,s-2.4000000000000004,s0
071_15,s-0.3700000000000001,s-1.6000000000000003,s180
071_16,s0.7200000000000001,s-2.4000000000000004,s0
071_17,s1.07,s-1.6000000000000003,s180
071_18,s2.16,s-2.4000000000000004,s0
071_19,s2.5100000000000002,s-1.6000000000000003,s180
071_20,s3.6000000000000005,s-2.4000000000000004,s0
071_21,s3.9500000000000006,s-1.6000000000000003,s180
071_22,s-3.6000000000000005,s-0.8,s0
071_23,s-3.2500000000000004,s0.0,s180
071_24,s-2.16,s-0.8,s0
071_25,s-1.81,s0.0,s180
071_26,s-0.7200000000000001,s-0.8,s0
071_27,s-0.3700000000000001,s0.0,s180
071_28,s2.16,s-0.8,s0
071_29,s2.5100000000000002,s0.0,s180
071_30,s3.6000000000000005,s-0.8,s0
071_31,s3.9500000000000006,s0.0,s180
071_32,s-3.6000000000000005,s0.8,s0
071_33,s-3.2500000000000004,s1.6,s180
071_34,s-2.16,s0.8,s0
071_35,s-1.81,s1.6,s180
071_36,s-0.7200000000000001,s0.8,s0
071_37,s-0.3700000000000001,s1.6,s180
071_38,s2.16,s0.8,s0
071_39,s2.5100000000000002,s1.6,s180
071_40,s3.6000000000000005,s0.8,s0
071_41,s3.9500000000000006,s1.6,s180
071_42,s-3.6000000000000005,s4.0,s0
071_43,s-3.2500000000000004,s4.8,s180
071_44,s-2.16,s4.0,s0
071_45,s-1.81,s4.8,s180
071_46,s-0.7200000000000001,s4.0,s0
071_47,s-0.3700000000000001,s4.8,s180
071_48,s2.16,s4.0,s0
071_49,s2.5100000000000002,s4.8,s180
071_50,s3.6000000000000005,s4.0,s0
071_51,s3.9500000000000006,s4.8,s180
071_52,s0.17500000000000004,s0.3999999999999999,s0
072_0,s-3.1049999999999995,s-2.875,s0
072_1,s-2.7549999999999994,s-2.075,s180
072_2,s-2.07,s-2.875,s0
072_3,s-1.7199999999999998,s-2.075,s180
072_4,s-1.035,s-2.875,s0
072_5,s-0.6849999999999999,s-2.075,s180
072_6,s0.0,s-2.875,s0
072_7,s0.35,s-2.075,s180
072_8,s2.07,s-2.875,s0
072_9,s2.42,s-2.075,s180
072_10,s3.1049999999999995,s-2.875,s0
072_11,s3.4549999999999996,s-2.075,s180
072_12,s-3.1049999999999995,s-1.7249999999999999,s0
072_13,s-2.7549999999999994,s-0.9249999999999998,s180
072_14,s-2.07,s-1.7249999999999999,s0
072_15,s-1.7199999999999998,s-0.9249999999999998,s180
072_16,s-1.035,s-1.7249999999999999,s0
072_17,s-0.6849999999999999,s-0.9249999999999998,s180
072_18,s0.0,s-1.7249999999999999,s0
072_19,s0.35,s-0.9249999999999998,s180
072_20,s1.035,s-1.7249999999999999,s0
072_21,s1.3849999999999998,s-0.9249999999999998,s180
072_22,s2.07,s-1.7249999999999999,s0
072_23,s2.42,s-0.9249999999999998,s180
072_24,s3.1049999999999995,s-1.7249999999999999,s0
072_25,s3.4549999999999996,s-0.9249999999999998,s180
072_26,s-3.1049999999999995,s-0.575,s0
072_27,s-2.7549999999999994,s0.2250000000000001,s180
072_28,s-2.07,s-0.575,s0
072_29,s-1.7199999999999998,s0.2250000000000001,s180
072_30,s-1.035,s-0.575,s0
072_31,s-0.6849999999999999,s0.2250000000000001,s180
072_32,s0.0,s-0.575,s0
072_33,s0.35,s0.2250000000000001,s180
072_34,s2.07,s-0.575,s0
072_35,s2.42,s0.2250000000000001,s180
072_36,s3.1049999999999995,s-0.575,s0
072_37,s3.4549999999999996,s0.2250000000000001,s180
072_38,s-3.1049999999999995,s0.575,s0
072_39,s-2.7549999999999994,s1.375,s180
072_40,s-2.07,s0.575,s0
072_41,s-1.7199999999999998,s1.375,s180
072_42,s-1.035,s0.575,s0
072_43,s-0.6849999999999999,s1.375,s180
072_44,s0.0,s0.575,s0
072_45,s0.35,s1.375,s180
072_46,s2.07,s0.575,s0
072_47,s2.42,s1.375,s180
072_48,s3.1049999999999995,s0.575,s0
072_49,s3.4549999999999996,s1.375,s180
072_50,s-3.1049999999999995,s1.7249999999999999,s0
072_51,s-2.7549999999999994,s2.525,s180
072_52,s-2.07,s1.7249999999999999,s0
072_53,s-1.7199999999999998,s2.525,s180
072_54,s-1.035,s1.7249999999999999,s0
072_55,s-0.6849999999999999,s2.525,s180
072_56,s0.0,s1.7249999999999999,s0
072_57,s0.35,s2.525,s180
072_58,s2.07,s1.7249999999999999,s0
072_59,s2.42,s2.525,s180
072_60,s3.1049999999999995,s1.7249999999999999,s0
072_61,s3.4549999999999996,s2.525,s180
072_62,s-3.1049999999999995,s2.875,s0
072_63,s-2.7549999999999994,s3.675,s180
072_64,s-2.07,s2.875,s0
072_65,s-1.7199999999999998,s3.675,s180
072_66,s-1.035,s2.875,s0
072_67,s-0.6849999999999999,s3.675,s180
072_68,s0.0,s2.875,s0
072_69,s0.35,s3.675,s180
072_70,s2.07,s2.875,s0
072_71,s2.42,s3.675,s180
073_0,s-3.1049999999999995,s-2.875,s0
073_1,s-2.7549999999999994,s-2.075,s180
073_2,s-2.07,s-2.875,s0
073_3,s-1.7199999999999998,s-2.075,s180
073_4,s-1.035,s-2.875,s0
073_5,s-0.6849999999999999,s-2.075,s180
073_6,s0.0,s-2.875,s0
073_7,s0.35,s-2.075,s180
073_8,s2.07,s-2.875,s0
073_9,s2.42,s-2.075,s180
073_10,s3.1049999999999995,s-2.875,s0
073_11,s3.4549999999999996,s-2.075,s180
073_12,s-3.1049999999999995,s-1.7249999999999999,s0
073_13,s-2.7549999999999994,s-0.9249999999999998,s180
073_14,s-2.07,s-1.7249999999999999,s0
073_15,s-1.7199999999999998,s-0.9249999999999998,s180
073_16,s-1.035,s-1.7249999999999999,s0
073_17,s-0.6849999999999999,s-0.9249999999999998,s180
073_18,s0.0,s-1.7249999999999999,s0
073_19,s0.35,s-0.9249999999999998,s180
073_20,s1.035,s-1.7249999999999999,s0
073_21,s1.3849999999999998,s-0.9249999999999998,s180
073_22,s2.07,s-1.7249999999999999,s0
073_23,s2.42,s-0.9249999999999998,s180
073_24,s3.1049999999999995,s-1.7249999999999999,s0
073_25,s3.4549999999999996,s-0.9249999999999998,s180
073_26,s-3.1049999999999995,s-0.575,s0
073_27,s-2.7549999999999994,s0.2250000000000001,s180
073_28,s-2.07,s-0.575,s0
073_29,s-1.7199999999999998,s0.2250000000000001,s180
073_30,s-1.035,s-0.575,s0
073_31,s-0.6849999999999999,s0.2250000000000001,s180
073_32,s0.0,s-0.575,s0
073_33,s0.35,s0.2250000000000001,s180
073_34,s2.07,s-0.575,s0
073_35,s2.42,s0.2250000000000001,s180
073_36,s3.1049999999999995,s-0.575,s0
073_37,s3.4549999999999996,s0.2250000000000001,s180
073_38,s-3.1049999999999995,s0.575,s0
073_39,s-2.7549999999999994,s1.375,s180
073_40,s-2.07,s0.575,s0
073_41,s-1.7199999999999998,s1.375,s180
073_42,s-1.035,s0.575,s0
073_43,s-0.6849999999999999,s1.375,s180
073_44,s0.0,s0.575,s0
073_45,s0.35,s1.375,s180
073_46,s2.07,s0.575,s0
073_47,s2.42,s1.375,s180
073_48,s3.1049999999999995,s0.575,s0
073_49,s3.4549999999999996,s1.375,s180
073_50,s-3.1049999999999995,s1.7249999999999999,s0
073_51,s-2.7549999999999994,s2.525,s180
073_52,s-2.07,s1.7249999999999999,s0
073_53,s-1.7199999999999998,s2.525,s180
073_54,s-1.035,s1.7249999999999999,s0
073_55,s-0.6849999999999999,s2.525,s180
073_56,s0.0,s1.7249999999999999,s0
073_57,s0.35,s2.525,s180
073_58,s2.07,s1.7249999999999999,s0
073_59,s2.42,s2.525,s180
073_60,s3.1049999999999995,s1.7249999999999999,s0
073_61,s3.4549999999999996,s2.525,s180
073_62,s-3.1049999999999995,s2.875,s0
073_63,s-2.7549999999999994,s3.675,s180
073_64,s-2.07,s2.875,s0
073_65,s-1.7199999999999998,s3.675,s180
073_66,s-1.035,s2.875,s0
073_67,s-0.6849999999999999,s3.675,s180
073_68,s0.0,s2.875,s0
073_69,s0.35,s3.675,s180
073_70,s2.07,s2.875,s0
073_71,s2.42,s3.675,s180
073_72,s4.305,s0.3999999999999999,s0
074_0,s-3.1049999999999995,s-2.875,s0
074_1,s-2.7549999999999994,s-2.075,s180
074_2,s-2.07,s-2.875,s0
074_3,s-1.7199999999999998,s-2.075,s180
074_4,s-1.035,s-2.875,s0
074_5,s-0.6849999999999999,s-2.075,s180
074_6,s0.0,s-2.875,s0
074_7,s0.35,s-2.075,s180
074_8,s2.07,s-2.875,s0
074_9,s2.42,s-2.075,s180
074_10,s3.1049999999999995,s-2.875,s0
074_11,s3.4549999999999996,s-2.075,s180
074_12,s-3.1049999999999995,s-1.7249999999999999,s0
074_13,s-2.7549999999999994,s-0.9249999999999998,s180
074_14,s-2.07,s-1.7249999999999999,s0
074_15,s-1.7199999999999998,s-0.9249999999999998,s180
074_16,s-1.035,s-1.7249999999999999,s0
074_17,s-0.6849999999999999,s-0.9249999999999998,s180
074_18,s0.0,s-1.7249999999999999,s0
074_19,s0.35,s-0.9249999999999998,s180
074_20,s1.035,s-1.7249999999999999,s0
074_21,s1.3849999999999998,s-0.9249999999999998,s180
074_22,s2.07,s-1.7249999999999999,s0
074_23,s2.42,s-0.9249999999999998,s180
074_24,s3.1049999999999995,s-1.7249999999999999,s0
074_25,s3.4549999999999996,s-0.9249999999999998,s180
074_26,s-3.1049999999999995,s-0.575,s0
074_27,s-2.7549999999999994,s0.2250000000000001,s180
074_28,s-2.07,s-0.575,s0
074_29,s-1.7199999999999998,s0.2250000000000001,s180
074_30,s-1.035,s-0.575,s0
074_31,s-0.6849999999999999,s0.2250000000000001,s180
074_32,s0.0,s-0.575,s0
074_33,s0.35,s0.2250000000000001,s180
074_34,s2.07,s-0.575,s0
074_35,s2.42,s0.2250000000000001,s180
074_36,s3.1049999999999995,s-0.575,s0
074_37,s3.4549999999999996,s0.2250000000000001,s180
074_38,s-3.1049999999999995,s0.575,s0
074_39,s-2.7549999999999994,s1.375,s180
074_40,s-2.07,s0.575,s0
074_41,s-1.7199999999999998,s1.375,s180
074_42,s-1.035,s0.575,s0
074_43,s-0.6849999999999999,s1.375,s180
074_44,s0.0,s0.575,s0
074_45,s0.35,s1.375,s180
074_46,s2.07,s0.575,s0
074_47,s2.42,s1.375,s180
074_48,s3.1049999999999995,s0.575,s0
074_49,s3.4549999999999996,s1.375,s180
074_50,s-3.1049999999999995,s1.7249999999999999,s0
074_51,s-2.7549999999999994,s2.525,s180
074_52,s-2.07,s1.7249999999999999,s0
074_53,s-1.7199999999999998,s2.525,s180
074_54,s-1.035,s1.7249999999999999,s0
074_55,s-0.6849999999999999,s2.525,s180
074_56,s0.0,s1.7249999999999999,s0
074_57,s0.35,s2.525,s180
074_58,s2.07,s1.7249999999999999,s0
074_59,s2.42,s2.525,s180
074_60,s3.1049999999999995,s1.7249999999999999,s0
074_61,s3.4549999999999996,s2.525,s180
074_62,s-3.1049999999999995,s2.875,s0
074_63,s-2.7549999999999994,s3.675,s180
074_64,s-2.07,s2.875,s0
074_65,s-1.7199999999999998,s3.675,s180
074_66,s-1.035,s2.875,s0
074_67,s-0.6849999999999999,s3.675,s180
074_68,s0.0,s2.875,s0
074_69,s0.35,s3.675,s180
074_70,s2.07,s2.875,s0
074_71,s2.42,s3.675,s180
074_72,s3.1049999999999995,s2.875,s0
074_73,s3.4549999999999996,s3.675,s180
075_0,s-3.1049999999999995,s-2.875,s0
075_1,s-2.7549999999999994,s-2.075,s180
075_2,s-2.07,s-2.875,s0
075_3,s-1.7199999999999998,s-2.075,s180
075_4,s-1.035,s-2.875,s0
075_5,s-0.6849999999999999,s-2.075,s180
075_6,s0.0,s-2.875,s0
075_7,s0.35,s-2.075,s180
075_8,s2.07,s-2.875,s0
075_9,s2.42,s-2.075,s180
075_10,s3.1049999999999995,s-2.875,s0
075_11,s3.4549999999999996,s-2.075,s180
075_12,s-3.1049999999999995,s-1.7249999999999999,s0
075_13,s-2.7549999999999994,s-0.9249999999999998,s180
075_14,s-2.07,s-1.7249999999999999,s0
075_15,s-1.7199999999999998,s-0.9249999999999998,s180
075_16,s-1.035,s-1.7249999999999999,s0
075_17,s-0.6849999999999999,s-0.9249999999999998,s180
075_18,s0.0,s-1.7249999999999999,s0
075_19,s0.35,s-0.9249999999999998,s180
075_20,s1.035,s-1.7249999999999999,s0
075_21,s1.3849999999999998,s-0.9249999999999998,s180
075_22,s2.07,s-1.7249999999999999,s0
075_23,s2.42,s-0.9249999999999998,s180
075_24,s3.1049999999999995,s-1.7249999999999999,s0
075_25,s3.4549999999999996,s-0.9249999999999998,s180
075_26,s-3.1049999999999995,s-0.575,s0
075_27,s-2.7549999999999994,s0.2250000000000001,s180
075_28,s-2.07,s-0.575,s0
075_29,s-1.7199999999999998,s0.2250000000000001,s180
075_30,s-1.035,s-0.575,s0
075_31,s-0.6849999999999999,s0.2250000000000001,s180
075_32,s0.0,s-0.575,s0
075_33,s0.35,s0.2250000000000001,s180
075_34,s2.07,s-0.575,s0
075_35,s2.42,s0.2250000000000001,s180
075_36,s3.1049999999999995,s-0.575,s0
075_37,s3.4549999999999996,s0.2250000000000001,s180
075_38,s-3.1049999999999995,s0.575,s0
075_39,s-2.7549999999999994,s1.375,s180
075_40,s-2.07,s0.575,s0
075_41,s-1.7199999999999998,s1.375,s180
075_42,s-1.035,s0.575,s0
075_43,s-0.6849999999999999,s1.375,s180
075_44,s0.0,s0.575,s0
075_45,s0.35,s1.375,s180
075_46,s2.07,s0.575,s0
075_47,s2.42,s1.375,s180
075_48,s3.1049999999999995,s0.575,s0
075_49,s3.4549999999999996,s1.375,s180
075_50,s-3.1049999999999995,s1.7249999999999999,s0
075_51,s-2.7549999999999994,s2.525,s180
075_52,s-2.07,s1.7249999999999999,s0
075_53,s-1.7199999999999998,s2.525,s180
075_54,s-1.035,s1.7249999999999999,s0
075_55,s-0.6849999999999999,s2.525,s180
075_56,s0.0,s1.7249999999999999,s0
075_57,s0.35,s2.525,s180
075_58,s2.07,s1.7249999999999999,s0
075_59,s2.42,s2.525,s180
075_60,s3.1049999999999995,s1.7249999999999999,s0
075_61,s3.4549999999999996,s2.525,s180
075_62,s-3.1049999999999995,s2.875,s0
075_63,s-2.7549999999999994,s3.675,s180
075_64,s-2.07,s2.875,s0
075_65,s-1.7199999999999998,s3.675,s180
075_66,s-1.035,s2.875,s0
075_67,s-0.6849999999999999,s3.675,s180
075_68,s0.0,s2.875,s0
075_69,s0.35,s3.675,s180
075_70,s2.07,s2.875,s0
075_71,s2.42,s3.675,s180
075_72,s3.1049999999999995,s2.875,s0
075_73,s3.4549999999999996,s3.675,s180
075_74,s4.305,s0.3999999999999999,s0
076_0,s-4.32,s-4.0,s0
076_1,s-3.97,s-3.2,s180
076_2,s-2.8800000000000003,s-4.0,s0
076_3,s-2.5300000000000002,s-3.2,s180
076_4,s-1.4400000000000002,s-4.0,s0
076_5,s-1.0900000000000003,s-3.2,s180
076_6,s0.0,s-4.0,s0
076_7,s0.35,s-3.2,s180
076_8,s2.8800000000000003,s-4.0,s0
076_9,s3.2300000000000004,s-3.2,s180
076_10,s4.32,s-4.0,s0
076_11,s4.67,s-3.2,s180
076_12,s-4.32,s-2.4000000000000004,s0
076_13,s-3.97,s-1.6000000000000003,s180
076_14,s-2.8800000000000003,s-2.4000000000000004,s0
076_15,s-2.5300000000000002,s-1.6000000000000003,s180
076_16,s-1.4400000000000002,s-2.4000000000000004,s0
076_17,s-1.0900000000000003,s-1.6000000000000003,s180
076_18,s0.0,s-2.4000000000000004,s0
076_19,s0.35,s-1.6000000000000003,s180
076_20,s1.4400000000000002,s-2.4000000000000004,s0
076_21,s1.79,s-1.6000000000000003,s180
076_22,s2.8800000000000003,s-2.4000000000000004,s0
076_23,s3.2300000000000004,s-1.6000000000000003,s180
076_24,s4.32,s-2.4000000000000004,s0
076_25,s4.67,s-1.6000000000000003,s180
076_26,s-4.32,s-0.8,s0
076_27,s-3.97,s0.0,s180
076_28,s-2.8800000000000003,s-0.8,s0
076_29,s-2.5300000000000002,s0.0,s180
076_30,s-1.4400000000000002,s-0.8,s0
076_31,s-1.0900000000000003,s0.0,s180
076_32,s0.0,s-0.8,s0
076_33,s0.35,s0.0,s180
076_34,s2.8800000000000003,s-0.8,s0
076_35,s3.2300000000000004,s0.0,s180
076_36,s4.32,s-0.8,s0
076_37,s4.67,s0.0,s180
076_38,s-4.32,s0.8,s0
076_39,s-3.97,s1.6,s180
076_40,s-2.8800000000000003,s0.8,s0
076_41,s-2.5300000000000002,s1.6,s180
076_42,s-1.4400000000000002,s0.8,s0
076_43,s-1.0900000000000003,s1.6,s180
076_44,s0.0,s0.8,s0
076_45,s0.35,s1.6,s180
076_46,s2.8800000000000003,s0.8,s0
076_47,s3.2300000000000004,s1.6,s180
076_48,s4.32,s0.8,s0
076_49,s4.67,s1.6,s180
076_50,s-2.8800000000000003,s2.4000000000000004,s0
076_51,s-2.5300000000000002,s3.2,s180
076_52,s-4.32,s4.0,s0
076_53,s-3.97,s4.8,s180
076_54,s-2.8800000000000003,s4.0,s0
076_55,s-2.5300000000000002,s4.8,s180
076_56,s-1.4400000000000002,s4.0,s0
076_57,s-1.0900000000000003,s4.8,s180
076_58,s0.0,s4.0,s0
076_59,s0.35,s4.8,s180
076_60,s2.8800000000000003,s4.0,s0
076_61,s3.2300000000000004,s4.8,s180
076_62,s4.32,s4.0,s0
076_63,s4.67,s4.8,s180
077_0,s-4.32,s-4.0,s0
077_1,s-3.97,s-3.2,s180
077_2,s-2.8800000000000003,s-4.0,s0
077_3,s-2.5300000000000002,s-3.2,s180
077_4,s-1.4400000000000002,s-4.0,s0
077_5,s-1.0900000000000003,s-3.2,s180
077_6,s0.0,s-4.0,s0
077_7,s0.35,s-3.2,s180
077_8,s2.8800000000000003,s-4.0,s0
077_9,s3.2300000000000004,s-3.2,s180
077_10,s4.32,s-4.0,s0
077_11,s4.67,s-3.2,s180
077_12,s-4.32,s-2.4000000000000004,s0
077_13,s-3.97,s-1.6000000000000003,s180
077_14,s-2.8800000000000003,s-2.4000000000000004,s0
077_15,s-2.5300000000000002,s-1.6000000000000003,s180
077_16,s-1.4400000000000002,s-2.4000000000000004,s0
077_17,s-1.0900000000000003,s-1.6000000000000003,s180
077_18,s0.0,s-2.4000000000000004,s0
077_19,s0.35,s-1.6000000000000003,s180
077_20,s1.4400000000000002,s-2.4000000000000004,s0
077_21,s1.79,s-1.6000000000000003,s180
077_22,s2.8800000000000003,s-2.4000000000000004,s0
077_23,s3.2300000000000004,s-1.6000000000000003,s180
077_24,s4.32,s-2.4000000000000004,s0
077_25,s4.67,s-1.6000000000000003,s180
077_26,s-4.32,s-0.8,s0
077_27,s-3.97,s0.0,s180
077_28,s-2.8800000000000003,s-0.8,s0
077_29,s-2.5300000000000002,s0.0,s180
077_30,s-1.4400000000000002,s-0.8,s0
077_31,s-1.0900000000000003,s0.0,s180
077_32,s0.0,s-0.8,s0
077_33,s0.35,s0.0,s180
077_34,s2.8800000000000003,s-0.8,s0
077_35,s3.2300000000000004,s0.0,s180
077_36,s4.32,s-0.8,s0
077_37,s4.67,s0.0,s180
077_38,s-4.32,s0.8,s0
077_39,s-3.97,s1.6,s180
077_40,s-2.8800000000000003,s0.8,s0
077_41,s-2.5300000000000002,s1.6,s180
077_42,s-1.4400000000000002,s0.8,s0
077_43,s-1.0900000000000003,s1.6,s180
077_44,s0.0,s0.8,s0
077_45,s0.35,s1.6,s180
077_46,s2.8800000000000003,s0.8,s0
077_47,s3.2300000000000004,s1.6,s180
077_48,s4.32,s0.8,s0
077_49,s4.67,s1.6,s180
077_50,s-2.8800000000000003,s2.4000000000000004,s0
077_51,s-2.5300000000000002,s3.2,s180
077_52,s-4.32,s4.0,s0
077_53,s-3.97,s4.8,s180
077_54,s-2.8800000000000003,s4.0,s0
077_55,s-2.5300000000000002,s4.8,s180
077_56,s-1.4400000000000002,s4.0,s0
077_57,s-1.0900000000000003,s4.8,s180
077_58,s0.0,s4.0,s0
077_59,s0.35,s4.8,s180
077_60,s2.8800000000000003,s4.0,s0
077_61,s3.2300000000000004,s4.8,s180
077_62,s4.32,s4.0,s0
077_63,s4.67,s4.8,s180
077_64,s5.52,s0.3999999999999999,s0
078_0,s-4.32,s-4.0,s0
078_1,s-3.97,s-3.2,s180
078_2,s-2.8800000000000003,s-4.0,s0
078_3,s-2.5300000000000002,s-3.2,s180
078_4,s-1.4400000000000002,s-4.0,s0
078_5,s-1.0900000000000003,s-3.2,s180
078_6,s0.0,s-4.0,s0
078_7,s0.35,s-3.2,s180
078_8,s2.8800000000000003,s-4.0,s0
078_9,s3.2300000000000004,s-3.2,s180
078_10,s4.32,s-4.0,s0
078_11,s4.67,s-3.2,s180
078_12,s-4.32,s-2.4000000000000004,s0
078_13,s-3.97,s-1.6000000000000003,s180
078_14,s-2.8800000000000003,s-2.4000000000000004,s0
078_15,s-2.5300000000000002,s-1.6000000000000003,s180
078_16,s-1.4400000000000002,s-2.4000000000000004,s0
078_17,s-1.0900000000000003,s-1.6000000000000003,s180
078_18,s0.0,s-2.4000000000000004,s0
078_19,s0.35,s-1.6000000000000003,s180
078_20,s1.4400000000000002,s-2.4000000000000004,s0
078_21,s1.79,s-1.6000000000000003,s180
078_22,s2.8800000000000003,s-2.4000000000000004,s0
078_23,s3.2300000000000004,s-1.6000000000000003,s180
078_24,s4.32,s-2.4000000000000004,s0
078_25,s4.67,s-1.6000000000000003,s180
078_26,s-4.32,s-0.8,s0
078_27,s-3.97,s0.0,s180
078_28,s-2.8800000000000003,s-0.8,s0
078_29,s-2.5300000000000002,s0.0,s180
078_30,s-1.4400000000000002,s-0.8,s0
078_31,s-1.0900000000000003,s0.0,s180
078_32,s0.0,s-0.8,s0
078_33,s0.35,s0.0,s180
078_34,s2.8800000000000003,s-0.8,s0
078_35,s3.2300000000000004,s0.0,s180
078_36,s4.32,s-0.8,s0
078_37,s4.67,s0.0,s180
078_38,s-4.32,s0.8,s0
078_39,s-3.97,s1.6,s180
078_40,s-2.8800000000000003,s0.8,s0
078_41,s-2.5300000000000002,s1.6,s180
078_42,s-1.4400000000000002,s0.8,s0
078_43,s-1.0900000000000003,s1.6,s180
078_44,s0.0,s0.8,s0
078_45,s0.35,s1.6,s180
078_46,s2.8800000000000003,s0.8,s0
078_47,s3.2300000000000004,s1.6,s180
078_48,s4.32,s0.8,s0
078_49,s4.67,s1.6,s180
078_50,s-2.8800000000000003,s2.4000000000000004,s0
078_51,s-2.5300000000000002,s3.2,s180
078_52,s-4.32,s4.0,s0
078_53,s-3.97,s4.8,s180
078_54,s-2.8800000000000003,s4.0,s0
078_55,s-2.5300000000000002,s4.8,s180
078_56,s-1.4400000000000002,s4.0,s0
078_57,s-1.0900000000000003,s4.8,s180
078_58,s0.0,s4.0,s0
078_59,s0.35,s4.8,s180
078_60,s2.8800000000000003,s4.0,s0
078_61,s3.2300000000000004,s4.8,s180
078_62,s4.32,s4.0,s0
078_63,s4.67,s4.8,s180
079_0,s-4.32,s-4.0,s0
079_1,s-3.97,s-3.2,s180
079_2,s-2.8800000000000003,s-4.0,s0
079_3,s-2.5300000000000002,s-3.2,s180
079_4,s-1.4400000000000002,s-4.0,s0
079_5,s-1.0900000000000003,s-3.2,s180
079_6,s0.0,s-4.0,s0
079_7,s0.35,s-3.2,s180
079_8,s2.8800000000000003,s-4.0,s0
079_9,s3.2300000000000004,s-3.2,s180
079_10,s4.32,s-4.0,s0
079_11,s4.67,s-3.2,s180
079_12,s-4.32,s-2.4000000000000004,s0
079_13,s-3.97,s-1.6000000000000003,s180
079_14,s-2.8800000000000003,s-2.4000000000000004,s0
079_15,s-2.5300000000000002,s-1.6000000000000003,s180
079_16,s-1.4400000000000002,s-2.4000000000000004,s0
079_17,s-1.0900000000000003,s-1.6000000000000003,s180
079_18,s0.0,s-2.4000000000000004,s0
079_19,s0.35,s-1.6000000000000003,s180
079_20,s1.4400000000000002,s-2.4000000000000004,s0
079_21,s1.79,s-1.6000000000000003,s180
079_22,s2.8800000000000003,s-2.4000000000000004,s0
079_23,s3.2300000000000004,s-1.6000000000000003,s180
079_24,s4.32,s-2.4000000000000004,s0
079_25,s4.67,s-1.6000000000000003,s180
079_26,s-4.32,s-0.8,s0
079_27,s-3.97,s0.0,s180
079_28,s-2.8800000000000003,s-0.8,s0
079_29,s-2.5300000000000002,s0.0,s180
079_30,s-1.4400000000000002,s-0.8,s0
079_31,s-1.0900000000000003,s0.0,s180
079_32,s0.0,s-0.8,s0
079_33,s0.35,s0.0,s180
079_34,s2.8800000000000003,s-0.8,s0
079_35,s3.2300000000000004,s0.0,s180
079_36,s4.32,s-0.8,s0
079_37,s4.67,s0.0,s180
079_38,s-4.32,s0.8,s0
079_39,s-3.97,s1.6,s180
079_40,s-2.8800000000000003,s0.8,s0
079_41,s-2.5300000000000002,s1.6,s180
079_42,s-1.4400000000000002,s0.8,s0
079_43,s-1.0900000000000003,s1.6,s180
079_44,s0.0,s0.8,s0
079_45,s0.35,s1.6,s180
079_46,s2.8800000000000003,s0.8,s0
079_47,s3.2300000000000004,s1.6,s180
079_48,s4.32,s0.8,s0
079_49,s4.67,s1.6,s180
079_50,s-2.8800000000000003,s2.4000000000000004,s0
079_51,s-2.5300000000000002,s3.2,s180
079_52,s-4.32,s4.0,s0
079_53,s-3.97,s4.8,s180
079_54,s-2.8800000000000003,s4.0,s0
079_55,s-2.5300000000000002,s4.8,s180
079_56,s-1.4400000000000002,s4.0,s0
079_57,s-1.0900000000000003,s4.8,s180
079_58,s0.0,s4.0,s0
079_59,s0.35,s4.8,s180
079_60,s2.8800000000000003,s4.0,s0
079_61,s3.2300000000000004,s4.8,s180
079_62,s4.32,s4.0,s0
079_63,s4.67,s4.8,s180
079_64,s5.52,s0.3999999999999999,s0
080_0,s-4.32,s-4.0,s0
080_1,s-3.97,s-3.2,s180
080_2,s-2.8800000000000003,s-4.0,s0
080_3,s-2.5300000000000002,s-3.2,s180
080_4,s-1.4400000000000002,s-4.0,s0
080_5,s-1.0900000000000003,s-3.2,s180
080_6,s0.0,s-4.0,s0
080_7,s0.35,s-3.2,s180
080_8,s2.8800000000000003,s-4.0,s0
080_9,s3.2300000000000004,s-3.2,s180
080_10,s4.32,s-4.0,s0
080_11,s4.67,s-3.2,s180
080_12,s-4.32,s-2.4000000000000004,s0
080_13,s-3.97,s-1.6000000000000003,s180
080_14,s-2.8800000000000003,s-2.4000000000000004,s0
080_15,s-2.5300000000000002,s-1.6000000000000003,s180
080_16,s-1.4400000000000002,s-2.4000000000000004,s0
080_17,s-1.0900000000000003,s-1.6000000000000003,s180
080_18,s0.0,s-2.4000000000000004,s0
080_19,s0.35,s-1.6000000000000003,s180
080_20,s1.4400000000000002,s-2.4000000000000004,s0
080_21,s1.79,s-1.6000000000000003,s180
080_22,s2.8800000000000003,s-2.4000000000000004,s0
080_23,s3.2300000000000004,s-1.6000000000000003,s180
080_24,s4.32,s-2.4000000000000004,s0
080_25,s4.67,s-1.6000000000000003,s180
080_26,s-4.32,s-0.8,s0
080_27,s-3.97,s0.0,s180
080_28,s-2.8800000000000003,s-0.8,s0
080_29,s-2.5300000000000002,s0.0,s180
080_30,s-1.4400000000000002,s-0.8,s0
080_31,s-1.0900000000000003,s0.0,s180
080_32,s0.0,s-0.8,s0
080_33,s0.35,s0.0,s180
080_34,s2.8800000000000003,s-0.8,s0
080_35,s3.2300000000000004,s0.0,s180
080_36,s4.32,s-0.8,s0
080_37,s4.67,s0.0,s180
080_38,s-4.32,s0.8,s0
080_39,s-3.97,s1.6,s180
080_40,s-2.8800000000000003,s0.8,s0
080_41,s-2.5300000000000002,s1.6,s180
080_42,s-1.4400000000000002,s0.8,s0
080_43,s-1.0900000000000003,s1.6,s180
080_44,s0.0,s0.8,s0
080_45,s0.35,s1.6,s180
080_46,s2.8800000000000003,s0.8,s0
080_47,s3.2300000000000004,s1.6,s180
080_48,s4.32,s0.8,s0
080_49,s4.67,s1.6,s180
080_50,s-2.8800000000000003,s2.4000000000000004,s0
080_51,s-2.5300000000000002,s3.2,s180
080_52,s-4.32,s4.0,s0
080_53,s-3.97,s4.8,s180
080_54,s-2.8800000000000003,s4.0,s0
080_55,s-2.5300000000000002,s4.8,s180
080_56,s-1.4400000000000002,s4.0,s0
080_57,s-1.0900000000000003,s4.8,s180
080_58,s0.0,s4.0,s0
080_59,s0.35,s4.8,s180
080_60,s2.8800000000000003,s4.0,s0
080_61,s3.2300000000000004,s4.8,s180
080_62,s4.32,s4.0,s0
080_63,s4.67,s4.8,s180
081_0,s-4.32,s-4.0,s0
081_1,s-3.97,s-3.2,s180
081_2,s-2.8800000000000003,s-4.0,s0
081_3,s-2.5300000000000002,s-3.2,s180
081_4,s-1.4400000000000002,s-4.0,s0
081_5,s-1.0900000000000003,s-3.2,s180
081_6,s0.0,s-4.0,s0
081_7,s0.35,s-3.2,s180
081_8,s2.8800000000000003,s-4.0,s0
081_9,s3.2300000000000004,s-3.2,s180
081_10,s4.32,s-4.0,s0
081_11,s4.67,s-3.2,s180
081_12,s-4.32,s-2.4000000000000004,s0
081_13,s-3.97,s-1.6000000000000003,s180
081_14,s-2.8800000000000003,s-2.4000000000000004,s0
081_15,s-2.5300000000000002,s-1.6000000000000003,s180
081_16,s-1.4400000000000002,s-2.4000000000000004,s0
081_17,s-1.0900000000000003,s-1.6000000000000003,s180
081_18,s0.0,s-2.4000000000000004,s0
081_19,s0.35,s-1.6000000000000003,s180
081_20,s1.4400000000000002,s-2.4000000000000004,s0
081_21,s1.79,s-1.6000000000000003,s180
081_22,s2.8800000000000003,s-2.4000000000000004,s0
081_23,s3.2300000000000004,s-1.6000000000000003,s180
081_24,s4.32,s-2.4000000000000004,s0
081_25,s4.67,s-1.6000000000000003,s180
081_26,s-4.32,s-0.8,s0
081_27,s-3.97,s0.0,s180
081_28,s-2.8800000000000003,s-0.8,s0
081_29,s-2.5300000000000002,s0.0,s180
081_30,s-1.4400000000000002,s-0.8,s0
081_31,s-1.0900000000000003,s0.0,s180
081_32,s0.0,s-0.8,s0
081_33,s0.35,s0.0,s180
081_34,s2.8800000000000003,s-0.8,s0
081_35,s3.2300000000000004,s0.0,s180
081_36,s4.32,s-0.8,s0
081_37,s4.67,s0.0,s180
081_38,s-4.32,s0.8,s0
081_39,s-3.97,s1.6,s180
081_40,s-2.8800000000000003,s0.8,s0
081_41,s-2.5300000000000002,s1.6,s180
081_42,s-1.4400000000000002,s0.8,s0
081_43,s-1.0900000000000003,s1.6,s180
081_44,s0.0,s0.8,s0
081_45,s0.35,s1.6,s180
081_46,s2.8800000000000003,s0.8,s0
081_47,s3.2300000000000004,s1.6,s180
081_48,s4.32,s0.8,s0
081_49,s4.67,s1.6,s180
081_50,s-2.8800000000000003,s2.4000000000000004,s0
081_51,s-2.5300000000000002,s3.2,s180
081_52,s-4.32,s4.0,s0
081_53,s-3.97,s4.8,s180
081_54,s-2.8800000000000003,s4.0,s0
081_55,s-2.5300000000000002,s4.8,s180
081_56,s-1.4400000000000002,s4.0,s0
081_57,s-1.0900000000000003,s4.8,s180
081_58,s0.0,s4.0,s0
081_59,s0.35,s4.8,s180
081_60,s2.8800000000000003,s4.0,s0
081_61,s3.2300000000000004,s4.8,s180
081_62,s4.32,s4.0,s0
081_63,s4.67,s4.8,s180
081_64,s5.52,s0.3999999999999999,s0
082_0,s-4.32,s-4.0,s0
082_1,s-3.97,s-3.2,s180
082_2,s-2.8800000000000003,s-4.0,s0
082_3,s-2.5300000000000002,s-3.2,s180
082_4,s-1.4400000000000002,s-4.0,s0
082_5,s-1.0900000000000003,s-3.2,s180
082_6,s0.0,s-4.0,s0
082_7,s0.35,s-3.2,s180
082_8,s2.8800000000000003,s-4.0,s0
082_9,s3.2300000000000004,s-3.2,s180
082_10,s4.32,s-4.0,s0
082_11,s4.67,s-3.2,s180
082_12,s-4.32,s-2.4000000000000004,s0
082_13,s-3.97,s-1.6000000000000003,s180
082_14,s-2.8800000000000003,s-2.4000000000000004,s0
082_15,s-2.5300000000000002,s-1.6000000000000003,s180
082_16,s-1.4400000000000002,s-2.4000000000000004,s0
082_17,s-1.0900000000000003,s-1.6000000000000003,s180
082_18,s0.0,s-2.4000000000000004,s0
082_19,s0.35,s-1.6000000000000003,s180
082_20,s1.4400000000000002,s-2.4000000000000004,s0
082_21,s1.79,s-1.6000000000000003,s180
082_22,s2.8800000000000003,s-2.4000000000000004,s0
082_23,s3.2300000000000004,s-1.6000000000000003,s180
082_24,s4.32,s-2.4000000000000004,s0
082_25,s4.67,s-1.6000000000000003,s180
082_26,s-4.32,s-0.8,s0
082_27,s-3.97,s0.0,s180
082_28,s-2.8800000000000003,s-0.8,s0
082_29,s-2.5300000000000002,s0.0,s180
082_30,s-1.4400000000000002,s-0.8,s0
082_31,s-1.0900000000000003,s0.0,s180
082_32,s0.0,s-0.8,s0
082_33,s0.35,s0.0,s180
082_34,s2.8800000000000003,s-0.8,s0
082_35,s3.2300000000000004,s0.0,s180
082_36,s4.32,s-0.8,s0
082_37,s4.67,s0.0,s180
082_38,s-4.32,s0.8,s0
082_39,s-3.97,s1.6,s180
082_40,s-2.8800000000000003,s0.8,s0
082_41,s-2.5300000000000002,s1.6,s180
082_42,s-1.4400000000000002,s0.8,s0
082_43,s-1.0900000000000003,s1.6,s180
082_44,s0.0,s0.8,s0
082_45,s0.35,s1.6,s180
082_46,s2.8800000000000003,s0.8,s0
082_47,s3.2300000000000004,s1.6,s180
082_48,s4.32,s0.8,s0
082_49,s4.67,s1.6,s180
082_50,s-2.8800000000000003,s2.4000000000000004,s0
082_51,s-2.5300000000000002,s3.2,s180
082_52,s-4.32,s4.0,s0
082_53,s-3.97,s4.8,s180
082_54,s-2.8800000000000003,s4.0,s0
082_55,s-2.5300000000000002,s4.8,s180
082_56,s-1.4400000000000002,s4.0,s0
082_57,s-1.0900000000000003,s4.8,s180
082_58,s0.0,s4.0,s0
082_59,s0.35,s4.8,s180
082_60,s2.8800000000000003,s4.0,s0
082_61,s3.2300000000000004,s4.8,s180
082_62,s4.32,s4.0,s0
082_63,s4.67,s4.8,s180
083_0,s-4.32,s-4.0,s0
083_1,s-3.97,s-3.2,s180
083_2,s-2.8800000000000003,s-4.0,s0
083_3,s-2.5300000000000002,s-3.2,s180
083_4,s-1.4400000000000002,s-4.0,s0
083_5,s-1.0900000000000003,s-3.2,s180
083_6,s0.0,s-4.0,s0
083_7,s0.35,s-3.2,s180
083_8,s2.8800000000000003,s-4.0,s0
083_9,s3.2300000000000004,s-3.2,s180
083_10,s4.32,s-4.0,s0
083_11,s4.67,s-3.2,s180
083_12,s-4.32,s-2.4000000000000004,s0
083_13,s-3.97,s-1.6000000000000003,s180
083_14,s-2.8800000000000003,s-2.4000000000000004,s0
083_15,s-2.5300000000000002,s-1.6000000000000003,s180
083_16,s-1.4400000000000002,s-2.4000000000000004,s0
083_17,s-1.0900000000000003,s-1.6000000000000003,s180
083_18,s0.0,s-2.4000000000000004,s0
083_19,s0.35,s-1.6000000000000003,s180
083_20,s1.4400000000000002,s-2.4000000000000004,s0
083_21,s1.79,s-1.6000000000000003,s180
083_22,s2.8800000000000003,s-2.4000000000000004,s0
083_23,s3.2300000000000004,s-1.6000000000000003,s180
083_24,s4.32,s-2.4000000000000004,s0
083_25,s4.67,s-1.6000000000000003,s180
083_26,s-4.32,s-0.8,s0
083_27,s-3.97,s0.0,s180
083_28,s-2.8800000000000003,s-0.8,s0
083_29,s-2.5300000000000002,s0.0,s180
083_30,s-1.4400000000000002,s-0.8,s0
083_31,s-1.0900000000000003,s0.0,s180
083_32,s0.0,s-0.8,s0
083_33,s0.35,s0.0,s180
083_34,s2.8800000000000003,s-0.8,s0
083_35,s3.2300000000000004,s0.0,s180
083_36,s4.32,s-0.8,s0
083_37,s4.67,s0.0,s180
083_38,s-4.32,s0.8,s0
083_39,s-3.97,s1.6,s180
083_40,s-2.8800000000000003,s0.8,s0
083_41,s-2.5300000000000002,s1.6,s180
083_42,s-1.4400000000000002,s0.8,s0
083_43,s-1.0900000000000003,s1.6,s180
083_44,s0.0,s0.8,s0
083_45,s0.35,s1.6,s180
083_46,s2.8800000000000003,s0.8,s0
083_47,s3.2300000000000004,s1.6,s180
083_48,s4.32,s0.8,s0
083_49,s4.67,s1.6,s180
083_50,s-2.8800000000000003,s2.4000000000000004,s0
083_51,s-2.5300000000000002,s3.2,s180
083_52,s-4.32,s4.0,s0
083_53,s-3.97,s4.8,s180
083_54,s-2.8800000000000003,s4.0,s0
083_55,s-2.5300000000000002,s4.8,s180
083_56,s-1.4400000000000002,s4.0,s0
083_57,s-1.0900000000000003,s4.8,s180
083_58,s0.0,s4.0,s0
083_59,s0.35,s4.8,s180
083_60,s2.8800000000000003,s4.0,s0
083_61,s3.2300000000000004,s4.8,s180
083_62,s4.32,s4.0,s0
083_63,s4.67,s4.8,s180
083_64,s5.52,s0.3999999999999999,s0
084_0,s-4.32,s-4.0,s0
084_1,s-3.97,s-3.2,s180
084_2,s-2.8800000000000003,s-4.0,s0
084_3,s-2.5300000000000002,s-3.2,s180
084_4,s-1.4400000000000002,s-4.0,s0
084_5,s-1.0900000000000003,s-3.2,s180
084_6,s0.0,s-4.0,s0
084_7,s0.35,s-3.2,s180
084_8,s2.8800000000000003,s-4.0,s0
084_9,s3.2300000000000004,s-3.2,s180
084_10,s4.32,s-4.0,s0
084_11,s4.67,s-3.2,s180
084_12,s-4.32,s-2.4000000000000004,s0
084_13,s-3.97,s-1.6000000000000003,s180
084_14,s-2.8800000000000003,s-2.4000000000000004,s0
084_15,s-2.5300000000000002,s-1.6000000000000003,s180
084_16,s-1.4400000000000002,s-2.4000000000000004,s0
084_17,s-1.0900000000000003,s-1.6000000000000003,s180
084_18,s0.0,s-2.4000000000000004,s0
084_19,s0.35,s-1.6000000000000003,s180
084_20,s1.4400000000000002,s-2.4000000000000004,s0
084_21,s1.79,s-1.6000000000000003,s180
084_22,s2.8800000000000003,s-2.4000000000000004,s0
084_23,s3.2300000000000004,s-1.6000000000000003,s180
084_24,s4.32,s-2.4000000000000004,s0
084_25,s4.67,s-1.6000000000000003,s180
084_26,s-4.32,s-0.8,s0
084_27,s-3.97,s0.0,s180
084_28,s-2.8800000000000003,s-0.8,s0
084_29,s-2.5300000000000002,s0.0,s180
084_30,s-1.4400000000000002,s-0.8,s0
084_31,s-1.0900000000000003,s0.0,s180
084_32,s0.0,s-0.8,s0
084_33,s0.35,s0.0,s180
084_34,s2.8800000000000003,s-0.8,s0
084_35,s3.2300000000000004,s0.0,s180
084_36,s4.32,s-0.8,s0
084_37,s4.67,s0.0,s180
084_38,s-4.32,s0.8,s0
084_39,s-3.97,s1.6,s180
084_40,s-2.8800000000000003,s0.8,s0
084_41,s-2.5300000000000002,s1.6,s180
084_42,s-1.4400000000000002,s0.8,s0
084_43,s-1.0900000000000003,s1.6,s180
084_44,s0.0,s0.8,s0
084_45,s0.35,s1.6,s180
084_46,s2.8800000000000003,s0.8,s0
084_47,s3.2300000000000004,s1.6,s180
084_48,s4.32,s0.8,s0
084_49,s4.67,s1.6,s180
084_50,s-2.8800000000000003,s2.4000000000000004,s0
084_51,s-2.5300000000000002,s3.2,s180
084_52,s-4.32,s4.0,s0
084_53,s-3.97,s4.8,s180
084_54,s-2.8800000000000003,s4.0,s0
084_55,s-2.5300000000000002,s4.8,s180
084_56,s-1.4400000000000002,s4.0,s0
084_57,s-1.0900000000000003,s4.8,s180
084_58,s0.0,s4.0,s0
084_59,s0.35,s4.8,s180
084_60,s2.8800000000000003,s4.0,s0
084_61,s3.2300000000000004,s4.8,s180
084_62,s4.32,s4.0,s0
084_63,s4.67,s4.8,s180
085_0,s-4.32,s-4.0,s0
085_1,s-3.97,s-3.2,s180
085_2,s-2.8800000000000003,s-4.0,s0
085_3,s-2.5300000000000002,s-3.2,s180
085_4,s-1.4400000000000002,s-4.0,s0
085_5,s-1.0900000000000003,s-3.2,s180
085_6,s0.0,s-4.0,s0
085_7,s0.35,s-3.2,s180
085_8,s2.8800000000000003,s-4.0,s0
085_9,s3.2300000000000004,s-3.2,s180
085_10,s4.32,s-4.0,s0
085_11,s4.67,s-3.2,s180
085_12,s-4.32,s-2.4000000000000004,s0
085_13,s-3.97,s-1.6000000000000003,s180
085_14,s-2.8800000000000003,s-2.4000000000000004,s0
085_15,s-2.5300000000000002,s-1.6000000000000003,s180
085_16,s-1.4400000000000002,s-2.4000000000000004,s0
085_17,s-1.0900000000000003,s-1.6000000000000003,s180
085_18,s0.0,s-2.4000000000000004,s0
085_19,s0.35,s-1.6000000000000003,s180
085_20,s1.4400000000000002,s-2.4000000000000004,s0
085_21,s1.79,s-1.6000000000000003,s180
085_22,s2.8800000000000003,s-2.4000000000000004,s0
085_23,s3.2300000000000004,s-1.6000000000000003,s180
085_24,s4.32,s-2.4000000000000004,s0
085_25,s4.67,s-1.6000000000000003,s180
085_26,s-4.32,s-0.8,s0
085_27,s-3.97,s0.0,s180
085_28,s-2.8800000000000003,s-0.8,s0
085_29,s-2.5300000000000002,s0.0,s180
085_30,s-1.4400000000000002,s-0.8,s0
085_31,s-1.0900000000000003,s0.0,s180
085_32,s0.0,s-0.8,s0
085_33,s0.35,s0.0,s180
085_34,s2.8800000000000003,s-0.8,s0
085_35,s3.2300000000000004,s0.0,s180
085_36,s4.32,s-0.8,s0
085_37,s4.67,s0.0,s180
085_38,s-4.32,s0.8,s0
085_39,s-3.97,s1.6,s180
085_40,s-2.8800000000000003,s0.8,s0
085_41,s-2.5300000000000002,s1.6,s180
085_42,s-1.4400000000000002,s0.8,s0
085_43,s-1.0900000000000003,s1.6,s180
085_44,s0.0,s0.8,s0
085_45,s0.35,s1.6,s180
085_46,s2.8800000000000003,s0.8,s0
085_47,s3.2300000000000004,s1.6,s180
085_48,s4.32,s0.8,s0
085_49,s4.67,s1.6,s180
085_50,s-2.8800000000000003,s2.4000000000000004,s0
085_51,s-2.5300000000000002,s3.2,s180
085_52,s-4.32,s4.0,s0
085_53,s-3.97,s4.8,s180
085_54,s-2.8800000000000003,s4.0,s0
085_55,s-2.5300000000000002,s4.8,s180
085_56,s-1.4400000000000002,s4.0,s0
085_57,s-1.0900000000000003,s4.8,s180
085_58,s0.0,s4.0,s0
085_59,s0.35,s4.8,s180
085_60,s2.8800000000000003,s4.0,s0
085_61,s3.2300000000000004,s4.8,s180
085_62,s4.32,s4.0,s0
085_63,s4.67,s4.8,s180
085_64,s5.52,s0.3999999999999999,s0
086_0,s-3.915,s-4.35,s0
086_1,s-3.565,s-3.55,s180
086_2,s-2.61,s-4.35,s0
086_3,s-2.26,s-3.55,s180
086_4,s-1.305,s-4.35,s0
086_5,s-0.955,s-3.55,s180
086_6,s0.0,s-4.35,s0
086_7,s0.35,s-3.55,s180
086_8,s2.61,s-4.35,s0
086_9,s2.96,s-3.55,s180
086_10,s3.915,s-4.35,s0
086_11,s4.265,s-3.55,s180
086_12,s-3.915,s-2.9,s0
086_13,s-3.565,s-2.0999999999999996,s180
086_14,s-2.61,s-2.9,s0
086_15,s-2.26,s-2.0999999999999996,s180
086_16,s-1.305,s-2.9,s0
086_17,s-0.955,s-2.0999999999999996,s180
086_18,s0.0,s-2.9,s0
086_19,s0.35,s-2.0999999999999996,s180
086_20,s1.305,s-2.9,s0
086_21,s1.6549999999999998,s-2.0999999999999996,s180
086_22,s2.61,s-2.9,s0
086_23,s2.96,s-2.0999999999999996,s180
086_24,s3.915,s-2.9,s0
086_25,s4.265,s-2.0999999999999996,s180
086_26,s-3.915,s-1.45,s0
086_27,s-3.565,s-0.6499999999999999,s180
086_28,s-2.61,s-1.45,s0
086_29,s-2.26,s-0.6499999999999999,s180
086_30,s-1.305,s-1.45,s0
086_31,s-0.955,s-0.6499999999999999,s180
086_32,s0.0,s-1.45,s0
086_33,s0.35,s-0.6499999999999999,s180
086_34,s2.61,s-1.45,s0
086_35,s2.96,s-0.6499999999999999,s180
086_36,s3.915,s-1.45,s0
086_37,s4.265,s-0.6499999999999999,s180
086_38,s-3.915,s0.0,s0
086_39,s-3.565,s0.8,s180
086_40,s-2.61,s0.0,s0
086_41,s-2.26,s0.8,s180
086_42,s-1.305,s0.0,s0
086_43,s-0.955,s0.8,s180
086_44,s0.0,s0.0,s0
086_45,s0.35,s0.8,s180
086_46,s2.61,s0.0,s0
086_47,s2.96,s0.8,s180
086_48,s3.915,s0.0,s0
086_49,s4.265,s0.8,s180
086_50,s-3.915,s1.45,s0
086_51,s-3.565,s2.25,s180
086_52,s-2.61,s1.45,s0
086_53,s-2.26,s2.25,s180
086_54,s-1.305,s1.45,s0
086_55,s-0.955,s2.25,s180
086_56,s0.0,s1.45,s0
086_57,s0.35,s2.25,s180
086_58,s2.61,s1.45,s0
086_59,s2.96,s2.25,s180
086_60,s3.915,s1.45,s0
086_61,s4.265,s2.25,s180
086_62,s-3.915,s2.9,s0
086_63,s-3.565,s3.7,s180
086_64,s-2.61,s2.9,s0
086_65,s-2.26,s3.7,s180
086_66,s-1.305,s2.9,s0
086_67,s-0.955,s3.7,s180
086_68,s0.0,s2.9,s0
086_69,s0.35,s3.7,s180
086_70,s2.61,s2.9,s0
086_71,s2.96,s3.7,s180
086_72,s3.915,s2.9,s0
086_73,s4.265,s3.7,s180
086_74,s-3.915,s4.35,s0
086_75,s-3.565,s5.1499999999999995,s180
086_76,s-2.61,s4.35,s0
086_77,s-2.26,s5.1499999999999995,s180
086_78,s-1.305,s4.35,s0
086_79,s-0.955,s5.1499999999999995,s180
086_80,s0.0,s4.35,s0
086_81,s0.35,s5.1499999999999995,s180
086_82,s2.61,s4.35,s0
086_83,s2.96,s5.1499999999999995,s180
086_84,s3.915,s4.35,s0
086_85,s4.265,s5.1499999999999995,s180
087_0,s-3.915,s-4.35,s0
087_1,s-3.565,s-3.55,s180
087_2,s-2.61,s-4.35,s0
087_3,s-2.26,s-3.55,s180
087_4,s-1.305,s-4.35,s0
087_5,s-0.955,s-3.55,s180
087_6,s0.0,s-4.35,s0
087_7,s0.35,s-3.55,s180
087_8,s2.61,s-4.35,s0
087_9,s2.96,s-3.55,s180
087_10,s3.915,s-4.35,s0
087_11,s4.265,s-3.55,s180
087_12,s-3.915,s-2.9,s0
087_13,s-3.565,s-2.0999999999999996,s180
087_14,s-2.61,s-2.9,s0
087_15,s-2.26,s-2.0999999999999996,s180
087_16,s-1.305,s-2.9,s0
087_17,s-0.955,s-2.0999999999999996,s180
087_18,s0.0,s-2.9,s0
087_19,s0.35,s-2.0999999999999996,s180
087_20,s1.305,s-2.9,s0
087_21,s1.6549999999999998,s-2.0999999999999996,s180
087_22,s2.61,s-2.9,s0
087_23,s2.96,s-2.0999999999999996,s180
087_24,s3.915,s-2.9,s0
087_25,s4.265,s-2.0999999999999996,s180
087_26,s-3.915,s-1.45,s0
087_27,s-3.565,s-0.6499999999999999,s180
087_28,s-2.61,s-1.45,s0
087_29,s-2.26,s-0.6499999999999999,s180
087_30,s-1.305,s-1.45,s0
087_31,s-0.955,s-0.6499999999999999,s180
087_32,s0.0,s-1.45,s0
087_33,s0.35,s-0.6499999999999999,s180
087_34,s2.61,s-1.45,s0
087_35,s2.96,s-0.6499999999999999,s180
087_36,s3.915,s-1.45,s0
087_37,s4.265,s-0.6499999999999999,s180
087_38,s-3.915,s0.0,s0
087_39,s-3.565,s0.8,s180
087_40,s-2.61,s0.0,s0
087_41,s-2.26,s0.8,s180
087_42,s-1.305,s0.0,s0
087_43,s-0.955,s0.8,s180
087_44,s0.0,s0.0,s0
087_45,s0.35,s0.8,s180
087_46,s2.61,s0.0,s0
087_47,s2.96,s0.8,s180
087_48,s3.915,s0.0,s0
087_49,s4.265,s0.8,s180
087_50,s-3.915,s1.45,s0
087_51,s-3.565,s2.25,s180
087_52,s-2.61,s1.45,s0
087_53,s-2.26,s2.25,s180
087_54,s-1.305,s1.45,s0
087_55,s-0.955,s2.25,s180
087_56,s0.0,s1.45,s0
087_57,s0.35,s2.25,s180
087_58,s2.61,s1.45,s0
087_59,s2.96,s2.25,s180
087_60,s3.915,s1.45,s0
087_61,s4.265,s2.25,s180
087_62,s-3.915,s2.9,s0
087_63,s-3.565,s3.7,s180
087_64,s-2.61,s2.9,s0
087_65,s-2.26,s3.7,s180
087_66,s-1.305,s2.9,s0
087_67,s-0.955,s3.7,s180
087_68,s0.0,s2.9,s0
087_69,s0.35,s3.7,s180
087_70,s2.61,s2.9,s0
087_71,s2.96,s3.7,s180
087_72,s3.915,s2.9,s0
087_73,s4.265,s3.7,s180
087_74,s-3.915,s4.35,s0
087_75,s-3.565,s5.1499999999999995,s180
087_76,s-2.61,s4.35,s0
087_77,s-2.26,s5.1499999999999995,s180
087_78,s-1.305,s4.35,s0
087_79,s-0.955,s5.1499999999999995,s180
087_80,s0.0,s4.35,s0
087_81,s0.35,s5.1499999999999995,s180
087_82,s2.61,s4.35,s0
087_83,s2.96,s5.1499999999999995,s180
087_84,s3.915,s4.35,s0
087_85,s4.265,s5.1499999999999995,s180
087_86,s5.115,s0.3999999999999999,s0
088_0,s-4.32,s-4.800000000000001,s0
088_1,s-3.97,s-4.000000000000001,s180
088_2,s-2.8800000000000003,s-4.800000000000001,s0
088_3,s-2.5300000000000002,s-4.000000000000001,s180
088_4,s-1.4400000000000002,s-4.800000000000001,s0
088_5,s-1.0900000000000003,s-4.000000000000001,s180
088_6,s0.0,s-4.800000000000001,s0
088_7,s0.35,s-4.000000000000001,s180
088_8,s2.8800000000000003,s-4.800000000000001,s0
088_9,s3.2300000000000004,s-4.000000000000001,s180
088_10,s4.32,s-4.800000000000001,s0
088_11,s4.67,s-4.000000000000001,s180
088_12,s-2.8800000000000003,s-3.2,s0
088_13,s-2.5300000000000002,s-2.4000000000000004,s180
088_14,s-4.32,s-1.6,s0
088_15,s-3.97,s-0.8,s180
088_16,s-2.8800000000000003,s-1.6,s0
088_17,s-2.5300000000000002,s-0.8,s180
088_18,s-1.4400000000000002,s-1.6,s0
088_19,s-1.0900000000000003,s-0.8,s180
088_20,s0.0,s-1.6,s0
088_21,s0.35,s-0.8,s180
088_22,s2.8800000000000003,s-1.6,s0
088_23,s3.2300000000000004,s-0.8,s180
088_24,s4.32,s-1.6,s0
088_25,s4.67,s-0.8,s180
088_26,s-4.32,s0.0,s0
088_27,s-3.97,s0.8,s180
088_28,s-2.8800000000000003,s0.0,s0
088_29,s-2.5300000000000002,s0.8,s180
088_30,s-1.4400000000000002,s0.0,s0
088_31,s-1.0900000000000003,s0.8,s180
088_32,s0.0,s0.0,s0
088_33,s0.35,s0.8,s180
088_34,s2.8800000000000003,s0.0,s0
088_35,s3.2300000000000004,s0.8,s180
088_36,s4.32,s0.0,s0
088_37,s4.67,s0.8,s180
088_38,s-4.32,s1.6,s0
088_39,s-3.97,s2.4000000000000004,s180
088_40,s-2.8800000000000003,s1.6,s0
088_41,s-2.5300000000000002,s2.4000000000000004,s180
088_42,s-1.4400000000000002,s1.6,s0
088_43,s-1.0900000000000003,s2.4000000000000004,s180
088_44,s0.0,s1.6,s0
088_45,s0.35,s2.4000000000000004,s180
088_46,s1.4400000000000002,s1.6,s0
088_47,s1.79,s2.4000000000000004,s180
088_48,s2.8800000000000003,s1.6,s0
088_49,s3.2300000000000004,s2.4000000000000004,s180
088_50,s4.32,s1.6,s0
088_51,s4.67,s2.4000000000000004,s180
088_52,s-4.32,s3.2,s0
088_53,s-3.97,s4.0,s180
088_54,s-2.8800000000000003,s3.2,s0
088_55,s-2.5300000000000002,s4.0,s180
088_56,s-1.4400000000000002,s3.2,s0
088_57,s-1.0900000000000003,s4.0,s180
088_58,s0.0,s3.2,s0
088_59,s0.35,s4.0,s180
088_60,s2.8800000000000003,s3.2,s0
088_61,s3.2300000000000004,s4.0,s180
088_62,s4.32,s3.2,s0
088_63,s4.67,s4.0,s180
088_64,s-2.8800000000000003,s4.800000000000001,s0
088_65,s-2.5300000000000002,s5.6000000000000005,s180
089_0,s-4.32,s-4.800000000000001,s0
089_1,s-3.97,s-4.000000000000001,s180
089_2,s-2.8800000000000003,s-4.800000000000001,s0
089_3,s-2.5300000000000002,s-4.000000000000001,s180
089_4,s-1.4400000000000002,s-4.800000000000001,s0
089_5,s-1.0900000000000003,s-4.000000000000001,s180
089_6,s0.0,s-4.800000000000001,s0
089_7,s0.35,s-4.000000000000001,s180
089_8,s2.8800000000000003,s-4.800000000000001,s0
089_9,s3.2300000000000004,s-4.000000000000001,s180
089_10,s4.32,s-4.800000000000001,s0
089_11,s4.67,s-4.000000000000001,s180
089_12,s-2.8800000000000003,s-3.2,s0
089_13,s-2.5300000000000002,s-2.4000000000000004,s180
089_14,s-4.32,s-1.6,s0
089_15,s-3.97,s-0.8,s180
089_16,s-2.8800000000000003,s-1.6,s0
089_17,s-2.5300000000000002,s-0.8,s180
089_18,s-1.4400000000000002,s-1.6,s0
089_19,s-1.0900000000000003,s-0.8,s180
089_20,s0.0,s-1.6,s0
089_21,s0.35,s-0.8,s180
089_22,s2.8800000000000003,s-1.6,s0
089_23,s3.2300000000000004,s-0.8,s180
089_24,s4.32,s-1.6,s0
089_25,s4.67,s-0.8,s180
089_26,s-4.32,s0.0,s0
089_27,s-3.97,s0.8,s180
089_28,s-2.8800000000000003,s0.0,s0
089_29,s-2.5300000000000002,s0.8,s180
089_30,s-1.4400000000000002,s0.0,s0
089_31,s-1.0900000000000003,s0.8,s180
089_32,s0.0,s0.0,s0
089_33,s0.35,s0.8,s180
089_34,s2.8800000000000003,s0.0,s0
089_35,s3.2300000000000004,s0.8,s180
089_36,s4.32,s0.0,s0
089_37,s4.67,s0.8,s180
089_38,s-4.32,s1.6,s0
089_39,s-3.97,s2.4000000000000004,s180
089_40,s-2.8800000000000003,s1.6,s0
089_41,s-2.5300000000000002,s2.4000000000000004,s180
089_42,s-1.4400000000000002,s1.6,s0
089_43,s-1.0900000000000003,s2.4000000000000004,s180
089_44,s0.0,s1.6,s0
089_45,s0.35,s2.4000000000000004,s180
089_46,s1.4400000000000002,s1.6,s0
089_47,s1.79,s2.4000000000000004,s180
089_48,s2.8800000000000003,s1.6,s0
089_49,s3.2300000000000004,s2.4000000000000004,s180
089_50,s4.32,s1.6,s0
089_51,s4.67,s2.4000000000000004,s180
089_52,s-4.32,s3.2,s0
089_53,s-3.97,s4.0,s180
089_54,s-2.8800000000000003,s3.2,s0
089_55,s-2.5300000000000002,s4.0,s180
089_56,s-1.4400000000000002,s3.2,s0
089_57,s-1.0900000000000003,s4.0,s180
089_58,s0.0,s3.2,s0
089_59,s0.35,s4.0,s180
089_60,s2.8800000000000003,s3.2,s0
089_61,s3.2300000000000004,s4.0,s180
089_62,s4.32,s3.2,s0
089_63,s4.67,s4.0,s180
089_64,s-2.8800000000000003,s4.800000000000001,s0
089_65,s-2.5300000000000002,s5.6000000000000005,s180
089_66,s5.52,s0.39999999999999947,s0
090_0,s-4.32,s-4.800000000000001,s0
090_1,s-3.97,s-4.000000000000001,s180
090_2,s-2.8800000000000003,s-4.800000000000001,s0
090_3,s-2.5300000000000002,s-4.000000000000001,s180
090_4,s-1.4400000000000002,s-4.800000000000001,s0
090_5,s-1.0900000000000003,s-4.000000000000001,s180
090_6,s0.0,s-4.800000000000001,s0
090_7,s0.35,s-4.000000000000001,s180
090_8,s2.8800000000000003,s-4.800000000000001,s0
090_9,s3.2300000000000004,s-4.000000000000001,s180
090_10,s4.32,s-4.800000000000001,s0
090_11,s4.67,s-4.000000000000001,s180
090_12,s-2.8800000000000003,s-3.2,s0
090_13,s-2.5300000000000002,s-2.4000000000000004,s180
090_14,s-4.32,s-1.6,s0
090_15,s-3.97,s-0.8,s180
090_16,s-2.8800000000000003,s-1.6,s0
090_17,s-2.5300000000000002,s-0.8,s180
090_18,s-1.4400000000000002,s-1.6,s0
090_19,s-1.0900000000000003,s-0.8,s180
090_20,s0.0,s-1.6,s0
090_21,s0.35,s-0.8,s180
090_22,s2.8800000000000003,s-1.6,s0
090_23,s3.2300000000000004,s-0.8,s180
090_24,s4.32,s-1.6,s0
090_25,s4.67,s-0.8,s180
090_26,s-4.32,s0.0,s0
090_27,s-3.97,s0.8,s180
090_28,s-2.8800000000000003,s0.0,s0
090_29,s-2.5300000000000002,s0.8,s180
090_30,s-1.4400000000000002,s0.0,s0
090_31,s-1.0900000000000003,s0.8,s180
090_32,s0.0,s0.0,s0
090_33,s0.35,s0.8,s180
090_34,s2.8800000000000003,s0.0,s0
090_35,s3.2300000000000004,s0.8,s180
090_36,s4.32,s0.0,s0
090_37,s4.67,s0.8,s180
090_38,s-4.32,s1.6,s0
090_39,s-3.97,s2.4000000000000004,s180
090_40,s-2.8800000000000003,s1.6,s0
090_41,s-2.5300000000000002,s2.4000000000000004,s180
090_42,s-1.4400000000000002,s1.6,s0
090_43,s-1.0900000000000003,s2.4000000000000004,s180
090_44,s0.0,s1.6,s0
090_45,s0.35,s2.4000000000000004,s180
090_46,s1.4400000000000002,s1.6,s0
090_47,s1.79,s2.4000000000000004,s180
090_48,s2.8800000000000003,s1.6,s0
090_49,s3.2300000000000004,s2.4000000000000004,s180
090_50,s4.32,s1.6,s0
090_51,s4.67,s2.4000000000000004,s180
090_52,s-4.32,s3.2,s0
090_53,s-3.97,s4.0,s180
090_54,s-2.8800000000000003,s3.2,s0
090_55,s-2.5300000000000002,s4.0,s180
090_56,s-1.4400000000000002,s3.2,s0
090_57,s-1.0900000000000003,s4.0,s180
090_58,s0.0,s3.2,s0
090_59,s0.35,s4.0,s180
090_60,s2.8800000000000003,s3.2,s0
090_61,s3.2300000000000004,s4.0,s180
090_62,s4.32,s3.2,s0
090_63,s4.67,s4.0,s180
090_64,s-2.8800000000000003,s4.800000000000001,s0
090_65,s-2.5300000000000002,s5.6000000000000005,s180
091_0,s-4.32,s-4.800000000000001,s0
091_1,s-3.97,s-4.000000000000001,s180
091_2,s-2.8800000000000003,s-4.800000000000001,s0
091_3,s-2.5300000000000002,s-4.000000000000001,s180
091_4,s-1.4400000000000002,s-4.800000000000001,s0
091_5,s-1.0900000000000003,s-4.000000000000001,s180
091_6,s0.0,s-4.800000000000001,s0
091_7,s0.35,s-4.000000000000001,s180
091_8,s2.8800000000000003,s-4.800000000000001,s0
091_9,s3.2300000000000004,s-4.000000000000001,s180
091_10,s4.32,s-4.800000000000001,s0
091_11,s4.67,s-4.000000000000001,s180
091_12,s-2.8800000000000003,s-3.2,s0
091_13,s-2.5300000000000002,s-2.4000000000000004,s180
091_14,s-4.32,s-1.6,s0
091_15,s-3.97,s-0.8,s180
091_16,s-2.8800000000000003,s-1.6,s0
091_17,s-2.5300000000000002,s-0.8,s180
091_18,s-1.4400000000000002,s-1.6,s0
091_19,s-1.0900000000000003,s-0.8,s180
091_20,s0.0,s-1.6,s0
091_21,s0.35,s-0.8,s180
091_22,s2.8800000000000003,s-1.6,s0
091_23,s3.2300000000000004,s-0.8,s180
091_24,s4.32,s-1.6,s0
091_25,s4.67,s-0.8,s180
091_26,s-4.32,s0.0,s0
091_27,s-3.97,s0.8,s180
091_28,s-2.8800000000000003,s0.0,s0
091_29,s-2.5300000000000002,s0.8,s180
091_30,s-1.4400000000000002,s0.0,s0
091_31,s-1.0900000000000003,s0.8,s180
091_32,s0.0,s0.0,s0
091_33,s0.35,s0.8,s180
091_34,s2.8800000000000003,s0.0,s0
091_35,s3.2300000000000004,s0.8,s180
091_36,s4.32,s0.0,s0
091_37,s4.67,s0.8,s180
091_38,s-4.32,s1.6,s0
091_39,s-3.97,s2.4000000000000004,s180
091_40,s-2.8800000000000003,s1.6,s0
091_41,s-2.5300000000000002,s2.4000000000000004,s180
091_42,s-1.4400000000000002,s1.6,s0
091_43,s-1.0900000000000003,s2.4000000000000004,s180
091_44,s0.0,s1.6,s0
091_45,s0.35,s2.4000000000000004,s180
091_46,s1.4400000000000002,s1.6,s0
091_47,s1.79,s2.4000000000000004,s180
091_48,s2.8800000000000003,s1.6,s0
091_49,s3.2300000000000004,s2.4000000000000004,s180
091_50,s4.32,s1.6,s0
091_51,s4.67,s2.4000000000000004,s180
091_52,s-4.32,s3.2,s0
091_53,s-3.97,s4.0,s180
091_54,s-2.8800000000000003,s3.2,s0
091_55,s-2.5300000000000002,s4.0,s180
091_56,s-1.4400000000000002,s3.2,s0
091_57,s-1.0900000000000003,s4.0,s180
091_58,s0.0,s3.2,s0
091_59,s0.35,s4.0,s180
091_60,s2.8800000000000003,s3.2,s0
091_61,s3.2300000000000004,s4.0,s180
091_62,s4.32,s3.2,s0
091_63,s4.67,s4.0,s180
091_64,s-2.8800000000000003,s4.800000000000001,s0
091_65,s-2.5300000000000002,s5.6000000000000005,s180
091_66,s5.52,s0.39999999999999947,s0
092_0,s-4.32,s-4.800000000000001,s0
092_1,s-3.97,s-4.000000000000001,s180
092_2,s-2.8800000000000003,s-4.800000000000001,s0
092_3,s-2.5300000000000002,s-4.000000000000001,s180
092_4,s-1.4400000000000002,s-4.800000000000001,s0
092_5,s-1.0900000000000003,s-4.000000000000001,s180
092_6,s0.0,s-4.800000000000001,s0
092_7,s0.35,s-4.000000000000001,s180
092_8,s2.8800000000000003,s-4.800000000000001,s0
092_9,s3.2300000000000004,s-4.000000000000001,s180
092_10,s4.32,s-4.800000000000001,s0
092_11,s4.67,s-4.000000000000001,s180
092_12,s-2.8800000000000003,s-3.2,s0
092_13,s-2.5300000000000002,s-2.4000000000000004,s180
092_14,s-4.32,s-1.6,s0
092_15,s-3.97,s-0.8,s180
092_16,s-2.8800000000000003,s-1.6,s0
092_17,s-2.5300000000000002,s-0.8,s180
092_18,s-1.4400000000000002,s-1.6,s0
092_19,s-1.0900000000000003,s-0.8,s180
092_20,s0.0,s-1.6,s0
092_21,s0.35,s-0.8,s180
092_22,s2.8800000000000003,s-1.6,s0
092_23,s3.2300000000000004,s-0.8,s180
092_24,s4.32,s-1.6,s0
092_25,s4.67,s-0.8,s180
092_26,s-4.32,s0.0,s0
092_27,s-3.97,s0.8,s180
092_28,s-2.8800000000000003,s0.0,s0
092_29,s-2.5300000000000002,s0.8,s180
092_30,s-1.4400000000000002,s0.0,s0
092_31,s-1.0900000000000003,s0.8,s180
092_32,s0.0,s0.0,s0
092_33,s0.35,s0.8,s180
092_34,s2.8800000000000003,s0.0,s0
092_35,s3.2300000000000004,s0.8,s180
092_36,s4.32,s0.0,s0
092_37,s4.67,s0.8,s180
092_38,s-4.32,s1.6,s0
092_39,s-3.97,s2.4000000000000004,s180
092_40,s-2.8800000000000003,s1.6,s0
092_41,s-2.5300000000000002,s2.4000000000000004,s180
092_42,s-1.4400000000000002,s1.6,s0
092_43,s-1.0900000000000003,s2.4000000000000004,s180
092_44,s0.0,s1.6,s0
092_45,s0.35,s2.4000000000000004,s180
092_46,s1.4400000000000002,s1.6,s0
092_47,s1.79,s2.4000000000000004,s180
092_48,s2.8800000000000003,s1.6,s0
092_49,s3.2300000000000004,s2.4000000000000004,s180
092_50,s4.32,s1.6,s0
092_51,s4.67,s2.4000000000000004,s180
092_52,s-4.32,s3.2,s0
092_53,s-3.97,s4.0,s180
092_54,s-2.8800000000000003,s3.2,s0
092_55,s-2.5300000000000002,s4.0,s180
092_56,s-1.4400000000000002,s3.2,s0
092_57,s-1.0900000000000003,s4.0,s180
092_58,s0.0,s3.2,s0
092_59,s0.35,s4.0,s180
092_60,s2.8800000000000003,s3.2,s0
092_61,s3.2300000000000004,s4.0,s180
092_62,s4.32,s3.2,s0
092_63,s4.67,s4.0,s180
092_64,s-2.8800000000000003,s4.800000000000001,s0
092_65,s-2.5300000000000002,s5.6000000000000005,s180
093_0,s-4.32,s-4.800000000000001,s0
093_1,s-3.97,s-4.000000000000001,s180
093_2,s-2.8800000000000003,s-4.800000000000001,s0
093_3,s-2.5300000000000002,s-4.000000000000001,s180
093_4,s-1.4400000000000002,s-4.800000000000001,s0
093_5,s-1.0900000000000003,s-4.000000000000001,s180
093_6,s0.0,s-4.800000000000001,s0
093_7,s0.35,s-4.000000000000001,s180
093_8,s2.8800000000000003,s-4.800000000000001,s0
093_9,s3.2300000000000004,s-4.000000000000001,s180
093_10,s4.32,s-4.800000000000001,s0
093_11,s4.67,s-4.000000000000001,s180
093_12,s-2.8800000000000003,s-3.2,s0
093_13,s-2.5300000000000002,s-2.4000000000000004,s180
093_14,s-4.32,s-1.6,s0
093_15,s-3.97,s-0.8,s180
093_16,s-2.8800000000000003,s-1.6,s0
093_17,s-2.5300000000000002,s-0.8,s180
093_18,s-1.4400000000000002,s-1.6,s0
093_19,s-1.0900000000000003,s-0.8,s180
093_20,s0.0,s-1.6,s0
093_21,s0.35,s-0.8,s180
093_22,s2.8800000000000003,s-1.6,s0
093_23,s3.2300000000000004,s-0.8,s180
093_24,s4.32,s-1.6,s0
093_25,s4.67,s-0.8,s180
093_26,s-4.32,s0.0,s0
093_27,s-3.97,s0.8,s180
093_28,s-2.8800000000000003,s0.0,s0
093_29,s-2.5300000000000002,s0.8,s180
093_30,s-1.4400000000000002,s0.0,s0
093_31,s-1.0900000000000003,s0.8,s180
093_32,s0.0,s0.0,s0
093_33,s0.35,s0.8,s180
093_34,s2.8800000000000003,s0.0,s0
093_35,s3.2300000000000004,s0.8,s180
093_36,s4.32,s0.0,s0
093_37,s4.67,s0.8,s180
093_38,s-4.32,s1.6,s0
093_39,s-3.97,s2.4000000000000004,s180
093_40,s-2.8800000000000003,s1.6,s0
093_41,s-2.5300000000000002,s2.4000000000000004,s180
093_42,s-1.4400000000000002,s1.6,s0
093_43,s-1.0900000000000003,s2.4000000000000004,s180
093_44,s0.0,s1.6,s0
093_45,s0.35,s2.4000000000000004,s180
093_46,s1.4400000000000002,s1.6,s0
093_47,s1.79,s2.4000000000000004,s180
093_48,s2.8800000000000003,s1.6,s0
093_49,s3.2300000000000004,s2.4000000000000004,s180
093_50,s4.32,s1.6,s0
093_51,s4.67,s2.4000000000000004,s180
093_52,s-4.32,s3.2,s0
093_53,s-3.97,s4.0,s180
093_54,s-2.8800000000000003,s3.2,s0
093_55,s-2.5300000000000002,s4.0,s180
093_56,s-1.4400000000000002,s3.2,s0
093_57,s-1.0900000000000003,s4.0,s180
093_58,s0.0,s3.2,s0
093_59,s0.35,s4.0,s180
093_60,s2.8800000000000003,s3.2,s0
093_61,s3.2300000000000004,s4.0,s180
093_62,s4.32,s3.2,s0
093_63,s4.67,s4.0,s180
093_64,s-2.8800000000000003,s4.800000000000001,s0
093_65,s-2.5300000000000002,s5.6000000000000005,s180
093_66,s5.52,s0.39999999999999947,s0
094_0,s-4.32,s-4.800000000000001,s0
094_1,s-3.97,s-4.000000000000001,s180
094_2,s-2.8800000000000003,s-4.800000000000001,s0
094_3,s-2.5300000000000002,s-4.000000000000001,s180
094_4,s-1.4400000000000002,s-4.800000000000001,s0
094_5,s-1.0900000000000003,s-4.000000000000001,s180
094_6,s0.0,s-4.800000000000001,s0
094_7,s0.35,s-4.000000000000001,s180
094_8,s2.8800000000000003,s-4.800000000000001,s0
094_9,s3.2300000000000004,s-4.000000000000001,s180
094_10,s4.32,s-4.800000000000001,s0
094_11,s4.67,s-4.000000000000001,s180
094_12,s-2.8800000000000003,s-3.2,s0
094_13,s-2.5300000000000002,s-2.4000000000000004,s180
094_14,s-4.32,s-1.6,s0
094_15,s-3.97,s-0.8,s180
094_16,s-2.8800000000000003,s-1.6,s0
094_17,s-2.5300000000000002,s-0.8,s180
094_18,s-1.4400000000000002,s-1.6,s0
094_19,s-1.0900000000000003,s-0.8,s180
094_20,s0.0,s-1.6,s0
094_21,s0.35,s-0.8,s180
094_22,s2.8800000000000003,s-1.6,s0
094_23,s3.2300000000000004,s-0.8,s180
094_24,s4.32,s-1.6,s0
094_25,s4.67,s-0.8,s180
094_26,s-4.32,s0.0,s0
094_27,s-3.97,s0.8,s180
094_28,s-2.8800000000000003,s0.0,s0
094_29,s-2.5300000000000002,s0.8,s180
094_30,s-1.4400000000000002,s0.0,s0
094_31,s-1.0900000000000003,s0.8,s180
094_32,s0.0,s0.0,s0
094_33,s0.35,s0.8,s180
094_34,s2.8800000000000003,s0.0,s0
094_35,s3.2300000000000004,s0.8,s180
094_36,s4.32,s0.0,s0
094_37,s4.67,s0.8,s180
094_38,s-4.32,s1.6,s0
094_39,s-3.97,s2.4000000000000004,s180
094_40,s-2.8800000000000003,s1.6,s0
094_41,s-2.5300000000000002,s2.4000000000000004,s180
094_42,s-1.4400000000000002,s1.6,s0
094_43,s-1.0900000000000003,s2.4000000000000004,s180
094_44,s0.0,s1.6,s0
094_45,s0.35,s2.4000000000000004,s180
094_46,s1.4400000000000002,s1.6,s0
094_47,s1.79,s2.4000000000000004,s180
094_48,s2.8800000000000003,s1.6,s0
094_49,s3.2300000000000004,s2.4000000000000004,s180
094_50,s4.32,s1.6,s0
094_51,s4.67,s2.4000000000000004,s180
094_52,s-4.32,s3.2,s0
094_53,s-3.97,s4.0,s180
094_54,s-2.8800000000000003,s3.2,s0
094_55,s-2.5300000000000002,s4.0,s180
094_56,s-1.4400000000000002,s3.2,s0
094_57,s-1.0900000000000003,s4.0,s180
094_58,s0.0,s3.2,s0
094_59,s0.35,s4.0,s180
094_60,s2.8800000000000003,s3.2,s0
094_61,s3.2300000000000004,s4.0,s180
094_62,s4.32,s3.2,s0
094_63,s4.67,s4.0,s180
094_64,s-2.8800000000000003,s4.800000000000001,s0
094_65,s-2.5300000000000002,s5.6000000000000005,s180
095_0,s-4.32,s-4.800000000000001,s0
095_1,s-3.97,s-4.000000000000001,s180
095_2,s-2.8800000000000003,s-4.800000000000001,s0
095_3,s-2.5300000000000002,s-4.000000000000001,s180
095_4,s-1.4400000000000002,s-4.800000000000001,s0
095_5,s-1.0900000000000003,s-4.000000000000001,s180
095_6,s0.0,s-4.800000000000001,s0
095_7,s0.35,s-4.000000000000001,s180
095_8,s2.8800000000000003,s-4.800000000000001,s0
095_9,s3.2300000000000004,s-4.000000000000001,s180
095_10,s4.32,s-4.800000000000001,s0
095_11,s4.67,s-4.000000000000001,s180
095_12,s-2.8800000000000003,s-3.2,s0
095_13,s-2.5300000000000002,s-2.4000000000000004,s180
095_14,s-4.32,s-1.6,s0
095_15,s-3.97,s-0.8,s180
095_16,s-2.8800000000000003,s-1.6,s0
095_17,s-2.5300000000000002,s-0.8,s180
095_18,s-1.4400000000000002,s-1.6,s0
095_19,s-1.0900000000000003,s-0.8,s180
095_20,s0.0,s-1.6,s0
095_21,s0.35,s-0.8,s180
095_22,s2.8800000000000003,s-1.6,s0
095_23,s3.2300000000000004,s-0.8,s180
095_24,s4.32,s-1.6,s0
095_25,s4.67,s-0.8,s180
095_26,s-4.32,s0.0,s0
095_27,s-3.97,s0.8,s180
095_28,s-2.8800000000000003,s0.0,s0
095_29,s-2.5300000000000002,s0.8,s180
095_30,s-1.4400000000000002,s0.0,s0
095_31,s-1.0900000000000003,s0.8,s180
095_32,s0.0,s0.0,s0
095_33,s0.35,s0.8,s180
095_34,s2.8800000000000003,s0.0,s0
095_35,s3.2300000000000004,s0.8,s180
095_36,s4.32,s0.0,s0
095_37,s4.67,s0.8,s180
095_38,s-4.32,s1.6,s0
095_39,s-3.97,s2.4000000000000004,s180
095_40,s-2.8800000000000003,s1.6,s0
095_41,s-2.5300000000000002,s2.4000000000000004,s180
095_42,s-1.4400000000000002,s1.6,s0
095_43,s-1.0900000000000003,s2.4000000000000004,s180
095_44,s0.0,s1.6,s0
095_45,s0.35,s2.4000000000000004,s180
095_46,s1.4400000000000002,s1.6,s0
095_47,s1.79,s2.4000000000000004,s180
095_48,s2.8800000000000003,s1.6,s0
095_49,s3.2300000000000004,s2.4000000000000004,s180
095_50,s4.32,s1.6,s0
095_51,s4.67,s2.4000000000000004,s180
095_52,s-4.32,s3.2,s0
095_53,s-3.97,s4.0,s180
095_54,s-2.8800000000000003,s3.2,s0
095_55,s-2.5300000000000002,s4.0,s180
095_56,s-1.4400000000000002,s3.2,s0
095_57,s-1.0900000000000003,s4.0,s180
095_58,s0.0,s3.2,s0
095_59,s0.35,s4.0,s180
095_60,s2.8800000000000003,s3.2,s0
095_61,s3.2300000000000004,s4.0,s180
095_62,s4.32,s3.2,s0
095_63,s4.67,s4.0,s180
095_64,s-2.8800000000000003,s4.800000000000001,s0
095_65,s-2.5300000000000002,s5.6000000000000005,s180
095_66,s5.52,s0.39999999999999947,s0
096_0,s-4.32,s-4.800000000000001,s0
096_1,s-3.97,s-4.000000000000001,s180
096_2,s-2.8800000000000003,s-4.800000000000001,s0
096_3,s-2.5300000000000002,s-4.000000000000001,s180
096_4,s-1.4400000000000002,s-4.800000000000001,s0
096_5,s-1.0900000000000003,s-4.000000000000001,s180
096_6,s0.0,s-4.800000000000001,s0
096_7,s0.35,s-4.000000000000001,s180
096_8,s2.8800000000000003,s-4.800000000000001,s0
096_9,s3.2300000000000004,s-4.000000000000001,s180
096_10,s4.32,s-4.800000000000001,s0
096_11,s4.67,s-4.000000000000001,s180
096_12,s-2.8800000000000003,s-3.2,s0
096_13,s-2.5300000000000002,s-2.4000000000000004,s180
096_14,s-4.32,s-1.6,s0
096_15,s-3.97,s-0.8,s180
096_16,s-2.8800000000000003,s-1.6,s0
096_17,s-2.5300000000000002,s-0.8,s180
096_18,s-1.4400000000000002,s-1.6,s0
096_19,s-1.0900000000000003,s-0.8,s180
096_20,s0.0,s-1.6,s0
096_21,s0.35,s-0.8,s180
096_22,s2.8800000000000003,s-1.6,s0
096_23,s3.2300000000000004,s-0.8,s180
096_24,s4.32,s-1.6,s0
096_25,s4.67,s-0.8,s180
096_26,s-4.32,s0.0,s0
096_27,s-3.97,s0.8,s180
096_28,s-2.8800000000000003,s0.0,s0
096_29,s-2.5300000000000002,s0.8,s180
096_30,s-1.4400000000000002,s0.0,s0
096_31,s-1.0900000000000003,s0.8,s180
096_32,s0.0,s0.0,s0
096_33,s0.35,s0.8,s180
096_34,s2.8800000000000003,s0.0,s0
096_35,s3.2300000000000004,s0.8,s180
096_36,s4.32,s0.0,s0
096_37,s4.67,s0.8,s180
096_38,s-4.32,s1.6,s0
096_39,s-3.97,s2.4000000000000004,s180
096_40,s-2.8800000000000003,s1.6,s0
096_41,s-2.5300000000000002,s2.4000000000000004,s180
096_42,s-1.4400000000000002,s1.6,s0
096_43,s-1.0900000000000003,s2.4000000000000004,s180
096_44,s0.0,s1.6,s0
096_45,s0.35,s2.4000000000000004,s180
096_46,s1.4400000000000002,s1.6,s0
096_47,s1.79,s2.4000000000000004,s180
096_48,s2.8800000000000003,s1.6,s0
096_49,s3.2300000000000004,s2.4000000000000004,s180
096_50,s4.32,s1.6,s0
096_51,s4.67,s2.4000000000000004,s180
096_52,s-4.32,s3.2,s0
096_53,s-3.97,s4.0,s180
096_54,s-2.8800000000000003,s3.2,s0
096_55,s-2.5300000000000002,s4.0,s180
096_56,s-1.4400000000000002,s3.2,s0
096_57,s-1.0900000000000003,s4.0,s180
096_58,s0.0,s3.2,s0
096_59,s0.35,s4.0,s180
096_60,s2.8800000000000003,s3.2,s0
096_61,s3.2300000000000004,s4.0,s180
096_62,s4.32,s3.2,s0
096_63,s4.67,s4.0,s180
096_64,s-2.8800000000000003,s4.800000000000001,s0
096_65,s-2.5300000000000002,s5.6000000000000005,s180
097_0,s-4.32,s-4.800000000000001,s0
097_1,s-3.97,s-4.000000000000001,s180
097_2,s-2.8800000000000003,s-4.800000000000001,s0
097_3,s-2.5300000000000002,s-4.000000000000001,s180
097_4,s-1.4400000000000002,s-4.800000000000001,s0
097_5,s-1.0900000000000003,s-4.000000000000001,s180
097_6,s0.0,s-4.800000000000001,s0
097_7,s0.35,s-4.000000000000001,s180
097_8,s2.8800000000000003,s-4.800000000000001,s0
097_9,s3.2300000000000004,s-4.000000000000001,s180
097_10,s4.32,s-4.800000000000001,s0
097_11,s4.67,s-4.000000000000001,s180
097_12,s-2.8800000000000003,s-3.2,s0
097_13,s-2.5300000000000002,s-2.4000000000000004,s180
097_14,s-4.32,s-1.6,s0
097_15,s-3.97,s-0.8,s180
097_16,s-2.8800000000000003,s-1.6,s0
097_17,s-2.5300000000000002,s-0.8,s180
097_18,s-1.4400000000000002,s-1.6,s0
097_19,s-1.0900000000000003,s-0.8,s180
097_20,s0.0,s-1.6,s0
097_21,s0.35,s-0.8,s180
097_22,s2.8800000000000003,s-1.6,s0
097_23,s3.2300000000000004,s-0.8,s180
097_24,s4.32,s-1.6,s0
097_25,s4.67,s-0.8,s180
097_26,s-4.32,s0.0,s0
097_27,s-3.97,s0.8,s180
097_28,s-2.8800000000000003,s0.0,s0
097_29,s-2.5300000000000002,s0.8,s180
097_30,s-1.4400000000000002,s0.0,s0
097_31,s-1.0900000000000003,s0.8,s180
097_32,s0.0,s0.0,s0
097_33,s0.35,s0.8,s180
097_34,s2.8800000000000003,s0.0,s0
097_35,s3.2300000000000004,s0.8,s180
097_36,s4.32,s0.0,s0
097_37,s4.67,s0.8,s180
097_38,s-4.32,s1.6,s0
097_39,s-3.97,s2.4000000000000004,s180
097_40,s-2.8800000000000003,s1.6,s0
097_41,s-2.5300000000000002,s2.4000000000000004,s180
097_42,s-1.4400000000000002,s1.6,s0
097_43,s-1.0900000000000003,s2.4000000000000004,s180
097_44,s0.0,s1.6,s0
097_45,s0.35,s2.4000000000000004,s180
097_46,s1.4400000000000002,s1.6,s0
097_47,s1.79,s2.4000000000000004,s180
097_48,s2.8800000000000003,s1.6,s0
097_49,s3.2300000000000004,s2.4000000000000004,s180
097_50,s4.32,s1.6,s0
097_51,s4.67,s2.4000000000000004,s180
097_52,s-4.32,s3.2,s0
097_53,s-3.97,s4.0,s180
097_54,s-2.8800000000000003,s3.2,s0
097_55,s-2.5300000000000002,s4.0,s180
097_56,s-1.4400000000000002,s3.2,s0
097_57,s-1.0900000000000003,s4.0,s180
097_58,s0.0,s3.2,s0
097_59,s0.35,s4.0,s180
097_60,s2.8800000000000003,s3.2,s0
097_61,s3.2300000000000004,s4.0,s180
097_62,s4.32,s3.2,s0
097_63,s4.67,s4.0,s180
097_64,s-2.8800000000000003,s4.800000000000001,s0
097_65,s-2.5300000000000002,s5.6000000000000005,s180
097_66,s5.52,s0.39999999999999947,s0
098_0,s-4.5675,s-4.35,s0
098_1,s-4.2175,s-3.55,s180
098_2,s-3.2624999999999997,s-4.35,s0
098_3,s-2.9124999999999996,s-3.55,s180
098_4,s-1.9575,s-4.35,s0
098_5,s-1.6075,s-3.55,s180
098_6,s-0.6525,s-4.35,s0
098_7,s-0.3025,s-3.55,s180
098_8,s0.6525,s-4.35,s0
098_9,s1.0025,s-3.55,s180
098_10,s1.9575,s-4.35,s0
098_11,s2.3075,s-3.55,s180
098_12,s3.2624999999999997,s-4.35,s0
098_13,s3.6125,s-3.55,s180
098_14,s4.5675,s-4.35,s0
098_15,s4.9174999999999995,s-3.55,s180
098_16,s-4.5675,s-2.9,s0
098_17,s-4.2175,s-2.0999999999999996,s180
098_18,s-3.2624999999999997,s-2.9,s0
098_19,s-2.9124999999999996,s-2.0999999999999996,s180
098_20,s-1.9575,s-2.9,s0
098_21,s-1.6075,s-2.0999999999999996,s180
098_22,s-0.6525,s-2.9,s0
098_23,s-0.3025,s-2.0999999999999996,s180
098_24,s0.6525,s-2.9,s0
098_25,s1.0025,s-2.0999999999999996,s180
098_26,s1.9575,s-2.9,s0
098_27,s2.3075,s-2.0999999999999996,s180
098_28,s3.2624999999999997,s-2.9,s0
098_29,s3.6125,s-2.0999999999999996,s180
098_30,s4.5675,s-2.9,s0
098_31,s4.9174999999999995,s-2.0999999999999996,s180
098_32,s-4.5675,s-1.45,s0
098_33,s-4.2175,s-0.6499999999999999,s180
098_34,s-3.2624999999999997,s-1.45,s0
098_35,s-2.9124999999999996,s-0.6499999999999999,s180
098_36,s-1.9575,s-1.45,s0
098_37,s-1.6075,s-0.6499999999999999,s180
098_38,s-0.6525,s-1.45,s0
098_39,s-0.3025,s-0.6499999999999999,s180
098_40,s0.6525,s-1.45,s0
098_41,s1.0025,s-0.6499999999999999,s180
098_42,s1.9575,s-1.45,s0
098_43,s2.3075,s-0.6499999999999999,s180
098_44,s3.2624999999999997,s-1.45,s0
098_45,s3.6125,s-0.6499999999999999,s180
098_46,s4.5675,s-1.45,s0
098_47,s4.9174999999999995,s-0.6499999999999999,s180
098_48,s-4.5675,s0.0,s0
098_49,s-4.2175,s0.8,s180
098_50,s-3.2624999999999997,s0.0,s0
098_51,s-2.9124999999999996,s0.8,s180
098_52,s-1.9575,s0.0,s0
098_53,s-1.6075,s0.8,s180
098_54,s-0.6525,s0.0,s0
098_55,s-0.3025,s0.8,s180
098_56,s0.6525,s0.0,s0
098_57,s1.0025,s0.8,s180
098_58,s1.9575,s0.0,s0
098_59,s2.3075,s0.8,s180
098_60,s3.2624999999999997,s0.0,s0
098_61,s3.6125,s0.8,s180
098_62,s4.5675,s0.0,s0
098_63,s4.9174999999999995,s0.8,s180
098_64,s-4.5675,s1.45,s0
098_65,s-4.2175,s2.25,s180
098_66,s-3.2624999999999997,s1.45,s0
098_67,s-2.9124999999999996,s2.25,s180
098_68,s-1.9575,s1.45,s0
098_69,s-1.6075,s2.25,s180
098_70,s-0.6525,s1.45,s0
098_71,s-0.3025,s2.25,s180
098_72,s0.6525,s1.45,s0
098_73,s1.0025,s2.25,s180
098_74,s1.9575,s1.45,s0
098_75,s2.3075,s2.25,s180
098_76,s3.2624999999999997,s1.45,s0
098_77,s3.6125,s2.25,s180
098_78,s4.5675,s1.45,s0
098_79,s4.9174999999999995,s2.25,s180
098_80,s-4.5675,s2.9,s0
098_81,s-4.2175,s3.7,s180
098_82,s-3.2624999999999997,s2.9,s0
098_83,s-2.9124999999999996,s3.7,s180
098_84,s-1.9575,s2.9,s0
098_85,s-1.6075,s3.7,s180
098_86,s-0.6525,s2.9,s0
098_87,s-0.3025,s3.7,s180
098_88,s0.6525,s2.9,s0
098_89,s1.0025,s3.7,s180
098_90,s1.9575,s2.9,s0
098_91,s2.3075,s3.7,s180
098_92,s3.2624999999999997,s2.9,s0
098_93,s3.6125,s3.7,s180
098_94,s4.5675,s2.9,s0
098_95,s4.9174999999999995,s3.7,s180
098_96,s-4.5675,s4.35,s0
098_97,s-4.2175,s5.1499999999999995,s180
099_0,s-4.5675,s-4.35,s0
099_1,s-4.2175,s-3.55,s180
099_2,s-3.2624999999999997,s-4.35,s0
099_3,s-2.9124999999999996,s-3.55,s180
099_4,s-1.9575,s-4.35,s0
099_5,s-1.6075,s-3.55,s180
099_6,s-0.6525,s-4.35,s0
099_7,s-0.3025,s-3.55,s180
099_8,s0.6525,s-4.35,s0
099_9,s1.0025,s-3.55,s180
099_10,s1.9575,s-4.35,s0
099_11,s2.3075,s-3.55,s180
099_12,s3.2624999999999997,s-4.35,s0
099_13,s3.6125,s-3.55,s180
099_14,s4.5675,s-4.35,s0
099_15,s4.9174999999999995,s-3.55,s180
099_16,s-4.5675,s-2.9,s0
099_17,s-4.2175,s-2.0999999999999996,s180
099_18,s-3.2624999999999997,s-2.9,s0
099_19,s-2.9124999999999996,s-2.0999999999999996,s180
099_20,s-1.9575,s-2.9,s0
099_21,s-1.6075,s-2.0999999999999996,s180
099_22,s-0.6525,s-2.9,s0
099_23,s-0.3025,s-2.0999999999999996,s180
099_24,s0.6525,s-2.9,s0
099_25,s1.0025,s-2.0999999999999996,s180
099_26,s1.9575,s-2.9,s0
099_27,s2.3075,s-2.0999999999999996,s180
099_28,s3.2624999999999997,s-2.9,s0
099_29,s3.6125,s-2.0999999999999996,s180
099_30,s4.5675,s-2.9,s0
099_31,s4.9174999999999995,s-2.0999999999999996,s180
099_32,s-4.5675,s-1.45,s0
099_33,s-4.2175,s-0.6499999999999999,s180
099_34,s-3.2624999999999997,s-1.45,s0
099_35,s-2.9124999999999996,s-0.6499999999999999,s180
099_36,s-1.9575,s-1.45,s0
099_37,s-1.6075,s-0.6499999999999999,s180
099_38,s-0.6525,s-1.45,s0
099_39,s-0.3025,s-0.6499999999999999,s180
099_40,s0.6525,s-1.45,s0
099_41,s1.0025,s-0.6499999999999999,s180
099_42,s1.9575,s-1.45,s0
099_43,s2.3075,s-0.6499999999999999,s180
099_44,s3.2624999999999997,s-1.45,s0
099_45,s3.6125,s-0.6499999999999999,s180
099_46,s4.5675,s-1.45,s0
099_47,s4.9174999999999995,s-0.6499999999999999,s180
099_48,s-4.5675,s0.0,s0
099_49,s-4.2175,s0.8,s180
099_50,s-3.2624999999999997,s0.0,s0
099_51,s-2.9124999999999996,s0.8,s180
099_52,s-1.9575,s0.0,s0
099_53,s-1.6075,s0.8,s180
099_54,s-0.6525,s0.0,s0
099_55,s-0.3025,s0.8,s180
099_56,s0.6525,s0.0,s0
099_57,s1.0025,s0.8,s180
099_58,s1.9575,s0.0,s0
099_59,s2.3075,s0.8,s180
099_60,s3.2624999999999997,s0.0,s0
099_61,s3.6125,s0.8,s180
099_62,s4.5675,s0.0,s0
099_63,s4.9174999999999995,s0.8,s180
099_64,s-4.5675,s1.45,s0
099_65,s-4.2175,s2.25,s180
099_66,s-3.2624999999999997,s1.45,s0
099_67,s-2.9124999999999996,s2.25,s180
099_68,s-1.9575,s1.45,s0
099_69,s-1.6075,s2.25,s180
099_70,s-0.6525,s1.45,s0
099_71,s-0.3025,s2.25,s180
099_72,s0.6525,s1.45,s0
099_73,s1.0025,s2.25,s180
099_74,s1.9575,s1.45,s0
099_75,s2.3075,s2.25,s180
099_76,s3.2624999999999997,s1.45,s0
099_77,s3.6125,s2.25,s180
099_78,s4.5675,s1.45,s0
099_79,s4.9174999999999995,s2.25,s180
099_80,s-4.5675,s2.9,s0
099_81,s-4.2175,s3.7,s180
099_82,s-3.2624999999999997,s2.9,s0
099_83,s-2.9124999999999996,s3.7,s180
099_84,s-1.9575,s2.9,s0
099_85,s-1.6075,s3.7,s180
099_86,s-0.6525,s2.9,s0
099_87,s-0.3025,s3.7,s180
099_88,s0.6525,s2.9,s0
099_89,s1.0025,s3.7,s180
099_90,s1.9575,s2.9,s0
099_91,s2.3075,s3.7,s180
099_92,s3.2624999999999997,s2.9,s0
099_93,s3.6125,s3.7,s180
099_94,s4.5675,s2.9,s0
099_95,s4.9174999999999995,s3.7,s180
099_96,s-4.5675,s4.35,s0
099_97,s-4.2175,s5.1499999999999995,s180
099_98,s0.17499999999999982,s0.3999999999999999,s0
100_0,s-4.5675,s-4.35,s0
100_1,s-4.2175,s-3.55,s180
100_2,s-3.2624999999999997,s-4.35,s0
100_3,s-2.9124999999999996,s-3.55,s180
100_4,s-1.9575,s-4.35,s0
100_5,s-1.6075,s-3.55,s180
100_6,s-0.6525,s-4.35,s0
100_7,s-0.3025,s-3.55,s180
100_8,s0.6525,s-4.35,s0
100_9,s1.0025,s-3.55,s180
100_10,s1.9575,s-4.35,s0
100_11,s2.3075,s-3.55,s180
100_12,s3.2624999999999997,s-4.35,s0
100_13,s3.6125,s-3.55,s180
100_14,s4.5675,s-4.35,s0
100_15,s4.9174999999999995,s-3.55,s180
100_16,s-4.5675,s-2.9,s0
100_17,s-4.2175,s-2.0999999999999996,s180
100_18,s-3.2624999999999997,s-2.9,s0
100_19,s-2.9124999999999996,s-2.0999999999999996,s180
100_20,s-1.9575,s-2.9,s0
100_21,s-1.6075,s-2.0999999999999996,s180
100_22,s-0.6525,s-2.9,s0
100_23,s-0.3025,s-2.0999999999999996,s180
100_24,s0.6525,s-2.9,s0
100_25,s1.0025,s-2.0999999999999996,s180
100_26,s1.9575,s-2.9,s0
100_27,s2.3075,s-2.0999999999999996,s180
100_28,s3.2624999999999997,s-2.9,s0
100_29,s3.6125,s-2.0999999999999996,s180
100_30,s4.5675,s-2.9,s0
100_31,s4.9174999999999995,s-2.0999999999999996,s180
100_32,s-4.5675,s-1.45,s0
100_33,s-4.2175,s-0.6499999999999999,s180
100_34,s-3.2624999999999997,s-1.45,s0
100_35,s-2.9124999999999996,s-0.6499999999999999,s180
100_36,s-1.9575,s-1.45,s0
100_37,s-1.6075,s-0.6499999999999999,s180
100_38,s-0.6525,s-1.45,s0
100_39,s-0.3025,s-0.6499999999999999,s180
100_40,s0.6525,s-1.45,s0
100_41,s1.0025,s-0.6499999999999999,s180
100_42,s1.9575,s-1.45,s0
100_43,s2.3075,s-0.6499999999999999,s180
100_44,s3.2624999999999997,s-1.45,s0
100_45,s3.6125,s-0.6499999999999999,s180
100_46,s4.5675,s-1.45,s0
100_47,s4.9174999999999995,s-0.6499999999999999,s180
100_48,s-4.5675,s0.0,s0
100_49,s-4.2175,s0.8,s180
100_50,s-3.2624999999999997,s0.0,s0
100_51,s-2.9124999999999996,s0.8,s180
100_52,s-1.9575,s0.0,s0
100_53,s-1.6075,s0.8,s180
100_54,s-0.6525,s0.0,s0
100_55,s-0.3025,s0.8,s180
100_56,s0.6525,s0.0,s0
100_57,s1.0025,s0.8,s180
100_58,s1.9575,s0.0,s0
100_59,s2.3075,s0.8,s180
100_60,s3.2624999999999997,s0.0,s0
100_61,s3.6125,s0.8,s180
100_62,s4.5675,s0.0,s0
100_63,s4.9174999999999995,s0.8,s180
100_64,s-4.5675,s1.45,s0
100_65,s-4.2175,s2.25,s180
100_66,s-3.2624999999999997,s1.45,s0
100_67,s-2.9124999999999996,s2.25,s180
100_68,s-1.9575,s1.45,s0
100_69,s-1.6075,s2.25,s180
100_70,s-0.6525,s1.45,s0
100_71,s-0.3025,s2.25,s180
100_72,s0.6525,s1.45,s0
100_73,s1.0025,s2.25,s180
100_74,s1.9575,s1.45,s0
100_75,s2.3075,s2.25,s180
100_76,s3.2624999999999997,s1.45,s0
100_77,s3.6125,s2.25,s180
100_78,s4.5675,s1.45,s0
100_79,s4.9174999999999995,s2.25,s180
100_80,s-4.5675,s2.9,s0
100_81,s-4.2175,s3.7,s180
100_82,s-3.2624999999999997,s2.9,s0
100_83,s-2.9124999999999996,s3.7,s180
100_84,s-1.9575,s2.9,s0
100_85,s-1.6075,s3.7,s180
100_86,s-0.6525,s2.9,s0
100_87,s-0.3025,s3.7,s180
100_88,s0.6525,s2.9,s0
100_89,s1.0025,s3.7,s180
100_90,s1.9575,s2.9,s0
100_91,s2.3075,s3.7,s180
100_92,s3.2624999999999997,s2.9,s0
100_93,s3.6125,s3.7,s180
100_94,s4.5675,s2.9,s0
100_95,s4.9174999999999995,s3.7,s180
100_96,s-4.5675,s4.35,s0
100_97,s-4.2175,s5.1499999999999995,s180
100_98,s-3.2624999999999997,s4.35,s0
100_99,s-2.9124999999999996,s5.1499999999999995,s180
101_0,s-4.5675,s-4.35,s0
101_1,s-4.2175,s-3.55,s180
101_2,s-3.2624999999999997,s-4.35,s0
101_3,s-2.9124999999999996,s-3.55,s180
101_4,s-1.9575,s-4.35,s0
101_5,s-1.6075,s-3.55,s180
101_6,s-0.6525,s-4.35,s0
101_7,s-0.3025,s-3.55,s180
101_8,s0.6525,s-4.35,s0
101_9,s1.0025,s-3.55,s180
101_10,s1.9575,s-4.35,s0
101_11,s2.3075,s-3.55,s180
101_12,s3.2624999999999997,s-4.35,s0
101_13,s3.6125,s-3.55,s180
101_14,s4.5675,s-4.35,s0
101_15,s4.9174999999999995,s-3.55,s180
101_16,s-4.5675,s-2.9,s0
101_17,s-4.2175,s-2.0999999999999996,s180
101_18,s-3.2624999999999997,s-2.9,s0
101_19,s-2.9124999999999996,s-2.0999999999999996,s180
101_20,s-1.9575,s-2.9,s0
101_21,s-1.6075,s-2.0999999999999996,s180
101_22,s-0.6525,s-2.9,s0
101_23,s-0.3025,s-2.0999999999999996,s180
101_24,s0.6525,s-2.9,s0
101_25,s1.0025,s-2.0999999999999996,s180
101_26,s1.9575,s-2.9,s0
101_27,s2.3075,s-2.0999999999999996,s180
101_28,s3.2624999999999997,s-2.9,s0
101_29,s3.6125,s-2.0999999999999996,s180
101_30,s4.5675,s-2.9,s0
101_31,s4.9174999999999995,s-2.0999999999999996,s180
101_32,s-4.5675,s-1.45,s0
101_33,s-4.2175,s-0.6499999999999999,s180
101_34,s-3.2624999999999997,s-1.45,s0
101_35,s-2.9124999999999996,s-0.6499999999999999,s180
101_36,s-1.9575,s-1.45,s0
101_37,s-1.6075,s-0.6499999999999999,s180
101_38,s-0.6525,s-1.45,s0
101_39,s-0.3025,s-0.6499999999999999,s180
101_40,s0.6525,s-1.45,s0
101_41,s1.0025,s-0.6499999999999999,s180
101_42,s1.9575,s-1.45,s0
101_43,s2.3075,s-0.6499999999999999,s180
101_44,s3.2624999999999997,s-1.45,s0
101_45,s3.6125,s-0.6499999999999999,s180
101_46,s4.5675,s-1.45,s0
101_47,s4.9174999999999995,s-0.6499999999999999,s180
101_48,s-4.5675,s0.0,s0
101_49,s-4.2175,s0.8,s180
101_50,s-3.2624999999999997,s0.0,s0
101_51,s-2.9124999999999996,s0.8,s180
101_52,s-1.9575,s0.0,s0
101_53,s-1.6075,s0.8,s180
101_54,s-0.6525,s0.0,s0
101_55,s-0.3025,s0.8,s180
101_56,s0.6525,s0.0,s0
101_57,s1.0025,s0.8,s180
101_58,s1.9575,s0.0,s0
101_59,s2.3075,s0.8,s180
101_60,s3.2624999999999997,s0.0,s0
101_61,s3.6125,s0.8,s180
101_62,s4.5675,s0.0,s0
101_63,s4.9174999999999995,s0.8,s180
101_64,s-4.5675,s1.45,s0
101_65,s-4.2175,s2.25,s180
101_66,s-3.2624999999999997,s1.45,s0
101_67,s-2.9124999999999996,s2.25,s180
101_68,s-1.9575,s1.45,s0
101_69,s-1.6075,s2.25,s180
101_70,s-0.6525,s1.45,s0
101_71,s-0.3025,s2.25,s180
101_72,s0.6525,s1.45,s0
101_73,s1.0025,s2.25,s180
101_74,s1.9575,s1.45,s0
101_75,s2.3075,s2.25,s180
101_76,s3.2624999999999997,s1.45,s0
101_77,s3.6125,s2.25,s180
101_78,s4.5675,s1.45,s0
101_79,s4.9174999999999995,s2.25,s180
101_80,s-4.5675,s2.9,s0
101_81,s-4.2175,s3.7,s180
101_82,s-3.2624999999999997,s2.9,s0
101_83,s-2.9124999999999996,s3.7,s180
101_84,s-1.9575,s2.9,s0
101_85,s-1.6075,s3.7,s180
101_86,s-0.6525,s2.9,s0
101_87,s-0.3025,s3.7,s180
101_88,s0.6525,s2.9,s0
101_89,s1.0025,s3.7,s180
101_90,s1.9575,s2.9,s0
101_91,s2.3075,s3.7,s180
101_92,s3.2624999999999997,s2.9,s0
101_93,s3.6125,s3.7,s180
101_94,s4.5675,s2.9,s0
101_95,s4.9174999999999995,s3.7,s180
101_96,s-4.5675,s4.35,s0
101_97,s-4.2175,s5.1499999999999995,s180
101_98,s-3.2624999999999997,s4.35,s0
101_99,s-2.9124999999999996,s5.1499999999999995,s180
101_100,s0.17499999999999982,s0.3999999999999999,s0
102_0,s-4.5675,s-4.35,s0
102_1,s-4.2175,s-3.55,s180
102_2,s-3.2624999999999997,s-4.35,s0
102_3,s-2.9124999999999996,s-3.55,s180
102_4,s-1.9575,s-4.35,s0
102_5,s-1.6075,s-3.55,s180
102_6,s-0.6525,s-4.35,s0
102_7,s-0.3025,s-3.55,s180
102_8,s0.6525,s-4.35,s0
102_9,s1.0025,s-3.55,s180
102_10,s1.9575,s-4.35,s0
102_11,s2.3075,s-3.55,s180
102_12,s3.2624999999999997,s-4.35,s0
102_13,s3.6125,s-3.55,s180
102_14,s4.5675,s-4.35,s0
102_15,s4.9174999999999995,s-3.55,s180
102_16,s-4.5675,s-2.9,s0
102_17,s-4.2175,s-2.0999999999999996,s180
102_18,s-3.2624999999999997,s-2.9,s0
102_19,s-2.9124999999999996,s-2.0999999999999996,s180
102_20,s-1.9575,s-2.9,s0
102_21,s-1.6075,s-2.0999999999999996,s180
102_22,s-0.6525,s-2.9,s0
102_23,s-0.3025,s-2.0999999999999996,s180
102_24,s0.6525,s-2.9,s0
102_25,s1.0025,s-2.0999999999999996,s180
102_26,s1.9575,s-2.9,s0
102_27,s2.3075,s-2.0999999999999996,s180
102_28,s3.2624999999999997,s-2.9,s0
102_29,s3.6125,s-2.0999999999999996,s180
102_30,s4.5675,s-2.9,s0
102_31,s4.9174999999999995,s-2.0999999999999996,s180
102_32,s-4.5675,s-1.45,s0
102_33,s-4.2175,s-0.6499999999999999,s180
102_34,s-3.2624999999999997,s-1.45,s0
102_35,s-2.9124999999999996,s-0.6499999999999999,s180
102_36,s-1.9575,s-1.45,s0
102_37,s-1.6075,s-0.6499999999999999,s180
102_38,s-0.6525,s-1.45,s0
102_39,s-0.3025,s-0.6499999999999999,s180
102_40,s0.6525,s-1.45,s0
102_41,s1.0025,s-0.6499999999999999,s180
102_42,s1.9575,s-1.45,s0
102_43,s2.3075,s-0.6499999999999999,s180
102_44,s3.2624999999999997,s-1.45,s0
102_45,s3.6125,s-0.6499999999999999,s180
102_46,s4.5675,s-1.45,s0
102_47,s4.9174999999999995,s-0.6499999999999999,s180
102_48,s-4.5675,s0.0,s0
102_49,s-4.2175,s0.8,s180
102_50,s-3.2624999999999997,s0.0,s0
102_51,s-2.9124999999999996,s0.8,s180
102_52,s-1.9575,s0.0,s0
102_53,s-1.6075,s0.8,s180
102_54,s-0.6525,s0.0,s0
102_55,s-0.3025,s0.8,s180
102_56,s0.6525,s0.0,s0
102_57,s1.0025,s0.8,s180
102_58,s1.9575,s0.0,s0
102_59,s2.3075,s0.8,s180
102_60,s3.2624999999999997,s0.0,s0
102_61,s3.6125,s0.8,s180
102_62,s4.5675,s0.0,s0
102_63,s4.9174999999999995,s0.8,s180
102_64,s-4.5675,s1.45,s0
102_65,s-4.2175,s2.25,s180
102_66,s-3.2624999999999997,s1.45,s0
102_67,s-2.9124999999999996,s2.25,s180
102_68,s-1.9575,s1.45,s0
102_69,s-1.6075,s2.25,s180
102_70,s-0.6525,s1.45,s0
102_71,s-0.3025,s2.25,s180
102_72,s0.6525,s1.45,s0
102_73,s1.0025,s2.25,s180
102_74,s1.9575,s1.45,s0
102_75,s2.3075,s2.25,s180
102_76,s3.2624999999999997,s1.45,s0
102_77,s3.6125,s2.25,s180
102_78,s4.5675,s1.45,s0
102_79,s4.9174999999999995,s2.25,s180
102_80,s-4.5675,s2.9,s0
102_81,s-4.2175,s3.7,s180
102_82,s-3.2624999999999997,s2.9,s0
102_83,s-2.9124999999999996,s3.7,s180
102_84,s-1.9575,s2.9,s0
102_85,s-1.6075,s3.7,s180
102_86,s-0.6525,s2.9,s0
102_87,s-0.3025,s3.7,s180
102_88,s0.6525,s2.9,s0
102_89,s1.0025,s3.7,s180
102_90,s1.9575,s2.9,s0
102_91,s2.3075,s3.7,s180
102_92,s3.2624999999999997,s2.9,s0
102_93,s3.6125,s3.7,s180
102_94,s4.5675,s2.9,s0
102_95,s4.9174999999999995,s3.7,s180
102_96,s-4.5675,s4.35,s0
102_97,s-4.2175,s5.1499999999999995,s180
102_98,s-3.2624999999999997,s4.35,s0
102_99,s-2.9124999999999996,s5.1499999999999995,s180
102_100,s-1.9575,s4.35,s0
102_101,s-1.6075,s5.1499999999999995,s180
103_0,s-4.5675,s-4.35,s0
103_1,s-4.2175,s-3.55,s180
103_2,s-3.2624999999999997,s-4.35,s0
103_3,s-2.9124999999999996,s-3.55,s180
103_4,s-1.9575,s-4.35,s0
103_5,s-1.6075,s-3.55,s180
103_6,s-0.6525,s-4.35,s0
103_7,s-0.3025,s-3.55,s180
103_8,s0.6525,s-4.35,s0
103_9,s1.0025,s-3.55,s180
103_10,s1.9575,s-4.35,s0
103_11,s2.3075,s-3.55,s180
103_12,s3.2624999999999997,s-4.35,s0
103_13,s3.6125,s-3.55,s180
103_14,s4.5675,s-4.35,s0
103_15,s4.9174999999999995,s-3.55,s180
103_16,s-4.5675,s-2.9,s0
103_17,s-4.2175,s-2.0999999999999996,s180
103_18,s-3.2624999999999997,s-2.9,s0
103_19,s-2.9124999999999996,s-2.0999999999999996,s180
103_20,s-1.9575,s-2.9,s0
103_21,s-1.6075,s-2.0999999999999996,s180
103_22,s-0.6525,s-2.9,s0
103_23,s-0.3025,s-2.0999999999999996,s180
103_24,s0.6525,s-2.9,s0
103_25,s1.0025,s-2.0999999999999996,s180
103_26,s1.9575,s-2.9,s0
103_27,s2.3075,s-2.0999999999999996,s180
103_28,s3.2624999999999997,s-2.9,s0
103_29,s3.6125,s-2.0999999999999996,s180
103_30,s4.5675,s-2.9,s0
103_31,s4.9174999999999995,s-2.0999999999999996,s180
103_32,s-4.5675,s-1.45,s0
103_33,s-4.2175,s-0.6499999999999999,s180
103_34,s-3.2624999999999997,s-1.45,s0
103_35,s-2.9124999999999996,s-0.6499999999999999,s180
103_36,s-1.9575,s-1.45,s0
103_37,s-1.6075,s-0.6499999999999999,s180
103_38,s-0.6525,s-1.45,s0
103_39,s-0.3025,s-0.6499999999999999,s180
103_40,s0.6525,s-1.45,s0
103_41,s1.0025,s-0.6499999999999999,s180
103_42,s1.9575,s-1.45,s0
103_43,s2.3075,s-0.6499999999999999,s180
103_44,s3.2624999999999997,s-1.45,s0
103_45,s3.6125,s-0.6499999999999999,s180
103_46,s4.5675,s-1.45,s0
103_47,s4.9174999999999995,s-0.6499999999999999,s180
103_48,s-4.5675,s0.0,s0
103_49,s-4.2175,s0.8,s180
103_50,s-3.2624999999999997,s0.0,s0
103_51,s-2.9124999999999996,s0.8,s180
103_52,s-1.9575,s0.0,s0
103_53,s-1.6075,s0.8,s180
103_54,s-0.6525,s0.0,s0
103_55,s-0.3025,s0.8,s180
103_56,s0.6525,s0.0,s0
103_57,s1.0025,s0.8,s180
103_58,s1.9575,s0.0,s0
103_59,s2.3075,s0.8,s180
103_60,s3.2624999999999997,s0.0,s0
103_61,s3.6125,s0.8,s180
103_62,s4.5675,s0.0,s0
103_63,s4.9174999999999995,s0.8,s180
103_64,s-4.5675,s1.45,s0
103_65,s-4.2175,s2.25,s180
103_66,s-3.2624999999999997,s1.45,s0
103_67,s-2.9124999999999996,s2.25,s180
103_68,s-1.9575,s1.45,s0
103_69,s-1.6075,s2.25,s180
103_70,s-0.6525,s1.45,s0
103_71,s-0.3025,s2.25,s180
103_72,s0.6525,s1.45,s0
103_73,s1.0025,s2.25,s180
103_74,s1.9575,s1.45,s0
103_75,s2.3075,s2.25,s180
103_76,s3.2624999999999997,s1.45,s0
103_77,s3.6125,s2.25,s180
103_78,s4.5675,s1.45,s0
103_79,s4.9174999999999995,s2.25,s180
103_80,s-4.5675,s2.9,s0
103_81,s-4.2175,s3.7,s180
103_82,s-3.2624999999999997,s2.9,s0
103_83,s-2.9124999999999996,s3.7,s180
103_84,s-1.9575,s2.9,s0
103_85,s-1.6075,s3.7,s180
103_86,s-0.6525,s2.9,s0
103_87,s-0.3025,s3.7,s180
103_88,s0.6525,s2.9,s0
103_89,s1.0025,s3.7,s180
103_90,s1.9575,s2.9,s0
103_91,s2.3075,s3.7,s180
103_92,s3.2624999999999997,s2.9,s0
103_93,s3.6125,s3.7,s180
103_94,s4.5675,s2.9,s0
103_95,s4.9174999999999995,s3.7,s180
103_96,s-4.5675,s4.35,s0
103_97,s-4.2175,s5.1499999999999995,s180
103_98,s-3.2624999999999997,s4.35,s0
103_99,s-2.9124999999999996,s5.1499999999999995,s180
103_100,s-1.9575,s4.35,s0
103_101,s-1.6075,s5.1499999999999995,s180
103_102,s0.17499999999999982,s0.3999999999999999,s0
104_0,s-4.5675,s-4.35,s0
104_1,s-4.2175,s-3.55,s180
104_2,s-3.2624999999999997,s-4.35,s0
104_3,s-2.9124999999999996,s-3.55,s180
104_4,s-1.9575,s-4.35,s0
104_5,s-1.6075,s-3.55,s180
104_6,s-0.6525,s-4.35,s0
104_7,s-0.3025,s-3.55,s180
104_8,s0.6525,s-4.35,s0
104_9,s1.0025,s-3.55,s180
104_10,s1.9575,s-4.35,s0
104_11,s2.3075,s-3.55,s180
104_12,s3.2624999999999997,s-4.35,s0
104_13,s3.6125,s-3.55,s180
104_14,s4.5675,s-4.35,s0
104_15,s4.9174999999999995,s-3.55,s180
104_16,s-4.5675,s-2.9,s0
104_17,s-4.2175,s-2.0999999999999996,s180
104_18,s-3.2624999999999997,s-2.9,s0
104_19,s-2.9124999999999996,s-2.0999999999999996,s180
104_20,s-1.9575,s-2.9,s0
104_21,s-1.6075,s-2.0999999999999996,s180
104_22,s-0.6525,s-2.9,s0
104_23,s-0.3025,s-2.0999999999999996,s180
104_24,s0.6525,s-2.9,s0
104_25,s1.0025,s-2.0999999999999996,s180
104_26,s1.9575,s-2.9,s0
104_27,s2.3075,s-2.0999999999999996,s180
104_28,s3.2624999999999997,s-2.9,s0
104_29,s3.6125,s-2.0999999999999996,s180
104_30,s4.5675,s-2.9,s0
104_31,s4.9174999999999995,s-2.0999999999999996,s180
104_32,s-4.5675,s-1.45,s0
104_33,s-4.2175,s-0.6499999999999999,s180
104_34,s-3.2624999999999997,s-1.45,s0
104_35,s-2.9124999999999996,s-0.6499999999999999,s180
104_36,s-1.9575,s-1.45,s0
104_37,s-1.6075,s-0.6499999999999999,s180
104_38,s-0.6525,s-1.45,s0
104_39,s-0.3025,s-0.6499999999999999,s180
104_40,s0.6525,s-1.45,s0
104_41,s1.0025,s-0.6499999999999999,s180
104_42,s1.9575,s-1.45,s0
104_43,s2.3075,s-0.6499999999999999,s180
104_44,s3.2624999999999997,s-1.45,s0
104_45,s3.6125,s-0.6499999999999999,s180
104_46,s4.5675,s-1.45,s0
104_47,s4.9174999999999995,s-0.6499999999999999,s180
104_48,s-4.5675,s0.0,s0
104_49,s-4.2175,s0.8,s180
104_50,s-3.2624999999999997,s0.0,s0
104_51,s-2.9124999999999996,s0.8,s180
104_52,s-1.9575,s0.0,s0
104_53,s-1.6075,s0.8,s180
104_54,s-0.6525,s0.0,s0
104_55,s-0.3025,s0.8,s180
104_56,s0.6525,s0.0,s0
104_57,s1.0025,s0.8,s180
104_58,s1.9575,s0.0,s0
104_59,s2.3075,s0.8,s180
104_60,s3.2624999999999997,s0.0,s0
104_61,s3.6125,s0.8,s180
104_62,s4.5675,s0.0,s0
104_63,s4.9174999999999995,s0.8,s180
104_64,s-4.5675,s1.45,s0
104_65,s-4.2175,s2.25,s180
104_66,s-3.2624999999999997,s1.45,s0
104_67,s-2.9124999999999996,s2.25,s180
104_68,s-1.9575,s1.45,s0
104_69,s-1.6075,s2.25,s180
104_70,s-0.6525,s1.45,s0
104_71,s-0.3025,s2.25,s180
104_72,s0.6525,s1.45,s0
104_73,s1.0025,s2.25,s180
104_74,s1.9575,s1.45,s0
104_75,s2.3075,s2.25,s180
104_76,s3.2624999999999997,s1.45,s0
104_77,s3.6125,s2.25,s180
104_78,s4.5675,s1.45,s0
104_79,s4.9174999999999995,s2.25,s180
104_80,s-4.5675,s2.9,s0
104_81,s-4.2175,s3.7,s180
104_82,s-3.2624999999999997,s2.9,s0
104_83,s-2.9124999999999996,s3.7,s180
104_84,s-1.9575,s2.9,s0
104_85,s-1.6075,s3.7,s180
104_86,s-0.6525,s2.9,s0
104_87,s-0.3025,s3.7,s180
104_88,s0.6525,s2.9,s0
104_89,s1.0025,s3.7,s180
104_90,s1.9575,s2.9,s0
104_91,s2.3075,s3.7,s180
104_92,s3.2624999999999997,s2.9,s0
104_93,s3.6125,s3.7,s180
104_94,s4.5675,s2.9,s0
104_95,s4.9174999999999995,s3.7,s180
104_96,s-4.5675,s4.35,s0
104_97,s-4.2175,s5.1499999999999995,s180
104_98,s-3.2624999999999997,s4.35,s0
104_99,s-2.9124999999999996,s5.1499999999999995,s180
104_100,s-1.9575,s4.35,s0
104_101,s-1.6075,s5.1499999999999995,s180
104_102,s-0.6525,s4.35,s0
104_103,s-0.3025,s5.1499999999999995,s180
105_0,s-4.5675,s-4.35,s0
105_1,s-4.2175,s-3.55,s180
105_2,s-3.2624999999999997,s-4.35,s0
105_3,s-2.9124999999999996,s-3.55,s180
105_4,s-1.9575,s-4.35,s0
105_5,s-1.6075,s-3.55,s180
105_6,s-0.6525,s-4.35,s0
105_7,s-0.3025,s-3.55,s180
105_8,s0.6525,s-4.35,s0
105_9,s1.0025,s-3.55,s180
105_10,s1.9575,s-4.35,s0
105_11,s2.3075,s-3.55,s180
105_12,s3.2624999999999997,s-4.35,s0
105_13,s3.6125,s-3.55,s180
105_14,s4.5675,s-4.35,s0
105_15,s4.9174999999999995,s-3.55,s180
105_16,s-4.5675,s-2.9,s0
105_17,s-4.2175,s-2.0999999999999996,s180
105_18,s-3.2624999999999997,s-2.9,s0
105_19,s-2.9124999999999996,s-2.0999999999999996,s180
105_20,s-1.9575,s-2.9,s0
105_21,s-1.6075,s-2.0999999999999996,s180
105_22,s-0.6525,s-2.9,s0
105_23,s-0.3025,s-2.0999999999999996,s180
105_24,s0.6525,s-2.9,s0
105_25,s1.0025,s-2.0999999999999996,s180
105_26,s1.9575,s-2.9,s0
105_27,s2.3075,s-2.0999999999999996,s180
105_28,s3.2624999999999997,s-2.9,s0
105_29,s3.6125,s-2.0999999999999996,s180
105_30,s4.5675,s-2.9,s0
105_31,s4.9174999999999995,s-2.0999999999999996,s180
105_32,s-4.5675,s-1.45,s0
105_33,s-4.2175,s-0.6499999999999999,s180
105_34,s-3.2624999999999997,s-1.45,s0
105_35,s-2.9124999999999996,s-0.6499999999999999,s180
105_36,s-1.9575,s-1.45,s0
105_37,s-1.6075,s-0.6499999999999999,s180
105_38,s-0.6525,s-1.45,s0
105_39,s-0.3025,s-0.6499999999999999,s180
105_40,s0.6525,s-1.45,s0
105_41,s1.0025,s-0.6499999999999999,s180
105_42,s1.9575,s-1.45,s0
105_43,s2.3075,s-0.6499999999999999,s180
105_44,s3.2624999999999997,s-1.45,s0
105_45,s3.6125,s-0.6499999999999999,s180
105_46,s4.5675,s-1.45,s0
105_47,s4.9174999999999995,s-0.6499999999999999,s180
105_48,s-4.5675,s0.0,s0
105_49,s-4.2175,s0.8,s180
105_50,s-3.2624999999999997,s0.0,s0
105_51,s-2.9124999999999996,s0.8,s180
105_52,s-1.9575,s0.0,s0
105_53,s-1.6075,s0.8,s180
105_54,s-0.6525,s0.0,s0
105_55,s-0.3025,s0.8,s180
105_56,s0.6525,s0.0,s0
105_57,s1.0025,s0.8,s180
105_58,s1.9575,s0.0,s0
105_59,s2.3075,s0.8,s180
105_60,s3.2624999999999997,s0.0,s0
105_61,s3.6125,s0.8,s180
105_62,s4.5675,s0.0,s0
105_63,s4.9174999999999995,s0.8,s180
105_64,s-4.5675,s1.45,s0
105_65,s-4.2175,s2.25,s180
105_66,s-3.2624999999999997,s1.45,s0
105_67,s-2.9124999999999996,s2.25,s180
105_68,s-1.9575,s1.45,s0
105_69,s-1.6075,s2.25,s180
105_70,s-0.6525,s1.45,s0
105_71,s-0.3025,s2.25,s180
105_72,s0.6525,s1.45,s0
105_73,s1.0025,s2.25,s180
105_74,s1.9575,s1.45,s0
105_75,s2.3075,s2.25,s180
105_76,s3.2624999999999997,s1.45,s0
105_77,s3.6125,s2.25,s180
105_78,s4.5675,s1.45,s0
105_79,s4.9174999999999995,s2.25,s180
105_80,s-4.5675,s2.9,s0
105_81,s-4.2175,s3.7,s180
105_82,s-3.2624999999999997,s2.9,s0
105_83,s-2.9124999999999996,s3.7,s180
105_84,s-1.9575,s2.9,s0
105_85,s-1.6075,s3.7,s180
105_86,s-0.6525,s2.9,s0
105_87,s-0.3025,s3.7,s180
105_88,s0.6525,s2.9,s0
105_89,s1.0025,s3.7,s180
105_90,s1.9575,s2.9,s0
105_91,s2.3075,s3.7,s180
105_92,s3.2624999999999997,s2.9,s0
105_93,s3.6125,s3.7,s180
105_94,s4.5675,s2.9,s0
105_95,s4.9174999999999995,s3.7,s180
105_96,s-4.5675,s4.35,s0
105_97,s-4.2175,s5.1499999999999995,s180
105_98,s-3.2624999999999997,s4.35,s0
105_99,s-2.9124999999999996,s5.1499999999999995,s180
105_100,s-1.9575,s4.35,s0
105_101,s-1.6075,s5.1499999999999995,s180
105_102,s-0.6525,s4.35,s0
105_103,s-0.3025,s5.1499999999999995,s180
105_104,s0.17499999999999982,s0.3999999999999999,s0
106_0,s-4.5675,s-4.35,s0
106_1,s-4.2175,s-3.55,s180
106_2,s-3.2624999999999997,s-4.35,s0
106_3,s-2.9124999999999996,s-3.55,s180
106_4,s-1.9575,s-4.35,s0
106_5,s-1.6075,s-3.55,s180
106_6,s-0.6525,s-4.35,s0
106_7,s-0.3025,s-3.55,s180
106_8,s0.6525,s-4.35,s0
106_9,s1.0025,s-3.55,s180
106_10,s1.9575,s-4.35,s0
106_11,s2.3075,s-3.55,s180
106_12,s3.2624999999999997,s-4.35,s0
106_13,s3.6125,s-3.55,s180
106_14,s4.5675,s-4.35,s0
106_15,s4.9174999999999995,s-3.55,s180
106_16,s-4.5675,s-2.9,s0
106_17,s-4.2175,s-2.0999999999999996,s180
106_18,s-3.2624999999999997,s-2.9,s0
106_19,s-2.9124999999999996,s-2.0999999999999996,s180
106_20,s-1.9575,s-2.9,s0
106_21,s-1.6075,s-2.0999999999999996,s180
106_22,s-0.6525,s-2.9,s0
106_23,s-0.3025,s-2.0999999999999996,s180
106_24,s0.6525,s-2.9,s0
106_25,s1.0025,s-2.0999999999999996,s180
106_26,s1.9575,s-2.9,s0
106_27,s2.3075,s-2.0999999999999996,s180
106_28,s3.2624999999999997,s-2.9,s0
106_29,s3.6125,s-2.0999999999999996,s180
106_30,s4.5675,s-2.9,s0
106_31,s4.9174999999999995,s-2.0999999999999996,s180
106_32,s-4.5675,s-1.45,s0
106_33,s-4.2175,s-0.6499999999999999,s180
106_34,s-3.2624999999999997,s-1.45,s0
106_35,s-2.9124999999999996,s-0.6499999999999999,s180
106_36,s-1.9575,s-1.45,s0
106_37,s-1.6075,s-0.6499999999999999,s180
106_38,s-0.6525,s-1.45,s0
106_39,s-0.3025,s-0.6499999999999999,s180
106_40,s0.6525,s-1.45,s0
106_41,s1.0025,s-0.6499999999999999,s180
106_42,s1.9575,s-1.45,s0
106_43,s2.3075,s-0.6499999999999999,s180
106_44,s3.2624999999999997,s-1.45,s0
106_45,s3.6125,s-0.6499999999999999,s180
106_46,s4.5675,s-1.45,s0
106_47,s4.9174999999999995,s-0.6499999999999999,s180
106_48,s-4.5675,s0.0,s0
106_49,s-4.2175,s0.8,s180
106_50,s-3.2624999999999997,s0.0,s0
106_51,s-2.9124999999999996,s0.8,s180
106_52,s-1.9575,s0.0,s0
106_53,s-1.6075,s0.8,s180
106_54,s-0.6525,s0.0,s0
106_55,s-0.3025,s0.8,s180
106_56,s0.6525,s0.0,s0
106_57,s1.0025,s0.8,s180
106_58,s1.9575,s0.0,s0
106_59,s2.3075,s0.8,s180
106_60,s3.2624999999999997,s0.0,s0
106_61,s3.6125,s0.8,s180
106_62,s4.5675,s0.0,s0
106_63,s4.9174999999999995,s0.8,s180
106_64,s-4.5675,s1.45,s0
106_65,s-4.2175,s2.25,s180
106_66,s-3.2624999999999997,s1.45,s0
106_67,s-2.9124999999999996,s2.25,s180
106_68,s-1.9575,s1.45,s0
106_69,s-1.6075,s2.25,s180
106_70,s-0.6525,s1.45,s0
106_71,s-0.3025,s2.25,s180
106_72,s0.6525,s1.45,s0
106_73,s1.0025,s2.25,s180
106_74,s1.9575,s1.45,s0
106_75,s2.3075,s2.25,s180
106_76,s3.2624999999999997,s1.45,s0
106_77,s3.6125,s2.25,s180
106_78,s4.5675,s1.45,s0
106_79,s4.9174999999999995,s2.25,s180
106_80,s-4.5675,s2.9,s0
106_81,s-4.2175,s3.7,s180
106_82,s-3.2624999999999997,s2.9,s0
106_83,s-2.9124999999999996,s3.7,s180
106_84,s-1.9575,s2.9,s0
106_85,s-1.6075,s3.7,s180
106_86,s-0.6525,s2.9,s0
106_87,s-0.3025,s3.7,s180
106_88,s0.6525,s2.9,s0
106_89,s1.0025,s3.7,s180
106_90,s1.9575,s2.9,s0
106_91,s2.3075,s3.7,s180
106_92,s3.2624999999999997,s2.9,s0
106_93,s3.6125,s3.7,s180
106_94,s4.5675,s2.9,s0
106_95,s4.9174999999999995,s3.7,s180
106_96,s-4.5675,s4.35,s0
106_97,s-4.2175,s5.1499999999999995,s180
106_98,s-3.2624999999999997,s4.35,s0
106_99,s-2.9124999999999996,s5.1499999999999995,s180
106_100,s-1.9575,s4.35,s0
106_101,s-1.6075,s5.1499999999999995,s180
106_102,s-0.6525,s4.35,s0
106_103,s-0.3025,s5.1499999999999995,s180
106_104,s0.6525,s4.35,s0
106_105,s1.0025,s5.1499999999999995,s180
107_0,s-4.5675,s-4.35,s0
107_1,s-4.2175,s-3.55,s180
107_2,s-3.2624999999999997,s-4.35,s0
107_3,s-2.9124999999999996,s-3.55,s180
107_4,s-1.9575,s-4.35,s0
107_5,s-1.6075,s-3.55,s180
107_6,s-0.6525,s-4.35,s0
107_7,s-0.3025,s-3.55,s180
107_8,s0.6525,s-4.35,s0
107_9,s1.0025,s-3.55,s180
107_10,s1.9575,s-4.35,s0
107_11,s2.3075,s-3.55,s180
107_12,s3.2624999999999997,s-4.35,s0
107_13,s3.6125,s-3.55,s180
107_14,s4.5675,s-4.35,s0
107_15,s4.9174999999999995,s-3.55,s180
107_16,s-4.5675,s-2.9,s0
107_17,s-4.2175,s-2.0999999999999996,s180
107_18,s-3.2624999999999997,s-2.9,s0
107_19,s-2.9124999999999996,s-2.0999999999999996,s180
107_20,s-1.9575,s-2.9,s0
107_21,s-1.6075,s-2.0999999999999996,s180
107_22,s-0.6525,s-2.9,s0
107_23,s-0.3025,s-2.0999999999999996,s180
107_24,s0.6525,s-2.9,s0
107_25,s1.0025,s-2.0999999999999996,s180
107_26,s1.9575,s-2.9,s0
107_27,s2.3075,s-2.0999999999999996,s180
107_28,s3.2624999999999997,s-2.9,s0
107_29,s3.6125,s-2.0999999999999996,s180
107_30,s4.5675,s-2.9,s0
107_31,s4.9174999999999995,s-2.0999999999999996,s180
107_32,s-4.5675,s-1.45,s0
107_33,s-4.2175,s-0.6499999999999999,s180
107_34,s-3.2624999999999997,s-1.45,s0
107_35,s-2.9124999999999996,s-0.6499999999999999,s180
107_36,s-1.9575,s-1.45,s0
107_37,s-1.6075,s-0.6499999999999999,s180
107_38,s-0.6525,s-1.45,s0
107_39,s-0.3025,s-0.6499999999999999,s180
107_40,s0.6525,s-1.45,s0
107_41,s1.0025,s-0.6499999999999999,s180
107_42,s1.9575,s-1.45,s0
107_43,s2.3075,s-0.6499999999999999,s180
107_44,s3.2624999999999997,s-1.45,s0
107_45,s3.6125,s-0.6499999999999999,s180
107_46,s4.5675,s-1.45,s0
107_47,s4.9174999999999995,s-0.6499999999999999,s180
107_48,s-4.5675,s0.0,s0
107_49,s-4.2175,s0.8,s180
107_50,s-3.2624999999999997,s0.0,s0
107_51,s-2.9124999999999996,s0.8,s180
107_52,s-1.9575,s0.0,s0
107_53,s-1.6075,s0.8,s180
107_54,s-0.6525,s0.0,s0
107_55,s-0.3025,s0.8,s180
107_56,s0.6525,s0.0,s0
107_57,s1.0025,s0.8,s180
107_58,s1.9575,s0.0,s0
107_59,s2.3075,s0.8,s180
107_60,s3.2624999999999997,s0.0,s0
107_61,s3.6125,s0.8,s180
107_62,s4.5675,s0.0,s0
107_63,s4.9174999999999995,s0.8,s180
107_64,s-4.5675,s1.45,s0
107_65,s-4.2175,s2.25,s180
107_66,s-3.2624999999999997,s1.45,s0
107_67,s-2.9124999999999996,s2.25,s180
107_68,s-1.9575,s1.45,s0
107_69,s-1.6075,s2.25,s180
107_70,s-0.6525,s1.45,s0
107_71,s-0.3025,s2.25,s180
107_72,s0.6525,s1.45,s0
107_73,s1.0025,s2.25,s180
107_74,s1.9575,s1.45,s0
107_75,s2.3075,s2.25,s180
107_76,s3.2624999999999997,s1.45,s0
107_77,s3.6125,s2.25,s180
107_78,s4.5675,s1.45,s0
107_79,s4.9174999999999995,s2.25,s180
107_80,s-4.5675,s2.9,s0
107_81,s-4.2175,s3.7,s180
107_82,s-3.2624999999999997,s2.9,s0
107_83,s-2.9124999999999996,s3.7,s180
107_84,s-1.9575,s2.9,s0
107_85,s-1.6075,s3.7,s180
107_86,s-0.6525,s2.9,s0
107_87,s-0.3025,s3.7,s180
107_88,s0.6525,s2.9,s0
107_89,s1.0025,s3.7,s180
107_90,s1.9575,s2.9,s0
107_91,s2.3075,s3.7,s180
107_92,s3.2624999999999997,s2.9,s0
107_93,s3.6125,s3.7,s180
107_94,s4.5675,s2.9,s0
107_95,s4.9174999999999995,s3.7,s180
107_96,s-4.5675,s4.35,s0
107_97,s-4.2175,s5.1499999999999995,s180
107_98,s-3.2624999999999997,s4.35,s0
107_99,s-2.9124999999999996,s5.1499999999999995,s180
107_100,s-1.9575,s4.35,s0
107_101,s-1.6075,s5.1499999999999995,s180
107_102,s-0.6525,s4.35,s0
107_103,s-0.3025,s5.1499999999999995,s180
107_104,s0.6525,s4.35,s0
107_105,s1.0025,s5.1499999999999995,s180
107_106,s0.17499999999999982,s0.3999999999999999,s0
108_0,s-4.5675,s-4.35,s0
108_1,s-4.2175,s-3.55,s180
108_2,s-3.2624999999999997,s-4.35,s0
108_3,s-2.9124999999999996,s-3.55,s180
108_4,s-1.9575,s-4.35,s0
108_5,s-1.6075,s-3.55,s180
108_6,s-0.6525,s-4.35,s0
108_7,s-0.3025,s-3.55,s180
108_8,s0.6525,s-4.35,s0
108_9,s1.0025,s-3.55,s180
108_10,s1.9575,s-4.35,s0
108_11,s2.3075,s-3.55,s180
108_12,s3.2624999999999997,s-4.35,s0
108_13,s3.6125,s-3.55,s180
108_14,s4.5675,s-4.35,s0
108_15,s4.9174999999999995,s-3.55,s180
108_16,s-4.5675,s-2.9,s0
108_17,s-4.2175,s-2.0999999999999996,s180
108_18,s-3.2624999999999997,s-2.9,s0
108_19,s-2.9124999999999996,s-2.0999999999999996,s180
108_20,s-1.9575,s-2.9,s0
108_21,s-1.6075,s-2.0999999999999996,s180
108_22,s-0.6525,s-2.9,s0
108_23,s-0.3025,s-2.0999999999999996,s180
108_24,s0.6525,s-2.9,s0
108_25,s1.0025,s-2.0999999999999996,s180
108_26,s1.9575,s-2.9,s0
108_27,s2.3075,s-2.0999999999999996,s180
108_28,s3.2624999999999997,s-2.9,s0
108_29,s3.6125,s-2.0999999999999996,s180
108_30,s4.5675,s-2.9,s0
108_31,s4.9174999999999995,s-2.0999999999999996,s180
108_32,s-4.5675,s-1.45,s0
108_33,s-4.2175,s-0.6499999999999999,s180
108_34,s-3.2624999999999997,s-1.45,s0
108_35,s-2.9124999999999996,s-0.6499999999999999,s180
108_36,s-1.9575,s-1.45,s0
108_37,s-1.6075,s-0.6499999999999999,s180
108_38,s-0.6525,s-1.45,s0
108_39,s-0.3025,s-0.6499999999999999,s180
108_40,s0.6525,s-1.45,s0
108_41,s1.0025,s-0.6499999999999999,s180
108_42,s1.9575,s-1.45,s0
108_43,s2.3075,s-0.6499999999999999,s180
108_44,s3.2624999999999997,s-1.45,s0
108_45,s3.6125,s-0.6499999999999999,s180
108_46,s4.5675,s-1.45,s0
108_47,s4.9174999999999995,s-0.6499999999999999,s180
108_48,s-4.5675,s0.0,s0
108_49,s-4.2175,s0.8,s180
108_50,s-3.2624999999999997,s0.0,s0
108_51,s-2.9124999999999996,s0.8,s180
108_52,s-1.9575,s0.0,s0
108_53,s-1.6075,s0.8,s180
108_54,s-0.6525,s0.0,s0
108_55,s-0.3025,s0.8,s180
108_56,s0.6525,s0.0,s0
108_57,s1.0025,s0.8,s180
108_58,s1.9575,s0.0,s0
108_59,s2.3075,s0.8,s180
108_60,s3.2624999999999997,s0.0,s0
108_61,s3.6125,s0.8,s180
108_62,s4.5675,s0.0,s0
108_63,s4.9174999999999995,s0.8,s180
108_64,s-4.5675,s1.45,s0
108_65,s-4.2175,s2.25,s180
108_66,s-3.2624999999999997,s1.45,s0
108_67,s-2.9124999999999996,s2.25,s180
108_68,s-1.9575,s1.45,s0
108_69,s-1.6075,s2.25,s180
108_70,s-0.6525,s1.45,s0
108_71,s-0.3025,s2.25,s180
108_72,s0.6525,s1.45,s0
108_73,s1.0025,s2.25,s180
108_74,s1.9575,s1.45,s0
108_75,s2.3075,s2.25,s180
108_76,s3.2624999999999997,s1.45,s0
108_77,s3.6125,s2.25,s180
108_78,s4.5675,s1.45,s0
108_79,s4.9174999999999995,s2.25,s180
108_80,s-4.5675,s2.9,s0
108_81,s-4.2175,s3.7,s180
108_82,s-3.2624999999999997,s2.9,s0
108_83,s-2.9124999999999996,s3.7,s180
108_84,s-1.9575,s2.9,s0
108_85,s-1.6075,s3.7,s180
108_86,s-0.6525,s2.9,s0
108_87,s-0.3025,s3.7,s180
108_88,s0.6525,s2.9,s0
108_89,s1.0025,s3.7,s180
108_90,s1.9575,s2.9,s0
108_91,s2.3075,s3.7,s180
108_92,s3.2624999999999997,s2.9,s0
108_93,s3.6125,s3.7,s180
108_94,s4.5675,s2.9,s0
108_95,s4.9174999999999995,s3.7,s180
108_96,s-4.5675,s4.35,s0
108_97,s-4.2175,s5.1499999999999995,s180
108_98,s-3.2624999999999997,s4.35,s0
108_99,s-2.9124999999999996,s5.1499999999999995,s180
108_100,s-1.9575,s4.35,s0
108_101,s-1.6075,s5.1499999999999995,s180
108_102,s-0.6525,s4.35,s0
108_103,s-0.3025,s5.1499999999999995,s180
108_104,s0.6525,s4.35,s0
108_105,s1.0025,s5.1499999999999995,s180
108_106,s1.9575,s4.35,s0
108_107,s2.3075,s5.1499999999999995,s180
109_0,s-4.5675,s-4.35,s0
109_1,s-4.2175,s-3.55,s180
109_2,s-3.2624999999999997,s-4.35,s0
109_3,s-2.9124999999999996,s-3.55,s180
109_4,s-1.9575,s-4.35,s0
109_5,s-1.6075,s-3.55,s180
109_6,s-0.6525,s-4.35,s0
109_7,s-0.3025,s-3.55,s180
109_8,s0.6525,s-4.35,s0
109_9,s1.0025,s-3.55,s180
109_10,s1.9575,s-4.35,s0
109_11,s2.3075,s-3.55,s180
109_12,s3.2624999999999997,s-4.35,s0
109_13,s3.6125,s-3.55,s180
109_14,s4.5675,s-4.35,s0
109_15,s4.9174999999999995,s-3.55,s180
109_16,s-4.5675,s-2.9,s0
109_17,s-4.2175,s-2.0999999999999996,s180
109_18,s-3.2624999999999997,s-2.9,s0
109_19,s-2.9124999999999996,s-2.0999999999999996,s180
109_20,s-1.9575,s-2.9,s0
109_21,s-1.6075,s-2.0999999999999996,s180
109_22,s-0.6525,s-2.9,s0
109_23,s-0.3025,s-2.0999999999999996,s180
109_24,s0.6525,s-2.9,s0
109_25,s1.0025,s-2.0999999999999996,s180
109_26,s1.9575,s-2.9,s0
109_27,s2.3075,s-2.0999999999999996,s180
109_28,s3.2624999999999997,s-2.9,s0
109_29,s3.6125,s-2.0999999999999996,s180
109_30,s4.5675,s-2.9,s0
109_31,s4.9174999999999995,s-2.0999999999999996,s180
109_32,s-4.5675,s-1.45,s0
109_33,s-4.2175,s-0.6499999999999999,s180
109_34,s-3.2624999999999997,s-1.45,s0
109_35,s-2.9124999999999996,s-0.6499999999999999,s180
109_36,s-1.9575,s-1.45,s0
109_37,s-1.6075,s-0.6499999999999999,s180
109_38,s-0.6525,s-1.45,s0
109_39,s-0.3025,s-0.6499999999999999,s180
109_40,s0.6525,s-1.45,s0
109_41,s1.0025,s-0.6499999999999999,s180
109_42,s1.9575,s-1.45,s0
109_43,s2.3075,s-0.6499999999999999,s180
109_44,s3.2624999999999997,s-1.45,s0
109_45,s3.6125,s-0.6499999999999999,s180
109_46,s4.5675,s-1.45,s0
109_47,s4.9174999999999995,s-0.6499999999999999,s180
109_48,s-4.5675,s0.0,s0
109_49,s-4.2175,s0.8,s180
109_50,s-3.2624999999999997,s0.0,s0
109_51,s-2.9124999999999996,s0.8,s180
109_52,s-1.9575,s0.0,s0
109_53,s-1.6075,s0.8,s180
109_54,s-0.6525,s0.0,s0
109_55,s-0.3025,s0.8,s180
109_56,s0.6525,s0.0,s0
109_57,s1.0025,s0.8,s180
109_58,s1.9575,s0.0,s0
109_59,s2.3075,s0.8,s180
109_60,s3.2624999999999997,s0.0,s0
109_61,s3.6125,s0.8,s180
109_62,s4.5675,s0.0,s0
109_63,s4.9174999999999995,s0.8,s180
109_64,s-4.5675,s1.45,s0
109_65,s-4.2175,s2.25,s180
109_66,s-3.2624999999999997,s1.45,s0
109_67,s-2.9124999999999996,s2.25,s180
109_68,s-1.9575,s1.45,s0
109_69,s-1.6075,s2.25,s180
109_70,s-0.6525,s1.45,s0
109_71,s-0.3025,s2.25,s180
109_72,s0.6525,s1.45,s0
109_73,s1.0025,s2.25,s180
109_74,s1.9575,s1.45,s0
109_75,s2.3075,s2.25,s180
109_76,s3.2624999999999997,s1.45,s0
109_77,s3.6125,s2.25,s180
109_78,s4.5675,s1.45,s0
109_79,s4.9174999999999995,s2.25,s180
109_80,s-4.5675,s2.9,s0
109_81,s-4.2175,s3.7,s180
109_82,s-3.2624999999999997,s2.9,s0
109_83,s-2.9124999999999996,s3.7,s180
109_84,s-1.9575,s2.9,s0
109_85,s-1.6075,s3.7,s180
109_86,s-0.6525,s2.9,s0
109_87,s-0.3025,s3.7,s180
109_88,s0.6525,s2.9,s0
109_89,s1.0025,s3.7,s180
109_90,s1.9575,s2.9,s0
109_91,s2.3075,s3.7,s180
109_92,s3.2624999999999997,s2.9,s0
109_93,s3.6125,s3.7,s180
109_94,s4.5675,s2.9,s0
109_95,s4.9174999999999995,s3.7,s180
109_96,s-4.5675,s4.35,s0
109_97,s-4.2175,s5.1499999999999995,s180
109_98,s-3.2624999999999997,s4.35,s0
109_99,s-2.9124999999999996,s5.1499999999999995,s180
109_100,s-1.9575,s4.35,s0
109_101,s-1.6075,s5.1499999999999995,s180
109_102,s-0.6525,s4.35,s0
109_103,s-0.3025,s5.1499999999999995,s180
109_104,s0.6525,s4.35,s0
109_105,s1.0025,s5.1499999999999995,s180
109_106,s1.9575,s4.35,s0
109_107,s2.3075,s5.1499999999999995,s180
109_108,s0.17499999999999982,s0.3999999999999999,s0
110_0,s-4.5675,s-4.35,s0
110_1,s-4.2175,s-3.55,s180
110_2,s-3.2624999999999997,s-4.35,s0
110_3,s-2.9124999999999996,s-3.55,s180
110_4,s-1.9575,s-4.35,s0
110_5,s-1.6075,s-3.55,s180
110_6,s-0.6525,s-4.35,s0
110_7,s-0.3025,s-3.55,s180
110_8,s0.6525,s-4.35,s0
110_9,s1.0025,s-3.55,s180
110_10,s1.9575,s-4.35,s0
110_11,s2.3075,s-3.55,s180
110_12,s3.2624999999999997,s-4.35,s0
110_13,s3.6125,s-3.55,s180
110_14,s4.5675,s-4.35,s0
110_15,s4.9174999999999995,s-3.55,s180
110_16,s-4.5675,s-2.9,s0
110_17,s-4.2175,s-2.0999999999999996,s180
110_18,s-3.2624999999999997,s-2.9,s0
110_19,s-2.9124999999999996,s-2.0999999999999996,s180
110_20,s-1.9575,s-2.9,s0
110_21,s-1.6075,s-2.0999999999999996,s180
110_22,s-0.6525,s-2.9,s0
110_23,s-0.3025,s-2.0999999999999996,s180
110_24,s0.6525,s-2.9,s0
110_25,s1.0025,s-2.0999999999999996,s180
110_26,s1.9575,s-2.9,s0
110_27,s2.3075,s-2.0999999999999996,s180
110_28,s3.2624999999999997,s-2.9,s0
110_29,s3.6125,s-2.0999999999999996,s180
110_30,s4.5675,s-2.9,s0
110_31,s4.9174999999999995,s-2.0999999999999996,s180
110_32,s-4.5675,s-1.45,s0
110_33,s-4.2175,s-0.6499999999999999,s180
110_34,s-3.2624999999999997,s-1.45,s0
110_35,s-2.9124999999999996,s-0.6499999999999999,s180
110_36,s-1.9575,s-1.45,s0
110_37,s-1.6075,s-0.6499999999999999,s180
110_38,s-0.6525,s-1.45,s0
110_39,s-0.3025,s-0.6499999999999999,s180
110_40,s0.6525,s-1.45,s0
110_41,s1.0025,s-0.6499999999999999,s180
110_42,s1.9575,s-1.45,s0
110_43,s2.3075,s-0.6499999999999999,s180
110_44,s3.2624999999999997,s-1.45,s0
110_45,s3.6125,s-0.6499999999999999,s180
110_46,s4.5675,s-1.45,s0
110_47,s4.9174999999999995,s-0.6499999999999999,s180
110_48,s-4.5675,s0.0,s0
110_49,s-4.2175,s0.8,s180
110_50,s-3.2624999999999997,s0.0,s0
110_51,s-2.9124999999999996,s0.8,s180
110_52,s-1.9575,s0.0,s0
110_53,s-1.6075,s0.8,s180
110_54,s-0.6525,s0.0,s0
110_55,s-0.3025,s0.8,s180
110_56,s0.6525,s0.0,s0
110_57,s1.0025,s0.8,s180
110_58,s1.9575,s0.0,s0
110_59,s2.3075,s0.8,s180
110_60,s3.2624999999999997,s0.0,s0
110_61,s3.6125,s0.8,s180
110_62,s4.5675,s0.0,s0
110_63,s4.9174999999999995,s0.8,s180
110_64,s-4.5675,s1.45,s0
110_65,s-4.2175,s2.25,s180
110_66,s-3.2624999999999997,s1.45,s0
110_67,s-2.9124999999999996,s2.25,s180
110_68,s-1.9575,s1.45,s0
110_69,s-1.6075,s2.25,s180
110_70,s-0.6525,s1.45,s0
110_71,s-0.3025,s2.25,s180
110_72,s0.6525,s1.45,s0
110_73,s1.0025,s2.25,s180
110_74,s1.9575,s1.45,s0
110_75,s2.3075,s2.25,s180
110_76,s3.2624999999999997,s1.45,s0
110_77,s3.6125,s2.25,s180
110_78,s4.5675,s1.45,s0
110_79,s4.9174999999999995,s2.25,s180
110_80,s-4.5675,s2.9,s0
110_81,s-4.2175,s3.7,s180
110_82,s-3.2624999999999997,s2.9,s0
110_83,s-2.9124999999999996,s3.7,s180
110_84,s-1.9575,s2.9,s0
110_85,s-1.6075,s3.7,s180
110_86,s-0.6525,s2.9,s0
110_87,s-0.3025,s3.7,s180
110_88,s0.6525,s2.9,s0
110_89,s1.0025,s3.7,s180
110_90,s1.9575,s2.9,s0
110_91,s2.3075,s3.7,s180
110_92,s3.2624999999999997,s2.9,s0
110_93,s3.6125,s3.7,s180
110_94,s4.5675,s2.9,s0
110_95,s4.9174999999999995,s3.7,s180
110_96,s-4.5675,s4.35,s0
110_97,s-4.2175,s5.1499999999999995,s180
110_98,s-3.2624999999999997,s4.35,s0
110_99,s-2.9124999999999996,s5.1499999999999995,s180
110_100,s-1.9575,s4.35,s0
110_101,s-1.6075,s5.1499999999999995,s180
110_102,s-0.6525,s4.35,s0
110_103,s-0.3025,s5.1499999999999995,s180
110_104,s0.6525,s4.35,s0
110_105,s1.0025,s5.1499999999999995,s180
110_106,s1.9575,s4.35,s0
110_107,s2.3075,s5.1499999999999995,s180
110_108,s3.2624999999999997,s4.35,s0
110_109,s3.6125,s5.1499999999999995,s180
111_0,s-4.5675,s-4.35,s0
111_1,s-4.2175,s-3.55,s180
111_2,s-3.2624999999999997,s-4.35,s0
111_3,s-2.9124999999999996,s-3.55,s180
111_4,s-1.9575,s-4.35,s0
111_5,s-1.6075,s-3.55,s180
111_6,s-0.6525,s-4.35,s0
111_7,s-0.3025,s-3.55,s180
111_8,s0.6525,s-4.35,s0
111_9,s1.0025,s-3.55,s180
111_10,s1.9575,s-4.35,s0
111_11,s2.3075,s-3.55,s180
111_12,s3.2624999999999997,s-4.35,s0
111_13,s3.6125,s-3.55,s180
111_14,s4.5675,s-4.35,s0
111_15,s4.9174999999999995,s-3.55,s180
111_16,s-4.5675,s-2.9,s0
111_17,s-4.2175,s-2.0999999999999996,s180
111_18,s-3.2624999999999997,s-2.9,s0
111_19,s-2.9124999999999996,s-2.0999999999999996,s180
111_20,s-1.9575,s-2.9,s0
111_21,s-1.6075,s-2.0999999999999996,s180
111_22,s-0.6525,s-2.9,s0
111_23,s-0.3025,s-2.0999999999999996,s180
111_24,s0.6525,s-2.9,s0
111_25,s1.0025,s-2.0999999999999996,s180
111_26,s1.9575,s-2.9,s0
111_27,s2.3075,s-2.0999999999999996,s180
111_28,s3.2624999999999997,s-2.9,s0
111_29,s3.6125,s-2.0999999999999996,s180
111_30,s4.5675,s-2.9,s0
111_31,s4.9174999999999995,s-2.0999999999999996,s180
111_32,s-4.5675,s-1.45,s0
111_33,s-4.2175,s-0.6499999999999999,s180
111_34,s-3.2624999999999997,s-1.45,s0
111_35,s-2.9124999999999996,s-0.6499999999999999,s180
111_36,s-1.9575,s-1.45,s0
111_37,s-1.6075,s-0.6499999999999999,s180
111_38,s-0.6525,s-1.45,s0
111_39,s-0.3025,s-0.6499999999999999,s180
111_40,s0.6525,s-1.45,s0
111_41,s1.0025,s-0.6499999999999999,s180
111_42,s1.9575,s-1.45,s0
111_43,s2.3075,s-0.6499999999999999,s180
111_44,s3.2624999999999997,s-1.45,s0
111_45,s3.6125,s-0.6499999999999999,s180
111_46,s4.5675,s-1.45,s0
111_47,s4.9174999999999995,s-0.6499999999999999,s180
111_48,s-4.5675,s0.0,s0
111_49,s-4.2175,s0.8,s180
111_50,s-3.2624999999999997,s0.0,s0
111_51,s-2.9124999999999996,s0.8,s180
111_52,s-1.9575,s0.0,s0
111_53,s-1.6075,s0.8,s180
111_54,s-0.6525,s0.0,s0
111_55,s-0.3025,s0.8,s180
111_56,s0.6525,s0.0,s0
111_57,s1.0025,s0.8,s180
111_58,s1.9575,s0.0,s0
111_59,s2.3075,s0.8,s180
111_60,s3.2624999999999997,s0.0,s0
111_61,s3.6125,s0.8,s180
111_62,s4.5675,s0.0,s0
111_63,s4.9174999999999995,s0.8,s180
111_64,s-4.5675,s1.45,s0
111_65,s-4.2175,s2.25,s180
111_66,s-3.2624999999999997,s1.45,s0
111_67,s-2.9124999999999996,s2.25,s180
111_68,s-1.9575,s1.45,s0
111_69,s-1.6075,s2.25,s180
111_70,s-0.6525,s1.45,s0
111_71,s-0.3025,s2.25,s180
111_72,s0.6525,s1.45,s0
111_73,s1.0025,s2.25,s180
111_74,s1.9575,s1.45,s0
111_75,s2.3075,s2.25,s180
111_76,s3.2624999999999997,s1.45,s0
111_77,s3.6125,s2.25,s180
111_78,s4.5675,s1.45,s0
111_79,s4.9174999999999995,s2.25,s180
111_80,s-4.5675,s2.9,s0
111_81,s-4.2175,s3.7,s180
111_82,s-3.2624999999999997,s2.9,s0
111_83,s-2.9124999999999996,s3.7,s180
111_84,s-1.9575,s2.9,s0
111_85,s-1.6075,s3.7,s180
111_86,s-0.6525,s2.9,s0
111_87,s-0.3025,s3.7,s180
111_88,s0.6525,s2.9,s0
111_89,s1.0025,s3.7,s180
111_90,s1.9575,s2.9,s0
111_91,s2.3075,s3.7,s180
111_92,s3.2624999999999997,s2.9,s0
111_93,s3.6125,s3.7,s180
111_94,s4.5675,s2.9,s0
111_95,s4.9174999999999995,s3.7,s180
111_96,s-4.5675,s4.35,s0
111_97,s-4.2175,s5.1499999999999995,s180
111_98,s-3.2624999999999997,s4.35,s0
111_99,s-2.9124999999999996,s5.1499999999999995,s180
111_100,s-1.9575,s4.35,s0
111_101,s-1.6075,s5.1499999999999995,s180
111_102,s-0.6525,s4.35,s0
111_103,s-0.3025,s5.1499999999999995,s180
111_104,s0.6525,s4.35,s0
111_105,s1.0025,s5.1499999999999995,s180
111_106,s1.9575,s4.35,s0
111_107,s2.3075,s5.1499999999999995,s180
111_108,s3.2624999999999997,s4.35,s0
111_109,s3.6125,s5.1499999999999995,s180
111_110,s0.17499999999999982,s0.3999999999999999,s0
112_0,s-4.5675,s-4.35,s0
112_1,s-4.2175,s-3.55,s180
112_2,s-3.2624999999999997,s-4.35,s0
112_3,s-2.9124999999999996,s-3.55,s180
112_4,s-1.9575,s-4.35,s0
112_5,s-1.6075,s-3.55,s180
112_6,s-0.6525,s-4.35,s0
112_7,s-0.3025,s-3.55,s180
112_8,s0.6525,s-4.35,s0
112_9,s1.0025,s-3.55,s180
112_10,s1.9575,s-4.35,s0
112_11,s2.3075,s-3.55,s180
112_12,s3.2624999999999997,s-4.35,s0
112_13,s3.6125,s-3.55,s180
112_14,s4.5675,s-4.35,s0
112_15,s4.9174999999999995,s-3.55,s180
112_16,s-4.5675,s-2.9,s0
112_17,s-4.2175,s-2.0999999999999996,s180
112_18,s-3.2624999999999997,s-2.9,s0
112_19,s-2.9124999999999996,s-2.0999999999999996,s180
112_20,s-1.9575,s-2.9,s0
112_21,s-1.6075,s-2.0999999999999996,s180
112_22,s-0.6525,s-2.9,s0
112_23,s-0.3025,s-2.0999999999999996,s180
112_24,s0.6525,s-2.9,s0
112_25,s1.0025,s-2.0999999999999996,s180
112_26,s1.9575,s-2.9,s0
112_27,s2.3075,s-2.0999999999999996,s180
112_28,s3.2624999999999997,s-2.9,s0
112_29,s3.6125,s-2.0999999999999996,s180
112_30,s4.5675,s-2.9,s0
112_31,s4.9174999999999995,s-2.0999999999999996,s180
112_32,s-4.5675,s-1.45,s0
112_33,s-4.2175,s-0.6499999999999999,s180
112_34,s-3.2624999999999997,s-1.45,s0
112_35,s-2.9124999999999996,s-0.6499999999999999,s180
112_36,s-1.9575,s-1.45,s0
112_37,s-1.6075,s-0.6499999999999999,s180
112_38,s-0.6525,s-1.45,s0
112_39,s-0.3025,s-0.6499999999999999,s180
112_40,s0.6525,s-1.45,s0
112_41,s1.0025,s-0.6499999999999999,s180
112_42,s1.9575,s-1.45,s0
112_43,s2.3075,s-0.6499999999999999,s180
112_44,s3.2624999999999997,s-1.45,s0
112_45,s3.6125,s-0.6499999999999999,s180
112_46,s4.5675,s-1.45,s0
112_47,s4.9174999999999995,s-0.6499999999999999,s180
112_48,s-4.5675,s0.0,s0
112_49,s-4.2175,s0.8,s180
112_50,s-3.2624999999999997,s0.0,s0
112_51,s-2.9124999999999996,s0.8,s180
112_52,s-1.9575,s0.0,s0
112_53,s-1.6075,s0.8,s180
112_54,s-0.6525,s0.0,s0
112_55,s-0.3025,s0.8,s180
112_56,s0.6525,s0.0,s0
112_57,s1.0025,s0.8,s180
112_58,s1.9575,s0.0,s0
112_59,s2.3075,s0.8,s180
112_60,s3.2624999999999997,s0.0,s0
112_61,s3.6125,s0.8,s180
112_62,s4.5675,s0.0,s0
112_63,s4.9174999999999995,s0.8,s180
112_64,s-4.5675,s1.45,s0
112_65,s-4.2175,s2.25,s180
112_66,s-3.2624999999999997,s1.45,s0
112_67,s-2.9124999999999996,s2.25,s180
112_68,s-1.9575,s1.45,s0
112_69,s-1.6075,s2.25,s180
112_70,s-0.6525,s1.45,s0
112_71,s-0.3025,s2.25,s180
112_72,s0.6525,s1.45,s0
112_73,s1.0025,s2.25,s180
112_74,s1.9575,s1.45,s0
112_75,s2.3075,s2.25,s180
112_76,s3.2624999999999997,s1.45,s0
112_77,s3.6125,s2.25,s180
112_78,s4.5675,s1.45,s0
112_79,s4.9174999999999995,s2.25,s180
112_80,s-4.5675,s2.9,s0
112_81,s-4.2175,s3.7,s180
112_82,s-3.2624999999999997,s2.9,s0
112_83,s-2.9124999999999996,s3.7,s180
112_84,s-1.9575,s2.9,s0
112_85,s-1.6075,s3.7,s180
112_86,s-0.6525,s2.9,s0
112_87,s-0.3025,s3.7,s180
112_88,s0.6525,s2.9,s0
112_89,s1.0025,s3.7,s180
112_90,s1.9575,s2.9,s0
112_91,s2.3075,s3.7,s180
112_92,s3.2624999999999997,s2.9,s0
112_93,s3.6125,s3.7,s180
112_94,s4.5675,s2.9,s0
112_95,s4.9174999999999995,s3.7,s180
112_96,s-4.5675,s4.35,s0
112_97,s-4.2175,s5.1499999999999995,s180
112_98,s-3.2624999999999997,s4.35,s0
112_99,s-2.9124999999999996,s5.1499999999999995,s180
112_100,s-1.9575,s4.35,s0
112_101,s-1.6075,s5.1499999999999995,s180
112_102,s-0.6525,s4.35,s0
112_103,s-0.3025,s5.1499999999999995,s180
112_104,s0.6525,s4.35,s0
112_105,s1.0025,s5.1499999999999995,s180
112_106,s1.9575,s4.35,s0
112_107,s2.3075,s5.1499999999999995,s180
112_108,s3.2624999999999997,s4.35,s0
112_109,s3.6125,s5.1499999999999995,s180
112_110,s4.5675,s4.35,s0
112_111,s4.9174999999999995,s5.1499999999999995,s180
113_0,s-4.5675,s-4.35,s0
113_1,s-4.2175,s-3.55,s180
113_2,s-3.2624999999999997,s-4.35,s0
113_3,s-2.9124999999999996,s-3.55,s180
113_4,s-1.9575,s-4.35,s0
113_5,s-1.6075,s-3.55,s180
113_6,s-0.6525,s-4.35,s0
113_7,s-0.3025,s-3.55,s180
113_8,s0.6525,s-4.35,s0
113_9,s1.0025,s-3.55,s180
113_10,s1.9575,s-4.35,s0
113_11,s2.3075,s-3.55,s180
113_12,s3.2624999999999997,s-4.35,s0
113_13,s3.6125,s-3.55,s180
113_14,s4.5675,s-4.35,s0
113_15,s4.9174999999999995,s-3.55,s180
113_16,s-4.5675,s-2.9,s0
113_17,s-4.2175,s-2.0999999999999996,s180
113_18,s-3.2624999999999997,s-2.9,s0
113_19,s-2.9124999999999996,s-2.0999999999999996,s180
113_20,s-1.9575,s-2.9,s0
113_21,s-1.6075,s-2.0999999999999996,s180
113_22,s-0.6525,s-2.9,s0
113_23,s-0.3025,s-2.0999999999999996,s180
113_24,s0.6525,s-2.9,s0
113_25,s1.0025,s-2.0999999999999996,s180
113_26,s1.9575,s-2.9,s0
113_27,s2.3075,s-2.0999999999999996,s180
113_28,s3.2624999999999997,s-2.9,s0
113_29,s3.6125,s-2.0999999999999996,s180
113_30,s4.5675,s-2.9,s0
113_31,s4.9174999999999995,s-2.0999999999999996,s180
113_32,s-4.5675,s-1.45,s0
113_33,s-4.2175,s-0.6499999999999999,s180
113_34,s-3.2624999999999997,s-1.45,s0
113_35,s-2.9124999999999996,s-0.6499999999999999,s180
113_36,s-1.9575,s-1.45,s0
113_37,s-1.6075,s-0.6499999999999999,s180
113_38,s-0.6525,s-1.45,s0
113_39,s-0.3025,s-0.6499999999999999,s180
113_40,s0.6525,s-1.45,s0
113_41,s1.0025,s-0.6499999999999999,s180
113_42,s1.9575,s-1.45,s0
113_43,s2.3075,s-0.6499999999999999,s180
113_44,s3.2624999999999997,s-1.45,s0
113_45,s3.6125,s-0.6499999999999999,s180
113_46,s4.5675,s-1.45,s0
113_47,s4.9174999999999995,s-0.6499999999999999,s180
113_48,s-4.5675,s0.0,s0
113_49,s-4.2175,s0.8,s180
113_50,s-3.2624999999999997,s0.0,s0
113_51,s-2.9124999999999996,s0.8,s180
113_52,s-1.9575,s0.0,s0
113_53,s-1.6075,s0.8,s180
113_54,s-0.6525,s0.0,s0
113_55,s-0.3025,s0.8,s180
113_56,s0.6525,s0.0,s0
113_57,s1.0025,s0.8,s180
113_58,s1.9575,s0.0,s0
113_59,s2.3075,s0.8,s180
113_60,s3.2624999999999997,s0.0,s0
113_61,s3.6125,s0.8,s180
113_62,s4.5675,s0.0,s0
113_63,s4.9174999999999995,s0.8,s180
113_64,s-4.5675,s1.45,s0
113_65,s-4.2175,s2.25,s180
113_66,s-3.2624999999999997,s1.45,s0
113_67,s-2.9124999999999996,s2.25,s180
113_68,s-1.9575,s1.45,s0
113_69,s-1.6075,s2.25,s180
113_70,s-0.6525,s1.45,s0
113_71,s-0.3025,s2.25,s180
113_72,s0.6525,s1.45,s0
113_73,s1.0025,s2.25,s180
113_74,s1.9575,s1.45,s0
113_75,s2.3075,s2.25,s180
113_76,s3.2624999999999997,s1.45,s0
113_77,s3.6125,s2.25,s180
113_78,s4.5675,s1.45,s0
113_79,s4.9174999999999995,s2.25,s180
113_80,s-4.5675,s2.9,s0
113_81,s-4.2175,s3.7,s180
113_82,s-3.2624999999999997,s2.9,s0
113_83,s-2.9124999999999996,s3.7,s180
113_84,s-1.9575,s2.9,s0
113_85,s-1.6075,s3.7,s180
113_86,s-0.6525,s2.9,s0
113_87,s-0.3025,s3.7,s180
113_88,s0.6525,s2.9,s0
113_89,s1.0025,s3.7,s180
113_90,s1.9575,s2.9,s0
113_91,s2.3075,s3.7,s180
113_92,s3.2624999999999997,s2.9,s0
113_93,s3.6125,s3.7,s180
113_94,s4.5675,s2.9,s0
113_95,s4.9174999999999995,s3.7,s180
113_96,s-4.5675,s4.35,s0
113_97,s-4.2175,s5.1499999999999995,s180
113_98,s-3.2624999999999997,s4.35,s0
113_99,s-2.9124999999999996,s5.1499999999999995,s180
113_100,s-1.9575,s4.35,s0
113_101,s-1.6075,s5.1499999999999995,s180
113_102,s-0.6525,s4.35,s0
113_103,s-0.3025,s5.1499999999999995,s180
113_104,s0.6525,s4.35,s0
113_105,s1.0025,s5.1499999999999995,s180
113_106,s1.9575,s4.35,s0
113_107,s2.3075,s5.1499999999999995,s180
113_108,s3.2624999999999997,s4.35,s0
113_109,s3.6125,s5.1499999999999995,s180
113_110,s4.5675,s4.35,s0
113_111,s4.9174999999999995,s5.1499999999999995,s180
113_112,s0.17499999999999982,s0.3999999999999999,s0
114_0,s-4.5675,s-5.075,s0
114_1,s-4.2175,s-4.275,s180
114_2,s-3.2624999999999997,s-5.075,s0
114_3,s-2.9124999999999996,s-4.275,s180
114_4,s-1.9575,s-5.075,s0
114_5,s-1.6075,s-4.275,s180
114_6,s-0.6525,s-5.075,s0
114_7,s-0.3025,s-4.275,s180
114_8,s0.6525,s-5.075,s0
114_9,s1.0025,s-4.275,s180
114_10,s1.9575,s-5.075,s0
114_11,s2.3075,s-4.275,s180
114_12,s3.2624999999999997,s-5.075,s0
114_13,s3.6125,s-4.275,s180
114_14,s4.5675,s-5.075,s0
114_15,s4.9174999999999995,s-4.275,s180
114_16,s-4.5675,s-3.625,s0
114_17,s-4.2175,s-2.825,s180
114_18,s-3.2624999999999997,s-3.625,s0
114_19,s-2.9124999999999996,s-2.825,s180
114_20,s-1.9575,s-3.625,s0
114_21,s-1.6075,s-2.825,s180
114_22,s-0.6525,s-3.625,s0
114_23,s-0.3025,s-2.825,s180
114_24,s0.6525,s-3.625,s0
114_25,s1.0025,s-2.825,s180
114_26,s1.9575,s-3.625,s0
114_27,s2.3075,s-2.825,s180
114_28,s3.2624999999999997,s-3.625,s0
114_29,s3.6125,s-2.825,s180
114_30,s4.5675,s-3.625,s0
114_31,s4.9174999999999995,s-2.825,s180
114_32,s-4.5675,s-2.175,s0
114_33,s-4.2175,s-1.3749999999999998,s180
114_34,s-3.2624999999999997,s-2.175,s0
114_35,s-2.9124999999999996,s-1.3749999999999998,s180
114_36,s-1.9575,s-2.175,s0
114_37,s-1.6075,s-1.3749999999999998,s180
114_38,s-0.6525,s-2.175,s0
114_39,s-0.3025,s-1.3749999999999998,s180
114_40,s0.6525,s-2.175,s0
114_41,s1.0025,s-1.3749999999999998,s180
114_42,s1.9575,s-2.175,s0
114_43,s2.3075,s-1.3749999999999998,s180
114_44,s3.2624999999999997,s-2.175,s0
114_45,s3.6125,s-1.3749999999999998,s180
114_46,s4.5675,s-2.175,s0
114_47,s4.9174999999999995,s-1.3749999999999998,s180
114_48,s-4.5675,s-0.725,s0
114_49,s-4.2175,s0.07500000000000007,s180
114_50,s-3.2624999999999997,s-0.725,s0
114_51,s-2.9124999999999996,s0.07500000000000007,s180
114_52,s-1.9575,s-0.725,s0
114_53,s-1.6075,s0.07500000000000007,s180
114_54,s-0.6525,s-0.725,s0
114_55,s-0.3025,s0.07500000000000007,s180
114_56,s0.6525,s-0.725,s0
114_57,s1.0025,s0.07500000000000007,s180
114_58,s1.9575,s-0.725,s0
114_59,s2.3075,s0.07500000000000007,s180
114_60,s3.2624999999999997,s-0.725,s0
114_61,s3.6125,s0.07500000000000007,s180
114_62,s4.5675,s-0.725,s0
114_63,s4.9174999999999995,s0.07500000000000007,s180
114_64,s-4.5675,s0.725,s0
114_65,s-4.2175,s1.525,s180
114_66,s-3.2624999999999997,s0.725,s0
114_67,s-2.9124999999999996,s1.525,s180
114_68,s-1.9575,s0.725,s0
114_69,s-1.6075,s1.525,s180
114_70,s-0.6525,s0.725,s0
114_71,s-0.3025,s1.525,s180
114_72,s0.6525,s0.725,s0
114_73,s1.0025,s1.525,s180
114_74,s1.9575,s0.725,s0
114_75,s2.3075,s1.525,s180
114_76,s3.2624999999999997,s0.725,s0
114_77,s3.6125,s1.525,s180
114_78,s4.5675,s0.725,s0
114_79,s4.9174999999999995,s1.525,s180
114_80,s3.2624999999999997,s2.175,s0
114_81,s3.6125,s2.9749999999999996,s180
114_82,s-4.5675,s3.625,s0
114_83,s-4.2175,s4.425,s180
114_84,s-3.2624999999999997,s3.625,s0
114_85,s-2.9124999999999996,s4.425,s180
114_86,s-1.9575,s3.625,s0
114_87,s-1.6075,s4.425,s180
114_88,s-0.6525,s3.625,s0
114_89,s-0.3025,s4.425,s180
114_90,s0.6525,s3.625,s0
114_91,s1.0025,s4.425,s180
114_92,s1.9575,s3.625,s0
114_93,s2.3075,s4.425,s180
114_94,s3.2624999999999997,s3.625,s0
114_95,s3.6125,s4.425,s180
114_96,s4.5675,s3.625,s0
114_97,s4.9174999999999995,s4.425,s180
114_98,s-4.5675,s5.075,s0
114_99,s-4.2175,s5.875,s180
114_100,s-3.2624999999999997,s5.075,s0
114_101,s-2.9124999999999996,s5.875,s180
114_102,s-1.9575,s5.075,s0
114_103,s-1.6075,s5.875,s180
114_104,s-0.6525,s5.075,s0
114_105,s-0.3025,s5.875,s180
114_106,s0.6525,s5.075,s0
114_107,s1.0025,s5.875,s180
114_108,s1.9575,s5.075,s0
114_109,s2.3075,s5.875,s180
114_110,s3.2624999999999997,s5.075,s0
114_111,s3.6125,s5.875,s180
114_112,s4.5675,s5.075,s0
114_113,s4.9174999999999995,s5.875,s180
115_0,s-4.5675,s-5.075,s0
115_1,s-4.2175,s-4.275,s180
115_2,s-3.2624999999999997,s-5.075,s0
115_3,s-2.9124999999999996,s-4.275,s180
115_4,s-1.9575,s-5.075,s0
115_5,s-1.6075,s-4.275,s180
115_6,s-0.6525,s-5.075,s0
115_7,s-0.3025,s-4.275,s180
115_8,s0.6525,s-5.075,s0
115_9,s1.0025,s-4.275,s180
115_10,s1.9575,s-5.075,s0
115_11,s2.3075,s-4.275,s180
115_12,s3.2624999999999997,s-5.075,s0
115_13,s3.6125,s-4.275,s180
115_14,s4.5675,s-5.075,s0
115_15,s4.9174999999999995,s-4.275,s180
115_16,s-4.5675,s-3.625,s0
115_17,s-4.2175,s-2.825,s180
115_18,s-3.2624999999999997,s-3.625,s0
115_19,s-2.9124999999999996,s-2.825,s180
115_20,s-1.9575,s-3.625,s0
115_21,s-1.6075,s-2.825,s180
115_22,s-0.6525,s-3.625,s0
115_23,s-0.3025,s-2.825,s180
115_24,s0.6525,s-3.625,s0
115_25,s1.0025,s-2.825,s180
115_26,s1.9575,s-3.625,s0
115_27,s2.3075,s-2.825,s180
115_28,s3.2624999999999997,s-3.625,s0
115_29,s3.6125,s-2.825,s180
115_30,s4.5675,s-3.625,s0
115_31,s4.9174999999999995,s-2.825,s180
115_32,s-4.5675,s-2.175,s0
115_33,s-4.2175,s-1.3749999999999998,s180
115_34,s-3.2624999999999997,s-2.175,s0
115_35,s-2.9124999999999996,s-1.3749999999999998,s180
115_36,s-1.9575,s-2.175,s0
115_37,s-1.6075,s-1.3749999999999998,s180
115_38,s-0.6525,s-2.175,s0
115_39,s-0.3025,s-1.3749999999999998,s180
115_40,s0.6525,s-2.175,s0
115_41,s1.0025,s-1.3749999999999998,s180
115_42,s1.9575,s-2.175,s0
115_43,s2.3075,s-1.3749999999999998,s180
115_44,s3.2624999999999997,s-2.175,s0
115_45,s3.6125,s-1.3749999999999998,s180
115_46,s4.5675,s-2.175,s0
115_47,s4.9174999999999995,s-1.3749999999999998,s180
115_48,s-4.5675,s-0.725,s0
115_49,s-4.2175,s0.07500000000000007,s180
115_50,s-3.2624999999999997,s-0.725,s0
115_51,s-2.9124999999999996,s0.07500000000000007,s180
115_52,s-1.9575,s-0.725,s0
115_53,s-1.6075,s0.07500000000000007,s180
115_54,s-0.6525,s-0.725,s0
115_55,s-0.3025,s0.07500000000000007,s180
115_56,s0.6525,s-0.725,s0
115_57,s1.0025,s0.07500000000000007,s180
115_58,s1.9575,s-0.725,s0
115_59,s2.3075,s0.07500000000000007,s180
115_60,s3.2624999999999997,s-0.725,s0
115_61,s3.6125,s0.07500000000000007,s180
115_62,s4.5675,s-0.725,s0
115_63,s4.9174999999999995,s0.07500000000000007,s180
115_64,s-4.5675,s0.725,s0
115_65,s-4.2175,s1.525,s180
115_66,s-3.2624999999999997,s0.725,s0
115_67,s-2.9124999999999996,s1.525,s180
115_68,s-1.9575,s0.725,s0
115_69,s-1.6075,s1.525,s180
115_70,s-0.6525,s0.725,s0
115_71,s-0.3025,s1.525,s180
115_72,s0.6525,s0.725,s0
115_73,s1.0025,s1.525,s180
115_74,s1.9575,s0.725,s0
115_75,s2.3075,s1.525,s180
115_76,s3.2624999999999997,s0.725,s0
115_77,s3.6125,s1.525,s180
115_78,s4.5675,s0.725,s0
115_79,s4.9174999999999995,s1.525,s180
115_80,s3.2624999999999997,s2.175,s0
115_81,s3.6125,s2.9749999999999996,s180
115_82,s-4.5675,s3.625,s0
115_83,s-4.2175,s4.425,s180
115_84,s-3.2624999999999997,s3.625,s0
115_85,s-2.9124999999999996,s4.425,s180
115_86,s-1.9575,s3.625,s0
115_87,s-1.6075,s4.425,s180
115_88,s-0.6525,s3.625,s0
115_89,s-0.3025,s4.425,s180
115_90,s0.6525,s3.625,s0
115_91,s1.0025,s4.425,s180
115_92,s1.9575,s3.625,s0
115_93,s2.3075,s4.425,s180
115_94,s3.2624999999999997,s3.625,s0
115_95,s3.6125,s4.425,s180
115_96,s4.5675,s3.625,s0
115_97,s4.9174999999999995,s4.425,s180
115_98,s-4.5675,s5.075,s0
115_99,s-4.2175,s5.875,s180
115_100,s-3.2624999999999997,s5.075,s0
115_101,s-2.9124999999999996,s5.875,s180
115_102,s-1.9575,s5.075,s0
115_103,s-1.6075,s5.875,s180
115_104,s-0.6525,s5.075,s0
115_105,s-0.3025,s5.875,s180
115_106,s0.6525,s5.075,s0
115_107,s1.0025,s5.875,s180
115_108,s1.9575,s5.075,s0
115_109,s2.3075,s5.875,s180
115_110,s3.2624999999999997,s5.075,s0
115_111,s3.6125,s5.875,s180
115_112,s4.5675,s5.075,s0
115_113,s4.9174999999999995,s5.875,s180
115_114,s5.7675,s0.3999999999999999,s0
116_0,s-5.040000000000001,s-4.0,s0
116_1,s-4.690000000000001,s-3.2,s180
116_2,s-3.6000000000000005,s-4.0,s0
116_3,s-3.2500000000000004,s-3.2,s180
116_4,s-2.16,s-4.0,s0
116_5,s-1.81,s-3.2,s180
116_6,s-0.7200000000000001,s-4.0,s0
116_7,s-0.3700000000000001,s-3.2,s180
116_8,s2.16,s-4.0,s0
116_9,s2.5100000000000002,s-3.2,s180
116_10,s3.6000000000000005,s-4.0,s0
116_11,s3.9500000000000006,s-3.2,s180
116_12,s5.040000000000001,s-4.0,s0
116_13,s5.390000000000001,s-3.2,s180
116_14,s-5.040000000000001,s-2.4000000000000004,s0
116_15,s-4.690000000000001,s-1.6000000000000003,s180
116_16,s-3.6000000000000005,s-2.4000000000000004,s0
116_17,s-3.2500000000000004,s-1.6000000000000003,s180
116_18,s-2.16,s-2.4000000000000004,s0
116_19,s-1.81,s-1.6000000000000003,s180
116_20,s-0.7200000000000001,s-2.4000000000000004,s0
116_21,s-0.3700000000000001,s-1.6000000000000003,s180
116_22,s0.7200000000000001,s-2.4000000000000004,s0
116_23,s1.07,s-1.6000000000000003,s180
116_24,s2.16,s-2.4000000000000004,s0
116_25,s2.5100000000000002,s-1.6000000000000003,s180
116_26,s3.6000000000000005,s-2.4000000000000004,s0
116_27,s3.9500000000000006,s-1.6000000000000003,s180
116_28,s5.040000000000001,s-2.4000000000000004,s0
116_29,s5.390000000000001,s-1.6000000000000003,s180
116_30,s-5.040000000000001,s-0.8,s0
116_31,s-4.690000000000001,s0.0,s180
116_32,s-3.6000000000000005,s-0.8,s0
116_33,s-3.2500000000000004,s0.0,s180
116_34,s-2.16,s-0.8,s0
116_35,s-1.81,s0.0,s180
116_36,s-0.7200000000000001,s-0.8,s0
116_37,s-0.3700000000000001,s0.0,s180
116_38,s2.16,s-0.8,s0
116_39,s2.5100000000000002,s0.0,s180
116_40,s3.6000000000000005,s-0.8,s0
116_41,s3.9500000000000006,s0.0,s180
116_42,s5.040000000000001,s-0.8,s0
116_43,s5.390000000000001,s0.0,s180
116_44,s-5.040000000000001,s0.8,s0
116_45,s-4.690000000000001,s1.6,s180
116_46,s-3.6000000000000005,s0.8,s0
116_47,s-3.2500000000000004,s1.6,s180
116_48,s-2.16,s0.8,s0
116_49,s-1.81,s1.6,s180
116_50,s-0.7200000000000001,s0.8,s0
116_51,s-0.3700000000000001,s1.6,s180
116_52,s2.16,s0.8,s0
116_53,s2.5100000000000002,s1.6,s180
116_54,s3.6000000000000005,s0.8,s0
116_55,s3.9500000000000006,s1.6,s180
116_56,s5.040000000000001,s0.8,s0
116_57,s5.390000000000001,s1.6,s180
116_58,s-5.040000000000001,s4.0,s0
116_59,s-4.690000000000001,s4.8,s180
116_60,s-3.6000000000000005,s4.0,s0
116_61,s-3.2500000000000004,s4.8,s180
116_62,s-2.16,s4.0,s0
116_63,s-1.81,s4.8,s180
116_64,s-0.7200000000000001,s4.0,s0
116_65,s-0.3700000000000001,s4.8,s180
116_66,s2.16,s4.0,s0
116_67,s2.5100000000000002,s4.8,s180
116_68,s3.6000000000000005,s4.0,s0
116_69,s3.9500000000000006,s4.8,s180
116_70,s5.040000000000001,s4.0,s0
116_71,s5.390000000000001,s4.8,s180
116_72,s-5.040000000000001,s5.6000000000000005,s0
116_73,s-4.690000000000001,s6.4,s180
116_74,s-3.6000000000000005,s5.6000000000000005,s0
116_75,s-3.2500000000000004,s6.4,s180
116_76,s-2.16,s5.6000000000000005,s0
116_77,s-1.81,s6.4,s180
116_78,s-0.7200000000000001,s5.6000000000000005,s0
116_79,s-0.3700000000000001,s6.4,s180
116_80,s2.16,s5.6000000000000005,s0
116_81,s2.5100000000000002,s6.4,s180
116_82,s3.6000000000000005,s5.6000000000000005,s0
116_83,s3.9500000000000006,s6.4,s180
116_84,s5.040000000000001,s5.6000000000000005,s0
116_85,s5.390000000000001,s6.4,s180
117_0,s-5.040000000000001,s-4.0,s0
117_1,s-4.690000000000001,s-3.2,s180
117_2,s-3.6000000000000005,s-4.0,s0
117_3,s-3.2500000000000004,s-3.2,s180
117_4,s-2.16,s-4.0,s0
117_5,s-1.81,s-3.2,s180
117_6,s-0.7200000000000001,s-4.0,s0
117_7,s-0.3700000000000001,s-3.2,s180
117_8,s2.16,s-4.0,s0
117_9,s2.5100000000000002,s-3.2,s180
117_10,s3.6000000000000005,s-4.0,s0
117_11,s3.9500000000000006,s-3.2,s180
117_12,s5.040000000000001,s-4.0,s0
117_13,s5.390000000000001,s-3.2,s180
117_14,s-5.040000000000001,s-2.4000000000000004,s0
117_15,s-4.690000000000001,s-1.6000000000000003,s180
117_16,s-3.6000000000000005,s-2.4000000000000004,s0
117_17,s-3.2500000000000004,s-1.6000000000000003,s180
117_18,s-2.16,s-2.4000000000000004,s0
117_19,s-1.81,s-1.6000000000000003,s180
117_20,s-0.7200000000000001,s-2.4000000000000004,s0
117_21,s-0.3700000000000001,s-1.6000000000000003,s180
117_22,s0.7200000000000001,s-2.4000000000000004,s0
117_23,s1.07,s-1.6000000000000003,s180
117_24,s2.16,s-2.4000000000000004,s0
117_25,s2.5100000000000002,s-1.6000000000000003,s180
117_26,s3.6000000000000005,s-2.4000000000000004,s0
117_27,s3.9500000000000006,s-1.6000000000000003,s180
117_28,s5.040000000000001,s-2.4000000000000004,s0
117_29,s5.390000000000001,s-1.6000000000000003,s180
117_30,s-5.040000000000001,s-0.8,s0
117_31,s-4.690000000000001,s0.0,s180
117_32,s-3.6000000000000005,s-0.8,s0
117_33,s-3.2500000000000004,s0.0,s180
117_34,s-2.16,s-0.8,s0
117_35,s-1.81,s0.0,s180
117_36,s-0.7200000000000001,s-0.8,s0
117_37,s-0.3700000000000001,s0.0,s180
117_38,s2.16,s-0.8,s0
117_39,s2.5100000000000002,s0.0,s180
117_40,s3.6000000000000005,s-0.8,s0
117_41,s3.9500000000000006,s0.0,s180
117_42,s5.040000000000001,s-0.8,s0
117_43,s5.390000000000001,s0.0,s180
117_44,s-5.040000000000001,s0.8,s0
117_45,s-4.690000000000001,s1.6,s180
117_46,s-3.6000000000000005,s0.8,s0
117_47,s-3.2500000000000004,s1.6,s180
117_48,s-2.16,s0.8,s0
117_49,s-1.81,s1.6,s180
117_50,s-0.7200000000000001,s0.8,s0
117_51,s-0.3700000000000001,s1.6,s180
117_52,s2.16,s0.8,s0
117_53,s2.5100000000000002,s1.6,s180
117_54,s3.6000000000000005,s0.8,s0
117_55,s3.9500000000000006,s1.6,s180
117_56,s5.040000000000001,s0.8,s0
117_57,s5.390000000000001,s1.6,s180
117_58,s-5.040000000000001,s4.0,s0
117_59,s-4.690000000000001,s4.8,s180
117_60,s-3.6000000000000005,s4.0,s0
117_61,s-3.2500000000000004,s4.8,s180
117_62,s-2.16,s4.0,s0
117_63,s-1.81,s4.8,s180
117_64,s-0.7200000000000001,s4.0,s0
117_65,s-0.3700000000000001,s4.8,s180
117_66,s2.16,s4.0,s0
117_67,s2.5100000000000002,s4.8,s180
117_68,s3.6000000000000005,s4.0,s0
117_69,s3.9500000000000006,s4.8,s180
117_70,s5.040000000000001,s4.0,s0
117_71,s5.390000000000001,s4.8,s180
117_72,s-5.040000000000001,s5.6000000000000005,s0
117_73,s-4.690000000000001,s6.4,s180
117_74,s-3.6000000000000005,s5.6000000000000005,s0
117_75,s-3.2500000000000004,s6.4,s180
117_76,s-2.16,s5.6000000000000005,s0
117_77,s-1.81,s6.4,s180
117_78,s-0.7200000000000001,s5.6000000000000005,s0
117_79,s-0.3700000000000001,s6.4,s180
117_80,s2.16,s5.6000000000000005,s0
117_81,s2.5100000000000002,s6.4,s180
117_82,s3.6000000000000005,s5.6000000000000005,s0
117_83,s3.9500000000000006,s6.4,s180
117_84,s5.040000000000001,s5.6000000000000005,s0
117_85,s5.390000000000001,s6.4,s180
117_86,s0.17499999999999982,s1.1999999999999997,s0
118_0,s-5.040000000000001,s-4.0,s0
118_1,s-4.690000000000001,s-3.2,s180
118_2,s-3.6000000000000005,s-4.0,s0
118_3,s-3.2500000000000004,s-3.2,s180
118_4,s-2.16,s-4.0,s0
118_5,s-1.81,s-3.2,s180
118_6,s-0.7200000000000001,s-4.0,s0
118_7,s-0.3700000000000001,s-3.2,s180
118_8,s2.16,s-4.0,s0
118_9,s2.5100000000000002,s-3.2,s180
118_10,s3.6000000000000005,s-4.0,s0
118_11,s3.9500000000000006,s-3.2,s180
118_12,s5.040000000000001,s-4.0,s0
118_13,s5.390000000000001,s-3.2,s180
118_14,s-5.040000000000001,s-2.4000000000000004,s0
118_15,s-4.690000000000001,s-1.6000000000000003,s180
118_16,s-3.6000000000000005,s-2.4000000000000004,s0
118_17,s-3.2500000000000004,s-1.6000000000000003,s180
118_18,s-2.16,s-2.4000000000000004,s0
118_19,s-1.81,s-1.6000000000000003,s180
118_20,s-0.7200000000000001,s-2.4000000000000004,s0
118_21,s-0.3700000000000001,s-1.6000000000000003,s180
118_22,s0.7200000000000001,s-2.4000000000000004,s0
118_23,s1.07,s-1.6000000000000003,s180
118_24,s2.16,s-2.4000000000000004,s0
118_25,s2.5100000000000002,s-1.6000000000000003,s180
118_26,s3.6000000000000005,s-2.4000000000000004,s0
118_27,s3.9500000000000006,s-1.6000000000000003,s180
118_28,s5.040000000000001,s-2.4000000000000004,s0
118_29,s5.390000000000001,s-1.6000000000000003,s180
118_30,s-5.040000000000001,s-0.8,s0
118_31,s-4.690000000000001,s0.0,s180
118_32,s-3.6000000000000005,s-0.8,s0
118_33,s-3.2500000000000004,s0.0,s180
118_34,s-2.16,s-0.8,s0
118_35,s-1.81,s0.0,s180
118_36,s-0.7200000000000001,s-0.8,s0
118_37,s-0.3700000000000001,s0.0,s180
118_38,s2.16,s-0.8,s0
118_39,s2.5100000000000002,s0.0,s180
118_40,s3.6000000000000005,s-0.8,s0
118_41,s3.9500000000000006,s0.0,s180
118_42,s5.040000000000001,s-0.8,s0
118_43,s5.390000000000001,s0.0,s180
118_44,s-5.040000000000001,s0.8,s0
118_45,s-4.690000000000001,s1.6,s180
118_46,s-3.6000000000000005,s0.8,s0
118_47,s-3.2500000000000004,s1.6,s180
118_48,s-2.16,s0.8,s0
118_49,s-1.81,s1.6,s180
118_50,s-0.7200000000000001,s0.8,s0
118_51,s-0.3700000000000001,s1.6,s180
118_52,s2.16,s0.8,s0
118_53,s2.5100000000000002,s1.6,s180
118_54,s3.6000000000000005,s0.8,s0
118_55,s3.9500000000000006,s1.6,s180
118_56,s5.040000000000001,s0.8,s0
118_57,s5.390000000000001,s1.6,s180
118_58,s-5.040000000000001,s4.0,s0
118_59,s-4.690000000000001,s4.8,s180
118_60,s-3.6000000000000005,s4.0,s0
118_61,s-3.2500000000000004,s4.8,s180
118_62,s-2.16,s4.0,s0
118_63,s-1.81,s4.8,s180
118_64,s-0.7200000000000001,s4.0,s0
118_65,s-0.3700000000000001,s4.8,s180
118_66,s2.16,s4.0,s0
118_67,s2.5100000000000002,s4.8,s180
118_68,s3.6000000000000005,s4.0,s0
118_69,s3.9500000000000006,s4.8,s180
118_70,s5.040000000000001,s4.0,s0
118_71,s5.390000000000001,s4.8,s180
118_72,s-5.040000000000001,s5.6000000000000005,s0
118_73,s-4.690000000000001,s6.4,s180
118_74,s-3.6000000000000005,s5.6000000000000005,s0
118_75,s-3.2500000000000004,s6.4,s180
118_76,s-2.16,s5.6000000000000005,s0
118_77,s-1.81,s6.4,s180
118_78,s-0.7200000000000001,s5.6000000000000005,s0
118_79,s-0.3700000000000001,s6.4,s180
118_80,s2.16,s5.6000000000000005,s0
118_81,s2.5100000000000002,s6.4,s180
118_82,s3.6000000000000005,s5.6000000000000005,s0
118_83,s3.9500000000000006,s6.4,s180
118_84,s5.040000000000001,s5.6000000000000005,s0
118_85,s5.390000000000001,s6.4,s180
119_0,s-5.040000000000001,s-4.0,s0
119_1,s-4.690000000000001,s-3.2,s180
119_2,s-3.6000000000000005,s-4.0,s0
119_3,s-3.2500000000000004,s-3.2,s180
119_4,s-2.16,s-4.0,s0
119_5,s-1.81,s-3.2,s180
119_6,s-0.7200000000000001,s-4.0,s0
119_7,s-0.3700000000000001,s-3.2,s180
119_8,s2.16,s-4.0,s0
119_9,s2.5100000000000002,s-3.2,s180
119_10,s3.6000000000000005,s-4.0,s0
119_11,s3.9500000000000006,s-3.2,s180
119_12,s5.040000000000001,s-4.0,s0
119_13,s5.390000000000001,s-3.2,s180
119_14,s-5.040000000000001,s-2.4000000000000004,s0
119_15,s-4.690000000000001,s-1.6000000000000003,s180
119_16,s-3.6000000000000005,s-2.4000000000000004,s0
119_17,s-3.2500000000000004,s-1.6000000000000003,s180
119_18,s-2.16,s-2.4000000000000004,s0
119_19,s-1.81,s-1.6000000000000003,s180
119_20,s-0.7200000000000001,s-2.4000000000000004,s0
119_21,s-0.3700000000000001,s-1.6000000000000003,s180
119_22,s0.7200000000000001,s-2.4000000000000004,s0
119_23,s1.07,s-1.6000000000000003,s180
119_24,s2.16,s-2.4000000000000004,s0
119_25,s2.5100000000000002,s-1.6000000000000003,s180
119_26,s3.6000000000000005,s-2.4000000000000004,s0
119_27,s3.9500000000000006,s-1.6000000000000003,s180
119_28,s5.040000000000001,s-2.4000000000000004,s0
119_29,s5.390000000000001,s-1.6000000000000003,s180
119_30,s-5.040000000000001,s-0.8,s0
119_31,s-4.690000000000001,s0.0,s180
119_32,s-3.6000000000000005,s-0.8,s0
119_33,s-3.2500000000000004,s0.0,s180
119_34,s-2.16,s-0.8,s0
119_35,s-1.81,s0.0,s180
119_36,s-0.7200000000000001,s-0.8,s0
119_37,s-0.3700000000000001,s0.0,s180
119_38,s2.16,s-0.8,s0
119_39,s2.5100000000000002,s0.0,s180
119_40,s3.6000000000000005,s-0.8,s0
119_41,s3.9500000000000006,s0.0,s180
119_42,s5.040000000000001,s-0.8,s0
119_43,s5.390000000000001,s0.0,s180
119_44,s-5.040000000000001,s0.8,s0
119_45,s-4.690000000000001,s1.6,s180
119_46,s-3.6000000000000005,s0.8,s0
119_47,s-3.2500000000000004,s1.6,s180
119_48,s-2.16,s0.8,s0
119_49,s-1.81,s1.6,s180
119_50,s-0.7200000000000001,s0.8,s0
119_51,s-0.3700000000000001,s1.6,s180
119_52,s2.16,s0.8,s0
119_53,s2.5100000000000002,s1.6,s180
119_54,s3.6000000000000005,s0.8,s0
119_55,s3.9500000000000006,s1.6,s180
119_56,s5.040000000000001,s0.8,s0
119_57,s5.390000000000001,s1.6,s180
119_58,s-5.040000000000001,s4.0,s0
119_59,s-4.690000000000001,s4.8,s180
119_60,s-3.6000000000000005,s4.0,s0
119_61,s-3.2500000000000004,s4.8,s180
119_62,s-2.16,s4.0,s0
119_63,s-1.81,s4.8,s180
119_64,s-0.7200000000000001,s4.0,s0
119_65,s-0.3700000000000001,s4.8,s180
119_66,s2.16,s4.0,s0
119_67,s2.5100000000000002,s4.8,s180
119_68,s3.6000000000000005,s4.0,s0
119_69,s3.9500000000000006,s4.8,s180
119_70,s5.040000000000001,s4.0,s0
119_71,s5.390000000000001,s4.8,s180
119_72,s-5.040000000000001,s5.6000000000000005,s0
119_73,s-4.690000000000001,s6.4,s180
119_74,s-3.6000000000000005,s5.6000000000000005,s0
119_75,s-3.2500000000000004,s6.4,s180
119_76,s-2.16,s5.6000000000000005,s0
119_77,s-1.81,s6.4,s180
119_78,s-0.7200000000000001,s5.6000000000000005,s0
119_79,s-0.3700000000000001,s6.4,s180
119_80,s2.16,s5.6000000000000005,s0
119_81,s2.5100000000000002,s6.4,s180
119_82,s3.6000000000000005,s5.6000000000000005,s0
119_83,s3.9500000000000006,s6.4,s180
119_84,s5.040000000000001,s5.6000000000000005,s0
119_85,s5.390000000000001,s6.4,s180
119_86,s0.17499999999999982,s1.1999999999999997,s0
120_0,s-5.040000000000001,s-4.0,s0
120_1,s-4.690000000000001,s-3.2,s180
120_2,s-3.6000000000000005,s-4.0,s0
120_3,s-3.2500000000000004,s-3.2,s180
120_4,s-2.16,s-4.0,s0
120_5,s-1.81,s-3.2,s180
120_6,s-0.7200000000000001,s-4.0,s0
120_7,s-0.3700000000000001,s-3.2,s180
120_8,s2.16,s-4.0,s0
120_9,s2.5100000000000002,s-3.2,s180
120_10,s3.6000000000000005,s-4.0,s0
120_11,s3.9500000000000006,s-3.2,s180
120_12,s5.040000000000001,s-4.0,s0
120_13,s5.390000000000001,s-3.2,s180
120_14,s-5.040000000000001,s-2.4000000000000004,s0
120_15,s-4.690000000000001,s-1.6000000000000003,s180
120_16,s-3.6000000000000005,s-2.4000000000000004,s0
120_17,s-3.2500000000000004,s-1.6000000000000003,s180
120_18,s-2.16,s-2.4000000000000004,s0
120_19,s-1.81,s-1.6000000000000003,s180
120_20,s-0.7200000000000001,s-2.4000000000000004,s0
120_21,s-0.3700000000000001,s-1.6000000000000003,s180
120_22,s0.7200000000000001,s-2.4000000000000004,s0
120_23,s1.07,s-1.6000000000000003,s180
120_24,s2.16,s-2.4000000000000004,s0
120_25,s2.5100000000000002,s-1.6000000000000003,s180
120_26,s3.6000000000000005,s-2.4000000000000004,s0
120_27,s3.9500000000000006,s-1.6000000000000003,s180
120_28,s5.040000000000001,s-2.4000000000000004,s0
120_29,s5.390000000000001,s-1.6000000000000003,s180
120_30,s-5.040000000000001,s-0.8,s0
120_31,s-4.690000000000001,s0.0,s180
120_32,s-3.6000000000000005,s-0.8,s0
120_33,s-3.2500000000000004,s0.0,s180
120_34,s-2.16,s-0.8,s0
120_35,s-1.81,s0.0,s180
120_36,s-0.7200000000000001,s-0.8,s0
120_37,s-0.3700000000000001,s0.0,s180
120_38,s2.16,s-0.8,s0
120_39,s2.5100000000000002,s0.0,s180
120_40,s3.6000000000000005,s-0.8,s0
120_41,s3.9500000000000006,s0.0,s180
120_42,s5.040000000000001,s-0.8,s0
120_43,s5.390000000000001,s0.0,s180
120_44,s-5.040000000000001,s0.8,s0
120_45,s-4.690000000000001,s1.6,s180
120_46,s-3.6000000000000005,s0.8,s0
120_47,s-3.2500000000000004,s1.6,s180
120_48,s-2.16,s0.8,s0
120_49,s-1.81,s1.6,s180
120_50,s-0.7200000000000001,s0.8,s0
120_51,s-0.3700000000000001,s1.6,s180
120_52,s2.16,s0.8,s0
120_53,s2.5100000000000002,s1.6,s180
120_54,s3.6000000000000005,s0.8,s0
120_55,s3.9500000000000006,s1.6,s180
120_56,s5.040000000000001,s0.8,s0
120_57,s5.390000000000001,s1.6,s180
120_58,s-5.040000000000001,s4.0,s0
120_59,s-4.690000000000001,s4.8,s180
120_60,s-3.6000000000000005,s4.0,s0
120_61,s-3.2500000000000004,s4.8,s180
120_62,s-2.16,s4.0,s0
120_63,s-1.81,s4.8,s180
120_64,s-0.7200000000000001,s4.0,s0
120_65,s-0.3700000000000001,s4.8,s180
120_66,s2.16,s4.0,s0
120_67,s2.5100000000000002,s4.8,s180
120_68,s3.6000000000000005,s4.0,s0
120_69,s3.9500000000000006,s4.8,s180
120_70,s5.040000000000001,s4.0,s0
120_71,s5.390000000000001,s4.8,s180
120_72,s-5.040000000000001,s5.6000000000000005,s0
120_73,s-4.690000000000001,s6.4,s180
120_74,s-3.6000000000000005,s5.6000000000000005,s0
120_75,s-3.2500000000000004,s6.4,s180
120_76,s-2.16,s5.6000000000000005,s0
120_77,s-1.81,s6.4,s180
120_78,s-0.7200000000000001,s5.6000000000000005,s0
120_79,s-0.3700000000000001,s6.4,s180
120_80,s2.16,s5.6000000000000005,s0
120_81,s2.5100000000000002,s6.4,s180
120_82,s3.6000000000000005,s5.6000000000000005,s0
120_83,s3.9500000000000006,s6.4,s180
120_84,s5.040000000000001,s5.6000000000000005,s0
120_85,s5.390000000000001,s6.4,s180
121_0,s-5.040000000000001,s-4.0,s0
121_1,s-4.690000000000001,s-3.2,s180
121_2,s-3.6000000000000005,s-4.0,s0
121_3,s-3.2500000000000004,s-3.2,s180
121_4,s-2.16,s-4.0,s0
121_5,s-1.81,s-3.2,s180
121_6,s-0.7200000000000001,s-4.0,s0
121_7,s-0.3700000000000001,s-3.2,s180
121_8,s2.16,s-4.0,s0
121_9,s2.5100000000000002,s-3.2,s180
121_10,s3.6000000000000005,s-4.0,s0
121_11,s3.9500000000000006,s-3.2,s180
121_12,s5.040000000000001,s-4.0,s0
121_13,s5.390000000000001,s-3.2,s180
121_14,s-5.040000000000001,s-2.4000000000000004,s0
121_15,s-4.690000000000001,s-1.6000000000000003,s180
121_16,s-3.6000000000000005,s-2.4000000000000004,s0
121_17,s-3.2500000000000004,s-1.6000000000000003,s180
121_18,s-2.16,s-2.4000000000000004,s0
121_19,s-1.81,s-1.6000000000000003,s180
121_20,s-0.7200000000000001,s-2.4000000000000004,s0
121_21,s-0.3700000000000001,s-1.6000000000000003,s180
121_22,s0.7200000000000001,s-2.4000000000000004,s0
121_23,s1.07,s-1.6000000000000003,s180
121_24,s2.16,s-2.4000000000000004,s0
121_25,s2.5100000000000002,s-1.6000000000000003,s180
121_26,s3.6000000000000005,s-2.4000000000000004,s0
121_27,s3.9500000000000006,s-1.6000000000000003,s180
121_28,s5.040000000000001,s-2.4000000000000004,s0
121_29,s5.390000000000001,s-1.6000000000000003,s180
121_30,s-5.040000000000001,s-0.8,s0
121_31,s-4.690000000000001,s0.0,s180
121_32,s-3.6000000000000005,s-0.8,s0
121_33,s-3.2500000000000004,s0.0,s180
121_34,s-2.16,s-0.8,s0
121_35,s-1.81,s0.0,s180
121_36,s-0.7200000000000001,s-0.8,s0
121_37,s-0.3700000000000001,s0.0,s180
121_38,s2.16,s-0.8,s0
121_39,s2.5100000000000002,s0.0,s180
121_40,s3.6000000000000005,s-0.8,s0
121_41,s3.9500000000000006,s0.0,s180
121_42,s5.040000000000001,s-0.8,s0
121_43,s5.390000000000001,s0.0,s180
121_44,s-5.040000000000001,s0.8,s0
121_45,s-4.690000000000001,s1.6,s180
121_46,s-3.6000000000000005,s0.8,s0
121_47,s-3.2500000000000004,s1.6,s180
121_48,s-2.16,s0.8,s0
121_49,s-1.81,s1.6,s180
121_50,s-0.7200000000000001,s0.8,s0
121_51,s-0.3700000000000001,s1.6,s180
121_52,s2.16,s0.8,s0
121_53,s2.5100000000000002,s1.6,s180
121_54,s3.6000000000000005,s0.8,s0
121_55,s3.9500000000000006,s1.6,s180
121_56,s5.040000000000001,s0.8,s0
121_57,s5.390000000000001,s1.6,s180
121_58,s-5.040000000000001,s4.0,s0
121_59,s-4.690000000000001,s4.8,s180
121_60,s-3.6000000000000005,s4.0,s0
121_61,s-3.2500000000000004,s4.8,s180
121_62,s-2.16,s4.0,s0
121_63,s-1.81,s4.8,s180
121_64,s-0.7200000000000001,s4.0,s0
121_65,s-0.3700000000000001,s4.8,s180
121_66,s2.16,s4.0,s0
121_67,s2.5100000000000002,s4.8,s180
121_68,s3.6000000000000005,s4.0,s0
121_69,s3.9500000000000006,s4.8,s180
121_70,s5.040000000000001,s4.0,s0
121_71,s5.390000000000001,s4.8,s180
121_72,s-5.040000000000001,s5.6000000000000005,s0
121_73,s-4.690000000000001,s6.4,s180
121_74,s-3.6000000000000005,s5.6000000000000005,s0
121_75,s-3.2500000000000004,s6.4,s180
121_76,s-2.16,s5.6000000000000005,s0
121_77,s-1.81,s6.4,s180
121_78,s-0.7200000000000001,s5.6000000000000005,s0
121_79,s-0.3700000000000001,s6.4,s180
121_80,s2.16,s5.6000000000000005,s0
121_81,s2.5100000000000002,s6.4,s180
121_82,s3.6000000000000005,s5.6000000000000005,s0
121_83,s3.9500000000000006,s6.4,s180
121_84,s5.040000000000001,s5.6000000000000005,s0
121_85,s5.390000000000001,s6.4,s180
121_86,s0.17499999999999982,s1.1999999999999997,s0
122_0,s-5.040000000000001,s-4.0,s0
122_1,s-4.690000000000001,s-3.2,s180
122_2,s-3.6000000000000005,s-4.0,s0
122_3,s-3.2500000000000004,s-3.2,s180
122_4,s-2.16,s-4.0,s0
122_5,s-1.81,s-3.2,s180
122_6,s-0.7200000000000001,s-4.0,s0
122_7,s-0.3700000000000001,s-3.2,s180
122_8,s2.16,s-4.0,s0
122_9,s2.5100000000000002,s-3.2,s180
122_10,s3.6000000000000005,s-4.0,s0
122_11,s3.9500000000000006,s-3.2,s180
122_12,s5.040000000000001,s-4.0,s0
122_13,s5.390000000000001,s-3.2,s180
122_14,s-5.040000000000001,s-2.4000000000000004,s0
122_15,s-4.690000000000001,s-1.6000000000000003,s180
122_16,s-3.6000000000000005,s-2.4000000000000004,s0
122_17,s-3.2500000000000004,s-1.6000000000000003,s180
122_18,s-2.16,s-2.4000000000000004,s0
122_19,s-1.81,s-1.6000000000000003,s180
122_20,s-0.7200000000000001,s-2.4000000000000004,s0
122_21,s-0.3700000000000001,s-1.6000000000000003,s180
122_22,s0.7200000000000001,s-2.4000000000000004,s0
122_23,s1.07,s-1.6000000000000003,s180
122_24,s2.16,s-2.4000000000000004,s0
122_25,s2.5100000000000002,s-1.6000000000000003,s180
122_26,s3.6000000000000005,s-2.4000000000000004,s0
122_27,s3.9500000000000006,s-1.6000000000000003,s180
122_28,s5.040000000000001,s-2.4000000000000004,s0
122_29,s5.390000000000001,s-1.6000000000000003,s180
122_30,s-5.040000000000001,s-0.8,s0
122_31,s-4.690000000000001,s0.0,s180
122_32,s-3.6000000000000005,s-0.8,s0
122_33,s-3.2500000000000004,s0.0,s180
122_34,s-2.16,s-0.8,s0
122_35,s-1.81,s0.0,s180
122_36,s-0.7200000000000001,s-0.8,s0
122_37,s-0.3700000000000001,s0.0,s180
122_38,s2.16,s-0.8,s0
122_39,s2.5100000000000002,s0.0,s180
122_40,s3.6000000000000005,s-0.8,s0
122_41,s3.9500000000000006,s0.0,s180
122_42,s5.040000000000001,s-0.8,s0
122_43,s5.390000000000001,s0.0,s180
122_44,s-5.040000000000001,s0.8,s0
122_45,s-4.690000000000001,s1.6,s180
122_46,s-3.6000000000000005,s0.8,s0
122_47,s-3.2500000000000004,s1.6,s180
122_48,s-2.16,s0.8,s0
122_49,s-1.81,s1.6,s180
122_50,s-0.7200000000000001,s0.8,s0
122_51,s-0.3700000000000001,s1.6,s180
122_52,s2.16,s0.8,s0
122_53,s2.5100000000000002,s1.6,s180
122_54,s3.6000000000000005,s0.8,s0
122_55,s3.9500000000000006,s1.6,s180
122_56,s5.040000000000001,s0.8,s0
122_57,s5.390000000000001,s1.6,s180
122_58,s-5.040000000000001,s4.0,s0
122_59,s-4.690000000000001,s4.8,s180
122_60,s-3.6000000000000005,s4.0,s0
122_61,s-3.2500000000000004,s4.8,s180
122_62,s-2.16,s4.0,s0
122_63,s-1.81,s4.8,s180
122_64,s-0.7200000000000001,s4.0,s0
122_65,s-0.3700000000000001,s4.8,s180
122_66,s2.16,s4.0,s0
122_67,s2.5100000000000002,s4.8,s180
122_68,s3.6000000000000005,s4.0,s0
122_69,s3.9500000000000006,s4.8,s180
122_70,s5.040000000000001,s4.0,s0
122_71,s5.390000000000001,s4.8,s180
122_72,s-5.040000000000001,s5.6000000000000005,s0
122_73,s-4.690000000000001,s6.4,s180
122_74,s-3.6000000000000005,s5.6000000000000005,s0
122_75,s-3.2500000000000004,s6.4,s180
122_76,s-2.16,s5.6000000000000005,s0
122_77,s-1.81,s6.4,s180
122_78,s-0.7200000000000001,s5.6000000000000005,s0
122_79,s-0.3700000000000001,s6.4,s180
122_80,s2.16,s5.6000000000000005,s0
122_81,s2.5100000000000002,s6.4,s180
122_82,s3.6000000000000005,s5.6000000000000005,s0
122_83,s3.9500000000000006,s6.4,s180
122_84,s5.040000000000001,s5.6000000000000005,s0
122_85,s5.390000000000001,s6.4,s180
123_0,s-5.040000000000001,s-4.0,s0
123_1,s-4.690000000000001,s-3.2,s180
123_2,s-3.6000000000000005,s-4.0,s0
123_3,s-3.2500000000000004,s-3.2,s180
123_4,s-2.16,s-4.0,s0
123_5,s-1.81,s-3.2,s180
123_6,s-0.7200000000000001,s-4.0,s0
123_7,s-0.3700000000000001,s-3.2,s180
123_8,s2.16,s-4.0,s0
123_9,s2.5100000000000002,s-3.2,s180
123_10,s3.6000000000000005,s-4.0,s0
123_11,s3.9500000000000006,s-3.2,s180
123_12,s5.040000000000001,s-4.0,s0
123_13,s5.390000000000001,s-3.2,s180
123_14,s-5.040000000000001,s-2.4000000000000004,s0
123_15,s-4.690000000000001,s-1.6000000000000003,s180
123_16,s-3.6000000000000005,s-2.4000000000000004,s0
123_17,s-3.2500000000000004,s-1.6000000000000003,s180
123_18,s-2.16,s-2.4000000000000004,s0
123_19,s-1.81,s-1.6000000000000003,s180
123_20,s-0.7200000000000001,s-2.4000000000000004,s0
123_21,s-0.3700000000000001,s-1.6000000000000003,s180
123_22,s0.7200000000000001,s-2.4000000000000004,s0
123_23,s1.07,s-1.6000000000000003,s180
123_24,s2.16,s-2.4000000000000004,s0
123_25,s2.5100000000000002,s-1.6000000000000003,s180
123_26,s3.6000000000000005,s-2.4000000000000004,s0
123_27,s3.9500000000000006,s-1.6000000000000003,s180
123_28,s5.040000000000001,s-2.4000000000000004,s0
123_29,s5.390000000000001,s-1.6000000000000003,s180
123_30,s-5.040000000000001,s-0.8,s0
123_31,s-4.690000000000001,s0.0,s180
123_32,s-3.6000000000000005,s-0.8,s0
123_33,s-3.2500000000000004,s0.0,s180
123_34,s-2.16,s-0.8,s0
123_35,s-1.81,s0.0,s180
123_36,s-0.7200000000000001,s-0.8,s0
123_37,s-0.3700000000000001,s0.0,s180
123_38,s2.16,s-0.8,s0
123_39,s2.5100000000000002,s0.0,s180
123_40,s3.6000000000000005,s-0.8,s0
123_41,s3.9500000000000006,s0.0,s180
123_42,s5.040000000000001,s-0.8,s0
123_43,s5.390000000000001,s0.0,s180
123_44,s-5.040000000000001,s0.8,s0
123_45,s-4.690000000000001,s1.6,s180
123_46,s-3.6000000000000005,s0.8,s0
123_47,s-3.2500000000000004,s1.6,s180
123_48,s-2.16,s0.8,s0
123_49,s-1.81,s1.6,s180
123_50,s-0.7200000000000001,s0.8,s0
123_51,s-0.3700000000000001,s1.6,s180
123_52,s2.16,s0.8,s0
123_53,s2.5100000000000002,s1.6,s180
123_54,s3.6000000000000005,s0.8,s0
123_55,s3.9500000000000006,s1.6,s180
123_56,s5.040000000000001,s0.8,s0
123_57,s5.390000000000001,s1.6,s180
123_58,s-5.040000000000001,s4.0,s0
123_59,s-4.690000000000001,s4.8,s180
123_60,s-3.6000000000000005,s4.0,s0
123_61,s-3.2500000000000004,s4.8,s180
123_62,s-2.16,s4.0,s0
123_63,s-1.81,s4.8,s180
123_64,s-0.7200000000000001,s4.0,s0
123_65,s-0.3700000000000001,s4.8,s180
123_66,s2.16,s4.0,s0
123_67,s2.5100000000000002,s4.8,s180
123_68,s3.6000000000000005,s4.0,s0
123_69,s3.9500000000000006,s4.8,s180
123_70,s5.040000000000001,s4.0,s0
123_71,s5.390000000000001,s4.8,s180
123_72,s-5.040000000000001,s5.6000000000000005,s0
123_73,s-4.690000000000001,s6.4,s180
123_74,s-3.6000000000000005,s5.6000000000000005,s0
123_75,s-3.2500000000000004,s6.4,s180
123_76,s-2.16,s5.6000000000000005,s0
123_77,s-1.81,s6.4,s180
123_78,s-0.7200000000000001,s5.6000000000000005,s0
123_79,s-0.3700000000000001,s6.4,s180
123_80,s2.16,s5.6000000000000005,s0
123_81,s2.5100000000000002,s6.4,s180
123_82,s3.6000000000000005,s5.6000000000000005,s0
123_83,s3.9500000000000006,s6.4,s180
123_84,s5.040000000000001,s5.6000000000000005,s0
123_85,s5.390000000000001,s6.4,s180
123_86,s0.17499999999999982,s1.1999999999999997,s0
124_0,s-5.040000000000001,s-4.0,s0
124_1,s-4.690000000000001,s-3.2,s180
124_2,s-3.6000000000000005,s-4.0,s0
124_3,s-3.2500000000000004,s-3.2,s180
124_4,s-2.16,s-4.0,s0
124_5,s-1.81,s-3.2,s180
124_6,s-0.7200000000000001,s-4.0,s0
124_7,s-0.3700000000000001,s-3.2,s180
124_8,s2.16,s-4.0,s0
124_9,s2.5100000000000002,s-3.2,s180
124_10,s3.6000000000000005,s-4.0,s0
124_11,s3.9500000000000006,s-3.2,s180
124_12,s5.040000000000001,s-4.0,s0
124_13,s5.390000000000001,s-3.2,s180
124_14,s-5.040000000000001,s-2.4000000000000004,s0
124_15,s-4.690000000000001,s-1.6000000000000003,s180
124_16,s-3.6000000000000005,s-2.4000000000000004,s0
124_17,s-3.2500000000000004,s-1.6000000000000003,s180
124_18,s-2.16,s-2.4000000000000004,s0
124_19,s-1.81,s-1.6000000000000003,s180
124_20,s-0.7200000000000001,s-2.4000000000000004,s0
124_21,s-0.3700000000000001,s-1.6000000000000003,s180
124_22,s0.7200000000000001,s-2.4000000000000004,s0
124_23,s1.07,s-1.6000000000000003,s180
124_24,s2.16,s-2.4000000000000004,s0
124_25,s2.5100000000000002,s-1.6000000000000003,s180
124_26,s3.6000000000000005,s-2.4000000000000004,s0
124_27,s3.9500000000000006,s-1.6000000000000003,s180
124_28,s5.040000000000001,s-2.4000000000000004,s0
124_29,s5.390000000000001,s-1.6000000000000003,s180
124_30,s-5.040000000000001,s-0.8,s0
124_31,s-4.690000000000001,s0.0,s180
124_32,s-3.6000000000000005,s-0.8,s0
124_33,s-3.2500000000000004,s0.0,s180
124_34,s-2.16,s-0.8,s0
124_35,s-1.81,s0.0,s180
124_36,s-0.7200000000000001,s-0.8,s0
124_37,s-0.3700000000000001,s0.0,s180
124_38,s2.16,s-0.8,s0
124_39,s2.5100000000000002,s0.0,s180
124_40,s3.6000000000000005,s-0.8,s0
124_41,s3.9500000000000006,s0.0,s180
124_42,s5.040000000000001,s-0.8,s0
124_43,s5.390000000000001,s0.0,s180
124_44,s-5.040000000000001,s0.8,s0
124_45,s-4.690000000000001,s1.6,s180
124_46,s-3.6000000000000005,s0.8,s0
124_47,s-3.2500000000000004,s1.6,s180
124_48,s-2.16,s0.8,s0
124_49,s-1.81,s1.6,s180
124_50,s-0.7200000000000001,s0.8,s0
124_51,s-0.3700000000000001,s1.6,s180
124_52,s2.16,s0.8,s0
124_53,s2.5100000000000002,s1.6,s180
124_54,s3.6000000000000005,s0.8,s0
124_55,s3.9500000000000006,s1.6,s180
124_56,s5.040000000000001,s0.8,s0
124_57,s5.390000000000001,s1.6,s180
124_58,s-5.040000000000001,s4.0,s0
124_59,s-4.690000000000001,s4.8,s180
124_60,s-3.6000000000000005,s4.0,s0
124_61,s-3.2500000000000004,s4.8,s180
124_62,s-2.16,s4.0,s0
124_63,s-1.81,s4.8,s180
124_64,s-0.7200000000000001,s4.0,s0
124_65,s-0.3700000000000001,s4.8,s180
124_66,s2.16,s4.0,s0
124_67,s2.5100000000000002,s4.8,s180
124_68,s3.6000000000000005,s4.0,s0
124_69,s3.9500000000000006,s4.8,s180
124_70,s5.040000000000001,s4.0,s0
124_71,s5.390000000000001,s4.8,s180
124_72,s-5.040000000000001,s5.6000000000000005,s0
124_73,s-4.690000000000001,s6.4,s180
124_74,s-3.6000000000000005,s5.6000000000000005,s0
124_75,s-3.2500000000000004,s6.4,s180
124_76,s-2.16,s5.6000000000000005,s0
124_77,s-1.81,s6.4,s180
124_78,s-0.7200000000000001,s5.6000000000000005,s0
124_79,s-0.3700000000000001,s6.4,s180
124_80,s2.16,s5.6000000000000005,s0
124_81,s2.5100000000000002,s6.4,s180
124_82,s3.6000000000000005,s5.6000000000000005,s0
124_83,s3.9500000000000006,s6.4,s180
124_84,s5.040000000000001,s5.6000000000000005,s0
124_85,s5.390000000000001,s6.4,s180
125_0,s-5.040000000000001,s-4.0,s0
125_1,s-4.690000000000001,s-3.2,s180
125_2,s-3.6000000000000005,s-4.0,s0
125_3,s-3.2500000000000004,s-3.2,s180
125_4,s-2.16,s-4.0,s0
125_5,s-1.81,s-3.2,s180
125_6,s-0.7200000000000001,s-4.0,s0
125_7,s-0.3700000000000001,s-3.2,s180
125_8,s2.16,s-4.0,s0
125_9,s2.5100000000000002,s-3.2,s180
125_10,s3.6000000000000005,s-4.0,s0
125_11,s3.9500000000000006,s-3.2,s180
125_12,s5.040000000000001,s-4.0,s0
125_13,s5.390000000000001,s-3.2,s180
125_14,s-5.040000000000001,s-2.4000000000000004,s0
125_15,s-4.690000000000001,s-1.6000000000000003,s180
125_16,s-3.6000000000000005,s-2.4000000000000004,s0
125_17,s-3.2500000000000004,s-1.6000000000000003,s180
125_18,s-2.16,s-2.4000000000000004,s0
125_19,s-1.81,s-1.6000000000000003,s180
125_20,s-0.7200000000000001,s-2.4000000000000004,s0
125_21,s-0.3700000000000001,s-1.6000000000000003,s180
125_22,s0.7200000000000001,s-2.4000000000000004,s0
125_23,s1.07,s-1.6000000000000003,s180
125_24,s2.16,s-2.4000000000000004,s0
125_25,s2.5100000000000002,s-1.6000000000000003,s180
125_26,s3.6000000000000005,s-2.4000000000000004,s0
125_27,s3.9500000000000006,s-1.6000000000000003,s180
125_28,s5.040000000000001,s-2.4000000000000004,s0
125_29,s5.390000000000001,s-1.6000000000000003,s180
125_30,s-5.040000000000001,s-0.8,s0
125_31,s-4.690000000000001,s0.0,s180
125_32,s-3.6000000000000005,s-0.8,s0
125_33,s-3.2500000000000004,s0.0,s180
125_34,s-2.16,s-0.8,s0
125_35,s-1.81,s0.0,s180
125_36,s-0.7200000000000001,s-0.8,s0
125_37,s-0.3700000000000001,s0.0,s180
125_38,s2.16,s-0.8,s0
125_39,s2.5100000000000002,s0.0,s180
125_40,s3.6000000000000005,s-0.8,s0
125_41,s3.9500000000000006,s0.0,s180
125_42,s5.040000000000001,s-0.8,s0
125_43,s5.390000000000001,s0.0,s180
125_44,s-5.040000000000001,s0.8,s0
125_45,s-4.690000000000001,s1.6,s180
125_46,s-3.6000000000000005,s0.8,s0
125_47,s-3.2500000000000004,s1.6,s180
125_48,s-2.16,s0.8,s0
125_49,s-1.81,s1.6,s180
125_50,s-0.7200000000000001,s0.8,s0
125_51,s-0.3700000000000001,s1.6,s180
125_52,s2.16,s0.8,s0
125_53,s2.5100000000000002,s1.6,s180
125_54,s3.6000000000000005,s0.8,s0
125_55,s3.9500000000000006,s1.6,s180
125_56,s5.040000000000001,s0.8,s0
125_57,s5.390000000000001,s1.6,s180
125_58,s-5.040000000000001,s4.0,s0
125_59,s-4.690000000000001,s4.8,s180
125_60,s-3.6000000000000005,s4.0,s0
125_61,s-3.2500000000000004,s4.8,s180
125_62,s-2.16,s4.0,s0
125_63,s-1.81,s4.8,s180
125_64,s-0.7200000000000001,s4.0,s0
125_65,s-0.3700000000000001,s4.8,s180
125_66,s2.16,s4.0,s0
125_67,s2.5100000000000002,s4.8,s180
125_68,s3.6000000000000005,s4.0,s0
125_69,s3.9500000000000006,s4.8,s180
125_70,s5.040000000000001,s4.0,s0
125_71,s5.390000000000001,s4.8,s180
125_72,s-5.040000000000001,s5.6000000000000005,s0
125_73,s-4.690000000000001,s6.4,s180
125_74,s-3.6000000000000005,s5.6000000000000005,s0
125_75,s-3.2500000000000004,s6.4,s180
125_76,s-2.16,s5.6000000000000005,s0
125_77,s-1.81,s6.4,s180
125_78,s-0.7200000000000001,s5.6000000000000005,s0
125_79,s-0.3700000000000001,s6.4,s180
125_80,s2.16,s5.6000000000000005,s0
125_81,s2.5100000000000002,s6.4,s180
125_82,s3.6000000000000005,s5.6000000000000005,s0
125_83,s3.9500000000000006,s6.4,s180
125_84,s5.040000000000001,s5.6000000000000005,s0
125_85,s5.390000000000001,s6.4,s180
125_86,s0.17499999999999982,s1.1999999999999997,s0
126_0,s-5.040000000000001,s-4.0,s0
126_1,s-4.690000000000001,s-3.2,s180
126_2,s-3.6000000000000005,s-4.0,s0
126_3,s-3.2500000000000004,s-3.2,s180
126_4,s-2.16,s-4.0,s0
126_5,s-1.81,s-3.2,s180
126_6,s-0.7200000000000001,s-4.0,s0
126_7,s-0.3700000000000001,s-3.2,s180
126_8,s2.16,s-4.0,s0
126_9,s2.5100000000000002,s-3.2,s180
126_10,s3.6000000000000005,s-4.0,s0
126_11,s3.9500000000000006,s-3.2,s180
126_12,s5.040000000000001,s-4.0,s0
126_13,s5.390000000000001,s-3.2,s180
126_14,s-5.040000000000001,s-2.4000000000000004,s0
126_15,s-4.690000000000001,s-1.6000000000000003,s180
126_16,s-3.6000000000000005,s-2.4000000000000004,s0
126_17,s-3.2500000000000004,s-1.6000000000000003,s180
126_18,s-2.16,s-2.4000000000000004,s0
126_19,s-1.81,s-1.6000000000000003,s180
126_20,s-0.7200000000000001,s-2.4000000000000004,s0
126_21,s-0.3700000000000001,s-1.6000000000000003,s180
126_22,s0.7200000000000001,s-2.4000000000000004,s0
126_23,s1.07,s-1.6000000000000003,s180
126_24,s2.16,s-2.4000000000000004,s0
126_25,s2.5100000000000002,s-1.6000000000000003,s180
126_26,s3.6000000000000005,s-2.4000000000000004,s0
126_27,s3.9500000000000006,s-1.6000000000000003,s180
126_28,s5.040000000000001,s-2.4000000000000004,s0
126_29,s5.390000000000001,s-1.6000000000000003,s180
126_30,s-5.040000000000001,s-0.8,s0
126_31,s-4.690000000000001,s0.0,s180
126_32,s-3.6000000000000005,s-0.8,s0
126_33,s-3.2500000000000004,s0.0,s180
126_34,s-2.16,s-0.8,s0
126_35,s-1.81,s0.0,s180
126_36,s-0.7200000000000001,s-0.8,s0
126_37,s-0.3700000000000001,s0.0,s180
126_38,s2.16,s-0.8,s0
126_39,s2.5100000000000002,s0.0,s180
126_40,s3.6000000000000005,s-0.8,s0
126_41,s3.9500000000000006,s0.0,s180
126_42,s5.040000000000001,s-0.8,s0
126_43,s5.390000000000001,s0.0,s180
126_44,s-5.040000000000001,s0.8,s0
126_45,s-4.690000000000001,s1.6,s180
126_46,s-3.6000000000000005,s0.8,s0
126_47,s-3.2500000000000004,s1.6,s180
126_48,s-2.16,s0.8,s0
126_49,s-1.81,s1.6,s180
126_50,s-0.7200000000000001,s0.8,s0
126_51,s-0.3700000000000001,s1.6,s180
126_52,s2.16,s0.8,s0
126_53,s2.5100000000000002,s1.6,s180
126_54,s3.6000000000000005,s0.8,s0
126_55,s3.9500000000000006,s1.6,s180
126_56,s5.040000000000001,s0.8,s0
126_57,s5.390000000000001,s1.6,s180
126_58,s-5.040000000000001,s4.0,s0
126_59,s-4.690000000000001,s4.8,s180
126_60,s-3.6000000000000005,s4.0,s0
126_61,s-3.2500000000000004,s4.8,s180
126_62,s-2.16,s4.0,s0
126_63,s-1.81,s4.8,s180
126_64,s-0.7200000000000001,s4.0,s0
126_65,s-0.3700000000000001,s4.8,s180
126_66,s2.16,s4.0,s0
126_67,s2.5100000000000002,s4.8,s180
126_68,s3.6000000000000005,s4.0,s0
126_69,s3.9500000000000006,s4.8,s180
126_70,s5.040000000000001,s4.0,s0
126_71,s5.390000000000001,s4.8,s180
126_72,s-5.040000000000001,s5.6000000000000005,s0
126_73,s-4.690000000000001,s6.4,s180
126_74,s-3.6000000000000005,s5.6000000000000005,s0
126_75,s-3.2500000000000004,s6.4,s180
126_76,s-2.16,s5.6000000000000005,s0
126_77,s-1.81,s6.4,s180
126_78,s-0.7200000000000001,s5.6000000000000005,s0
126_79,s-0.3700000000000001,s6.4,s180
126_80,s2.16,s5.6000000000000005,s0
126_81,s2.5100000000000002,s6.4,s180
126_82,s3.6000000000000005,s5.6000000000000005,s0
126_83,s3.9500000000000006,s6.4,s180
126_84,s5.040000000000001,s5.6000000000000005,s0
126_85,s5.390000000000001,s6.4,s180
127_0,s-5.040000000000001,s-4.0,s0
127_1,s-4.690000000000001,s-3.2,s180
127_2,s-3.6000000000000005,s-4.0,s0
127_3,s-3.2500000000000004,s-3.2,s180
127_4,s-2.16,s-4.0,s0
127_5,s-1.81,s-3.2,s180
127_6,s-0.7200000000000001,s-4.0,s0
127_7,s-0.3700000000000001,s-3.2,s180
127_8,s2.16,s-4.0,s0
127_9,s2.5100000000000002,s-3.2,s180
127_10,s3.6000000000000005,s-4.0,s0
127_11,s3.9500000000000006,s-3.2,s180
127_12,s5.040000000000001,s-4.0,s0
127_13,s5.390000000000001,s-3.2,s180
127_14,s-5.040000000000001,s-2.4000000000000004,s0
127_15,s-4.690000000000001,s-1.6000000000000003,s180
127_16,s-3.6000000000000005,s-2.4000000000000004,s0
127_17,s-3.2500000000000004,s-1.6000000000000003,s180
127_18,s-2.16,s-2.4000000000000004,s0
127_19,s-1.81,s-1.6000000000000003,s180
127_20,s-0.7200000000000001,s-2.4000000000000004,s0
127_21,s-0.3700000000000001,s-1.6000000000000003,s180
127_22,s0.7200000000000001,s-2.4000000000000004,s0
127_23,s1.07,s-1.6000000000000003,s180
127_24,s2.16,s-2.4000000000000004,s0
127_25,s2.5100000000000002,s-1.6000000000000003,s180
127_26,s3.6000000000000005,s-2.4000000000000004,s0
127_27,s3.9500000000000006,s-1.6000000000000003,s180
127_28,s5.040000000000001,s-2.4000000000000004,s0
127_29,s5.390000000000001,s-1.6000000000000003,s180
127_30,s-5.040000000000001,s-0.8,s0
127_31,s-4.690000000000001,s0.0,s180
127_32,s-3.6000000000000005,s-0.8,s0
127_33,s-3.2500000000000004,s0.0,s180
127_34,s-2.16,s-0.8,s0
127_35,s-1.81,s0.0,s180
127_36,s-0.7200000000000001,s-0.8,s0
127_37,s-0.3700000000000001,s0.0,s180
127_38,s2.16,s-0.8,s0
127_39,s2.5100000000000002,s0.0,s180
127_40,s3.6000000000000005,s-0.8,s0
127_41,s3.9500000000000006,s0.0,s180
127_42,s5.040000000000001,s-0.8,s0
127_43,s5.390000000000001,s0.0,s180
127_44,s-5.040000000000001,s0.8,s0
127_45,s-4.690000000000001,s1.6,s180
127_46,s-3.6000000000000005,s0.8,s0
127_47,s-3.2500000000000004,s1.6,s180
127_48,s-2.16,s0.8,s0
127_49,s-1.81,s1.6,s180
127_50,s-0.7200000000000001,s0.8,s0
127_51,s-0.3700000000000001,s1.6,s180
127_52,s2.16,s0.8,s0
127_53,s2.5100000000000002,s1.6,s180
127_54,s3.6000000000000005,s0.8,s0
127_55,s3.9500000000000006,s1.6,s180
127_56,s5.040000000000001,s0.8,s0
127_57,s5.390000000000001,s1.6,s180
127_58,s-5.040000000000001,s4.0,s0
127_59,s-4.690000000000001,s4.8,s180
127_60,s-3.6000000000000005,s4.0,s0
127_61,s-3.2500000000000004,s4.8,s180
127_62,s-2.16,s4.0,s0
127_63,s-1.81,s4.8,s180
127_64,s-0.7200000000000001,s4.0,s0
127_65,s-0.3700000000000001,s4.8,s180
127_66,s2.16,s4.0,s0
127_67,s2.5100000000000002,s4.8,s180
127_68,s3.6000000000000005,s4.0,s0
127_69,s3.9500000000000006,s4.8,s180
127_70,s5.040000000000001,s4.0,s0
127_71,s5.390000000000001,s4.8,s180
127_72,s-5.040000000000001,s5.6000000000000005,s0
127_73,s-4.690000000000001,s6.4,s180
127_74,s-3.6000000000000005,s5.6000000000000005,s0
127_75,s-3.2500000000000004,s6.4,s180
127_76,s-2.16,s5.6000000000000005,s0
127_77,s-1.81,s6.4,s180
127_78,s-0.7200000000000001,s5.6000000000000005,s0
127_79,s-0.3700000000000001,s6.4,s180
127_80,s2.16,s5.6000000000000005,s0
127_81,s2.5100000000000002,s6.4,s180
127_82,s3.6000000000000005,s5.6000000000000005,s0
127_83,s3.9500000000000006,s6.4,s180
127_84,s5.040000000000001,s5.6000000000000005,s0
127_85,s5.390000000000001,s6.4,s180
127_86,s0.17499999999999982,s1.1999999999999997,s0
128_0,s-2.8800000000000003,s-5.6000000000000005,s0
128_1,s-2.5300000000000002,s-4.800000000000001,s180
128_2,s-5.760000000000001,s-4.0,s0
128_3,s-5.410000000000001,s-3.2,s180
128_4,s-4.32,s-4.0,s0
128_5,s-3.97,s-3.2,s180
128_6,s-2.8800000000000003,s-4.0,s0
128_7,s-2.5300000000000002,s-3.2,s180
128_8,s-1.4400000000000002,s-4.0,s0
128_9,s-1.0900000000000003,s-3.2,s180
128_10,s0.0,s-4.0,s0
128_11,s0.35,s-3.2,s180
128_12,s2.8800000000000003,s-4.0,s0
128_13,s3.2300000000000004,s-3.2,s180
128_14,s4.32,s-4.0,s0
128_15,s4.67,s-3.2,s180
128_16,s-5.760000000000001,s-2.4000000000000004,s0
128_17,s-5.410000000000001,s-1.6000000000000003,s180
128_18,s-4.32,s-2.4000000000000004,s0
128_19,s-3.97,s-1.6000000000000003,s180
128_20,s-2.8800000000000003,s-2.4000000000000004,s0
128_21,s-2.5300000000000002,s-1.6000000000000003,s180
128_22,s-1.4400000000000002,s-2.4000000000000004,s0
128_23,s-1.0900000000000003,s-1.6000000000000003,s180
128_24,s0.0,s-2.4000000000000004,s0
128_25,s0.35,s-1.6000000000000003,s180
128_26,s1.4400000000000002,s-2.4000000000000004,s0
128_27,s1.79,s-1.6000000000000003,s180
128_28,s2.8800000000000003,s-2.4000000000000004,s0
128_29,s3.2300000000000004,s-1.6000000000000003,s180
128_30,s4.32,s-2.4000000000000004,s0
128_31,s4.67,s-1.6000000000000003,s180
128_32,s-5.760000000000001,s-0.8,s0
128_33,s-5.410000000000001,s0.0,s180
128_34,s-4.32,s-0.8,s0
128_35,s-3.97,s0.0,s180
128_36,s-2.8800000000000003,s-0.8,s0
128_37,s-2.5300000000000002,s0.0,s180
128_38,s-1.4400000000000002,s-0.8,s0
128_39,s-1.0900000000000003,s0.0,s180
128_40,s0.0,s-0.8,s0
128_41,s0.35,s0.0,s180
128_42,s2.8800000000000003,s-0.8,s0
128_43,s3.2300000000000004,s0.0,s180
128_44,s4.32,s-0.8,s0
128_45,s4.67,s0.0,s180
128_46,s-5.760000000000001,s0.8,s0
128_47,s-5.410000000000001,s1.6,s180
128_48,s-4.32,s0.8,s0
128_49,s-3.97,s1.6,s180
128_50,s-2.8800000000000003,s0.8,s0
128_51,s-2.5300000000000002,s1.6,s180
128_52,s-1.4400000000000002,s0.8,s0
128_53,s-1.0900000000000003,s1.6,s180
128_54,s0.0,s0.8,s0
128_55,s0.35,s1.6,s180
128_56,s2.8800000000000003,s0.8,s0
128_57,s3.2300000000000004,s1.6,s180
128_58,s4.32,s0.8,s0
128_59,s4.67,s1.6,s180
128_60,s-2.8800000000000003,s2.4000000000000004,s0
128_61,s-2.5300000000000002,s3.2,s180
128_62,s-5.760000000000001,s4.0,s0
128_63,s-5.410000000000001,s4.8,s180
128_64,s-4.32,s4.0,s0
128_65,s-3.97,s4.8,s180
128_66,s-2.8800000000000003,s4.0,s0
128_67,s-2.5300000000000002,s4.8,s180
128_68,s-1.4400000000000002,s4.0,s0
128_69,s-1.0900000000000003,s4.8,s180
128_70,s0.0,s4.0,s0
128_71,s0.35,s4.8,s180
128_72,s2.8800000000000003,s4.0,s0
128_73,s3.2300000000000004,s4.8,s180
128_74,s4.32,s4.0,s0
128_75,s4.67,s4.8,s180
128_76,s-5.760000000000001,s5.6000000000000005,s0
128_77,s-5.410000000000001,s6.4,s180
128_78,s-4.32,s5.6000000000000005,s0
128_79,s-3.97,s6.4,s180
128_80,s-2.8800000000000003,s5.6000000000000005,s0
128_81,s-2.5300000000000002,s6.4,s180
128_82,s-1.4400000000000002,s5.6000000000000005,s0
128_83,s-1.0900000000000003,s6.4,s180
128_84,s0.0,s5.6000000000000005,s0
128_85,s0.35,s6.4,s180
128_86,s2.8800000000000003,s5.6000000000000005,s0
128_87,s3.2300000000000004,s6.4,s180
128_88,s4.32,s5.6000000000000005,s0
128_89,s4.67,s6.4,s180
129_0,s-2.8800000000000003,s-5.6000000000000005,s0
129_1,s-2.5300000000000002,s-4.800000000000001,s180
129_2,s-5.760000000000001,s-4.0,s0
129_3,s-5.410000000000001,s-3.2,s180
129_4,s-4.32,s-4.0,s0
129_5,s-3.97,s-3.2,s180
129_6,s-2.8800000000000003,s-4.0,s0
129_7,s-2.5300000000000002,s-3.2,s180
129_8,s-1.4400000000000002,s-4.0,s0
129_9,s-1.0900000000000003,s-3.2,s180
129_10,s0.0,s-4.0,s0
129_11,s0.35,s-3.2,s180
129_12,s2.8800000000000003,s-4.0,s0
129_13,s3.2300000000000004,s-3.2,s180
129_14,s4.32,s-4.0,s0
129_15,s4.67,s-3.2,s180
129_16,s-5.760000000000001,s-2.4000000000000004,s0
129_17,s-5.410000000000001,s-1.6000000000000003,s180
129_18,s-4.32,s-2.4000000000000004,s0
129_19,s-3.97,s-1.6000000000000003,s180
129_20,s-2.8800000000000003,s-2.4000000000000004,s0
129_21,s-2.5300000000000002,s-1.6000000000000003,s180
129_22,s-1.4400000000000002,s-2.4000000000000004,s0
129_23,s-1.0900000000000003,s-1.6000000000000003,s180
129_24,s0.0,s-2.4000000000000004,s0
129_25,s0.35,s-1.6000000000000003,s180
129_26,s1.4400000000000002,s-2.4000000000000004,s0
129_27,s1.79,s-1.6000000000000003,s180
129_28,s2.8800000000000003,s-2.4000000000000004,s0
129_29,s3.2300000000000004,s-1.6000000000000003,s180
129_30,s4.32,s-2.4000000000000004,s0
129_31,s4.67,s-1.6000000000000003,s180
129_32,s-5.760000000000001,s-0.8,s0
129_33,s-5.410000000000001,s0.0,s180
129_34,s-4.32,s-0.8,s0
129_35,s-3.97,s0.0,s180
129_36,s-2.8800000000000003,s-0.8,s0
129_37,s-2.5300000000000002,s0.0,s180
129_38,s-1.4400000000000002,s-0.8,s0
129_39,s-1.0900000000000003,s0.0,s180
129_40,s0.0,s-0.8,s0
129_41,s0.35,s0.0,s180
129_42,s2.8800000000000003,s-0.8,s0
129_43,s3.2300000000000004,s0.0,s180
129_44,s4.32,s-0.8,s0
129_45,s4.67,s0.0,s180
129_46,s-5.760000000000001,s0.8,s0
129_47,s-5.410000000000001,s1.6,s180
129_48,s-4.32,s0.8,s0
129_49,s-3.97,s1.6,s180
129_50,s-2.8800000000000003,s0.8,s0
129_51,s-2.5300000000000002,s1.6,s180
129_52,s-1.4400000000000002,s0.8,s0
129_53,s-1.0900000000000003,s1.6,s180
129_54,s0.0,s0.8,s0
129_55,s0.35,s1.6,s180
129_56,s2.8800000000000003,s0.8,s0
129_57,s3.2300000000000004,s1.6,s180
129_58,s4.32,s0.8,s0
129_59,s4.67,s1.6,s180
129_60,s-2.8800000000000003,s2.4000000000000004,s0
129_61,s-2.5300000000000002,s3.2,s180
129_62,s-5.760000000000001,s4.0,s0
129_63,s-5.410000000000001,s4.8,s180
129_64,s-4.32,s4.0,s0
129_65,s-3.97,s4.8,s180
129_66,s-2.8800000000000003,s4.0,s0
129_67,s-2.5300000000000002,s4.8,s180
129_68,s-1.4400000000000002,s4.0,s0
129_69,s-1.0900000000000003,s4.8,s180
129_70,s0.0,s4.0,s0
129_71,s0.35,s4.8,s180
129_72,s2.8800000000000003,s4.0,s0
129_73,s3.2300000000000004,s4.8,s180
129_74,s4.32,s4.0,s0
129_75,s4.67,s4.8,s180
129_76,s-5.760000000000001,s5.6000000000000005,s0
129_77,s-5.410000000000001,s6.4,s180
129_78,s-4.32,s5.6000000000000005,s0
129_79,s-3.97,s6.4,s180
129_80,s-2.8800000000000003,s5.6000000000000005,s0
129_81,s-2.5300000000000002,s6.4,s180
129_82,s-1.4400000000000002,s5.6000000000000005,s0
129_83,s-1.0900000000000003,s6.4,s180
129_84,s0.0,s5.6000000000000005,s0
129_85,s0.35,s6.4,s180
129_86,s2.8800000000000003,s5.6000000000000005,s0
129_87,s3.2300000000000004,s6.4,s180
129_88,s4.32,s5.6000000000000005,s0
129_89,s4.67,s6.4,s180
129_90,s-0.5450000000000008,s0.3999999999999999,s0
130_0,s-2.8800000000000003,s-5.6000000000000005,s0
130_1,s-2.5300000000000002,s-4.800000000000001,s180
130_2,s-5.760000000000001,s-4.0,s0
130_3,s-5.410000000000001,s-3.2,s180
130_4,s-4.32,s-4.0,s0
130_5,s-3.97,s-3.2,s180
130_6,s-2.8800000000000003,s-4.0,s0
130_7,s-2.5300000000000002,s-3.2,s180
130_8,s-1.4400000000000002,s-4.0,s0
130_9,s-1.0900000000000003,s-3.2,s180
130_10,s0.0,s-4.0,s0
130_11,s0.35,s-3.2,s180
130_12,s2.8800000000000003,s-4.0,s0
130_13,s3.2300000000000004,s-3.2,s180
130_14,s4.32,s-4.0,s0
130_15,s4.67,s-3.2,s180
130_16,s-5.760000000000001,s-2.4000000000000004,s0
130_17,s-5.410000000000001,s-1.6000000000000003,s180
130_18,s-4.32,s-2.4000000000000004,s0
130_19,s-3.97,s-1.6000000000000003,s180
130_20,s-2.8800000000000003,s-2.4000000000000004,s0
130_21,s-2.5300000000000002,s-1.6000000000000003,s180
130_22,s-1.4400000000000002,s-2.4000000000000004,s0
130_23,s-1.0900000000000003,s-1.6000000000000003,s180
130_24,s0.0,s-2.4000000000000004,s0
130_25,s0.35,s-1.6000000000000003,s180
130_26,s1.4400000000000002,s-2.4000000000000004,s0
130_27,s1.79,s-1.6000000000000003,s180
130_28,s2.8800000000000003,s-2.4000000000000004,s0
130_29,s3.2300000000000004,s-1.6000000000000003,s180
130_30,s4.32,s-2.4000000000000004,s0
130_31,s4.67,s-1.6000000000000003,s180
130_32,s-5.760000000000001,s-0.8,s0
130_33,s-5.410000000000001,s0.0,s180
130_34,s-4.32,s-0.8,s0
130_35,s-3.97,s0.0,s180
130_36,s-2.8800000000000003,s-0.8,s0
130_37,s-2.5300000000000002,s0.0,s180
130_38,s-1.4400000000000002,s-0.8,s0
130_39,s-1.0900000000000003,s0.0,s180
130_40,s0.0,s-0.8,s0
130_41,s0.35,s0.0,s180
130_42,s2.8800000000000003,s-0.8,s0
130_43,s3.2300000000000004,s0.0,s180
130_44,s4.32,s-0.8,s0
130_45,s4.67,s0.0,s180
130_46,s-5.760000000000001,s0.8,s0
130_47,s-5.410000000000001,s1.6,s180
130_48,s-4.32,s0.8,s0
130_49,s-3.97,s1.6,s180
130_50,s-2.8800000000000003,s0.8,s0
130_51,s-2.5300000000000002,s1.6,s180
130_52,s-1.4400000000000002,s0.8,s0
130_53,s-1.0900000000000003,s1.6,s180
130_54,s0.0,s0.8,s0
130_55,s0.35,s1.6,s180
130_56,s2.8800000000000003,s0.8,s0
130_57,s3.2300000000000004,s1.6,s180
130_58,s4.32,s0.8,s0
130_59,s4.67,s1.6,s180
130_60,s-2.8800000000000003,s2.4000000000000004,s0
130_61,s-2.5300000000000002,s3.2,s180
130_62,s-5.760000000000001,s4.0,s0
130_63,s-5.410000000000001,s4.8,s180
130_64,s-4.32,s4.0,s0
130_65,s-3.97,s4.8,s180
130_66,s-2.8800000000000003,s4.0,s0
130_67,s-2.5300000000000002,s4.8,s180
130_68,s-1.4400000000000002,s4.0,s0
130_69,s-1.0900000000000003,s4.8,s180
130_70,s0.0,s4.0,s0
130_71,s0.35,s4.8,s180
130_72,s2.8800000000000003,s4.0,s0
130_73,s3.2300000000000004,s4.8,s180
130_74,s4.32,s4.0,s0
130_75,s4.67,s4.8,s180
130_76,s-5.760000000000001,s5.6000000000000005,s0
130_77,s-5.410000000000001,s6.4,s180
130_78,s-4.32,s5.6000000000000005,s0
130_79,s-3.97,s6.4,s180
130_80,s-2.8800000000000003,s5.6000000000000005,s0
130_81,s-2.5300000000000002,s6.4,s180
130_82,s-1.4400000000000002,s5.6000000000000005,s0
130_83,s-1.0900000000000003,s6.4,s180
130_84,s0.0,s5.6000000000000005,s0
130_85,s0.35,s6.4,s180
130_86,s2.8800000000000003,s5.6000000000000005,s0
130_87,s3.2300000000000004,s6.4,s180
130_88,s4.32,s5.6000000000000005,s0
130_89,s4.67,s6.4,s180
131_0,s-2.8800000000000003,s-5.6000000000000005,s0
131_1,s-2.5300000000000002,s-4.800000000000001,s180
131_2,s-5.760000000000001,s-4.0,s0
131_3,s-5.410000000000001,s-3.2,s180
131_4,s-4.32,s-4.0,s0
131_5,s-3.97,s-3.2,s180
131_6,s-2.8800000000000003,s-4.0,s0
131_7,s-2.5300000000000002,s-3.2,s180
131_8,s-1.4400000000000002,s-4.0,s0
131_9,s-1.0900000000000003,s-3.2,s180
131_10,s0.0,s-4.0,s0
131_11,s0.35,s-3.2,s180
131_12,s2.8800000000000003,s-4.0,s0
131_13,s3.2300000000000004,s-3.2,s180
131_14,s4.32,s-4.0,s0
131_15,s4.67,s-3.2,s180
131_16,s-5.760000000000001,s-2.4000000000000004,s0
131_17,s-5.410000000000001,s-1.6000000000000003,s180
131_18,s-4.32,s-2.4000000000000004,s0
131_19,s-3.97,s-1.6000000000000003,s180
131_20,s-2.8800000000000003,s-2.4000000000000004,s0
131_21,s-2.5300000000000002,s-1.6000000000000003,s180
131_22,s-1.4400000000000002,s-2.4000000000000004,s0
131_23,s-1.0900000000000003,s-1.6000000000000003,s180
131_24,s0.0,s-2.4000000000000004,s0
131_25,s0.35,s-1.6000000000000003,s180
131_26,s1.4400000000000002,s-2.4000000000000004,s0
131_27,s1.79,s-1.6000000000000003,s180
131_28,s2.8800000000000003,s-2.4000000000000004,s0
131_29,s3.2300000000000004,s-1.6000000000000003,s180
131_30,s4.32,s-2.4000000000000004,s0
131_31,s4.67,s-1.6000000000000003,s180
131_32,s-5.760000000000001,s-0.8,s0
131_33,s-5.410000000000001,s0.0,s180
131_34,s-4.32,s-0.8,s0
131_35,s-3.97,s0.0,s180
131_36,s-2.8800000000000003,s-0.8,s0
131_37,s-2.5300000000000002,s0.0,s180
131_38,s-1.4400000000000002,s-0.8,s0
131_39,s-1.0900000000000003,s0.0,s180
131_40,s0.0,s-0.8,s0
131_41,s0.35,s0.0,s180
131_42,s2.8800000000000003,s-0.8,s0
131_43,s3.2300000000000004,s0.0,s180
131_44,s4.32,s-0.8,s0
131_45,s4.67,s0.0,s180
131_46,s-5.760000000000001,s0.8,s0
131_47,s-5.410000000000001,s1.6,s180
131_48,s-4.32,s0.8,s0
131_49,s-3.97,s1.6,s180
131_50,s-2.8800000000000003,s0.8,s0
131_51,s-2.5300000000000002,s1.6,s180
131_52,s-1.4400000000000002,s0.8,s0
131_53,s-1.0900000000000003,s1.6,s180
131_54,s0.0,s0.8,s0
131_55,s0.35,s1.6,s180
131_56,s2.8800000000000003,s0.8,s0
131_57,s3.2300000000000004,s1.6,s180
131_58,s4.32,s0.8,s0
131_59,s4.67,s1.6,s180
131_60,s-2.8800000000000003,s2.4000000000000004,s0
131_61,s-2.5300000000000002,s3.2,s180
131_62,s-5.760000000000001,s4.0,s0
131_63,s-5.410000000000001,s4.8,s180
131_64,s-4.32,s4.0,s0
131_65,s-3.97,s4.8,s180
131_66,s-2.8800000000000003,s4.0,s0
131_67,s-2.5300000000000002,s4.8,s180
131_68,s-1.4400000000000002,s4.0,s0
131_69,s-1.0900000000000003,s4.8,s180
131_70,s0.0,s4.0,s0
131_71,s0.35,s4.8,s180
131_72,s2.8800000000000003,s4.0,s0
131_73,s3.2300000000000004,s4.8,s180
131_74,s4.32,s4.0,s0
131_75,s4.67,s4.8,s180
131_76,s-5.760000000000001,s5.6000000000000005,s0
131_77,s-5.410000000000001,s6.4,s180
131_78,s-4.32,s5.6000000000000005,s0
131_79,s-3.97,s6.4,s180
131_80,s-2.8800000000000003,s5.6000000000000005,s0
131_81,s-2.5300000000000002,s6.4,s180
131_82,s-1.4400000000000002,s5.6000000000000005,s0
131_83,s-1.0900000000000003,s6.4,s180
131_84,s0.0,s5.6000000000000005,s0
131_85,s0.35,s6.4,s180
131_86,s2.8800000000000003,s5.6000000000000005,s0
131_87,s3.2300000000000004,s6.4,s180
131_88,s4.32,s5.6000000000000005,s0
131_89,s4.67,s6.4,s180
131_90,s-0.5450000000000008,s0.3999999999999999,s0
132_0,s-2.8800000000000003,s-5.6000000000000005,s0
132_1,s-2.5300000000000002,s-4.800000000000001,s180
132_2,s-5.760000000000001,s-4.0,s0
132_3,s-5.410000000000001,s-3.2,s180
132_4,s-4.32,s-4.0,s0
132_5,s-3.97,s-3.2,s180
132_6,s-2.8800000000000003,s-4.0,s0
132_7,s-2.5300000000000002,s-3.2,s180
132_8,s-1.4400000000000002,s-4.0,s0
132_9,s-1.0900000000000003,s-3.2,s180
132_10,s0.0,s-4.0,s0
132_11,s0.35,s-3.2,s180
132_12,s2.8800000000000003,s-4.0,s0
132_13,s3.2300000000000004,s-3.2,s180
132_14,s4.32,s-4.0,s0
132_15,s4.67,s-3.2,s180
132_16,s-5.760000000000001,s-2.4000000000000004,s0
132_17,s-5.410000000000001,s-1.6000000000000003,s180
132_18,s-4.32,s-2.4000000000000004,s0
132_19,s-3.97,s-1.6000000000000003,s180
132_20,s-2.8800000000000003,s-2.4000000000000004,s0
132_21,s-2.5300000000000002,s-1.6000000000000003,s180
132_22,s-1.4400000000000002,s-2.4000000000000004,s0
132_23,s-1.0900000000000003,s-1.6000000000000003,s180
132_24,s0.0,s-2.4000000000000004,s0
132_25,s0.35,s-1.6000000000000003,s180
132_26,s1.4400000000000002,s-2.4000000000000004,s0
132_27,s1.79,s-1.6000000000000003,s180
132_28,s2.8800000000000003,s-2.4000000000000004,s0
132_29,s3.2300000000000004,s-1.6000000000000003,s180
132_30,s4.32,s-2.4000000000000004,s0
132_31,s4.67,s-1.6000000000000003,s180
132_32,s-5.760000000000001,s-0.8,s0
132_33,s-5.410000000000001,s0.0,s180
132_34,s-4.32,s-0.8,s0
132_35,s-3.97,s0.0,s180
132_36,s-2.8800000000000003,s-0.8,s0
132_37,s-2.5300000000000002,s0.0,s180
132_38,s-1.4400000000000002,s-0.8,s0
132_39,s-1.0900000000000003,s0.0,s180
132_40,s0.0,s-0.8,s0
132_41,s0.35,s0.0,s180
132_42,s2.8800000000000003,s-0.8,s0
132_43,s3.2300000000000004,s0.0,s180
132_44,s4.32,s-0.8,s0
132_45,s4.67,s0.0,s180
132_46,s-5.760000000000001,s0.8,s0
132_47,s-5.410000000000001,s1.6,s180
132_48,s-4.32,s0.8,s0
132_49,s-3.97,s1.6,s180
132_50,s-2.8800000000000003,s0.8,s0
132_51,s-2.5300000000000002,s1.6,s180
132_52,s-1.4400000000000002,s0.8,s0
132_53,s-1.0900000000000003,s1.6,s180
132_54,s0.0,s0.8,s0
132_55,s0.35,s1.6,s180
132_56,s2.8800000000000003,s0.8,s0
132_57,s3.2300000000000004,s1.6,s180
132_58,s4.32,s0.8,s0
132_59,s4.67,s1.6,s180
132_60,s-2.8800000000000003,s2.4000000000000004,s0
132_61,s-2.5300000000000002,s3.2,s180
132_62,s-5.760000000000001,s4.0,s0
132_63,s-5.410000000000001,s4.8,s180
132_64,s-4.32,s4.0,s0
132_65,s-3.97,s4.8,s180
132_66,s-2.8800000000000003,s4.0,s0
132_67,s-2.5300000000000002,s4.8,s180
132_68,s-1.4400000000000002,s4.0,s0
132_69,s-1.0900000000000003,s4.8,s180
132_70,s0.0,s4.0,s0
132_71,s0.35,s4.8,s180
132_72,s2.8800000000000003,s4.0,s0
132_73,s3.2300000000000004,s4.8,s180
132_74,s4.32,s4.0,s0
132_75,s4.67,s4.8,s180
132_76,s-5.760000000000001,s5.6000000000000005,s0
132_77,s-5.410000000000001,s6.4,s180
132_78,s-4.32,s5.6000000000000005,s0
132_79,s-3.97,s6.4,s180
132_80,s-2.8800000000000003,s5.6000000000000005,s0
132_81,s-2.5300000000000002,s6.4,s180
132_82,s-1.4400000000000002,s5.6000000000000005,s0
132_83,s-1.0900000000000003,s6.4,s180
132_84,s0.0,s5.6000000000000005,s0
132_85,s0.35,s6.4,s180
132_86,s2.8800000000000003,s5.6000000000000005,s0
132_87,s3.2300000000000004,s6.4,s180
132_88,s4.32,s5.6000000000000005,s0
132_89,s4.67,s6.4,s180
133_0,s-2.8800000000000003,s-5.6000000000000005,s0
133_1,s-2.5300000000000002,s-4.800000000000001,s180
133_2,s-5.760000000000001,s-4.0,s0
133_3,s-5.410000000000001,s-3.2,s180
133_4,s-4.32,s-4.0,s0
133_5,s-3.97,s-3.2,s180
133_6,s-2.8800000000000003,s-4.0,s0
133_7,s-2.5300000000000002,s-3.2,s180
133_8,s-1.4400000000000002,s-4.0,s0
133_9,s-1.0900000000000003,s-3.2,s180
133_10,s0.0,s-4.0,s0
133_11,s0.35,s-3.2,s180
133_12,s2.8800000000000003,s-4.0,s0
133_13,s3.2300000000000004,s-3.2,s180
133_14,s4.32,s-4.0,s0
133_15,s4.67,s-3.2,s180
133_16,s-5.760000000000001,s-2.4000000000000004,s0
133_17,s-5.410000000000001,s-1.6000000000000003,s180
133_18,s-4.32,s-2.4000000000000004,s0
133_19,s-3.97,s-1.6000000000000003,s180
133_20,s-2.8800000000000003,s-2.4000000000000004,s0
133_21,s-2.5300000000000002,s-1.6000000000000003,s180
133_22,s-1.4400000000000002,s-2.4000000000000004,s0
133_23,s-1.0900000000000003,s-1.6000000000000003,s180
133_24,s0.0,s-2.4000000000000004,s0
133_25,s0.35,s-1.6000000000000003,s180
133_26,s1.4400000000000002,s-2.4000000000000004,s0
133_27,s1.79,s-1.6000000000000003,s180
133_28,s2.8800000000000003,s-2.4000000000000004,s0
133_29,s3.2300000000000004,s-1.6000000000000003,s180
133_30,s4.32,s-2.4000000000000004,s0
133_31,s4.67,s-1.6000000000000003,s180
133_32,s-5.760000000000001,s-0.8,s0
133_33,s-5.410000000000001,s0.0,s180
133_34,s-4.32,s-0.8,s0
133_35,s-3.97,s0.0,s180
133_36,s-2.8800000000000003,s-0.8,s0
133_37,s-2.5300000000000002,s0.0,s180
133_38,s-1.4400000000000002,s-0.8,s0
133_39,s-1.0900000000000003,s0.0,s180
133_40,s0.0,s-0.8,s0
133_41,s0.35,s0.0,s180
133_42,s2.8800000000000003,s-0.8,s0
133_43,s3.2300000000000004,s0.0,s180
133_44,s4.32,s-0.8,s0
133_45,s4.67,s0.0,s180
133_46,s-5.760000000000001,s0.8,s0
133_47,s-5.410000000000001,s1.6,s180
133_48,s-4.32,s0.8,s0
133_49,s-3.97,s1.6,s180
133_50,s-2.8800000000000003,s0.8,s0
133_51,s-2.5300000000000002,s1.6,s180
133_52,s-1.4400000000000002,s0.8,s0
133_53,s-1.0900000000000003,s1.6,s180
133_54,s0.0,s0.8,s0
133_55,s0.35,s1.6,s180
133_56,s2.8800000000000003,s0.8,s0
133_57,s3.2300000000000004,s1.6,s180
133_58,s4.32,s0.8,s0
133_59,s4.67,s1.6,s180
133_60,s-2.8800000000000003,s2.4000000000000004,s0
133_61,s-2.5300000000000002,s3.2,s180
133_62,s-5.760000000000001,s4.0,s0
133_63,s-5.410000000000001,s4.8,s180
133_64,s-4.32,s4.0,s0
133_65,s-3.97,s4.8,s180
133_66,s-2.8800000000000003,s4.0,s0
133_67,s-2.5300000000000002,s4.8,s180
133_68,s-1.4400000000000002,s4.0,s0
133_69,s-1.0900000000000003,s4.8,s180
133_70,s0.0,s4.0,s0
133_71,s0.35,s4.8,s180
133_72,s2.8800000000000003,s4.0,s0
133_73,s3.2300000000000004,s4.8,s180
133_74,s4.32,s4.0,s0
133_75,s4.67,s4.8,s180
133_76,s-5.760000000000001,s5.6000000000000005,s0
133_77,s-5.410000000000001,s6.4,s180
133_78,s-4.32,s5.6000000000000005,s0
133_79,s-3.97,s6.4,s180
133_80,s-2.8800000000000003,s5.6000000000000005,s0
133_81,s-2.5300000000000002,s6.4,s180
133_82,s-1.4400000000000002,s5.6000000000000005,s0
133_83,s-1.0900000000000003,s6.4,s180
133_84,s0.0,s5.6000000000000005,s0
133_85,s0.35,s6.4,s180
133_86,s2.8800000000000003,s5.6000000000000005,s0
133_87,s3.2300000000000004,s6.4,s180
133_88,s4.32,s5.6000000000000005,s0
133_89,s4.67,s6.4,s180
133_90,s-0.5450000000000008,s0.3999999999999999,s0
134_0,s-2.8800000000000003,s-5.6000000000000005,s0
134_1,s-2.5300000000000002,s-4.800000000000001,s180
134_2,s-5.760000000000001,s-4.0,s0
134_3,s-5.410000000000001,s-3.2,s180
134_4,s-4.32,s-4.0,s0
134_5,s-3.97,s-3.2,s180
134_6,s-2.8800000000000003,s-4.0,s0
134_7,s-2.5300000000000002,s-3.2,s180
134_8,s-1.4400000000000002,s-4.0,s0
134_9,s-1.0900000000000003,s-3.2,s180
134_10,s0.0,s-4.0,s0
134_11,s0.35,s-3.2,s180
134_12,s2.8800000000000003,s-4.0,s0
134_13,s3.2300000000000004,s-3.2,s180
134_14,s4.32,s-4.0,s0
134_15,s4.67,s-3.2,s180
134_16,s-5.760000000000001,s-2.4000000000000004,s0
134_17,s-5.410000000000001,s-1.6000000000000003,s180
134_18,s-4.32,s-2.4000000000000004,s0
134_19,s-3.97,s-1.6000000000000003,s180
134_20,s-2.8800000000000003,s-2.4000000000000004,s0
134_21,s-2.5300000000000002,s-1.6000000000000003,s180
134_22,s-1.4400000000000002,s-2.4000000000000004,s0
134_23,s-1.0900000000000003,s-1.6000000000000003,s180
134_24,s0.0,s-2.4000000000000004,s0
134_25,s0.35,s-1.6000000000000003,s180
134_26,s1.4400000000000002,s-2.4000000000000004,s0
134_27,s1.79,s-1.6000000000000003,s180
134_28,s2.8800000000000003,s-2.4000000000000004,s0
134_29,s3.2300000000000004,s-1.6000000000000003,s180
134_30,s4.32,s-2.4000000000000004,s0
134_31,s4.67,s-1.6000000000000003,s180
134_32,s-5.760000000000001,s-0.8,s0
134_33,s-5.410000000000001,s0.0,s180
134_34,s-4.32,s-0.8,s0
134_35,s-3.97,s0.0,s180
134_36,s-2.8800000000000003,s-0.8,s0
134_37,s-2.5300000000000002,s0.0,s180
134_38,s-1.4400000000000002,s-0.8,s0
134_39,s-1.0900000000000003,s0.0,s180
134_40,s0.0,s-0.8,s0
134_41,s0.35,s0.0,s180
134_42,s2.8800000000000003,s-0.8,s0
134_43,s3.2300000000000004,s0.0,s180
134_44,s4.32,s-0.8,s0
134_45,s4.67,s0.0,s180
134_46,s-5.760000000000001,s0.8,s0
134_47,s-5.410000000000001,s1.6,s180
134_48,s-4.32,s0.8,s0
134_49,s-3.97,s1.6,s180
134_50,s-2.8800000000000003,s0.8,s0
134_51,s-2.5300000000000002,s1.6,s180
134_52,s-1.4400000000000002,s0.8,s0
134_53,s-1.0900000000000003,s1.6,s180
134_54,s0.0,s0.8,s0
134_55,s0.35,s1.6,s180
134_56,s2.8800000000000003,s0.8,s0
134_57,s3.2300000000000004,s1.6,s180
134_58,s4.32,s0.8,s0
134_59,s4.67,s1.6,s180
134_60,s-2.8800000000000003,s2.4000000000000004,s0
134_61,s-2.5300000000000002,s3.2,s180
134_62,s-5.760000000000001,s4.0,s0
134_63,s-5.410000000000001,s4.8,s180
134_64,s-4.32,s4.0,s0
134_65,s-3.97,s4.8,s180
134_66,s-2.8800000000000003,s4.0,s0
134_67,s-2.5300000000000002,s4.8,s180
134_68,s-1.4400000000000002,s4.0,s0
134_69,s-1.0900000000000003,s4.8,s180
134_70,s0.0,s4.0,s0
134_71,s0.35,s4.8,s180
134_72,s2.8800000000000003,s4.0,s0
134_73,s3.2300000000000004,s4.8,s180
134_74,s4.32,s4.0,s0
134_75,s4.67,s4.8,s180
134_76,s-5.760000000000001,s5.6000000000000005,s0
134_77,s-5.410000000000001,s6.4,s180
134_78,s-4.32,s5.6000000000000005,s0
134_79,s-3.97,s6.4,s180
134_80,s-2.8800000000000003,s5.6000000000000005,s0
134_81,s-2.5300000000000002,s6.4,s180
134_82,s-1.4400000000000002,s5.6000000000000005,s0
134_83,s-1.0900000000000003,s6.4,s180
134_84,s0.0,s5.6000000000000005,s0
134_85,s0.35,s6.4,s180
134_86,s2.8800000000000003,s5.6000000000000005,s0
134_87,s3.2300000000000004,s6.4,s180
134_88,s4.32,s5.6000000000000005,s0
134_89,s4.67,s6.4,s180
135_0,s-2.8800000000000003,s-5.6000000000000005,s0
135_1,s-2.5300000000000002,s-4.800000000000001,s180
135_2,s-5.760000000000001,s-4.0,s0
135_3,s-5.410000000000001,s-3.2,s180
135_4,s-4.32,s-4.0,s0
135_5,s-3.97,s-3.2,s180
135_6,s-2.8800000000000003,s-4.0,s0
135_7,s-2.5300000000000002,s-3.2,s180
135_8,s-1.4400000000000002,s-4.0,s0
135_9,s-1.0900000000000003,s-3.2,s180
135_10,s0.0,s-4.0,s0
135_11,s0.35,s-3.2,s180
135_12,s2.8800000000000003,s-4.0,s0
135_13,s3.2300000000000004,s-3.2,s180
135_14,s4.32,s-4.0,s0
135_15,s4.67,s-3.2,s180
135_16,s-5.760000000000001,s-2.4000000000000004,s0
135_17,s-5.410000000000001,s-1.6000000000000003,s180
135_18,s-4.32,s-2.4000000000000004,s0
135_19,s-3.97,s-1.6000000000000003,s180
135_20,s-2.8800000000000003,s-2.4000000000000004,s0
135_21,s-2.5300000000000002,s-1.6000000000000003,s180
135_22,s-1.4400000000000002,s-2.4000000000000004,s0
135_23,s-1.0900000000000003,s-1.6000000000000003,s180
135_24,s0.0,s-2.4000000000000004,s0
135_25,s0.35,s-1.6000000000000003,s180
135_26,s1.4400000000000002,s-2.4000000000000004,s0
135_27,s1.79,s-1.6000000000000003,s180
135_28,s2.8800000000000003,s-2.4000000000000004,s0
135_29,s3.2300000000000004,s-1.6000000000000003,s180
135_30,s4.32,s-2.4000000000000004,s0
135_31,s4.67,s-1.6000000000000003,s180
135_32,s-5.760000000000001,s-0.8,s0
135_33,s-5.410000000000001,s0.0,s180
135_34,s-4.32,s-0.8,s0
135_35,s-3.97,s0.0,s180
135_36,s-2.8800000000000003,s-0.8,s0
135_37,s-2.5300000000000002,s0.0,s180
135_38,s-1.4400000000000002,s-0.8,s0
135_39,s-1.0900000000000003,s0.0,s180
135_40,s0.0,s-0.8,s0
135_41,s0.35,s0.0,s180
135_42,s2.8800000000000003,s-0.8,s0
135_43,s3.2300000000000004,s0.0,s180
135_44,s4.32,s-0.8,s0
135_45,s4.67,s0.0,s180
135_46,s-5.760000000000001,s0.8,s0
135_47,s-5.410000000000001,s1.6,s180
135_48,s-4.32,s0.8,s0
135_49,s-3.97,s1.6,s180
135_50,s-2.8800000000000003,s0.8,s0
135_51,s-2.5300000000000002,s1.6,s180
135_52,s-1.4400000000000002,s0.8,s0
135_53,s-1.0900000000000003,s1.6,s180
135_54,s0.0,s0.8,s0
135_55,s0.35,s1.6,s180
135_56,s2.8800000000000003,s0.8,s0
135_57,s3.2300000000000004,s1.6,s180
135_58,s4.32,s0.8,s0
135_59,s4.67,s1.6,s180
135_60,s-2.8800000000000003,s2.4000000000000004,s0
135_61,s-2.5300000000000002,s3.2,s180
135_62,s-5.760000000000001,s4.0,s0
135_63,s-5.410000000000001,s4.8,s180
135_64,s-4.32,s4.0,s0
135_65,s-3.97,s4.8,s180
135_66,s-2.8800000000000003,s4.0,s0
135_67,s-2.5300000000000002,s4.8,s180
135_68,s-1.4400000000000002,s4.0,s0
135_69,s-1.0900000000000003,s4.8,s180
135_70,s0.0,s4.0,s0
135_71,s0.35,s4.8,s180
135_72,s2.8800000000000003,s4.0,s0
135_73,s3.2300000000000004,s4.8,s180
135_74,s4.32,s4.0,s0
135_75,s4.67,s4.8,s180
135_76,s-5.760000000000001,s5.6000000000000005,s0
135_77,s-5.410000000000001,s6.4,s180
135_78,s-4.32,s5.6000000000000005,s0
135_79,s-3.97,s6.4,s180
135_80,s-2.8800000000000003,s5.6000000000000005,s0
135_81,s-2.5300000000000002,s6.4,s180
135_82,s-1.4400000000000002,s5.6000000000000005,s0
135_83,s-1.0900000000000003,s6.4,s180
135_84,s0.0,s5.6000000000000005,s0
135_85,s0.35,s6.4,s180
135_86,s2.8800000000000003,s5.6000000000000005,s0
135_87,s3.2300000000000004,s6.4,s180
135_88,s4.32,s5.6000000000000005,s0
135_89,s4.67,s6.4,s180
135_90,s-0.5450000000000008,s0.3999999999999999,s0
136_0,s-2.8800000000000003,s-5.6000000000000005,s0
136_1,s-2.5300000000000002,s-4.800000000000001,s180
136_2,s-5.760000000000001,s-4.0,s0
136_3,s-5.410000000000001,s-3.2,s180
136_4,s-4.32,s-4.0,s0
136_5,s-3.97,s-3.2,s180
136_6,s-2.8800000000000003,s-4.0,s0
136_7,s-2.5300000000000002,s-3.2,s180
136_8,s-1.4400000000000002,s-4.0,s0
136_9,s-1.0900000000000003,s-3.2,s180
136_10,s0.0,s-4.0,s0
136_11,s0.35,s-3.2,s180
136_12,s2.8800000000000003,s-4.0,s0
136_13,s3.2300000000000004,s-3.2,s180
136_14,s4.32,s-4.0,s0
136_15,s4.67,s-3.2,s180
136_16,s-5.760000000000001,s-2.4000000000000004,s0
136_17,s-5.410000000000001,s-1.6000000000000003,s180
136_18,s-4.32,s-2.4000000000000004,s0
136_19,s-3.97,s-1.6000000000000003,s180
136_20,s-2.8800000000000003,s-2.4000000000000004,s0
136_21,s-2.5300000000000002,s-1.6000000000000003,s180
136_22,s-1.4400000000000002,s-2.4000000000000004,s0
136_23,s-1.0900000000000003,s-1.6000000000000003,s180
136_24,s0.0,s-2.4000000000000004,s0
136_25,s0.35,s-1.6000000000000003,s180
136_26,s1.4400000000000002,s-2.4000000000000004,s0
136_27,s1.79,s-1.6000000000000003,s180
136_28,s2.8800000000000003,s-2.4000000000000004,s0
136_29,s3.2300000000000004,s-1.6000000000000003,s180
136_30,s4.32,s-2.4000000000000004,s0
136_31,s4.67,s-1.6000000000000003,s180
136_32,s-5.760000000000001,s-0.8,s0
136_33,s-5.410000000000001,s0.0,s180
136_34,s-4.32,s-0.8,s0
136_35,s-3.97,s0.0,s180
136_36,s-2.8800000000000003,s-0.8,s0
136_37,s-2.5300000000000002,s0.0,s180
136_38,s-1.4400000000000002,s-0.8,s0
136_39,s-1.0900000000000003,s0.0,s180
136_40,s0.0,s-0.8,s0
136_41,s0.35,s0.0,s180
136_42,s2.8800000000000003,s-0.8,s0
136_43,s3.2300000000000004,s0.0,s180
136_44,s4.32,s-0.8,s0
136_45,s4.67,s0.0,s180
136_46,s-5.760000000000001,s0.8,s0
136_47,s-5.410000000000001,s1.6,s180
136_48,s-4.32,s0.8,s0
136_49,s-3.97,s1.6,s180
136_50,s-2.8800000000000003,s0.8,s0
136_51,s-2.5300000000000002,s1.6,s180
136_52,s-1.4400000000000002,s0.8,s0
136_53,s-1.0900000000000003,s1.6,s180
136_54,s0.0,s0.8,s0
136_55,s0.35,s1.6,s180
136_56,s2.8800000000000003,s0.8,s0
136_57,s3.2300000000000004,s1.6,s180
136_58,s4.32,s0.8,s0
136_59,s4.67,s1.6,s180
136_60,s-2.8800000000000003,s2.4000000000000004,s0
136_61,s-2.5300000000000002,s3.2,s180
136_62,s-5.760000000000001,s4.0,s0
136_63,s-5.410000000000001,s4.8,s180
136_64,s-4.32,s4.0,s0
136_65,s-3.97,s4.8,s180
136_66,s-2.8800000000000003,s4.0,s0
136_67,s-2.5300000000000002,s4.8,s180
136_68,s-1.4400000000000002,s4.0,s0
136_69,s-1.0900000000000003,s4.8,s180
136_70,s0.0,s4.0,s0
136_71,s0.35,s4.8,s180
136_72,s2.8800000000000003,s4.0,s0
136_73,s3.2300000000000004,s4.8,s180
136_74,s4.32,s4.0,s0
136_75,s4.67,s4.8,s180
136_76,s-5.760000000000001,s5.6000000000000005,s0
136_77,s-5.410000000000001,s6.4,s180
136_78,s-4.32,s5.6000000000000005,s0
136_79,s-3.97,s6.4,s180
136_80,s-2.8800000000000003,s5.6000000000000005,s0
136_81,s-2.5300000000000002,s6.4,s180
136_82,s-1.4400000000000002,s5.6000000000000005,s0
136_83,s-1.0900000000000003,s6.4,s180
136_84,s0.0,s5.6000000000000005,s0
136_85,s0.35,s6.4,s180
136_86,s2.8800000000000003,s5.6000000000000005,s0
136_87,s3.2300000000000004,s6.4,s180
136_88,s4.32,s5.6000000000000005,s0
136_89,s4.67,s6.4,s180
137_0,s-2.8800000000000003,s-5.6000000000000005,s0
137_1,s-2.5300000000000002,s-4.800000000000001,s180
137_2,s-5.760000000000001,s-4.0,s0
137_3,s-5.410000000000001,s-3.2,s180
137_4,s-4.32,s-4.0,s0
137_5,s-3.97,s-3.2,s180
137_6,s-2.8800000000000003,s-4.0,s0
137_7,s-2.5300000000000002,s-3.2,s180
137_8,s-1.4400000000000002,s-4.0,s0
137_9,s-1.0900000000000003,s-3.2,s180
137_10,s0.0,s-4.0,s0
137_11,s0.35,s-3.2,s180
137_12,s2.8800000000000003,s-4.0,s0
137_13,s3.2300000000000004,s-3.2,s180
137_14,s4.32,s-4.0,s0
137_15,s4.67,s-3.2,s180
137_16,s-5.760000000000001,s-2.4000000000000004,s0
137_17,s-5.410000000000001,s-1.6000000000000003,s180
137_18,s-4.32,s-2.4000000000000004,s0
137_19,s-3.97,s-1.6000000000000003,s180
137_20,s-2.8800000000000003,s-2.4000000000000004,s0
137_21,s-2.5300000000000002,s-1.6000000000000003,s180
137_22,s-1.4400000000000002,s-2.4000000000000004,s0
137_23,s-1.0900000000000003,s-1.6000000000000003,s180
137_24,s0.0,s-2.4000000000000004,s0
137_25,s0.35,s-1.6000000000000003,s180
137_26,s1.4400000000000002,s-2.4000000000000004,s0
137_27,s1.79,s-1.6000000000000003,s180
137_28,s2.8800000000000003,s-2.4000000000000004,s0
137_29,s3.2300000000000004,s-1.6000000000000003,s180
137_30,s4.32,s-2.4000000000000004,s0
137_31,s4.67,s-1.6000000000000003,s180
137_32,s-5.760000000000001,s-0.8,s0
137_33,s-5.410000000000001,s0.0,s180
137_34,s-4.32,s-0.8,s0
137_35,s-3.97,s0.0,s180
137_36,s-2.8800000000000003,s-0.8,s0
137_37,s-2.5300000000000002,s0.0,s180
137_38,s-1.4400000000000002,s-0.8,s0
137_39,s-1.0900000000000003,s0.0,s180
137_40,s0.0,s-0.8,s0
137_41,s0.35,s0.0,s180
137_42,s2.8800000000000003,s-0.8,s0
137_43,s3.2300000000000004,s0.0,s180
137_44,s4.32,s-0.8,s0
137_45,s4.67,s0.0,s180
137_46,s-5.760000000000001,s0.8,s0
137_47,s-5.410000000000001,s1.6,s180
137_48,s-4.32,s0.8,s0
137_49,s-3.97,s1.6,s180
137_50,s-2.8800000000000003,s0.8,s0
137_51,s-2.5300000000000002,s1.6,s180
137_52,s-1.4400000000000002,s0.8,s0
137_53,s-1.0900000000000003,s1.6,s180
137_54,s0.0,s0.8,s0
137_55,s0.35,s1.6,s180
137_56,s2.8800000000000003,s0.8,s0
137_57,s3.2300000000000004,s1.6,s180
137_58,s4.32,s0.8,s0
137_59,s4.67,s1.6,s180
137_60,s-2.8800000000000003,s2.4000000000000004,s0
137_61,s-2.5300000000000002,s3.2,s180
137_62,s-5.760000000000001,s4.0,s0
137_63,s-5.410000000000001,s4.8,s180
137_64,s-4.32,s4.0,s0
137_65,s-3.97,s4.8,s180
137_66,s-2.8800000000000003,s4.0,s0
137_67,s-2.5300000000000002,s4.8,s180
137_68,s-1.4400000000000002,s4.0,s0
137_69,s-1.0900000000000003,s4.8,s180
137_70,s0.0,s4.0,s0
137_71,s0.35,s4.8,s180
137_72,s2.8800000000000003,s4.0,s0
137_73,s3.2300000000000004,s4.8,s180
137_74,s4.32,s4.0,s0
137_75,s4.67,s4.8,s180
137_76,s-5.760000000000001,s5.6000000000000005,s0
137_77,s-5.410000000000001,s6.4,s180
137_78,s-4.32,s5.6000000000000005,s0
137_79,s-3.97,s6.4,s180
137_80,s-2.8800000000000003,s5.6000000000000005,s0
137_81,s-2.5300000000000002,s6.4,s180
137_82,s-1.4400000000000002,s5.6000000000000005,s0
137_83,s-1.0900000000000003,s6.4,s180
137_84,s0.0,s5.6000000000000005,s0
137_85,s0.35,s6.4,s180
137_86,s2.8800000000000003,s5.6000000000000005,s0
137_87,s3.2300000000000004,s6.4,s180
137_88,s4.32,s5.6000000000000005,s0
137_89,s4.67,s6.4,s180
137_90,s-0.5450000000000008,s0.3999999999999999,s0
138_0,s-2.8800000000000003,s-5.6000000000000005,s0
138_1,s-2.5300000000000002,s-4.800000000000001,s180
138_2,s-5.760000000000001,s-4.0,s0
138_3,s-5.410000000000001,s-3.2,s180
138_4,s-4.32,s-4.0,s0
138_5,s-3.97,s-3.2,s180
138_6,s-2.8800000000000003,s-4.0,s0
138_7,s-2.5300000000000002,s-3.2,s180
138_8,s-1.4400000000000002,s-4.0,s0
138_9,s-1.0900000000000003,s-3.2,s180
138_10,s0.0,s-4.0,s0
138_11,s0.35,s-3.2,s180
138_12,s2.8800000000000003,s-4.0,s0
138_13,s3.2300000000000004,s-3.2,s180
138_14,s4.32,s-4.0,s0
138_15,s4.67,s-3.2,s180
138_16,s-5.760000000000001,s-2.4000000000000004,s0
138_17,s-5.410000000000001,s-1.6000000000000003,s180
138_18,s-4.32,s-2.4000000000000004,s0
138_19,s-3.97,s-1.6000000000000003,s180
138_20,s-2.8800000000000003,s-2.4000000000000004,s0
138_21,s-2.5300000000000002,s-1.6000000000000003,s180
138_22,s-1.4400000000000002,s-2.4000000000000004,s0
138_23,s-1.0900000000000003,s-1.6000000000000003,s180
138_24,s0.0,s-2.4000000000000004,s0
138_25,s0.35,s-1.6000000000000003,s180
138_26,s1.4400000000000002,s-2.4000000000000004,s0
138_27,s1.79,s-1.6000000000000003,s180
138_28,s2.8800000000000003,s-2.4000000000000004,s0
138_29,s3.2300000000000004,s-1.6000000000000003,s180
138_30,s4.32,s-2.4000000000000004,s0
138_31,s4.67,s-1.6000000000000003,s180
138_32,s-5.760000000000001,s-0.8,s0
138_33,s-5.410000000000001,s0.0,s180
138_34,s-4.32,s-0.8,s0
138_35,s-3.97,s0.0,s180
138_36,s-2.8800000000000003,s-0.8,s0
138_37,s-2.5300000000000002,s0.0,s180
138_38,s-1.4400000000000002,s-0.8,s0
138_39,s-1.0900000000000003,s0.0,s180
138_40,s0.0,s-0.8,s0
138_41,s0.35,s0.0,s180
138_42,s2.8800000000000003,s-0.8,s0
138_43,s3.2300000000000004,s0.0,s180
138_44,s4.32,s-0.8,s0
138_45,s4.67,s0.0,s180
138_46,s-5.760000000000001,s0.8,s0
138_47,s-5.410000000000001,s1.6,s180
138_48,s-4.32,s0.8,s0
138_49,s-3.97,s1.6,s180
138_50,s-2.8800000000000003,s0.8,s0
138_51,s-2.5300000000000002,s1.6,s180
138_52,s-1.4400000000000002,s0.8,s0
138_53,s-1.0900000000000003,s1.6,s180
138_54,s0.0,s0.8,s0
138_55,s0.35,s1.6,s180
138_56,s2.8800000000000003,s0.8,s0
138_57,s3.2300000000000004,s1.6,s180
138_58,s4.32,s0.8,s0
138_59,s4.67,s1.6,s180
138_60,s-2.8800000000000003,s2.4000000000000004,s0
138_61,s-2.5300000000000002,s3.2,s180
138_62,s-5.760000000000001,s4.0,s0
138_63,s-5.410000000000001,s4.8,s180
138_64,s-4.32,s4.0,s0
138_65,s-3.97,s4.8,s180
138_66,s-2.8800000000000003,s4.0,s0
138_67,s-2.5300000000000002,s4.8,s180
138_68,s-1.4400000000000002,s4.0,s0
138_69,s-1.0900000000000003,s4.8,s180
138_70,s0.0,s4.0,s0
138_71,s0.35,s4.8,s180
138_72,s2.8800000000000003,s4.0,s0
138_73,s3.2300000000000004,s4.8,s180
138_74,s4.32,s4.0,s0
138_75,s4.67,s4.8,s180
138_76,s-5.760000000000001,s5.6000000000000005,s0
138_77,s-5.410000000000001,s6.4,s180
138_78,s-4.32,s5.6000000000000005,s0
138_79,s-3.97,s6.4,s180
138_80,s-2.8800000000000003,s5.6000000000000005,s0
138_81,s-2.5300000000000002,s6.4,s180
138_82,s-1.4400000000000002,s5.6000000000000005,s0
138_83,s-1.0900000000000003,s6.4,s180
138_84,s0.0,s5.6000000000000005,s0
138_85,s0.35,s6.4,s180
138_86,s2.8800000000000003,s5.6000000000000005,s0
138_87,s3.2300000000000004,s6.4,s180
138_88,s4.32,s5.6000000000000005,s0
138_89,s4.67,s6.4,s180
139_0,s-2.8800000000000003,s-5.6000000000000005,s0
139_1,s-2.5300000000000002,s-4.800000000000001,s180
139_2,s-5.760000000000001,s-4.0,s0
139_3,s-5.410000000000001,s-3.2,s180
139_4,s-4.32,s-4.0,s0
139_5,s-3.97,s-3.2,s180
139_6,s-2.8800000000000003,s-4.0,s0
139_7,s-2.5300000000000002,s-3.2,s180
139_8,s-1.4400000000000002,s-4.0,s0
139_9,s-1.0900000000000003,s-3.2,s180
139_10,s0.0,s-4.0,s0
139_11,s0.35,s-3.2,s180
139_12,s2.8800000000000003,s-4.0,s0
139_13,s3.2300000000000004,s-3.2,s180
139_14,s4.32,s-4.0,s0
139_15,s4.67,s-3.2,s180
139_16,s-5.760000000000001,s-2.4000000000000004,s0
139_17,s-5.410000000000001,s-1.6000000000000003,s180
139_18,s-4.32,s-2.4000000000000004,s0
139_19,s-3.97,s-1.6000000000000003,s180
139_20,s-2.8800000000000003,s-2.4000000000000004,s0
139_21,s-2.5300000000000002,s-1.6000000000000003,s180
139_22,s-1.4400000000000002,s-2.4000000000000004,s0
139_23,s-1.0900000000000003,s-1.6000000000000003,s180
139_24,s0.0,s-2.4000000000000004,s0
139_25,s0.35,s-1.6000000000000003,s180
139_26,s1.4400000000000002,s-2.4000000000000004,s0
139_27,s1.79,s-1.6000000000000003,s180
139_28,s2.8800000000000003,s-2.4000000000000004,s0
139_29,s3.2300000000000004,s-1.6000000000000003,s180
139_30,s4.32,s-2.4000000000000004,s0
139_31,s4.67,s-1.6000000000000003,s180
139_32,s-5.760000000000001,s-0.8,s0
139_33,s-5.410000000000001,s0.0,s180
139_34,s-4.32,s-0.8,s0
139_35,s-3.97,s0.0,s180
139_36,s-2.8800000000000003,s-0.8,s0
139_37,s-2.5300000000000002,s0.0,s180
139_38,s-1.4400000000000002,s-0.8,s0
139_39,s-1.0900000000000003,s0.0,s180
139_40,s0.0,s-0.8,s0
139_41,s0.35,s0.0,s180
139_42,s2.8800000000000003,s-0.8,s0
139_43,s3.2300000000000004,s0.0,s180
139_44,s4.32,s-0.8,s0
139_45,s4.67,s0.0,s180
139_46,s-5.760000000000001,s0.8,s0
139_47,s-5.410000000000001,s1.6,s180
139_48,s-4.32,s0.8,s0
139_49,s-3.97,s1.6,s180
139_50,s-2.8800000000000003,s0.8,s0
139_51,s-2.5300000000000002,s1.6,s180
139_52,s-1.4400000000000002,s0.8,s0
139_53,s-1.0900000000000003,s1.6,s180
139_54,s0.0,s0.8,s0
139_55,s0.35,s1.6,s180
139_56,s2.8800000000000003,s0.8,s0
139_57,s3.2300000000000004,s1.6,s180
139_58,s4.32,s0.8,s0
139_59,s4.67,s1.6,s180
139_60,s-2.8800000000000003,s2.4000000000000004,s0
139_61,s-2.5300000000000002,s3.2,s180
139_62,s-5.760000000000001,s4.0,s0
139_63,s-5.410000000000001,s4.8,s180
139_64,s-4.32,s4.0,s0
139_65,s-3.97,s4.8,s180
139_66,s-2.8800000000000003,s4.0,s0
139_67,s-2.5300000000000002,s4.8,s180
139_68,s-1.4400000000000002,s4.0,s0
139_69,s-1.0900000000000003,s4.8,s180
139_70,s0.0,s4.0,s0
139_71,s0.35,s4.8,s180
139_72,s2.8800000000000003,s4.0,s0
139_73,s3.2300000000000004,s4.8,s180
139_74,s4.32,s4.0,s0
139_75,s4.67,s4.8,s180
139_76,s-5.760000000000001,s5.6000000000000005,s0
139_77,s-5.410000000000001,s6.4,s180
139_78,s-4.32,s5.6000000000000005,s0
139_79,s-3.97,s6.4,s180
139_80,s-2.8800000000000003,s5.6000000000000005,s0
139_81,s-2.5300000000000002,s6.4,s180
139_82,s-1.4400000000000002,s5.6000000000000005,s0
139_83,s-1.0900000000000003,s6.4,s180
139_84,s0.0,s5.6000000000000005,s0
139_85,s0.35,s6.4,s180
139_86,s2.8800000000000003,s5.6000000000000005,s0
139_87,s3.2300000000000004,s6.4,s180
139_88,s4.32,s5.6000000000000005,s0
139_89,s4.67,s6.4,s180
139_90,s-0.5450000000000008,s0.3999999999999999,s0
140_0,s-2.8800000000000003,s-5.6000000000000005,s0
140_1,s-2.5300000000000002,s-4.800000000000001,s180
140_2,s-5.760000000000001,s-4.0,s0
140_3,s-5.410000000000001,s-3.2,s180
140_4,s-4.32,s-4.0,s0
140_5,s-3.97,s-3.2,s180
140_6,s-2.8800000000000003,s-4.0,s0
140_7,s-2.5300000000000002,s-3.2,s180
140_8,s-1.4400000000000002,s-4.0,s0
140_9,s-1.0900000000000003,s-3.2,s180
140_10,s0.0,s-4.0,s0
140_11,s0.35,s-3.2,s180
140_12,s2.8800000000000003,s-4.0,s0
140_13,s3.2300000000000004,s-3.2,s180
140_14,s4.32,s-4.0,s0
140_15,s4.67,s-3.2,s180
140_16,s-5.760000000000001,s-2.4000000000000004,s0
140_17,s-5.410000000000001,s-1.6000000000000003,s180
140_18,s-4.32,s-2.4000000000000004,s0
140_19,s-3.97,s-1.6000000000000003,s180
140_20,s-2.8800000000000003,s-2.4000000000000004,s0
140_21,s-2.5300000000000002,s-1.6000000000000003,s180
140_22,s-1.4400000000000002,s-2.4000000000000004,s0
140_23,s-1.0900000000000003,s-1.6000000000000003,s180
140_24,s0.0,s-2.4000000000000004,s0
140_25,s0.35,s-1.6000000000000003,s180
140_26,s1.4400000000000002,s-2.4000000000000004,s0
140_27,s1.79,s-1.6000000000000003,s180
140_28,s2.8800000000000003,s-2.4000000000000004,s0
140_29,s3.2300000000000004,s-1.6000000000000003,s180
140_30,s4.32,s-2.4000000000000004,s0
140_31,s4.67,s-1.6000000000000003,s180
140_32,s-5.760000000000001,s-0.8,s0
140_33,s-5.410000000000001,s0.0,s180
140_34,s-4.32,s-0.8,s0
140_35,s-3.97,s0.0,s180
140_36,s-2.8800000000000003,s-0.8,s0
140_37,s-2.5300000000000002,s0.0,s180
140_38,s-1.4400000000000002,s-0.8,s0
140_39,s-1.0900000000000003,s0.0,s180
140_40,s0.0,s-0.8,s0
140_41,s0.35,s0.0,s180
140_42,s2.8800000000000003,s-0.8,s0
140_43,s3.2300000000000004,s0.0,s180
140_44,s4.32,s-0.8,s0
140_45,s4.67,s0.0,s180
140_46,s-5.760000000000001,s0.8,s0
140_47,s-5.410000000000001,s1.6,s180
140_48,s-4.32,s0.8,s0
140_49,s-3.97,s1.6,s180
140_50,s-2.8800000000000003,s0.8,s0
140_51,s-2.5300000000000002,s1.6,s180
140_52,s-1.4400000000000002,s0.8,s0
140_53,s-1.0900000000000003,s1.6,s180
140_54,s0.0,s0.8,s0
140_55,s0.35,s1.6,s180
140_56,s2.8800000000000003,s0.8,s0
140_57,s3.2300000000000004,s1.6,s180
140_58,s4.32,s0.8,s0
140_59,s4.67,s1.6,s180
140_60,s-2.8800000000000003,s2.4000000000000004,s0
140_61,s-2.5300000000000002,s3.2,s180
140_62,s-5.760000000000001,s4.0,s0
140_63,s-5.410000000000001,s4.8,s180
140_64,s-4.32,s4.0,s0
140_65,s-3.97,s4.8,s180
140_66,s-2.8800000000000003,s4.0,s0
140_67,s-2.5300000000000002,s4.8,s180
140_68,s-1.4400000000000002,s4.0,s0
140_69,s-1.0900000000000003,s4.8,s180
140_70,s0.0,s4.0,s0
140_71,s0.35,s4.8,s180
140_72,s2.8800000000000003,s4.0,s0
140_73,s3.2300000000000004,s4.8,s180
140_74,s4.32,s4.0,s0
140_75,s4.67,s4.8,s180
140_76,s-5.760000000000001,s5.6000000000000005,s0
140_77,s-5.410000000000001,s6.4,s180
140_78,s-4.32,s5.6000000000000005,s0
140_79,s-3.97,s6.4,s180
140_80,s-2.8800000000000003,s5.6000000000000005,s0
140_81,s-2.5300000000000002,s6.4,s180
140_82,s-1.4400000000000002,s5.6000000000000005,s0
140_83,s-1.0900000000000003,s6.4,s180
140_84,s0.0,s5.6000000000000005,s0
140_85,s0.35,s6.4,s180
140_86,s2.8800000000000003,s5.6000000000000005,s0
140_87,s3.2300000000000004,s6.4,s180
140_88,s4.32,s5.6000000000000005,s0
140_89,s4.67,s6.4,s180
141_0,s-2.8800000000000003,s-5.6000000000000005,s0
141_1,s-2.5300000000000002,s-4.800000000000001,s180
141_2,s-5.760000000000001,s-4.0,s0
141_3,s-5.410000000000001,s-3.2,s180
141_4,s-4.32,s-4.0,s0
141_5,s-3.97,s-3.2,s180
141_6,s-2.8800000000000003,s-4.0,s0
141_7,s-2.5300000000000002,s-3.2,s180
141_8,s-1.4400000000000002,s-4.0,s0
141_9,s-1.0900000000000003,s-3.2,s180
141_10,s0.0,s-4.0,s0
141_11,s0.35,s-3.2,s180
141_12,s2.8800000000000003,s-4.0,s0
141_13,s3.2300000000000004,s-3.2,s180
141_14,s4.32,s-4.0,s0
141_15,s4.67,s-3.2,s180
141_16,s-5.760000000000001,s-2.4000000000000004,s0
141_17,s-5.410000000000001,s-1.6000000000000003,s180
141_18,s-4.32,s-2.4000000000000004,s0
141_19,s-3.97,s-1.6000000000000003,s180
141_20,s-2.8800000000000003,s-2.4000000000000004,s0
141_21,s-2.5300000000000002,s-1.6000000000000003,s180
141_22,s-1.4400000000000002,s-2.4000000000000004,s0
141_23,s-1.0900000000000003,s-1.6000000000000003,s180
141_24,s0.0,s-2.4000000000000004,s0
141_25,s0.35,s-1.6000000000000003,s180
141_26,s1.4400000000000002,s-2.4000000000000004,s0
141_27,s1.79,s-1.6000000000000003,s180
141_28,s2.8800000000000003,s-2.4000000000000004,s0
141_29,s3.2300000000000004,s-1.6000000000000003,s180
141_30,s4.32,s-2.4000000000000004,s0
141_31,s4.67,s-1.6000000000000003,s180
141_32,s-5.760000000000001,s-0.8,s0
141_33,s-5.410000000000001,s0.0,s180
141_34,s-4.32,s-0.8,s0
141_35,s-3.97,s0.0,s180
141_36,s-2.8800000000000003,s-0.8,s0
141_37,s-2.5300000000000002,s0.0,s180
141_38,s-1.4400000000000002,s-0.8,s0
141_39,s-1.0900000000000003,s0.0,s180
141_40,s0.0,s-0.8,s0
141_41,s0.35,s0.0,s180
141_42,s2.8800000000000003,s-0.8,s0
141_43,s3.2300000000000004,s0.0,s180
141_44,s4.32,s-0.8,s0
141_45,s4.67,s0.0,s180
141_46,s-5.760000000000001,s0.8,s0
141_47,s-5.410000000000001,s1.6,s180
141_48,s-4.32,s0.8,s0
141_49,s-3.97,s1.6,s180
141_50,s-2.8800000000000003,s0.8,s0
141_51,s-2.5300000000000002,s1.6,s180
141_52,s-1.4400000000000002,s0.8,s0
141_53,s-1.0900000000000003,s1.6,s180
141_54,s0.0,s0.8,s0
141_55,s0.35,s1.6,s180
141_56,s2.8800000000000003,s0.8,s0
141_57,s3.2300000000000004,s1.6,s180
141_58,s4.32,s0.8,s0
141_59,s4.67,s1.6,s180
141_60,s-2.8800000000000003,s2.4000000000000004,s0
141_61,s-2.5300000000000002,s3.2,s180
141_62,s-5.760000000000001,s4.0,s0
141_63,s-5.410000000000001,s4.8,s180
141_64,s-4.32,s4.0,s0
141_65,s-3.97,s4.8,s180
141_66,s-2.8800000000000003,s4.0,s0
141_67,s-2.5300000000000002,s4.8,s180
141_68,s-1.4400000000000002,s4.0,s0
141_69,s-1.0900000000000003,s4.8,s180
141_70,s0.0,s4.0,s0
141_71,s0.35,s4.8,s180
141_72,s2.8800000000000003,s4.0,s0
141_73,s3.2300000000000004,s4.8,s180
141_74,s4.32,s4.0,s0
141_75,s4.67,s4.8,s180
141_76,s-5.760000000000001,s5.6000000000000005,s0
141_77,s-5.410000000000001,s6.4,s180
141_78,s-4.32,s5.6000000000000005,s0
141_79,s-3.97,s6.4,s180
141_80,s-2.8800000000000003,s5.6000000000000005,s0
141_81,s-2.5300000000000002,s6.4,s180
141_82,s-1.4400000000000002,s5.6000000000000005,s0
141_83,s-1.0900000000000003,s6.4,s180
141_84,s0.0,s5.6000000000000005,s0
141_85,s0.35,s6.4,s180
141_86,s2.8800000000000003,s5.6000000000000005,s0
141_87,s3.2300000000000004,s6.4,s180
141_88,s4.32,s5.6000000000000005,s0
141_89,s4.67,s6.4,s180
141_90,s-0.5450000000000008,s0.3999999999999999,s0
142_0,s-2.8800000000000003,s-5.6000000000000005,s0
142_1,s-2.5300000000000002,s-4.800000000000001,s180
142_2,s-5.760000000000001,s-4.0,s0
142_3,s-5.410000000000001,s-3.2,s180
142_4,s-4.32,s-4.0,s0
142_5,s-3.97,s-3.2,s180
142_6,s-2.8800000000000003,s-4.0,s0
142_7,s-2.5300000000000002,s-3.2,s180
142_8,s-1.4400000000000002,s-4.0,s0
142_9,s-1.0900000000000003,s-3.2,s180
142_10,s0.0,s-4.0,s0
142_11,s0.35,s-3.2,s180
142_12,s2.8800000000000003,s-4.0,s0
142_13,s3.2300000000000004,s-3.2,s180
142_14,s4.32,s-4.0,s0
142_15,s4.67,s-3.2,s180
142_16,s-5.760000000000001,s-2.4000000000000004,s0
142_17,s-5.410000000000001,s-1.6000000000000003,s180
142_18,s-4.32,s-2.4000000000000004,s0
142_19,s-3.97,s-1.6000000000000003,s180
142_20,s-2.8800000000000003,s-2.4000000000000004,s0
142_21,s-2.5300000000000002,s-1.6000000000000003,s180
142_22,s-1.4400000000000002,s-2.4000000000000004,s0
142_23,s-1.0900000000000003,s-1.6000000000000003,s180
142_24,s0.0,s-2.4000000000000004,s0
142_25,s0.35,s-1.6000000000000003,s180
142_26,s1.4400000000000002,s-2.4000000000000004,s0
142_27,s1.79,s-1.6000000000000003,s180
142_28,s2.8800000000000003,s-2.4000000000000004,s0
142_29,s3.2300000000000004,s-1.6000000000000003,s180
142_30,s4.32,s-2.4000000000000004,s0
142_31,s4.67,s-1.6000000000000003,s180
142_32,s-5.760000000000001,s-0.8,s0
142_33,s-5.410000000000001,s0.0,s180
142_34,s-4.32,s-0.8,s0
142_35,s-3.97,s0.0,s180
142_36,s-2.8800000000000003,s-0.8,s0
142_37,s-2.5300000000000002,s0.0,s180
142_38,s-1.4400000000000002,s-0.8,s0
142_39,s-1.0900000000000003,s0.0,s180
142_40,s0.0,s-0.8,s0
142_41,s0.35,s0.0,s180
142_42,s2.8800000000000003,s-0.8,s0
142_43,s3.2300000000000004,s0.0,s180
142_44,s4.32,s-0.8,s0
142_45,s4.67,s0.0,s180
142_46,s-5.760000000000001,s0.8,s0
142_47,s-5.410000000000001,s1.6,s180
142_48,s-4.32,s0.8,s0
142_49,s-3.97,s1.6,s180
142_50,s-2.8800000000000003,s0.8,s0
142_51,s-2.5300000000000002,s1.6,s180
142_52,s-1.4400000000000002,s0.8,s0
142_53,s-1.0900000000000003,s1.6,s180
142_54,s0.0,s0.8,s0
142_55,s0.35,s1.6,s180
142_56,s2.8800000000000003,s0.8,s0
142_57,s3.2300000000000004,s1.6,s180
142_58,s4.32,s0.8,s0
142_59,s4.67,s1.6,s180
142_60,s-2.8800000000000003,s2.4000000000000004,s0
142_61,s-2.5300000000000002,s3.2,s180
142_62,s-5.760000000000001,s4.0,s0
142_63,s-5.410000000000001,s4.8,s180
142_64,s-4.32,s4.0,s0
142_65,s-3.97,s4.8,s180
142_66,s-2.8800000000000003,s4.0,s0
142_67,s-2.5300000000000002,s4.8,s180
142_68,s-1.4400000000000002,s4.0,s0
142_69,s-1.0900000000000003,s4.8,s180
142_70,s0.0,s4.0,s0
142_71,s0.35,s4.8,s180
142_72,s2.8800000000000003,s4.0,s0
142_73,s3.2300000000000004,s4.8,s180
142_74,s4.32,s4.0,s0
142_75,s4.67,s4.8,s180
142_76,s-5.760000000000001,s5.6000000000000005,s0
142_77,s-5.410000000000001,s6.4,s180
142_78,s-4.32,s5.6000000000000005,s0
142_79,s-3.97,s6.4,s180
142_80,s-2.8800000000000003,s5.6000000000000005,s0
142_81,s-2.5300000000000002,s6.4,s180
142_82,s-1.4400000000000002,s5.6000000000000005,s0
142_83,s-1.0900000000000003,s6.4,s180
142_84,s0.0,s5.6000000000000005,s0
142_85,s0.35,s6.4,s180
142_86,s2.8800000000000003,s5.6000000000000005,s0
142_87,s3.2300000000000004,s6.4,s180
142_88,s4.32,s5.6000000000000005,s0
142_89,s4.67,s6.4,s180
143_0,s-2.8800000000000003,s-5.6000000000000005,s0
143_1,s-2.5300000000000002,s-4.800000000000001,s180
143_2,s-5.760000000000001,s-4.0,s0
143_3,s-5.410000000000001,s-3.2,s180
143_4,s-4.32,s-4.0,s0
143_5,s-3.97,s-3.2,s180
143_6,s-2.8800000000000003,s-4.0,s0
143_7,s-2.5300000000000002,s-3.2,s180
143_8,s-1.4400000000000002,s-4.0,s0
143_9,s-1.0900000000000003,s-3.2,s180
143_10,s0.0,s-4.0,s0
143_11,s0.35,s-3.2,s180
143_12,s2.8800000000000003,s-4.0,s0
143_13,s3.2300000000000004,s-3.2,s180
143_14,s4.32,s-4.0,s0
143_15,s4.67,s-3.2,s180
143_16,s-5.760000000000001,s-2.4000000000000004,s0
143_17,s-5.410000000000001,s-1.6000000000000003,s180
143_18,s-4.32,s-2.4000000000000004,s0
143_19,s-3.97,s-1.6000000000000003,s180
143_20,s-2.8800000000000003,s-2.4000000000000004,s0
143_21,s-2.5300000000000002,s-1.6000000000000003,s180
143_22,s-1.4400000000000002,s-2.4000000000000004,s0
143_23,s-1.0900000000000003,s-1.6000000000000003,s180
143_24,s0.0,s-2.4000000000000004,s0
143_25,s0.35,s-1.6000000000000003,s180
143_26,s1.4400000000000002,s-2.4000000000000004,s0
143_27,s1.79,s-1.6000000000000003,s180
143_28,s2.8800000000000003,s-2.4000000000000004,s0
143_29,s3.2300000000000004,s-1.6000000000000003,s180
143_30,s4.32,s-2.4000000000000004,s0
143_31,s4.67,s-1.6000000000000003,s180
143_32,s-5.760000000000001,s-0.8,s0
143_33,s-5.410000000000001,s0.0,s180
143_34,s-4.32,s-0.8,s0
143_35,s-3.97,s0.0,s180
143_36,s-2.8800000000000003,s-0.8,s0
143_37,s-2.5300000000000002,s0.0,s180
143_38,s-1.4400000000000002,s-0.8,s0
143_39,s-1.0900000000000003,s0.0,s180
143_40,s0.0,s-0.8,s0
143_41,s0.35,s0.0,s180
143_42,s2.8800000000000003,s-0.8,s0
143_43,s3.2300000000000004,s0.0,s180
143_44,s4.32,s-0.8,s0
143_45,s4.67,s0.0,s180
143_46,s-5.760000000000001,s0.8,s0
143_47,s-5.410000000000001,s1.6,s180
143_48,s-4.32,s0.8,s0
143_49,s-3.97,s1.6,s180
143_50,s-2.8800000000000003,s0.8,s0
143_51,s-2.5300000000000002,s1.6,s180
143_52,s-1.4400000000000002,s0.8,s0
143_53,s-1.0900000000000003,s1.6,s180
143_54,s0.0,s0.8,s0
143_55,s0.35,s1.6,s180
143_56,s2.8800000000000003,s0.8,s0
143_57,s3.2300000000000004,s1.6,s180
143_58,s4.32,s0.8,s0
143_59,s4.67,s1.6,s180
143_60,s-2.8800000000000003,s2.4000000000000004,s0
143_61,s-2.5300000000000002,s3.2,s180
143_62,s-5.760000000000001,s4.0,s0
143_63,s-5.410000000000001,s4.8,s180
143_64,s-4.32,s4.0,s0
143_65,s-3.97,s4.8,s180
143_66,s-2.8800000000000003,s4.0,s0
143_67,s-2.5300000000000002,s4.8,s180
143_68,s-1.4400000000000002,s4.0,s0
143_69,s-1.0900000000000003,s4.8,s180
143_70,s0.0,s4.0,s0
143_71,s0.35,s4.8,s180
143_72,s2.8800000000000003,s4.0,s0
143_73,s3.2300000000000004,s4.8,s180
143_74,s4.32,s4.0,s0
143_75,s4.67,s4.8,s180
143_76,s-5.760000000000001,s5.6000000000000005,s0
143_77,s-5.410000000000001,s6.4,s180
143_78,s-4.32,s5.6000000000000005,s0
143_79,s-3.97,s6.4,s180
143_80,s-2.8800000000000003,s5.6000000000000005,s0
143_81,s-2.5300000000000002,s6.4,s180
143_82,s-1.4400000000000002,s5.6000000000000005,s0
143_83,s-1.0900000000000003,s6.4,s180
143_84,s0.0,s5.6000000000000005,s0
143_85,s0.35,s6.4,s180
143_86,s2.8800000000000003,s5.6000000000000005,s0
143_87,s3.2300000000000004,s6.4,s180
143_88,s4.32,s5.6000000000000005,s0
143_89,s4.67,s6.4,s180
143_90,s-0.5450000000000008,s0.3999999999999999,s0
144_0,s-2.8800000000000003,s-5.6000000000000005,s0
144_1,s-2.5300000000000002,s-4.800000000000001,s180
144_2,s-5.760000000000001,s-4.0,s0
144_3,s-5.410000000000001,s-3.2,s180
144_4,s-4.32,s-4.0,s0
144_5,s-3.97,s-3.2,s180
144_6,s-2.8800000000000003,s-4.0,s0
144_7,s-2.5300000000000002,s-3.2,s180
144_8,s-1.4400000000000002,s-4.0,s0
144_9,s-1.0900000000000003,s-3.2,s180
144_10,s0.0,s-4.0,s0
144_11,s0.35,s-3.2,s180
144_12,s2.8800000000000003,s-4.0,s0
144_13,s3.2300000000000004,s-3.2,s180
144_14,s4.32,s-4.0,s0
144_15,s4.67,s-3.2,s180
144_16,s-5.760000000000001,s-2.4000000000000004,s0
144_17,s-5.410000000000001,s-1.6000000000000003,s180
144_18,s-4.32,s-2.4000000000000004,s0
144_19,s-3.97,s-1.6000000000000003,s180
144_20,s-2.8800000000000003,s-2.4000000000000004,s0
144_21,s-2.5300000000000002,s-1.6000000000000003,s180
144_22,s-1.4400000000000002,s-2.4000000000000004,s0
144_23,s-1.0900000000000003,s-1.6000000000000003,s180
144_24,s0.0,s-2.4000000000000004,s0
144_25,s0.35,s-1.6000000000000003,s180
144_26,s1.4400000000000002,s-2.4000000000000004,s0
144_27,s1.79,s-1.6000000000000003,s180
144_28,s2.8800000000000003,s-2.4000000000000004,s0
144_29,s3.2300000000000004,s-1.6000000000000003,s180
144_30,s4.32,s-2.4000000000000004,s0
144_31,s4.67,s-1.6000000000000003,s180
144_32,s-5.760000000000001,s-0.8,s0
144_33,s-5.410000000000001,s0.0,s180
144_34,s-4.32,s-0.8,s0
144_35,s-3.97,s0.0,s180
144_36,s-2.8800000000000003,s-0.8,s0
144_37,s-2.5300000000000002,s0.0,s180
144_38,s-1.4400000000000002,s-0.8,s0
144_39,s-1.0900000000000003,s0.0,s180
144_40,s0.0,s-0.8,s0
144_41,s0.35,s0.0,s180
144_42,s2.8800000000000003,s-0.8,s0
144_43,s3.2300000000000004,s0.0,s180
144_44,s4.32,s-0.8,s0
144_45,s4.67,s0.0,s180
144_46,s-5.760000000000001,s0.8,s0
144_47,s-5.410000000000001,s1.6,s180
144_48,s-4.32,s0.8,s0
144_49,s-3.97,s1.6,s180
144_50,s-2.8800000000000003,s0.8,s0
144_51,s-2.5300000000000002,s1.6,s180
144_52,s-1.4400000000000002,s0.8,s0
144_53,s-1.0900000000000003,s1.6,s180
144_54,s0.0,s0.8,s0
144_55,s0.35,s1.6,s180
144_56,s2.8800000000000003,s0.8,s0
144_57,s3.2300000000000004,s1.6,s180
144_58,s4.32,s0.8,s0
144_59,s4.67,s1.6,s180
144_60,s-2.8800000000000003,s2.4000000000000004,s0
144_61,s-2.5300000000000002,s3.2,s180
144_62,s-5.760000000000001,s4.0,s0
144_63,s-5.410000000000001,s4.8,s180
144_64,s-4.32,s4.0,s0
144_65,s-3.97,s4.8,s180
144_66,s-2.8800000000000003,s4.0,s0
144_67,s-2.5300000000000002,s4.8,s180
144_68,s-1.4400000000000002,s4.0,s0
144_69,s-1.0900000000000003,s4.8,s180
144_70,s0.0,s4.0,s0
144_71,s0.35,s4.8,s180
144_72,s2.8800000000000003,s4.0,s0
144_73,s3.2300000000000004,s4.8,s180
144_74,s4.32,s4.0,s0
144_75,s4.67,s4.8,s180
144_76,s-5.760000000000001,s5.6000000000000005,s0
144_77,s-5.410000000000001,s6.4,s180
144_78,s-4.32,s5.6000000000000005,s0
144_79,s-3.97,s6.4,s180
144_80,s-2.8800000000000003,s5.6000000000000005,s0
144_81,s-2.5300000000000002,s6.4,s180
144_82,s-1.4400000000000002,s5.6000000000000005,s0
144_83,s-1.0900000000000003,s6.4,s180
144_84,s0.0,s5.6000000000000005,s0
144_85,s0.35,s6.4,s180
144_86,s2.8800000000000003,s5.6000000000000005,s0
144_87,s3.2300000000000004,s6.4,s180
144_88,s4.32,s5.6000000000000005,s0
144_89,s4.67,s6.4,s180
145_0,s-2.8800000000000003,s-5.6000000000000005,s0
145_1,s-2.5300000000000002,s-4.800000000000001,s180
145_2,s-5.760000000000001,s-4.0,s0
145_3,s-5.410000000000001,s-3.2,s180
145_4,s-4.32,s-4.0,s0
145_5,s-3.97,s-3.2,s180
145_6,s-2.8800000000000003,s-4.0,s0
145_7,s-2.5300000000000002,s-3.2,s180
145_8,s-1.4400000000000002,s-4.0,s0
145_9,s-1.0900000000000003,s-3.2,s180
145_10,s0.0,s-4.0,s0
145_11,s0.35,s-3.2,s180
145_12,s2.8800000000000003,s-4.0,s0
145_13,s3.2300000000000004,s-3.2,s180
145_14,s4.32,s-4.0,s0
145_15,s4.67,s-3.2,s180
145_16,s-5.760000000000001,s-2.4000000000000004,s0
145_17,s-5.410000000000001,s-1.6000000000000003,s180
145_18,s-4.32,s-2.4000000000000004,s0
145_19,s-3.97,s-1.6000000000000003,s180
145_20,s-2.8800000000000003,s-2.4000000000000004,s0
145_21,s-2.5300000000000002,s-1.6000000000000003,s180
145_22,s-1.4400000000000002,s-2.4000000000000004,s0
145_23,s-1.0900000000000003,s-1.6000000000000003,s180
145_24,s0.0,s-2.4000000000000004,s0
145_25,s0.35,s-1.6000000000000003,s180
145_26,s1.4400000000000002,s-2.4000000000000004,s0
145_27,s1.79,s-1.6000000000000003,s180
145_28,s2.8800000000000003,s-2.4000000000000004,s0
145_29,s3.2300000000000004,s-1.6000000000000003,s180
145_30,s4.32,s-2.4000000000000004,s0
145_31,s4.67,s-1.6000000000000003,s180
145_32,s-5.760000000000001,s-0.8,s0
145_33,s-5.410000000000001,s0.0,s180
145_34,s-4.32,s-0.8,s0
145_35,s-3.97,s0.0,s180
145_36,s-2.8800000000000003,s-0.8,s0
145_37,s-2.5300000000000002,s0.0,s180
145_38,s-1.4400000000000002,s-0.8,s0
145_39,s-1.0900000000000003,s0.0,s180
145_40,s0.0,s-0.8,s0
145_41,s0.35,s0.0,s180
145_42,s2.8800000000000003,s-0.8,s0
145_43,s3.2300000000000004,s0.0,s180
145_44,s4.32,s-0.8,s0
145_45,s4.67,s0.0,s180
145_46,s-5.760000000000001,s0.8,s0
145_47,s-5.410000000000001,s1.6,s180
145_48,s-4.32,s0.8,s0
145_49,s-3.97,s1.6,s180
145_50,s-2.8800000000000003,s0.8,s0
145_51,s-2.5300000000000002,s1.6,s180
145_52,s-1.4400000000000002,s0.8,s0
145_53,s-1.0900000000000003,s1.6,s180
145_54,s0.0,s0.8,s0
145_55,s0.35,s1.6,s180
145_56,s2.8800000000000003,s0.8,s0
145_57,s3.2300000000000004,s1.6,s180
145_58,s4.32,s0.8,s0
145_59,s4.67,s1.6,s180
145_60,s-2.8800000000000003,s2.4000000000000004,s0
145_61,s-2.5300000000000002,s3.2,s180
145_62,s-5.760000000000001,s4.0,s0
145_63,s-5.410000000000001,s4.8,s180
145_64,s-4.32,s4.0,s0
145_65,s-3.97,s4.8,s180
145_66,s-2.8800000000000003,s4.0,s0
145_67,s-2.5300000000000002,s4.8,s180
145_68,s-1.4400000000000002,s4.0,s0
145_69,s-1.0900000000000003,s4.8,s180
145_70,s0.0,s4.0,s0
145_71,s0.35,s4.8,s180
145_72,s2.8800000000000003,s4.0,s0
145_73,s3.2300000000000004,s4.8,s180
145_74,s4.32,s4.0,s0
145_75,s4.67,s4.8,s180
145_76,s-5.760000000000001,s5.6000000000000005,s0
145_77,s-5.410000000000001,s6.4,s180
145_78,s-4.32,s5.6000000000000005,s0
145_79,s-3.97,s6.4,s180
145_80,s-2.8800000000000003,s5.6000000000000005,s0
145_81,s-2.5300000000000002,s6.4,s180
145_82,s-1.4400000000000002,s5.6000000000000005,s0
145_83,s-1.0900000000000003,s6.4,s180
145_84,s0.0,s5.6000000000000005,s0
145_85,s0.35,s6.4,s180
145_86,s2.8800000000000003,s5.6000000000000005,s0
145_87,s3.2300000000000004,s6.4,s180
145_88,s4.32,s5.6000000000000005,s0
145_89,s4.67,s6.4,s180
145_90,s-0.5450000000000008,s0.3999999999999999,s0
146_0,s-5.760000000000001,s-6.4,s0
146_1,s-5.410000000000001,s-5.6000000000000005,s180
146_2,s-4.32,s-6.4,s0
146_3,s-3.97,s-5.6000000000000005,s180
146_4,s-2.8800000000000003,s-6.4,s0
146_5,s-2.5300000000000002,s-5.6000000000000005,s180
146_6,s-1.4400000000000002,s-6.4,s0
146_7,s-1.0900000000000003,s-5.6000000000000005,s180
146_8,s0.0,s-6.4,s0
146_9,s0.35,s-5.6000000000000005,s180
146_10,s2.8800000000000003,s-6.4,s0
146_11,s3.2300000000000004,s-5.6000000000000005,s180
146_12,s4.32,s-6.4,s0
146_13,s4.67,s-5.6000000000000005,s180
146_14,s-5.760000000000001,s-4.800000000000001,s0
146_15,s-5.410000000000001,s-4.000000000000001,s180
146_16,s-4.32,s-4.800000000000001,s0
146_17,s-3.97,s-4.000000000000001,s180
146_18,s-2.8800000000000003,s-4.800000000000001,s0
146_19,s-2.5300000000000002,s-4.000000000000001,s180
146_20,s-1.4400000000000002,s-4.800000000000001,s0
146_21,s-1.0900000000000003,s-4.000000000000001,s180
146_22,s0.0,s-4.800000000000001,s0
146_23,s0.35,s-4.000000000000001,s180
146_24,s2.8800000000000003,s-4.800000000000001,s0
146_25,s3.2300000000000004,s-4.000000000000001,s180
146_26,s4.32,s-4.800000000000001,s0
146_27,s4.67,s-4.000000000000001,s180
146_28,s-2.8800000000000003,s-3.2,s0
146_29,s-2.5300000000000002,s-2.4000000000000004,s180
146_30,s-5.760000000000001,s-1.6,s0
146_31,s-5.410000000000001,s-0.8,s180
146_32,s-4.32,s-1.6,s0
146_33,s-3.97,s-0.8,s180
146_34,s-2.8800000000000003,s-1.6,s0
146_35,s-2.5300000000000002,s-0.8,s180
146_36,s-1.4400000000000002,s-1.6,s0
146_37,s-1.0900000000000003,s-0.8,s180
146_38,s0.0,s-1.6,s0
146_39,s0.35,s-0.8,s180
146_40,s2.8800000000000003,s-1.6,s0
146_41,s3.2300000000000004,s-0.8,s180
146_42,s4.32,s-1.6,s0
146_43,s4.67,s-0.8,s180
146_44,s-5.760000000000001,s0.0,s0
146_45,s-5.410000000000001,s0.8,s180
146_46,s-4.32,s0.0,s0
146_47,s-3.97,s0.8,s180
146_48,s-2.8800000000000003,s0.0,s0
146_49,s-2.5300000000000002,s0.8,s180
146_50,s-1.4400000000000002,s0.0,s0
146_51,s-1.0900000000000003,s0.8,s180
146_52,s0.0,s0.0,s0
146_53,s0.35,s0.8,s180
146_54,s2.8800000000000003,s0.0,s0
146_55,s3.2300000000000004,s0.8,s180
146_56,s4.32,s0.0,s0
146_57,s4.67,s0.8,s180
146_58,s-5.760000000000001,s1.6,s0
146_59,s-5.410000000000001,s2.4000000000000004,s180
146_60,s-4.32,s1.6,s0
146_61,s-3.97,s2.4000000000000004,s180
146_62,s-2.8800000000000003,s1.6,s0
146_63,s-2.5300000000000002,s2.4000000000000004,s180
146_64,s-1.4400000000000002,s1.6,s0
146_65,s-1.0900000000000003,s2.4000000000000004,s180
146_66,s0.0,s1.6,s0
146_67,s0.35,s2.4000000000000004,s180
146_68,s1.4400000000000002,s1.6,s0
146_69,s1.79,s2.4000000000000004,s180
146_70,s2.8800000000000003,s1.6,s0
146_71,s3.2300000000000004,s2.4000000000000004,s180
146_72,s4.32,s1.6,s0
146_73,s4.67,s2.4000000000000004,s180
146_74,s-5.760000000000001,s3.2,s0
146_75,s-5.410000000000001,s4.0,s180
146_76,s-4.32,s3.2,s0
146_77,s-3.97,s4.0,s180
146_78,s-2.8800000000000003,s3.2,s0
146_79,s-2.5300000000000002,s4.0,s180
146_80,s-1.4400000000000002,s3.2,s0
146_81,s-1.0900000000000003,s4.0,s180
146_82,s0.0,s3.2,s0
146_83,s0.35,s4.0,s180
146_84,s2.8800000000000003,s3.2,s0
146_85,s3.2300000000000004,s4.0,s180
146_86,s4.32,s3.2,s0
146_87,s4.67,s4.0,s180
146_88,s-2.8800000000000003,s4.800000000000001,s0
146_89,s-2.5300000000000002,s5.6000000000000005,s180
146_90,s-5.760000000000001,s6.4,s0
146_91,s-5.410000000000001,s7.2,s180
146_92,s-4.32,s6.4,s0
146_93,s-3.97,s7.2,s180
146_94,s-2.8800000000000003,s6.4,s0
146_95,s-2.5300000000000002,s7.2,s180
146_96,s-1.4400000000000002,s6.4,s0
146_97,s-1.0900000000000003,s7.2,s180
146_98,s0.0,s6.4,s0
146_99,s0.35,s7.2,s180
146_100,s2.8800000000000003,s6.4,s0
146_101,s3.2300000000000004,s7.2,s180
146_102,s4.32,s6.4,s0
146_103,s4.67,s7.2,s180
147_0,s-5.760000000000001,s-6.4,s0
147_1,s-5.410000000000001,s-5.6000000000000005,s180
147_2,s-4.32,s-6.4,s0
147_3,s-3.97,s-5.6000000000000005,s180
147_4,s-2.8800000000000003,s-6.4,s0
147_5,s-2.5300000000000002,s-5.6000000000000005,s180
147_6,s-1.4400000000000002,s-6.4,s0
147_7,s-1.0900000000000003,s-5.6000000000000005,s180
147_8,s0.0,s-6.4,s0
147_9,s0.35,s-5.6000000000000005,s180
147_10,s2.8800000000000003,s-6.4,s0
147_11,s3.2300000000000004,s-5.6000000000000005,s180
147_12,s4.32,s-6.4,s0
147_13,s4.67,s-5.6000000000000005,s180
147_14,s-5.760000000000001,s-4.800000000000001,s0
147_15,s-5.410000000000001,s-4.000000000000001,s180
147_16,s-4.32,s-4.800000000000001,s0
147_17,s-3.97,s-4.000000000000001,s180
147_18,s-2.8800000000000003,s-4.800000000000001,s0
147_19,s-2.5300000000000002,s-4.000000000000001,s180
147_20,s-1.4400000000000002,s-4.800000000000001,s0
147_21,s-1.0900000000000003,s-4.000000000000001,s180
147_22,s0.0,s-4.800000000000001,s0
147_23,s0.35,s-4.000000000000001,s180
147_24,s2.8800000000000003,s-4.800000000000001,s0
147_25,s3.2300000000000004,s-4.000000000000001,s180
147_26,s4.32,s-4.800000000000001,s0
147_27,s4.67,s-4.000000000000001,s180
147_28,s-2.8800000000000003,s-3.2,s0
147_29,s-2.5300000000000002,s-2.4000000000000004,s180
147_30,s-5.760000000000001,s-1.6,s0
147_31,s-5.410000000000001,s-0.8,s180
147_32,s-4.32,s-1.6,s0
147_33,s-3.97,s-0.8,s180
147_34,s-2.8800000000000003,s-1.6,s0
147_35,s-2.5300000000000002,s-0.8,s180
147_36,s-1.4400000000000002,s-1.6,s0
147_37,s-1.0900000000000003,s-0.8,s180
147_38,s0.0,s-1.6,s0
147_39,s0.35,s-0.8,s180
147_40,s2.8800000000000003,s-1.6,s0
147_41,s3.2300000000000004,s-0.8,s180
147_42,s4.32,s-1.6,s0
147_43,s4.67,s-0.8,s180
147_44,s-5.760000000000001,s0.0,s0
147_45,s-5.410000000000001,s0.8,s180
147_46,s-4.32,s0.0,s0
147_47,s-3.97,s0.8,s180
147_48,s-2.8800000000000003,s0.0,s0
147_49,s-2.5300000000000002,s0.8,s180
147_50,s-1.4400000000000002,s0.0,s0
147_51,s-1.0900000000000003,s0.8,s180
147_52,s0.0,s0.0,s0
147_53,s0.35,s0.8,s180
147_54,s2.8800000000000003,s0.0,s0
147_55,s3.2300000000000004,s0.8,s180
147_56,s4.32,s0.0,s0
147_57,s4.67,s0.8,s180
147_58,s-5.760000000000001,s1.6,s0
147_59,s-5.410000000000001,s2.4000000000000004,s180
147_60,s-4.32,s1.6,s0
147_61,s-3.97,s2.4000000000000004,s180
147_62,s-2.8800000000000003,s1.6,s0
147_63,s-2.5300000000000002,s2.4000000000000004,s180
147_64,s-1.4400000000000002,s1.6,s0
147_65,s-1.0900000000000003,s2.4000000000000004,s180
147_66,s0.0,s1.6,s0
147_67,s0.35,s2.4000000000000004,s180
147_68,s1.4400000000000002,s1.6,s0
147_69,s1.79,s2.4000000000000004,s180
147_70,s2.8800000000000003,s1.6,s0
147_71,s3.2300000000000004,s2.4000000000000004,s180
147_72,s4.32,s1.6,s0
147_73,s4.67,s2.4000000000000004,s180
147_74,s-5.760000000000001,s3.2,s0
147_75,s-5.410000000000001,s4.0,s180
147_76,s-4.32,s3.2,s0
147_77,s-3.97,s4.0,s180
147_78,s-2.8800000000000003,s3.2,s0
147_79,s-2.5300000000000002,s4.0,s180
147_80,s-1.4400000000000002,s3.2,s0
147_81,s-1.0900000000000003,s4.0,s180
147_82,s0.0,s3.2,s0
147_83,s0.35,s4.0,s180
147_84,s2.8800000000000003,s3.2,s0
147_85,s3.2300000000000004,s4.0,s180
147_86,s4.32,s3.2,s0
147_87,s4.67,s4.0,s180
147_88,s-2.8800000000000003,s4.800000000000001,s0
147_89,s-2.5300000000000002,s5.6000000000000005,s180
147_90,s-5.760000000000001,s6.4,s0
147_91,s-5.410000000000001,s7.2,s180
147_92,s-4.32,s6.4,s0
147_93,s-3.97,s7.2,s180
147_94,s-2.8800000000000003,s6.4,s0
147_95,s-2.5300000000000002,s7.2,s180
147_96,s-1.4400000000000002,s6.4,s0
147_97,s-1.0900000000000003,s7.2,s180
147_98,s0.0,s6.4,s0
147_99,s0.35,s7.2,s180
147_100,s2.8800000000000003,s6.4,s0
147_101,s3.2300000000000004,s7.2,s180
147_102,s4.32,s6.4,s0
147_103,s4.67,s7.2,s180
147_104,s-0.5450000000000008,s0.40000000000000036,s0
148_0,s-5.760000000000001,s-6.4,s0
148_1,s-5.410000000000001,s-5.6000000000000005,s180
148_2,s-4.32,s-6.4,s0
148_3,s-3.97,s-5.6000000000000005,s180
148_4,s-2.8800000000000003,s-6.4,s0
148_5,s-2.5300000000000002,s-5.6000000000000005,s180
148_6,s-1.4400000000000002,s-6.4,s0
148_7,s-1.0900000000000003,s-5.6000000000000005,s180
148_8,s0.0,s-6.4,s0
148_9,s0.35,s-5.6000000000000005,s180
148_10,s2.8800000000000003,s-6.4,s0
148_11,s3.2300000000000004,s-5.6000000000000005,s180
148_12,s4.32,s-6.4,s0
148_13,s4.67,s-5.6000000000000005,s180
148_14,s-5.760000000000001,s-4.800000000000001,s0
148_15,s-5.410000000000001,s-4.000000000000001,s180
148_16,s-4.32,s-4.800000000000001,s0
148_17,s-3.97,s-4.000000000000001,s180
148_18,s-2.8800000000000003,s-4.800000000000001,s0
148_19,s-2.5300000000000002,s-4.000000000000001,s180
148_20,s-1.4400000000000002,s-4.800000000000001,s0
148_21,s-1.0900000000000003,s-4.000000000000001,s180
148_22,s0.0,s-4.800000000000001,s0
148_23,s0.35,s-4.000000000000001,s180
148_24,s2.8800000000000003,s-4.800000000000001,s0
148_25,s3.2300000000000004,s-4.000000000000001,s180
148_26,s4.32,s-4.800000000000001,s0
148_27,s4.67,s-4.000000000000001,s180
148_28,s-2.8800000000000003,s-3.2,s0
148_29,s-2.5300000000000002,s-2.4000000000000004,s180
148_30,s-5.760000000000001,s-1.6,s0
148_31,s-5.410000000000001,s-0.8,s180
148_32,s-4.32,s-1.6,s0
148_33,s-3.97,s-0.8,s180
148_34,s-2.8800000000000003,s-1.6,s0
148_35,s-2.5300000000000002,s-0.8,s180
148_36,s-1.4400000000000002,s-1.6,s0
148_37,s-1.0900000000000003,s-0.8,s180
148_38,s0.0,s-1.6,s0
148_39,s0.35,s-0.8,s180
148_40,s2.8800000000000003,s-1.6,s0
148_41,s3.2300000000000004,s-0.8,s180
148_42,s4.32,s-1.6,s0
148_43,s4.67,s-0.8,s180
148_44,s-5.760000000000001,s0.0,s0
148_45,s-5.410000000000001,s0.8,s180
148_46,s-4.32,s0.0,s0
148_47,s-3.97,s0.8,s180
148_48,s-2.8800000000000003,s0.0,s0
148_49,s-2.5300000000000002,s0.8,s180
148_50,s-1.4400000000000002,s0.0,s0
148_51,s-1.0900000000000003,s0.8,s180
148_52,s0.0,s0.0,s0
148_53,s0.35,s0.8,s180
148_54,s2.8800000000000003,s0.0,s0
148_55,s3.2300000000000004,s0.8,s180
148_56,s4.32,s0.0,s0
148_57,s4.67,s0.8,s180
148_58,s-5.760000000000001,s1.6,s0
148_59,s-5.410000000000001,s2.4000000000000004,s180
148_60,s-4.32,s1.6,s0
148_61,s-3.97,s2.4000000000000004,s180
148_62,s-2.8800000000000003,s1.6,s0
148_63,s-2.5300000000000002,s2.4000000000000004,s180
148_64,s-1.4400000000000002,s1.6,s0
148_65,s-1.0900000000000003,s2.4000000000000004,s180
148_66,s0.0,s1.6,s0
148_67,s0.35,s2.4000000000000004,s180
148_68,s1.4400000000000002,s1.6,s0
148_69,s1.79,s2.4000000000000004,s180
148_70,s2.8800000000000003,s1.6,s0
148_71,s3.2300000000000004,s2.4000000000000004,s180
148_72,s4.32,s1.6,s0
148_73,s4.67,s2.4000000000000004,s180
148_74,s-5.760000000000001,s3.2,s0
148_75,s-5.410000000000001,s4.0,s180
148_76,s-4.32,s3.2,s0
148_77,s-3.97,s4.0,s180
148_78,s-2.8800000000000003,s3.2,s0
148_79,s-2.5300000000000002,s4.0,s180
148_80,s-1.4400000000000002,s3.2,s0
148_81,s-1.0900000000000003,s4.0,s180
148_82,s0.0,s3.2,s0
148_83,s0.35,s4.0,s180
148_84,s2.8800000000000003,s3.2,s0
148_85,s3.2300000000000004,s4.0,s180
148_86,s4.32,s3.2,s0
148_87,s4.67,s4.0,s180
148_88,s-2.8800000000000003,s4.800000000000001,s0
148_89,s-2.5300000000000002,s5.6000000000000005,s180
148_90,s-5.760000000000001,s6.4,s0
148_91,s-5.410000000000001,s7.2,s180
148_92,s-4.32,s6.4,s0
148_93,s-3.97,s7.2,s180
148_94,s-2.8800000000000003,s6.4,s0
148_95,s-2.5300000000000002,s7.2,s180
148_96,s-1.4400000000000002,s6.4,s0
148_97,s-1.0900000000000003,s7.2,s180
148_98,s0.0,s6.4,s0
148_99,s0.35,s7.2,s180
148_100,s2.8800000000000003,s6.4,s0
148_101,s3.2300000000000004,s7.2,s180
148_102,s4.32,s6.4,s0
148_103,s4.67,s7.2,s180
149_0,s-5.760000000000001,s-6.4,s0
149_1,s-5.410000000000001,s-5.6000000000000005,s180
149_2,s-4.32,s-6.4,s0
149_3,s-3.97,s-5.6000000000000005,s180
149_4,s-2.8800000000000003,s-6.4,s0
149_5,s-2.5300000000000002,s-5.6000000000000005,s180
149_6,s-1.4400000000000002,s-6.4,s0
149_7,s-1.0900000000000003,s-5.6000000000000005,s180
149_8,s0.0,s-6.4,s0
149_9,s0.35,s-5.6000000000000005,s180
149_10,s2.8800000000000003,s-6.4,s0
149_11,s3.2300000000000004,s-5.6000000000000005,s180
149_12,s4.32,s-6.4,s0
149_13,s4.67,s-5.6000000000000005,s180
149_14,s-5.760000000000001,s-4.800000000000001,s0
149_15,s-5.410000000000001,s-4.000000000000001,s180
149_16,s-4.32,s-4.800000000000001,s0
149_17,s-3.97,s-4.000000000000001,s180
149_18,s-2.8800000000000003,s-4.800000000000001,s0
149_19,s-2.5300000000000002,s-4.000000000000001,s180
149_20,s-1.4400000000000002,s-4.800000000000001,s0
149_21,s-1.0900000000000003,s-4.000000000000001,s180
149_22,s0.0,s-4.800000000000001,s0
149_23,s0.35,s-4.000000000000001,s180
149_24,s2.8800000000000003,s-4.800000000000001,s0
149_25,s3.2300000000000004,s-4.000000000000001,s180
149_26,s4.32,s-4.800000000000001,s0
149_27,s4.67,s-4.000000000000001,s180
149_28,s-2.8800000000000003,s-3.2,s0
149_29,s-2.5300000000000002,s-2.4000000000000004,s180
149_30,s-5.760000000000001,s-1.6,s0
149_31,s-5.410000000000001,s-0.8,s180
149_32,s-4.32,s-1.6,s0
149_33,s-3.97,s-0.8,s180
149_34,s-2.8800000000000003,s-1.6,s0
149_35,s-2.5300000000000002,s-0.8,s180
149_36,s-1.4400000000000002,s-1.6,s0
149_37,s-1.0900000000000003,s-0.8,s180
149_38,s0.0,s-1.6,s0
149_39,s0.35,s-0.8,s180
149_40,s2.8800000000000003,s-1.6,s0
149_41,s3.2300000000000004,s-0.8,s180
149_42,s4.32,s-1.6,s0
149_43,s4.67,s-0.8,s180
149_44,s-5.760000000000001,s0.0,s0
149_45,s-5.410000000000001,s0.8,s180
149_46,s-4.32,s0.0,s0
149_47,s-3.97,s0.8,s180
149_48,s-2.8800000000000003,s0.0,s0
149_49,s-2.5300000000000002,s0.8,s180
149_50,s-1.4400000000000002,s0.0,s0
149_51,s-1.0900000000000003,s0.8,s180
149_52,s0.0,s0.0,s0
149_53,s0.35,s0.8,s180
149_54,s2.8800000000000003,s0.0,s0
149_55,s3.2300000000000004,s0.8,s180
149_56,s4.32,s0.0,s0
149_57,s4.67,s0.8,s180
149_58,s-5.760000000000001,s1.6,s0
149_59,s-5.410000000000001,s2.4000000000000004,s180
149_60,s-4.32,s1.6,s0
149_61,s-3.97,s2.4000000000000004,s180
149_62,s-2.8800000000000003,s1.6,s0
149_63,s-2.5300000000000002,s2.4000000000000004,s180
149_64,s-1.4400000000000002,s1.6,s0
149_65,s-1.0900000000000003,s2.4000000000000004,s180
149_66,s0.0,s1.6,s0
149_67,s0.35,s2.4000000000000004,s180
149_68,s1.4400000000000002,s1.6,s0
149_69,s1.79,s2.4000000000000004,s180
149_70,s2.8800000000000003,s1.6,s0
149_71,s3.2300000000000004,s2.4000000000000004,s180
149_72,s4.32,s1.6,s0
149_73,s4.67,s2.4000000000000004,s180
149_74,s-5.760000000000001,s3.2,s0
149_75,s-5.410000000000001,s4.0,s180
149_76,s-4.32,s3.2,s0
149_77,s-3.97,s4.0,s180
149_78,s-2.8800000000000003,s3.2,s0
149_79,s-2.5300000000000002,s4.0,s180
149_80,s-1.4400000000000002,s3.2,s0
149_81,s-1.0900000000000003,s4.0,s180
149_82,s0.0,s3.2,s0
149_83,s0.35,s4.0,s180
149_84,s2.8800000000000003,s3.2,s0
149_85,s3.2300000000000004,s4.0,s180
149_86,s4.32,s3.2,s0
149_87,s4.67,s4.0,s180
149_88,s-2.8800000000000003,s4.800000000000001,s0
149_89,s-2.5300000000000002,s5.6000000000000005,s180
149_90,s-5.760000000000001,s6.4,s0
149_91,s-5.410000000000001,s7.2,s180
149_92,s-4.32,s6.4,s0
149_93,s-3.97,s7.2,s180
149_94,s-2.8800000000000003,s6.4,s0
149_95,s-2.5300000000000002,s7.2,s180
149_96,s-1.4400000000000002,s6.4,s0
149_97,s-1.0900000000000003,s7.2,s180
149_98,s0.0,s6.4,s0
149_99,s0.35,s7.2,s180
149_100,s2.8800000000000003,s6.4,s0
149_101,s3.2300000000000004,s7.2,s180
149_102,s4.32,s6.4,s0
149_103,s4.67,s7.2,s180
149_104,s-0.5450000000000008,s0.40000000000000036,s0
150_0,s-5.760000000000001,s-6.4,s0
150_1,s-5.410000000000001,s-5.6000000000000005,s180
150_2,s-4.32,s-6.4,s0
150_3,s-3.97,s-5.6000000000000005,s180
150_4,s-2.8800000000000003,s-6.4,s0
150_5,s-2.5300000000000002,s-5.6000000000000005,s180
150_6,s-1.4400000000000002,s-6.4,s0
150_7,s-1.0900000000000003,s-5.6000000000000005,s180
150_8,s0.0,s-6.4,s0
150_9,s0.35,s-5.6000000000000005,s180
150_10,s2.8800000000000003,s-6.4,s0
150_11,s3.2300000000000004,s-5.6000000000000005,s180
150_12,s4.32,s-6.4,s0
150_13,s4.67,s-5.6000000000000005,s180
150_14,s-5.760000000000001,s-4.800000000000001,s0
150_15,s-5.410000000000001,s-4.000000000000001,s180
150_16,s-4.32,s-4.800000000000001,s0
150_17,s-3.97,s-4.000000000000001,s180
150_18,s-2.8800000000000003,s-4.800000000000001,s0
150_19,s-2.5300000000000002,s-4.000000000000001,s180
150_20,s-1.4400000000000002,s-4.800000000000001,s0
150_21,s-1.0900000000000003,s-4.000000000000001,s180
150_22,s0.0,s-4.800000000000001,s0
150_23,s0.35,s-4.000000000000001,s180
150_24,s2.8800000000000003,s-4.800000000000001,s0
150_25,s3.2300000000000004,s-4.000000000000001,s180
150_26,s4.32,s-4.800000000000001,s0
150_27,s4.67,s-4.000000000000001,s180
150_28,s-2.8800000000000003,s-3.2,s0
150_29,s-2.5300000000000002,s-2.4000000000000004,s180
150_30,s-5.760000000000001,s-1.6,s0
150_31,s-5.410000000000001,s-0.8,s180
150_32,s-4.32,s-1.6,s0
150_33,s-3.97,s-0.8,s180
150_34,s-2.8800000000000003,s-1.6,s0
150_35,s-2.5300000000000002,s-0.8,s180
150_36,s-1.4400000000000002,s-1.6,s0
150_37,s-1.0900000000000003,s-0.8,s180
150_38,s0.0,s-1.6,s0
150_39,s0.35,s-0.8,s180
150_40,s2.8800000000000003,s-1.6,s0
150_41,s3.2300000000000004,s-0.8,s180
150_42,s4.32,s-1.6,s0
150_43,s4.67,s-0.8,s180
150_44,s-5.760000000000001,s0.0,s0
150_45,s-5.410000000000001,s0.8,s180
150_46,s-4.32,s0.0,s0
150_47,s-3.97,s0.8,s180
150_48,s-2.8800000000000003,s0.0,s0
150_49,s-2.5300000000000002,s0.8,s180
150_50,s-1.4400000000000002,s0.0,s0
150_51,s-1.0900000000000003,s0.8,s180
150_52,s0.0,s0.0,s0
150_53,s0.35,s0.8,s180
150_54,s2.8800000000000003,s0.0,s0
150_55,s3.2300000000000004,s0.8,s180
150_56,s4.32,s0.0,s0
150_57,s4.67,s0.8,s180
150_58,s-5.760000000000001,s1.6,s0
150_59,s-5.410000000000001,s2.4000000000000004,s180
150_60,s-4.32,s1.6,s0
150_61,s-3.97,s2.4000000000000004,s180
150_62,s-2.8800000000000003,s1.6,s0
150_63,s-2.5300000000000002,s2.4000000000000004,s180
150_64,s-1.4400000000000002,s1.6,s0
150_65,s-1.0900000000000003,s2.4000000000000004,s180
150_66,s0.0,s1.6,s0
150_67,s0.35,s2.4000000000000004,s180
150_68,s1.4400000000000002,s1.6,s0
150_69,s1.79,s2.4000000000000004,s180
150_70,s2.8800000000000003,s1.6,s0
150_71,s3.2300000000000004,s2.4000000000000004,s180
150_72,s4.32,s1.6,s0
150_73,s4.67,s2.4000000000000004,s180
150_74,s-5.760000000000001,s3.2,s0
150_75,s-5.410000000000001,s4.0,s180
150_76,s-4.32,s3.2,s0
150_77,s-3.97,s4.0,s180
150_78,s-2.8800000000000003,s3.2,s0
150_79,s-2.5300000000000002,s4.0,s180
150_80,s-1.4400000000000002,s3.2,s0
150_81,s-1.0900000000000003,s4.0,s180
150_82,s0.0,s3.2,s0
150_83,s0.35,s4.0,s180
150_84,s2.8800000000000003,s3.2,s0
150_85,s3.2300000000000004,s4.0,s180
150_86,s4.32,s3.2,s0
150_87,s4.67,s4.0,s180
150_88,s-2.8800000000000003,s4.800000000000001,s0
150_89,s-2.5300000000000002,s5.6000000000000005,s180
150_90,s-5.760000000000001,s6.4,s0
150_91,s-5.410000000000001,s7.2,s180
150_92,s-4.32,s6.4,s0
150_93,s-3.97,s7.2,s180
150_94,s-2.8800000000000003,s6.4,s0
150_95,s-2.5300000000000002,s7.2,s180
150_96,s-1.4400000000000002,s6.4,s0
150_97,s-1.0900000000000003,s7.2,s180
150_98,s0.0,s6.4,s0
150_99,s0.35,s7.2,s180
150_100,s2.8800000000000003,s6.4,s0
150_101,s3.2300000000000004,s7.2,s180
150_102,s4.32,s6.4,s0
150_103,s4.67,s7.2,s180
151_0,s-5.760000000000001,s-6.4,s0
151_1,s-5.410000000000001,s-5.6000000000000005,s180
151_2,s-4.32,s-6.4,s0
151_3,s-3.97,s-5.6000000000000005,s180
151_4,s-2.8800000000000003,s-6.4,s0
151_5,s-2.5300000000000002,s-5.6000000000000005,s180
151_6,s-1.4400000000000002,s-6.4,s0
151_7,s-1.0900000000000003,s-5.6000000000000005,s180
151_8,s0.0,s-6.4,s0
151_9,s0.35,s-5.6000000000000005,s180
151_10,s2.8800000000000003,s-6.4,s0
151_11,s3.2300000000000004,s-5.6000000000000005,s180
151_12,s4.32,s-6.4,s0
151_13,s4.67,s-5.6000000000000005,s180
151_14,s-5.760000000000001,s-4.800000000000001,s0
151_15,s-5.410000000000001,s-4.000000000000001,s180
151_16,s-4.32,s-4.800000000000001,s0
151_17,s-3.97,s-4.000000000000001,s180
151_18,s-2.8800000000000003,s-4.800000000000001,s0
151_19,s-2.5300000000000002,s-4.000000000000001,s180
151_20,s-1.4400000000000002,s-4.800000000000001,s0
151_21,s-1.0900000000000003,s-4.000000000000001,s180
151_22,s0.0,s-4.800000000000001,s0
151_23,s0.35,s-4.000000000000001,s180
151_24,s2.8800000000000003,s-4.800000000000001,s0
151_25,s3.2300000000000004,s-4.000000000000001,s180
151_26,s4.32,s-4.800000000000001,s0
151_27,s4.67,s-4.000000000000001,s180
151_28,s-2.8800000000000003,s-3.2,s0
151_29,s-2.5300000000000002,s-2.4000000000000004,s180
151_30,s-5.760000000000001,s-1.6,s0
151_31,s-5.410000000000001,s-0.8,s180
151_32,s-4.32,s-1.6,s0
151_33,s-3.97,s-0.8,s180
151_34,s-2.8800000000000003,s-1.6,s0
151_35,s-2.5300000000000002,s-0.8,s180
151_36,s-1.4400000000000002,s-1.6,s0
151_37,s-1.0900000000000003,s-0.8,s180
151_38,s0.0,s-1.6,s0
151_39,s0.35,s-0.8,s180
151_40,s2.8800000000000003,s-1.6,s0
151_41,s3.2300000000000004,s-0.8,s180
151_42,s4.32,s-1.6,s0
151_43,s4.67,s-0.8,s180
151_44,s-5.760000000000001,s0.0,s0
151_45,s-5.410000000000001,s0.8,s180
151_46,s-4.32,s0.0,s0
151_47,s-3.97,s0.8,s180
151_48,s-2.8800000000000003,s0.0,s0
151_49,s-2.5300000000000002,s0.8,s180
151_50,s-1.4400000000000002,s0.0,s0
151_51,s-1.0900000000000003,s0.8,s180
151_52,s0.0,s0.0,s0
151_53,s0.35,s0.8,s180
151_54,s2.8800000000000003,s0.0,s0
151_55,s3.2300000000000004,s0.8,s180
151_56,s4.32,s0.0,s0
151_57,s4.67,s0.8,s180
151_58,s-5.760000000000001,s1.6,s0
151_59,s-5.410000000000001,s2.4000000000000004,s180
151_60,s-4.32,s1.6,s0
151_61,s-3.97,s2.4000000000000004,s180
151_62,s-2.8800000000000003,s1.6,s0
151_63,s-2.5300000000000002,s2.4000000000000004,s180
151_64,s-1.4400000000000002,s1.6,s0
151_65,s-1.0900000000000003,s2.4000000000000004,s180
151_66,s0.0,s1.6,s0
151_67,s0.35,s2.4000000000000004,s180
151_68,s1.4400000000000002,s1.6,s0
151_69,s1.79,s2.4000000000000004,s180
151_70,s2.8800000000000003,s1.6,s0
151_71,s3.2300000000000004,s2.4000000000000004,s180
151_72,s4.32,s1.6,s0
151_73,s4.67,s2.4000000000000004,s180
151_74,s-5.760000000000001,s3.2,s0
151_75,s-5.410000000000001,s4.0,s180
151_76,s-4.32,s3.2,s0
151_77,s-3.97,s4.0,s180
151_78,s-2.8800000000000003,s3.2,s0
151_79,s-2.5300000000000002,s4.0,s180
151_80,s-1.4400000000000002,s3.2,s0
151_81,s-1.0900000000000003,s4.0,s180
151_82,s0.0,s3.2,s0
151_83,s0.35,s4.0,s180
151_84,s2.8800000000000003,s3.2,s0
151_85,s3.2300000000000004,s4.0,s180
151_86,s4.32,s3.2,s0
151_87,s4.67,s4.0,s180
151_88,s-2.8800000000000003,s4.800000000000001,s0
151_89,s-2.5300000000000002,s5.6000000000000005,s180
151_90,s-5.760000000000001,s6.4,s0
151_91,s-5.410000000000001,s7.2,s180
151_92,s-4.32,s6.4,s0
151_93,s-3.97,s7.2,s180
151_94,s-2.8800000000000003,s6.4,s0
151_95,s-2.5300000000000002,s7.2,s180
151_96,s-1.4400000000000002,s6.4,s0
151_97,s-1.0900000000000003,s7.2,s180
151_98,s0.0,s6.4,s0
151_99,s0.35,s7.2,s180
151_100,s2.8800000000000003,s6.4,s0
151_101,s3.2300000000000004,s7.2,s180
151_102,s4.32,s6.4,s0
151_103,s4.67,s7.2,s180
151_104,s-0.5450000000000008,s0.40000000000000036,s0
152_0,s-5.760000000000001,s-6.4,s0
152_1,s-5.410000000000001,s-5.6000000000000005,s180
152_2,s-4.32,s-6.4,s0
152_3,s-3.97,s-5.6000000000000005,s180
152_4,s-2.8800000000000003,s-6.4,s0
152_5,s-2.5300000000000002,s-5.6000000000000005,s180
152_6,s-1.4400000000000002,s-6.4,s0
152_7,s-1.0900000000000003,s-5.6000000000000005,s180
152_8,s0.0,s-6.4,s0
152_9,s0.35,s-5.6000000000000005,s180
152_10,s2.8800000000000003,s-6.4,s0
152_11,s3.2300000000000004,s-5.6000000000000005,s180
152_12,s4.32,s-6.4,s0
152_13,s4.67,s-5.6000000000000005,s180
152_14,s-5.760000000000001,s-4.800000000000001,s0
152_15,s-5.410000000000001,s-4.000000000000001,s180
152_16,s-4.32,s-4.800000000000001,s0
152_17,s-3.97,s-4.000000000000001,s180
152_18,s-2.8800000000000003,s-4.800000000000001,s0
152_19,s-2.5300000000000002,s-4.000000000000001,s180
152_20,s-1.4400000000000002,s-4.800000000000001,s0
152_21,s-1.0900000000000003,s-4.000000000000001,s180
152_22,s0.0,s-4.800000000000001,s0
152_23,s0.35,s-4.000000000000001,s180
152_24,s2.8800000000000003,s-4.800000000000001,s0
152_25,s3.2300000000000004,s-4.000000000000001,s180
152_26,s4.32,s-4.800000000000001,s0
152_27,s4.67,s-4.000000000000001,s180
152_28,s-2.8800000000000003,s-3.2,s0
152_29,s-2.5300000000000002,s-2.4000000000000004,s180
152_30,s-5.760000000000001,s-1.6,s0
152_31,s-5.410000000000001,s-0.8,s180
152_32,s-4.32,s-1.6,s0
152_33,s-3.97,s-0.8,s180
152_34,s-2.8800000000000003,s-1.6,s0
152_35,s-2.5300000000000002,s-0.8,s180
152_36,s-1.4400000000000002,s-1.6,s0
152_37,s-1.0900000000000003,s-0.8,s180
152_38,s0.0,s-1.6,s0
152_39,s0.35,s-0.8,s180
152_40,s2.8800000000000003,s-1.6,s0
152_41,s3.2300000000000004,s-0.8,s180
152_42,s4.32,s-1.6,s0
152_43,s4.67,s-0.8,s180
152_44,s-5.760000000000001,s0.0,s0
152_45,s-5.410000000000001,s0.8,s180
152_46,s-4.32,s0.0,s0
152_47,s-3.97,s0.8,s180
152_48,s-2.8800000000000003,s0.0,s0
152_49,s-2.5300000000000002,s0.8,s180
152_50,s-1.4400000000000002,s0.0,s0
152_51,s-1.0900000000000003,s0.8,s180
152_52,s0.0,s0.0,s0
152_53,s0.35,s0.8,s180
152_54,s2.8800000000000003,s0.0,s0
152_55,s3.2300000000000004,s0.8,s180
152_56,s4.32,s0.0,s0
152_57,s4.67,s0.8,s180
152_58,s-5.760000000000001,s1.6,s0
152_59,s-5.410000000000001,s2.4000000000000004,s180
152_60,s-4.32,s1.6,s0
152_61,s-3.97,s2.4000000000000004,s180
152_62,s-2.8800000000000003,s1.6,s0
152_63,s-2.5300000000000002,s2.4000000000000004,s180
152_64,s-1.4400000000000002,s1.6,s0
152_65,s-1.0900000000000003,s2.4000000000000004,s180
152_66,s0.0,s1.6,s0
152_67,s0.35,s2.4000000000000004,s180
152_68,s1.4400000000000002,s1.6,s0
152_69,s1.79,s2.4000000000000004,s180
152_70,s2.8800000000000003,s1.6,s0
152_71,s3.2300000000000004,s2.4000000000000004,s180
152_72,s4.32,s1.6,s0
152_73,s4.67,s2.4000000000000004,s180
152_74,s-5.760000000000001,s3.2,s0
152_75,s-5.410000000000001,s4.0,s180
152_76,s-4.32,s3.2,s0
152_77,s-3.97,s4.0,s180
152_78,s-2.8800000000000003,s3.2,s0
152_79,s-2.5300000000000002,s4.0,s180
152_80,s-1.4400000000000002,s3.2,s0
152_81,s-1.0900000000000003,s4.0,s180
152_82,s0.0,s3.2,s0
152_83,s0.35,s4.0,s180
152_84,s2.8800000000000003,s3.2,s0
152_85,s3.2300000000000004,s4.0,s180
152_86,s4.32,s3.2,s0
152_87,s4.67,s4.0,s180
152_88,s-2.8800000000000003,s4.800000000000001,s0
152_89,s-2.5300000000000002,s5.6000000000000005,s180
152_90,s-5.760000000000001,s6.4,s0
152_91,s-5.410000000000001,s7.2,s180
152_92,s-4.32,s6.4,s0
152_93,s-3.97,s7.2,s180
152_94,s-2.8800000000000003,s6.4,s0
152_95,s-2.5300000000000002,s7.2,s180
152_96,s-1.4400000000000002,s6.4,s0
152_97,s-1.0900000000000003,s7.2,s180
152_98,s0.0,s6.4,s0
152_99,s0.35,s7.2,s180
152_100,s2.8800000000000003,s6.4,s0
152_101,s3.2300000000000004,s7.2,s180
152_102,s4.32,s6.4,s0
152_103,s4.67,s7.2,s180
153_0,s-5.760000000000001,s-6.4,s0
153_1,s-5.410000000000001,s-5.6000000000000005,s180
153_2,s-4.32,s-6.4,s0
153_3,s-3.97,s-5.6000000000000005,s180
153_4,s-2.8800000000000003,s-6.4,s0
153_5,s-2.5300000000000002,s-5.6000000000000005,s180
153_6,s-1.4400000000000002,s-6.4,s0
153_7,s-1.0900000000000003,s-5.6000000000000005,s180
153_8,s0.0,s-6.4,s0
153_9,s0.35,s-5.6000000000000005,s180
153_10,s2.8800000000000003,s-6.4,s0
153_11,s3.2300000000000004,s-5.6000000000000005,s180
153_12,s4.32,s-6.4,s0
153_13,s4.67,s-5.6000000000000005,s180
153_14,s-5.760000000000001,s-4.800000000000001,s0
153_15,s-5.410000000000001,s-4.000000000000001,s180
153_16,s-4.32,s-4.800000000000001,s0
153_17,s-3.97,s-4.000000000000001,s180
153_18,s-2.8800000000000003,s-4.800000000000001,s0
153_19,s-2.5300000000000002,s-4.000000000000001,s180
153_20,s-1.4400000000000002,s-4.800000000000001,s0
153_21,s-1.0900000000000003,s-4.000000000000001,s180
153_22,s0.0,s-4.800000000000001,s0
153_23,s0.35,s-4.000000000000001,s180
153_24,s2.8800000000000003,s-4.800000000000001,s0
153_25,s3.2300000000000004,s-4.000000000000001,s180
153_26,s4.32,s-4.800000000000001,s0
153_27,s4.67,s-4.000000000000001,s180
153_28,s-2.8800000000000003,s-3.2,s0
153_29,s-2.5300000000000002,s-2.4000000000000004,s180
153_30,s-5.760000000000001,s-1.6,s0
153_31,s-5.410000000000001,s-0.8,s180
153_32,s-4.32,s-1.6,s0
153_33,s-3.97,s-0.8,s180
153_34,s-2.8800000000000003,s-1.6,s0
153_35,s-2.5300000000000002,s-0.8,s180
153_36,s-1.4400000000000002,s-1.6,s0
153_37,s-1.0900000000000003,s-0.8,s180
153_38,s0.0,s-1.6,s0
153_39,s0.35,s-0.8,s180
153_40,s2.8800000000000003,s-1.6,s0
153_41,s3.2300000000000004,s-0.8,s180
153_42,s4.32,s-1.6,s0
153_43,s4.67,s-0.8,s180
153_44,s-5.760000000000001,s0.0,s0
153_45,s-5.410000000000001,s0.8,s180
153_46,s-4.32,s0.0,s0
153_47,s-3.97,s0.8,s180
153_48,s-2.8800000000000003,s0.0,s0
153_49,s-2.5300000000000002,s0.8,s180
153_50,s-1.4400000000000002,s0.0,s0
153_51,s-1.0900000000000003,s0.8,s180
153_52,s0.0,s0.0,s0
153_53,s0.35,s0.8,s180
153_54,s2.8800000000000003,s0.0,s0
153_55,s3.2300000000000004,s0.8,s180
153_56,s4.32,s0.0,s0
153_57,s4.67,s0.8,s180
153_58,s-5.760000000000001,s1.6,s0
153_59,s-5.410000000000001,s2.4000000000000004,s180
153_60,s-4.32,s1.6,s0
153_61,s-3.97,s2.4000000000000004,s180
153_62,s-2.8800000000000003,s1.6,s0
153_63,s-2.5300000000000002,s2.4000000000000004,s180
153_64,s-1.4400000000000002,s1.6,s0
153_65,s-1.0900000000000003,s2.4000000000000004,s180
153_66,s0.0,s1.6,s0
153_67,s0.35,s2.4000000000000004,s180
153_68,s1.4400000000000002,s1.6,s0
153_69,s1.79,s2.4000000000000004,s180
153_70,s2.8800000000000003,s1.6,s0
153_71,s3.2300000000000004,s2.4000000000000004,s180
153_72,s4.32,s1.6,s0
153_73,s4.67,s2.4000000000000004,s180
153_74,s-5.760000000000001,s3.2,s0
153_75,s-5.410000000000001,s4.0,s180
153_76,s-4.32,s3.2,s0
153_77,s-3.97,s4.0,s180
153_78,s-2.8800000000000003,s3.2,s0
153_79,s-2.5300000000000002,s4.0,s180
153_80,s-1.4400000000000002,s3.2,s0
153_81,s-1.0900000000000003,s4.0,s180
153_82,s0.0,s3.2,s0
153_83,s0.35,s4.0,s180
153_84,s2.8800000000000003,s3.2,s0
153_85,s3.2300000000000004,s4.0,s180
153_86,s4.32,s3.2,s0
153_87,s4.67,s4.0,s180
153_88,s-2.8800000000000003,s4.800000000000001,s0
153_89,s-2.5300000000000002,s5.6000000000000005,s180
153_90,s-5.760000000000001,s6.4,s0
153_91,s-5.410000000000001,s7.2,s180
153_92,s-4.32,s6.4,s0
153_93,s-3.97,s7.2,s180
153_94,s-2.8800000000000003,s6.4,s0
153_95,s-2.5300000000000002,s7.2,s180
153_96,s-1.4400000000000002,s6.4,s0
153_97,s-1.0900000000000003,s7.2,s180
153_98,s0.0,s6.4,s0
153_99,s0.35,s7.2,s180
153_100,s2.8800000000000003,s6.4,s0
153_101,s3.2300000000000004,s7.2,s180
153_102,s4.32,s6.4,s0
153_103,s4.67,s7.2,s180
153_104,s-0.5450000000000008,s0.40000000000000036,s0
154_0,s-5.760000000000001,s-6.4,s0
154_1,s-5.410000000000001,s-5.6000000000000005,s180
154_2,s-4.32,s-6.4,s0
154_3,s-3.97,s-5.6000000000000005,s180
154_4,s-2.8800000000000003,s-6.4,s0
154_5,s-2.5300000000000002,s-5.6000000000000005,s180
154_6,s-1.4400000000000002,s-6.4,s0
154_7,s-1.0900000000000003,s-5.6000000000000005,s180
154_8,s0.0,s-6.4,s0
154_9,s0.35,s-5.6000000000000005,s180
154_10,s2.8800000000000003,s-6.4,s0
154_11,s3.2300000000000004,s-5.6000000000000005,s180
154_12,s4.32,s-6.4,s0
154_13,s4.67,s-5.6000000000000005,s180
154_14,s-5.760000000000001,s-4.800000000000001,s0
154_15,s-5.410000000000001,s-4.000000000000001,s180
154_16,s-4.32,s-4.800000000000001,s0
154_17,s-3.97,s-4.000000000000001,s180
154_18,s-2.8800000000000003,s-4.800000000000001,s0
154_19,s-2.5300000000000002,s-4.000000000000001,s180
154_20,s-1.4400000000000002,s-4.800000000000001,s0
154_21,s-1.0900000000000003,s-4.000000000000001,s180
154_22,s0.0,s-4.800000000000001,s0
154_23,s0.35,s-4.000000000000001,s180
154_24,s2.8800000000000003,s-4.800000000000001,s0
154_25,s3.2300000000000004,s-4.000000000000001,s180
154_26,s4.32,s-4.800000000000001,s0
154_27,s4.67,s-4.000000000000001,s180
154_28,s-2.8800000000000003,s-3.2,s0
154_29,s-2.5300000000000002,s-2.4000000000000004,s180
154_30,s-5.760000000000001,s-1.6,s0
154_31,s-5.410000000000001,s-0.8,s180
154_32,s-4.32,s-1.6,s0
154_33,s-3.97,s-0.8,s180
154_34,s-2.8800000000000003,s-1.6,s0
154_35,s-2.5300000000000002,s-0.8,s180
154_36,s-1.4400000000000002,s-1.6,s0
154_37,s-1.0900000000000003,s-0.8,s180
154_38,s0.0,s-1.6,s0
154_39,s0.35,s-0.8,s180
154_40,s2.8800000000000003,s-1.6,s0
154_41,s3.2300000000000004,s-0.8,s180
154_42,s4.32,s-1.6,s0
154_43,s4.67,s-0.8,s180
154_44,s-5.760000000000001,s0.0,s0
154_45,s-5.410000000000001,s0.8,s180
154_46,s-4.32,s0.0,s0
154_47,s-3.97,s0.8,s180
154_48,s-2.8800000000000003,s0.0,s0
154_49,s-2.5300000000000002,s0.8,s180
154_50,s-1.4400000000000002,s0.0,s0
154_51,s-1.0900000000000003,s0.8,s180
154_52,s0.0,s0.0,s0
154_53,s0.35,s0.8,s180
154_54,s2.8800000000000003,s0.0,s0
154_55,s3.2300000000000004,s0.8,s180
154_56,s4.32,s0.0,s0
154_57,s4.67,s0.8,s180
154_58,s-5.760000000000001,s1.6,s0
154_59,s-5.410000000000001,s2.4000000000000004,s180
154_60,s-4.32,s1.6,s0
154_61,s-3.97,s2.4000000000000004,s180
154_62,s-2.8800000000000003,s1.6,s0
154_63,s-2.5300000000000002,s2.4000000000000004,s180
154_64,s-1.4400000000000002,s1.6,s0
154_65,s-1.0900000000000003,s2.4000000000000004,s180
154_66,s0.0,s1.6,s0
154_67,s0.35,s2.4000000000000004,s180
154_68,s1.4400000000000002,s1.6,s0
154_69,s1.79,s2.4000000000000004,s180
154_70,s2.8800000000000003,s1.6,s0
154_71,s3.2300000000000004,s2.4000000000000004,s180
154_72,s4.32,s1.6,s0
154_73,s4.67,s2.4000000000000004,s180
154_74,s-5.760000000000001,s3.2,s0
154_75,s-5.410000000000001,s4.0,s180
154_76,s-4.32,s3.2,s0
154_77,s-3.97,s4.0,s180
154_78,s-2.8800000000000003,s3.2,s0
154_79,s-2.5300000000000002,s4.0,s180
154_80,s-1.4400000000000002,s3.2,s0
154_81,s-1.0900000000000003,s4.0,s180
154_82,s0.0,s3.2,s0
154_83,s0.35,s4.0,s180
154_84,s2.8800000000000003,s3.2,s0
154_85,s3.2300000000000004,s4.0,s180
154_86,s4.32,s3.2,s0
154_87,s4.67,s4.0,s180
154_88,s-2.8800000000000003,s4.800000000000001,s0
154_89,s-2.5300000000000002,s5.6000000000000005,s180
154_90,s-5.760000000000001,s6.4,s0
154_91,s-5.410000000000001,s7.2,s180
154_92,s-4.32,s6.4,s0
154_93,s-3.97,s7.2,s180
154_94,s-2.8800000000000003,s6.4,s0
154_95,s-2.5300000000000002,s7.2,s180
154_96,s-1.4400000000000002,s6.4,s0
154_97,s-1.0900000000000003,s7.2,s180
154_98,s0.0,s6.4,s0
154_99,s0.35,s7.2,s180
154_100,s2.8800000000000003,s6.4,s0
154_101,s3.2300000000000004,s7.2,s180
154_102,s4.32,s6.4,s0
154_103,s4.67,s7.2,s180
155_0,s-5.760000000000001,s-6.4,s0
155_1,s-5.410000000000001,s-5.6000000000000005,s180
155_2,s-4.32,s-6.4,s0
155_3,s-3.97,s-5.6000000000000005,s180
155_4,s-2.8800000000000003,s-6.4,s0
155_5,s-2.5300000000000002,s-5.6000000000000005,s180
155_6,s-1.4400000000000002,s-6.4,s0
155_7,s-1.0900000000000003,s-5.6000000000000005,s180
155_8,s0.0,s-6.4,s0
155_9,s0.35,s-5.6000000000000005,s180
155_10,s2.8800000000000003,s-6.4,s0
155_11,s3.2300000000000004,s-5.6000000000000005,s180
155_12,s4.32,s-6.4,s0
155_13,s4.67,s-5.6000000000000005,s180
155_14,s-5.760000000000001,s-4.800000000000001,s0
155_15,s-5.410000000000001,s-4.000000000000001,s180
155_16,s-4.32,s-4.800000000000001,s0
155_17,s-3.97,s-4.000000000000001,s180
155_18,s-2.8800000000000003,s-4.800000000000001,s0
155_19,s-2.5300000000000002,s-4.000000000000001,s180
155_20,s-1.4400000000000002,s-4.800000000000001,s0
155_21,s-1.0900000000000003,s-4.000000000000001,s180
155_22,s0.0,s-4.800000000000001,s0
155_23,s0.35,s-4.000000000000001,s180
155_24,s2.8800000000000003,s-4.800000000000001,s0
155_25,s3.2300000000000004,s-4.000000000000001,s180
155_26,s4.32,s-4.800000000000001,s0
155_27,s4.67,s-4.000000000000001,s180
155_28,s-2.8800000000000003,s-3.2,s0
155_29,s-2.5300000000000002,s-2.4000000000000004,s180
155_30,s-5.760000000000001,s-1.6,s0
155_31,s-5.410000000000001,s-0.8,s180
155_32,s-4.32,s-1.6,s0
155_33,s-3.97,s-0.8,s180
155_34,s-2.8800000000000003,s-1.6,s0
155_35,s-2.5300000000000002,s-0.8,s180
155_36,s-1.4400000000000002,s-1.6,s0
155_37,s-1.0900000000000003,s-0.8,s180
155_38,s0.0,s-1.6,s0
155_39,s0.35,s-0.8,s180
155_40,s2.8800000000000003,s-1.6,s0
155_41,s3.2300000000000004,s-0.8,s180
155_42,s4.32,s-1.6,s0
155_43,s4.67,s-0.8,s180
155_44,s-5.760000000000001,s0.0,s0
155_45,s-5.410000000000001,s0.8,s180
155_46,s-4.32,s0.0,s0
155_47,s-3.97,s0.8,s180
155_48,s-2.8800000000000003,s0.0,s0
155_49,s-2.5300000000000002,s0.8,s180
155_50,s-1.4400000000000002,s0.0,s0
155_51,s-1.0900000000000003,s0.8,s180
155_52,s0.0,s0.0,s0
155_53,s0.35,s0.8,s180
155_54,s2.8800000000000003,s0.0,s0
155_55,s3.2300000000000004,s0.8,s180
155_56,s4.32,s0.0,s0
155_57,s4.67,s0.8,s180
155_58,s-5.760000000000001,s1.6,s0
155_59,s-5.410000000000001,s2.4000000000000004,s180
155_60,s-4.32,s1.6,s0
155_61,s-3.97,s2.4000000000000004,s180
155_62,s-2.8800000000000003,s1.6,s0
155_63,s-2.5300000000000002,s2.4000000000000004,s180
155_64,s-1.4400000000000002,s1.6,s0
155_65,s-1.0900000000000003,s2.4000000000000004,s180
155_66,s0.0,s1.6,s0
155_67,s0.35,s2.4000000000000004,s180
155_68,s1.4400000000000002,s1.6,s0
155_69,s1.79,s2.4000000000000004,s180
155_70,s2.8800000000000003,s1.6,s0
155_71,s3.2300000000000004,s2.4000000000000004,s180
155_72,s4.32,s1.6,s0
155_73,s4.67,s2.4000000000000004,s180
155_74,s-5.760000000000001,s3.2,s0
155_75,s-5.410000000000001,s4.0,s180
155_76,s-4.32,s3.2,s0
155_77,s-3.97,s4.0,s180
155_78,s-2.8800000000000003,s3.2,s0
155_79,s-2.5300000000000002,s4.0,s180
155_80,s-1.4400000000000002,s3.2,s0
155_81,s-1.0900000000000003,s4.0,s180
155_82,s0.0,s3.2,s0
155_83,s0.35,s4.0,s180
155_84,s2.8800000000000003,s3.2,s0
155_85,s3.2300000000000004,s4.0,s180
155_86,s4.32,s3.2,s0
155_87,s4.67,s4.0,s180
155_88,s-2.8800000000000003,s4.800000000000001,s0
155_89,s-2.5300000000000002,s5.6000000000000005,s180
155_90,s-5.760000000000001,s6.4,s0
155_91,s-5.410000000000001,s7.2,s180
155_92,s-4.32,s6.4,s0
155_93,s-3.97,s7.2,s180
155_94,s-2.8800000000000003,s6.4,s0
155_95,s-2.5300000000000002,s7.2,s180
155_96,s-1.4400000000000002,s6.4,s0
155_97,s-1.0900000000000003,s7.2,s180
155_98,s0.0,s6.4,s0
155_99,s0.35,s7.2,s180
155_100,s2.8800000000000003,s6.4,s0
155_101,s3.2300000000000004,s7.2,s180
155_102,s4.32,s6.4,s0
155_103,s4.67,s7.2,s180
155_104,s-0.5450000000000008,s0.40000000000000036,s0
156_0,s-5.760000000000001,s-6.4,s0
156_1,s-5.410000000000001,s-5.6000000000000005,s180
156_2,s-4.32,s-6.4,s0
156_3,s-3.97,s-5.6000000000000005,s180
156_4,s-2.8800000000000003,s-6.4,s0
156_5,s-2.5300000000000002,s-5.6000000000000005,s180
156_6,s-1.4400000000000002,s-6.4,s0
156_7,s-1.0900000000000003,s-5.6000000000000005,s180
156_8,s0.0,s-6.4,s0
156_9,s0.35,s-5.6000000000000005,s180
156_10,s2.8800000000000003,s-6.4,s0
156_11,s3.2300000000000004,s-5.6000000000000005,s180
156_12,s4.32,s-6.4,s0
156_13,s4.67,s-5.6000000000000005,s180
156_14,s-5.760000000000001,s-4.800000000000001,s0
156_15,s-5.410000000000001,s-4.000000000000001,s180
156_16,s-4.32,s-4.800000000000001,s0
156_17,s-3.97,s-4.000000000000001,s180
156_18,s-2.8800000000000003,s-4.800000000000001,s0
156_19,s-2.5300000000000002,s-4.000000000000001,s180
156_20,s-1.4400000000000002,s-4.800000000000001,s0
156_21,s-1.0900000000000003,s-4.000000000000001,s180
156_22,s0.0,s-4.800000000000001,s0
156_23,s0.35,s-4.000000000000001,s180
156_24,s2.8800000000000003,s-4.800000000000001,s0
156_25,s3.2300000000000004,s-4.000000000000001,s180
156_26,s4.32,s-4.800000000000001,s0
156_27,s4.67,s-4.000000000000001,s180
156_28,s-2.8800000000000003,s-3.2,s0
156_29,s-2.5300000000000002,s-2.4000000000000004,s180
156_30,s-5.760000000000001,s-1.6,s0
156_31,s-5.410000000000001,s-0.8,s180
156_32,s-4.32,s-1.6,s0
156_33,s-3.97,s-0.8,s180
156_34,s-2.8800000000000003,s-1.6,s0
156_35,s-2.5300000000000002,s-0.8,s180
156_36,s-1.4400000000000002,s-1.6,s0
156_37,s-1.0900000000000003,s-0.8,s180
156_38,s0.0,s-1.6,s0
156_39,s0.35,s-0.8,s180
156_40,s2.8800000000000003,s-1.6,s0
156_41,s3.2300000000000004,s-0.8,s180
156_42,s4.32,s-1.6,s0
156_43,s4.67,s-0.8,s180
156_44,s-5.760000000000001,s0.0,s0
156_45,s-5.410000000000001,s0.8,s180
156_46,s-4.32,s0.0,s0
156_47,s-3.97,s0.8,s180
156_48,s-2.8800000000000003,s0.0,s0
156_49,s-2.5300000000000002,s0.8,s180
156_50,s-1.4400000000000002,s0.0,s0
156_51,s-1.0900000000000003,s0.8,s180
156_52,s0.0,s0.0,s0
156_53,s0.35,s0.8,s180
156_54,s2.8800000000000003,s0.0,s0
156_55,s3.2300000000000004,s0.8,s180
156_56,s4.32,s0.0,s0
156_57,s4.67,s0.8,s180
156_58,s-5.760000000000001,s1.6,s0
156_59,s-5.410000000000001,s2.4000000000000004,s180
156_60,s-4.32,s1.6,s0
156_61,s-3.97,s2.4000000000000004,s180
156_62,s-2.8800000000000003,s1.6,s0
156_63,s-2.5300000000000002,s2.4000000000000004,s180
156_64,s-1.4400000000000002,s1.6,s0
156_65,s-1.0900000000000003,s2.4000000000000004,s180
156_66,s0.0,s1.6,s0
156_67,s0.35,s2.4000000000000004,s180
156_68,s1.4400000000000002,s1.6,s0
156_69,s1.79,s2.4000000000000004,s180
156_70,s2.8800000000000003,s1.6,s0
156_71,s3.2300000000000004,s2.4000000000000004,s180
156_72,s4.32,s1.6,s0
156_73,s4.67,s2.4000000000000004,s180
156_74,s-5.760000000000001,s3.2,s0
156_75,s-5.410000000000001,s4.0,s180
156_76,s-4.32,s3.2,s0
156_77,s-3.97,s4.0,s180
156_78,s-2.8800000000000003,s3.2,s0
156_79,s-2.5300000000000002,s4.0,s180
156_80,s-1.4400000000000002,s3.2,s0
156_81,s-1.0900000000000003,s4.0,s180
156_82,s0.0,s3.2,s0
156_83,s0.35,s4.0,s180
156_84,s2.8800000000000003,s3.2,s0
156_85,s3.2300000000000004,s4.0,s180
156_86,s4.32,s3.2,s0
156_87,s4.67,s4.0,s180
156_88,s-2.8800000000000003,s4.800000000000001,s0
156_89,s-2.5300000000000002,s5.6000000000000005,s180
156_90,s-5.760000000000001,s6.4,s0
156_91,s-5.410000000000001,s7.2,s180
156_92,s-4.32,s6.4,s0
156_93,s-3.97,s7.2,s180
156_94,s-2.8800000000000003,s6.4,s0
156_95,s-2.5300000000000002,s7.2,s180
156_96,s-1.4400000000000002,s6.4,s0
156_97,s-1.0900000000000003,s7.2,s180
156_98,s0.0,s6.4,s0
156_99,s0.35,s7.2,s180
156_100,s2.8800000000000003,s6.4,s0
156_101,s3.2300000000000004,s7.2,s180
156_102,s4.32,s6.4,s0
156_103,s4.67,s7.2,s180
157_0,s-5.760000000000001,s-6.4,s0
157_1,s-5.410000000000001,s-5.6000000000000005,s180
157_2,s-4.32,s-6.4,s0
157_3,s-3.97,s-5.6000000000000005,s180
157_4,s-2.8800000000000003,s-6.4,s0
157_5,s-2.5300000000000002,s-5.6000000000000005,s180
157_6,s-1.4400000000000002,s-6.4,s0
157_7,s-1.0900000000000003,s-5.6000000000000005,s180
157_8,s0.0,s-6.4,s0
157_9,s0.35,s-5.6000000000000005,s180
157_10,s2.8800000000000003,s-6.4,s0
157_11,s3.2300000000000004,s-5.6000000000000005,s180
157_12,s4.32,s-6.4,s0
157_13,s4.67,s-5.6000000000000005,s180
157_14,s-5.760000000000001,s-4.800000000000001,s0
157_15,s-5.410000000000001,s-4.000000000000001,s180
157_16,s-4.32,s-4.800000000000001,s0
157_17,s-3.97,s-4.000000000000001,s180
157_18,s-2.8800000000000003,s-4.800000000000001,s0
157_19,s-2.5300000000000002,s-4.000000000000001,s180
157_20,s-1.4400000000000002,s-4.800000000000001,s0
157_21,s-1.0900000000000003,s-4.000000000000001,s180
157_22,s0.0,s-4.800000000000001,s0
157_23,s0.35,s-4.000000000000001,s180
157_24,s2.8800000000000003,s-4.800000000000001,s0
157_25,s3.2300000000000004,s-4.000000000000001,s180
157_26,s4.32,s-4.800000000000001,s0
157_27,s4.67,s-4.000000000000001,s180
157_28,s-2.8800000000000003,s-3.2,s0
157_29,s-2.5300000000000002,s-2.4000000000000004,s180
157_30,s-5.760000000000001,s-1.6,s0
157_31,s-5.410000000000001,s-0.8,s180
157_32,s-4.32,s-1.6,s0
157_33,s-3.97,s-0.8,s180
157_34,s-2.8800000000000003,s-1.6,s0
157_35,s-2.5300000000000002,s-0.8,s180
157_36,s-1.4400000000000002,s-1.6,s0
157_37,s-1.0900000000000003,s-0.8,s180
157_38,s0.0,s-1.6,s0
157_39,s0.35,s-0.8,s180
157_40,s2.8800000000000003,s-1.6,s0
157_41,s3.2300000000000004,s-0.8,s180
157_42,s4.32,s-1.6,s0
157_43,s4.67,s-0.8,s180
157_44,s-5.760000000000001,s0.0,s0
157_45,s-5.410000000000001,s0.8,s180
157_46,s-4.32,s0.0,s0
157_47,s-3.97,s0.8,s180
157_48,s-2.8800000000000003,s0.0,s0
157_49,s-2.5300000000000002,s0.8,s180
157_50,s-1.4400000000000002,s0.0,s0
157_51,s-1.0900000000000003,s0.8,s180
157_52,s0.0,s0.0,s0
157_53,s0.35,s0.8,s180
157_54,s2.8800000000000003,s0.0,s0
157_55,s3.2300000000000004,s0.8,s180
157_56,s4.32,s0.0,s0
157_57,s4.67,s0.8,s180
157_58,s-5.760000000000001,s1.6,s0
157_59,s-5.410000000000001,s2.4000000000000004,s180
157_60,s-4.32,s1.6,s0
157_61,s-3.97,s2.4000000000000004,s180
157_62,s-2.8800000000000003,s1.6,s0
157_63,s-2.5300000000000002,s2.4000000000000004,s180
157_64,s-1.4400000000000002,s1.6,s0
157_65,s-1.0900000000000003,s2.4000000000000004,s180
157_66,s0.0,s1.6,s0
157_67,s0.35,s2.4000000000000004,s180
157_68,s1.4400000000000002,s1.6,s0
157_69,s1.79,s2.4000000000000004,s180
157_70,s2.8800000000000003,s1.6,s0
157_71,s3.2300000000000004,s2.4000000000000004,s180
157_72,s4.32,s1.6,s0
157_73,s4.67,s2.4000000000000004,s180
157_74,s-5.760000000000001,s3.2,s0
157_75,s-5.410000000000001,s4.0,s180
157_76,s-4.32,s3.2,s0
157_77,s-3.97,s4.0,s180
157_78,s-2.8800000000000003,s3.2,s0
157_79,s-2.5300000000000002,s4.0,s180
157_80,s-1.4400000000000002,s3.2,s0
157_81,s-1.0900000000000003,s4.0,s180
157_82,s0.0,s3.2,s0
157_83,s0.35,s4.0,s180
157_84,s2.8800000000000003,s3.2,s0
157_85,s3.2300000000000004,s4.0,s180
157_86,s4.32,s3.2,s0
157_87,s4.67,s4.0,s180
157_88,s-2.8800000000000003,s4.800000000000001,s0
157_89,s-2.5300000000000002,s5.6000000000000005,s180
157_90,s-5.760000000000001,s6.4,s0
157_91,s-5.410000000000001,s7.2,s180
157_92,s-4.32,s6.4,s0
157_93,s-3.97,s7.2,s180
157_94,s-2.8800000000000003,s6.4,s0
157_95,s-2.5300000000000002,s7.2,s180
157_96,s-1.4400000000000002,s6.4,s0
157_97,s-1.0900000000000003,s7.2,s180
157_98,s0.0,s6.4,s0
157_99,s0.35,s7.2,s180
157_100,s2.8800000000000003,s6.4,s0
157_101,s3.2300000000000004,s7.2,s180
157_102,s4.32,s6.4,s0
157_103,s4.67,s7.2,s180
157_104,s-0.5450000000000008,s0.40000000000000036,s0
158_0,s-5.760000000000001,s-6.4,s0
158_1,s-5.410000000000001,s-5.6000000000000005,s180
158_2,s-4.32,s-6.4,s0
158_3,s-3.97,s-5.6000000000000005,s180
158_4,s-2.8800000000000003,s-6.4,s0
158_5,s-2.5300000000000002,s-5.6000000000000005,s180
158_6,s-1.4400000000000002,s-6.4,s0
158_7,s-1.0900000000000003,s-5.6000000000000005,s180
158_8,s0.0,s-6.4,s0
158_9,s0.35,s-5.6000000000000005,s180
158_10,s2.8800000000000003,s-6.4,s0
158_11,s3.2300000000000004,s-5.6000000000000005,s180
158_12,s4.32,s-6.4,s0
158_13,s4.67,s-5.6000000000000005,s180
158_14,s-5.760000000000001,s-4.800000000000001,s0
158_15,s-5.410000000000001,s-4.000000000000001,s180
158_16,s-4.32,s-4.800000000000001,s0
158_17,s-3.97,s-4.000000000000001,s180
158_18,s-2.8800000000000003,s-4.800000000000001,s0
158_19,s-2.5300000000000002,s-4.000000000000001,s180
158_20,s-1.4400000000000002,s-4.800000000000001,s0
158_21,s-1.0900000000000003,s-4.000000000000001,s180
158_22,s0.0,s-4.800000000000001,s0
158_23,s0.35,s-4.000000000000001,s180
158_24,s2.8800000000000003,s-4.800000000000001,s0
158_25,s3.2300000000000004,s-4.000000000000001,s180
158_26,s4.32,s-4.800000000000001,s0
158_27,s4.67,s-4.000000000000001,s180
158_28,s-2.8800000000000003,s-3.2,s0
158_29,s-2.5300000000000002,s-2.4000000000000004,s180
158_30,s-5.760000000000001,s-1.6,s0
158_31,s-5.410000000000001,s-0.8,s180
158_32,s-4.32,s-1.6,s0
158_33,s-3.97,s-0.8,s180
158_34,s-2.8800000000000003,s-1.6,s0
158_35,s-2.5300000000000002,s-0.8,s180
158_36,s-1.4400000000000002,s-1.6,s0
158_37,s-1.0900000000000003,s-0.8,s180
158_38,s0.0,s-1.6,s0
158_39,s0.35,s-0.8,s180
158_40,s2.8800000000000003,s-1.6,s0
158_41,s3.2300000000000004,s-0.8,s180
158_42,s4.32,s-1.6,s0
158_43,s4.67,s-0.8,s180
158_44,s-5.760000000000001,s0.0,s0
158_45,s-5.410000000000001,s0.8,s180
158_46,s-4.32,s0.0,s0
158_47,s-3.97,s0.8,s180
158_48,s-2.8800000000000003,s0.0,s0
158_49,s-2.5300000000000002,s0.8,s180
158_50,s-1.4400000000000002,s0.0,s0
158_51,s-1.0900000000000003,s0.8,s180
158_52,s0.0,s0.0,s0
158_53,s0.35,s0.8,s180
158_54,s2.8800000000000003,s0.0,s0
158_55,s3.2300000000000004,s0.8,s180
158_56,s4.32,s0.0,s0
158_57,s4.67,s0.8,s180
158_58,s-5.760000000000001,s1.6,s0
158_59,s-5.410000000000001,s2.4000000000000004,s180
158_60,s-4.32,s1.6,s0
158_61,s-3.97,s2.4000000000000004,s180
158_62,s-2.8800000000000003,s1.6,s0
158_63,s-2.5300000000000002,s2.4000000000000004,s180
158_64,s-1.4400000000000002,s1.6,s0
158_65,s-1.0900000000000003,s2.4000000000000004,s180
158_66,s0.0,s1.6,s0
158_67,s0.35,s2.4000000000000004,s180
158_68,s1.4400000000000002,s1.6,s0
158_69,s1.79,s2.4000000000000004,s180
158_70,s2.8800000000000003,s1.6,s0
158_71,s3.2300000000000004,s2.4000000000000004,s180
158_72,s4.32,s1.6,s0
158_73,s4.67,s2.4000000000000004,s180
158_74,s-5.760000000000001,s3.2,s0
158_75,s-5.410000000000001,s4.0,s180
158_76,s-4.32,s3.2,s0
158_77,s-3.97,s4.0,s180
158_78,s-2.8800000000000003,s3.2,s0
158_79,s-2.5300000000000002,s4.0,s180
158_80,s-1.4400000000000002,s3.2,s0
158_81,s-1.0900000000000003,s4.0,s180
158_82,s0.0,s3.2,s0
158_83,s0.35,s4.0,s180
158_84,s2.8800000000000003,s3.2,s0
158_85,s3.2300000000000004,s4.0,s180
158_86,s4.32,s3.2,s0
158_87,s4.67,s4.0,s180
158_88,s-2.8800000000000003,s4.800000000000001,s0
158_89,s-2.5300000000000002,s5.6000000000000005,s180
158_90,s-5.760000000000001,s6.4,s0
158_91,s-5.410000000000001,s7.2,s180
158_92,s-4.32,s6.4,s0
158_93,s-3.97,s7.2,s180
158_94,s-2.8800000000000003,s6.4,s0
158_95,s-2.5300000000000002,s7.2,s180
158_96,s-1.4400000000000002,s6.4,s0
158_97,s-1.0900000000000003,s7.2,s180
158_98,s0.0,s6.4,s0
158_99,s0.35,s7.2,s180
158_100,s2.8800000000000003,s6.4,s0
158_101,s3.2300000000000004,s7.2,s180
158_102,s4.32,s6.4,s0
158_103,s4.67,s7.2,s180
159_0,s-5.760000000000001,s-6.4,s0
159_1,s-5.410000000000001,s-5.6000000000000005,s180
159_2,s-4.32,s-6.4,s0
159_3,s-3.97,s-5.6000000000000005,s180
159_4,s-2.8800000000000003,s-6.4,s0
159_5,s-2.5300000000000002,s-5.6000000000000005,s180
159_6,s-1.4400000000000002,s-6.4,s0
159_7,s-1.0900000000000003,s-5.6000000000000005,s180
159_8,s0.0,s-6.4,s0
159_9,s0.35,s-5.6000000000000005,s180
159_10,s2.8800000000000003,s-6.4,s0
159_11,s3.2300000000000004,s-5.6000000000000005,s180
159_12,s4.32,s-6.4,s0
159_13,s4.67,s-5.6000000000000005,s180
159_14,s-5.760000000000001,s-4.800000000000001,s0
159_15,s-5.410000000000001,s-4.000000000000001,s180
159_16,s-4.32,s-4.800000000000001,s0
159_17,s-3.97,s-4.000000000000001,s180
159_18,s-2.8800000000000003,s-4.800000000000001,s0
159_19,s-2.5300000000000002,s-4.000000000000001,s180
159_20,s-1.4400000000000002,s-4.800000000000001,s0
159_21,s-1.0900000000000003,s-4.000000000000001,s180
159_22,s0.0,s-4.800000000000001,s0
159_23,s0.35,s-4.000000000000001,s180
159_24,s2.8800000000000003,s-4.800000000000001,s0
159_25,s3.2300000000000004,s-4.000000000000001,s180
159_26,s4.32,s-4.800000000000001,s0
159_27,s4.67,s-4.000000000000001,s180
159_28,s-2.8800000000000003,s-3.2,s0
159_29,s-2.5300000000000002,s-2.4000000000000004,s180
159_30,s-5.760000000000001,s-1.6,s0
159_31,s-5.410000000000001,s-0.8,s180
159_32,s-4.32,s-1.6,s0
159_33,s-3.97,s-0.8,s180
159_34,s-2.8800000000000003,s-1.6,s0
159_35,s-2.5300000000000002,s-0.8,s180
159_36,s-1.4400000000000002,s-1.6,s0
159_37,s-1.0900000000000003,s-0.8,s180
159_38,s0.0,s-1.6,s0
159_39,s0.35,s-0.8,s180
159_40,s2.8800000000000003,s-1.6,s0
159_41,s3.2300000000000004,s-0.8,s180
159_42,s4.32,s-1.6,s0
159_43,s4.67,s-0.8,s180
159_44,s-5.760000000000001,s0.0,s0
159_45,s-5.410000000000001,s0.8,s180
159_46,s-4.32,s0.0,s0
159_47,s-3.97,s0.8,s180
159_48,s-2.8800000000000003,s0.0,s0
159_49,s-2.5300000000000002,s0.8,s180
159_50,s-1.4400000000000002,s0.0,s0
159_51,s-1.0900000000000003,s0.8,s180
159_52,s0.0,s0.0,s0
159_53,s0.35,s0.8,s180
159_54,s2.8800000000000003,s0.0,s0
159_55,s3.2300000000000004,s0.8,s180
159_56,s4.32,s0.0,s0
159_57,s4.67,s0.8,s180
159_58,s-5.760000000000001,s1.6,s0
159_59,s-5.410000000000001,s2.4000000000000004,s180
159_60,s-4.32,s1.6,s0
159_61,s-3.97,s2.4000000000000004,s180
159_62,s-2.8800000000000003,s1.6,s0
159_63,s-2.5300000000000002,s2.4000000000000004,s180
159_64,s-1.4400000000000002,s1.6,s0
159_65,s-1.0900000000000003,s2.4000000000000004,s180
159_66,s0.0,s1.6,s0
159_67,s0.35,s2.4000000000000004,s180
159_68,s1.4400000000000002,s1.6,s0
159_69,s1.79,s2.4000000000000004,s180
159_70,s2.8800000000000003,s1.6,s0
159_71,s3.2300000000000004,s2.4000000000000004,s180
159_72,s4.32,s1.6,s0
159_73,s4.67,s2.4000000000000004,s180
159_74,s-5.760000000000001,s3.2,s0
159_75,s-5.410000000000001,s4.0,s180
159_76,s-4.32,s3.2,s0
159_77,s-3.97,s4.0,s180
159_78,s-2.8800000000000003,s3.2,s0
159_79,s-2.5300000000000002,s4.0,s180
159_80,s-1.4400000000000002,s3.2,s0
159_81,s-1.0900000000000003,s4.0,s180
159_82,s0.0,s3.2,s0
159_83,s0.35,s4.0,s180
159_84,s2.8800000000000003,s3.2,s0
159_85,s3.2300000000000004,s4.0,s180
159_86,s4.32,s3.2,s0
159_87,s4.67,s4.0,s180
159_88,s-2.8800000000000003,s4.800000000000001,s0
159_89,s-2.5300000000000002,s5.6000000000000005,s180
159_90,s-5.760000000000001,s6.4,s0
159_91,s-5.410000000000001,s7.2,s180
159_92,s-4.32,s6.4,s0
159_93,s-3.97,s7.2,s180
159_94,s-2.8800000000000003,s6.4,s0
159_95,s-2.5300000000000002,s7.2,s180
159_96,s-1.4400000000000002,s6.4,s0
159_97,s-1.0900000000000003,s7.2,s180
159_98,s0.0,s6.4,s0
159_99,s0.35,s7.2,s180
159_100,s2.8800000000000003,s6.4,s0
159_101,s3.2300000000000004,s7.2,s180
159_102,s4.32,s6.4,s0
159_103,s4.67,s7.2,s180
159_104,s-0.5450000000000008,s0.40000000000000036,s0
160_0,s-5.760000000000001,s-6.4,s0
160_1,s-5.410000000000001,s-5.6000000000000005,s180
160_2,s-4.32,s-6.4,s0
160_3,s-3.97,s-5.6000000000000005,s180
160_4,s-2.8800000000000003,s-6.4,s0
160_5,s-2.5300000000000002,s-5.6000000000000005,s180
160_6,s-1.4400000000000002,s-6.4,s0
160_7,s-1.0900000000000003,s-5.6000000000000005,s180
160_8,s0.0,s-6.4,s0
160_9,s0.35,s-5.6000000000000005,s180
160_10,s2.8800000000000003,s-6.4,s0
160_11,s3.2300000000000004,s-5.6000000000000005,s180
160_12,s4.32,s-6.4,s0
160_13,s4.67,s-5.6000000000000005,s180
160_14,s-5.760000000000001,s-4.800000000000001,s0
160_15,s-5.410000000000001,s-4.000000000000001,s180
160_16,s-4.32,s-4.800000000000001,s0
160_17,s-3.97,s-4.000000000000001,s180
160_18,s-2.8800000000000003,s-4.800000000000001,s0
160_19,s-2.5300000000000002,s-4.000000000000001,s180
160_20,s-1.4400000000000002,s-4.800000000000001,s0
160_21,s-1.0900000000000003,s-4.000000000000001,s180
160_22,s0.0,s-4.800000000000001,s0
160_23,s0.35,s-4.000000000000001,s180
160_24,s2.8800000000000003,s-4.800000000000001,s0
160_25,s3.2300000000000004,s-4.000000000000001,s180
160_26,s4.32,s-4.800000000000001,s0
160_27,s4.67,s-4.000000000000001,s180
160_28,s-2.8800000000000003,s-3.2,s0
160_29,s-2.5300000000000002,s-2.4000000000000004,s180
160_30,s-5.760000000000001,s-1.6,s0
160_31,s-5.410000000000001,s-0.8,s180
160_32,s-4.32,s-1.6,s0
160_33,s-3.97,s-0.8,s180
160_34,s-2.8800000000000003,s-1.6,s0
160_35,s-2.5300000000000002,s-0.8,s180
160_36,s-1.4400000000000002,s-1.6,s0
160_37,s-1.0900000000000003,s-0.8,s180
160_38,s0.0,s-1.6,s0
160_39,s0.35,s-0.8,s180
160_40,s2.8800000000000003,s-1.6,s0
160_41,s3.2300000000000004,s-0.8,s180
160_42,s4.32,s-1.6,s0
160_43,s4.67,s-0.8,s180
160_44,s-5.760000000000001,s0.0,s0
160_45,s-5.410000000000001,s0.8,s180
160_46,s-4.32,s0.0,s0
160_47,s-3.97,s0.8,s180
160_48,s-2.8800000000000003,s0.0,s0
160_49,s-2.5300000000000002,s0.8,s180
160_50,s-1.4400000000000002,s0.0,s0
160_51,s-1.0900000000000003,s0.8,s180
160_52,s0.0,s0.0,s0
160_53,s0.35,s0.8,s180
160_54,s2.8800000000000003,s0.0,s0
160_55,s3.2300000000000004,s0.8,s180
160_56,s4.32,s0.0,s0
160_57,s4.67,s0.8,s180
160_58,s-5.760000000000001,s1.6,s0
160_59,s-5.410000000000001,s2.4000000000000004,s180
160_60,s-4.32,s1.6,s0
160_61,s-3.97,s2.4000000000000004,s180
160_62,s-2.8800000000000003,s1.6,s0
160_63,s-2.5300000000000002,s2.4000000000000004,s180
160_64,s-1.4400000000000002,s1.6,s0
160_65,s-1.0900000000000003,s2.4000000000000004,s180
160_66,s0.0,s1.6,s0
160_67,s0.35,s2.4000000000000004,s180
160_68,s1.4400000000000002,s1.6,s0
160_69,s1.79,s2.4000000000000004,s180
160_70,s2.8800000000000003,s1.6,s0
160_71,s3.2300000000000004,s2.4000000000000004,s180
160_72,s4.32,s1.6,s0
160_73,s4.67,s2.4000000000000004,s180
160_74,s-5.760000000000001,s3.2,s0
160_75,s-5.410000000000001,s4.0,s180
160_76,s-4.32,s3.2,s0
160_77,s-3.97,s4.0,s180
160_78,s-2.8800000000000003,s3.2,s0
160_79,s-2.5300000000000002,s4.0,s180
160_80,s-1.4400000000000002,s3.2,s0
160_81,s-1.0900000000000003,s4.0,s180
160_82,s0.0,s3.2,s0
160_83,s0.35,s4.0,s180
160_84,s2.8800000000000003,s3.2,s0
160_85,s3.2300000000000004,s4.0,s180
160_86,s4.32,s3.2,s0
160_87,s4.67,s4.0,s180
160_88,s-2.8800000000000003,s4.800000000000001,s0
160_89,s-2.5300000000000002,s5.6000000000000005,s180
160_90,s-5.760000000000001,s6.4,s0
160_91,s-5.410000000000001,s7.2,s180
160_92,s-4.32,s6.4,s0
160_93,s-3.97,s7.2,s180
160_94,s-2.8800000000000003,s6.4,s0
160_95,s-2.5300000000000002,s7.2,s180
160_96,s-1.4400000000000002,s6.4,s0
160_97,s-1.0900000000000003,s7.2,s180
160_98,s0.0,s6.4,s0
160_99,s0.35,s7.2,s180
160_100,s2.8800000000000003,s6.4,s0
160_101,s3.2300000000000004,s7.2,s180
160_102,s4.32,s6.4,s0
160_103,s4.67,s7.2,s180
161_0,s-5.760000000000001,s-6.4,s0
161_1,s-5.410000000000001,s-5.6000000000000005,s180
161_2,s-4.32,s-6.4,s0
161_3,s-3.97,s-5.6000000000000005,s180
161_4,s-2.8800000000000003,s-6.4,s0
161_5,s-2.5300000000000002,s-5.6000000000000005,s180
161_6,s-1.4400000000000002,s-6.4,s0
161_7,s-1.0900000000000003,s-5.6000000000000005,s180
161_8,s0.0,s-6.4,s0
161_9,s0.35,s-5.6000000000000005,s180
161_10,s2.8800000000000003,s-6.4,s0
161_11,s3.2300000000000004,s-5.6000000000000005,s180
161_12,s4.32,s-6.4,s0
161_13,s4.67,s-5.6000000000000005,s180
161_14,s-5.760000000000001,s-4.800000000000001,s0
161_15,s-5.410000000000001,s-4.000000000000001,s180
161_16,s-4.32,s-4.800000000000001,s0
161_17,s-3.97,s-4.000000000000001,s180
161_18,s-2.8800000000000003,s-4.800000000000001,s0
161_19,s-2.5300000000000002,s-4.000000000000001,s180
161_20,s-1.4400000000000002,s-4.800000000000001,s0
161_21,s-1.0900000000000003,s-4.000000000000001,s180
161_22,s0.0,s-4.800000000000001,s0
161_23,s0.35,s-4.000000000000001,s180
161_24,s2.8800000000000003,s-4.800000000000001,s0
161_25,s3.2300000000000004,s-4.000000000000001,s180
161_26,s4.32,s-4.800000000000001,s0
161_27,s4.67,s-4.000000000000001,s180
161_28,s-2.8800000000000003,s-3.2,s0
161_29,s-2.5300000000000002,s-2.4000000000000004,s180
161_30,s-5.760000000000001,s-1.6,s0
161_31,s-5.410000000000001,s-0.8,s180
161_32,s-4.32,s-1.6,s0
161_33,s-3.97,s-0.8,s180
161_34,s-2.8800000000000003,s-1.6,s0
161_35,s-2.5300000000000002,s-0.8,s180
161_36,s-1.4400000000000002,s-1.6,s0
161_37,s-1.0900000000000003,s-0.8,s180
161_38,s0.0,s-1.6,s0
161_39,s0.35,s-0.8,s180
161_40,s2.8800000000000003,s-1.6,s0
161_41,s3.2300000000000004,s-0.8,s180
161_42,s4.32,s-1.6,s0
161_43,s4.67,s-0.8,s180
161_44,s-5.760000000000001,s0.0,s0
161_45,s-5.410000000000001,s0.8,s180
161_46,s-4.32,s0.0,s0
161_47,s-3.97,s0.8,s180
161_48,s-2.8800000000000003,s0.0,s0
161_49,s-2.5300000000000002,s0.8,s180
161_50,s-1.4400000000000002,s0.0,s0
161_51,s-1.0900000000000003,s0.8,s180
161_52,s0.0,s0.0,s0
161_53,s0.35,s0.8,s180
161_54,s2.8800000000000003,s0.0,s0
161_55,s3.2300000000000004,s0.8,s180
161_56,s4.32,s0.0,s0
161_57,s4.67,s0.8,s180
161_58,s-5.760000000000001,s1.6,s0
161_59,s-5.410000000000001,s2.4000000000000004,s180
161_60,s-4.32,s1.6,s0
161_61,s-3.97,s2.4000000000000004,s180
161_62,s-2.8800000000000003,s1.6,s0
161_63,s-2.5300000000000002,s2.4000000000000004,s180
161_64,s-1.4400000000000002,s1.6,s0
161_65,s-1.0900000000000003,s2.4000000000000004,s180
161_66,s0.0,s1.6,s0
161_67,s0.35,s2.4000000000000004,s180
161_68,s1.4400000000000002,s1.6,s0
161_69,s1.79,s2.4000000000000004,s180
161_70,s2.8800000000000003,s1.6,s0
161_71,s3.2300000000000004,s2.4000000000000004,s180
161_72,s4.32,s1.6,s0
161_73,s4.67,s2.4000000000000004,s180
161_74,s-5.760000000000001,s3.2,s0
161_75,s-5.410000000000001,s4.0,s180
161_76,s-4.32,s3.2,s0
161_77,s-3.97,s4.0,s180
161_78,s-2.8800000000000003,s3.2,s0
161_79,s-2.5300000000000002,s4.0,s180
161_80,s-1.4400000000000002,s3.2,s0
161_81,s-1.0900000000000003,s4.0,s180
161_82,s0.0,s3.2,s0
161_83,s0.35,s4.0,s180
161_84,s2.8800000000000003,s3.2,s0
161_85,s3.2300000000000004,s4.0,s180
161_86,s4.32,s3.2,s0
161_87,s4.67,s4.0,s180
161_88,s-2.8800000000000003,s4.800000000000001,s0
161_89,s-2.5300000000000002,s5.6000000000000005,s180
161_90,s-5.760000000000001,s6.4,s0
161_91,s-5.410000000000001,s7.2,s180
161_92,s-4.32,s6.4,s0
161_93,s-3.97,s7.2,s180
161_94,s-2.8800000000000003,s6.4,s0
161_95,s-2.5300000000000002,s7.2,s180
161_96,s-1.4400000000000002,s6.4,s0
161_97,s-1.0900000000000003,s7.2,s180
161_98,s0.0,s6.4,s0
161_99,s0.35,s7.2,s180
161_100,s2.8800000000000003,s6.4,s0
161_101,s3.2300000000000004,s7.2,s180
161_102,s4.32,s6.4,s0
161_103,s4.67,s7.2,s180
161_104,s-0.5450000000000008,s0.40000000000000036,s0
162_0,s-5.8725,s-5.8,s0
162_1,s-5.5225,s-5.0,s180
162_2,s-4.5675,s-5.8,s0
162_3,s-4.2175,s-5.0,s180
162_4,s-3.2624999999999997,s-5.8,s0
162_5,s-2.9124999999999996,s-5.0,s180
162_6,s-1.9575,s-5.8,s0
162_7,s-1.6075,s-5.0,s180
162_8,s-0.6525,s-5.8,s0
162_9,s-0.3025,s-5.0,s180
162_10,s0.6525,s-5.8,s0
162_11,s1.0025,s-5.0,s180
162_12,s1.9575,s-5.8,s0
162_13,s2.3075,s-5.0,s180
162_14,s3.2624999999999997,s-5.8,s0
162_15,s3.6125,s-5.0,s180
162_16,s4.5675,s-5.8,s0
162_17,s4.9174999999999995,s-5.0,s180
162_18,s-5.8725,s-4.35,s0
162_19,s-5.5225,s-3.55,s180
162_20,s-4.5675,s-4.35,s0
162_21,s-4.2175,s-3.55,s180
162_22,s-3.2624999999999997,s-4.35,s0
162_23,s-2.9124999999999996,s-3.55,s180
162_24,s-1.9575,s-4.35,s0
162_25,s-1.6075,s-3.55,s180
162_26,s-0.6525,s-4.35,s0
162_27,s-0.3025,s-3.55,s180
162_28,s0.6525,s-4.35,s0
162_29,s1.0025,s-3.55,s180
162_30,s1.9575,s-4.35,s0
162_31,s2.3075,s-3.55,s180
162_32,s3.2624999999999997,s-4.35,s0
162_33,s3.6125,s-3.55,s180
162_34,s4.5675,s-4.35,s0
162_35,s4.9174999999999995,s-3.55,s180
162_36,s-5.8725,s-2.9,s0
162_37,s-5.5225,s-2.0999999999999996,s180
162_38,s-4.5675,s-2.9,s0
162_39,s-4.2175,s-2.0999999999999996,s180
162_40,s-3.2624999999999997,s-2.9,s0
162_41,s-2.9124999999999996,s-2.0999999999999996,s180
162_42,s-1.9575,s-2.9,s0
162_43,s-1.6075,s-2.0999999999999996,s180
162_44,s-0.6525,s-2.9,s0
162_45,s-0.3025,s-2.0999999999999996,s180
162_46,s0.6525,s-2.9,s0
162_47,s1.0025,s-2.0999999999999996,s180
162_48,s1.9575,s-2.9,s0
162_49,s2.3075,s-2.0999999999999996,s180
162_50,s3.2624999999999997,s-2.9,s0
162_51,s3.6125,s-2.0999999999999996,s180
162_52,s4.5675,s-2.9,s0
162_53,s4.9174999999999995,s-2.0999999999999996,s180
162_54,s-5.8725,s-1.45,s0
162_55,s-5.5225,s-0.6499999999999999,s180
162_56,s-4.5675,s-1.45,s0
162_57,s-4.2175,s-0.6499999999999999,s180
162_58,s-3.2624999999999997,s-1.45,s0
162_59,s-2.9124999999999996,s-0.6499999999999999,s180
162_60,s-1.9575,s-1.45,s0
162_61,s-1.6075,s-0.6499999999999999,s180
162_62,s-0.6525,s-1.45,s0
162_63,s-0.3025,s-0.6499999999999999,s180
162_64,s0.6525,s-1.45,s0
162_65,s1.0025,s-0.6499999999999999,s180
162_66,s1.9575,s-1.45,s0
162_67,s2.3075,s-0.6499999999999999,s180
162_68,s3.2624999999999997,s-1.45,s0
162_69,s3.6125,s-0.6499999999999999,s180
162_70,s4.5675,s-1.45,s0
162_71,s4.9174999999999995,s-0.6499999999999999,s180
162_72,s-5.8725,s0.0,s0
162_73,s-5.5225,s0.8,s180
162_74,s-4.5675,s0.0,s0
162_75,s-4.2175,s0.8,s180
162_76,s-3.2624999999999997,s0.0,s0
162_77,s-2.9124999999999996,s0.8,s180
162_78,s-1.9575,s0.0,s0
162_79,s-1.6075,s0.8,s180
162_80,s-0.6525,s0.0,s0
162_81,s-0.3025,s0.8,s180
162_82,s0.6525,s0.0,s0
162_83,s1.0025,s0.8,s180
162_84,s1.9575,s0.0,s0
162_85,s2.3075,s0.8,s180
162_86,s3.2624999999999997,s0.0,s0
162_87,s3.6125,s0.8,s180
162_88,s4.5675,s0.0,s0
162_89,s4.9174999999999995,s0.8,s180
162_90,s-5.8725,s1.45,s0
162_91,s-5.5225,s2.25,s180
162_92,s-4.5675,s1.45,s0
162_93,s-4.2175,s2.25,s180
162_94,s-3.2624999999999997,s1.45,s0
162_95,s-2.9124999999999996,s2.25,s180
162_96,s-1.9575,s1.45,s0
162_97,s-1.6075,s2.25,s180
162_98,s-0.6525,s1.45,s0
162_99,s-0.3025,s2.25,s180
162_100,s0.6525,s1.45,s0
162_101,s1.0025,s2.25,s180
162_102,s1.9575,s1.45,s0
162_103,s2.3075,s2.25,s180
162_104,s3.2624999999999997,s1.45,s0
162_105,s3.6125,s2.25,s180
162_106,s4.5675,s1.45,s0
162_107,s4.9174999999999995,s2.25,s180
162_108,s-5.8725,s2.9,s0
162_109,s-5.5225,s3.7,s180
162_110,s-4.5675,s2.9,s0
162_111,s-4.2175,s3.7,s180
162_112,s-3.2624999999999997,s2.9,s0
162_113,s-2.9124999999999996,s3.7,s180
162_114,s-1.9575,s2.9,s0
162_115,s-1.6075,s3.7,s180
162_116,s-0.6525,s2.9,s0
162_117,s-0.3025,s3.7,s180
162_118,s0.6525,s2.9,s0
162_119,s1.0025,s3.7,s180
162_120,s1.9575,s2.9,s0
162_121,s2.3075,s3.7,s180
162_122,s3.2624999999999997,s2.9,s0
162_123,s3.6125,s3.7,s180
162_124,s4.5675,s2.9,s0
162_125,s4.9174999999999995,s3.7,s180
162_126,s-5.8725,s4.35,s0
162_127,s-5.5225,s5.1499999999999995,s180
162_128,s-4.5675,s4.35,s0
162_129,s-4.2175,s5.1499999999999995,s180
162_130,s-3.2624999999999997,s4.35,s0
162_131,s-2.9124999999999996,s5.1499999999999995,s180
162_132,s-1.9575,s4.35,s0
162_133,s-1.6075,s5.1499999999999995,s180
162_134,s-0.6525,s4.35,s0
162_135,s-0.3025,s5.1499999999999995,s180
162_136,s0.6525,s4.35,s0
162_137,s1.0025,s5.1499999999999995,s180
162_138,s1.9575,s4.35,s0
162_139,s2.3075,s5.1499999999999995,s180
162_140,s3.2624999999999997,s4.35,s0
162_141,s3.6125,s5.1499999999999995,s180
162_142,s4.5675,s4.35,s0
162_143,s4.9174999999999995,s5.1499999999999995,s180
162_144,s-5.8725,s5.8,s0
162_145,s-5.5225,s6.6,s180
162_146,s-4.5675,s5.8,s0
162_147,s-4.2175,s6.6,s180
162_148,s-3.2624999999999997,s5.8,s0
162_149,s-2.9124999999999996,s6.6,s180
162_150,s-1.9575,s5.8,s0
162_151,s-1.6075,s6.6,s180
162_152,s-0.6525,s5.8,s0
162_153,s-0.3025,s6.6,s180
162_154,s0.6525,s5.8,s0
162_155,s1.0025,s6.6,s180
162_156,s1.9575,s5.8,s0
162_157,s2.3075,s6.6,s180
162_158,s3.2624999999999997,s5.8,s0
162_159,s3.6125,s6.6,s180
162_160,s4.5675,s5.8,s0
162_161,s4.9174999999999995,s6.6,s180
163_0,s-5.8725,s-5.8,s0
163_1,s-5.5225,s-5.0,s180
163_2,s-4.5675,s-5.8,s0
163_3,s-4.2175,s-5.0,s180
163_4,s-3.2624999999999997,s-5.8,s0
163_5,s-2.9124999999999996,s-5.0,s180
163_6,s-1.9575,s-5.8,s0
163_7,s-1.6075,s-5.0,s180
163_8,s-0.6525,s-5.8,s0
163_9,s-0.3025,s-5.0,s180
163_10,s0.6525,s-5.8,s0
163_11,s1.0025,s-5.0,s180
163_12,s1.9575,s-5.8,s0
163_13,s2.3075,s-5.0,s180
163_14,s3.2624999999999997,s-5.8,s0
163_15,s3.6125,s-5.0,s180
163_16,s4.5675,s-5.8,s0
163_17,s4.9174999999999995,s-5.0,s180
163_18,s-5.8725,s-4.35,s0
163_19,s-5.5225,s-3.55,s180
163_20,s-4.5675,s-4.35,s0
163_21,s-4.2175,s-3.55,s180
163_22,s-3.2624999999999997,s-4.35,s0
163_23,s-2.9124999999999996,s-3.55,s180
163_24,s-1.9575,s-4.35,s0
163_25,s-1.6075,s-3.55,s180
163_26,s-0.6525,s-4.35,s0
163_27,s-0.3025,s-3.55,s180
163_28,s0.6525,s-4.35,s0
163_29,s1.0025,s-3.55,s180
163_30,s1.9575,s-4.35,s0
163_31,s2.3075,s-3.55,s180
163_32,s3.2624999999999997,s-4.35,s0
163_33,s3.6125,s-3.55,s180
163_34,s4.5675,s-4.35,s0
163_35,s4.9174999999999995,s-3.55,s180
163_36,s-5.8725,s-2.9,s0
163_37,s-5.5225,s-2.0999999999999996,s180
163_38,s-4.5675,s-2.9,s0
163_39,s-4.2175,s-2.0999999999999996,s180
163_40,s-3.2624999999999997,s-2.9,s0
163_41,s-2.9124999999999996,s-2.0999999999999996,s180
163_42,s-1.9575,s-2.9,s0
163_43,s-1.6075,s-2.0999999999999996,s180
163_44,s-0.6525,s-2.9,s0
163_45,s-0.3025,s-2.0999999999999996,s180
163_46,s0.6525,s-2.9,s0
163_47,s1.0025,s-2.0999999999999996,s180
163_48,s1.9575,s-2.9,s0
163_49,s2.3075,s-2.0999999999999996,s180
163_50,s3.2624999999999997,s-2.9,s0
163_51,s3.6125,s-2.0999999999999996,s180
163_52,s4.5675,s-2.9,s0
163_53,s4.9174999999999995,s-2.0999999999999996,s180
163_54,s-5.8725,s-1.45,s0
163_55,s-5.5225,s-0.6499999999999999,s180
163_56,s-4.5675,s-1.45,s0
163_57,s-4.2175,s-0.6499999999999999,s180
163_58,s-3.2624999999999997,s-1.45,s0
163_59,s-2.9124999999999996,s-0.6499999999999999,s180
163_60,s-1.9575,s-1.45,s0
163_61,s-1.6075,s-0.6499999999999999,s180
163_62,s-0.6525,s-1.45,s0
163_63,s-0.3025,s-0.6499999999999999,s180
163_64,s0.6525,s-1.45,s0
163_65,s1.0025,s-0.6499999999999999,s180
163_66,s1.9575,s-1.45,s0
163_67,s2.3075,s-0.6499999999999999,s180
163_68,s3.2624999999999997,s-1.45,s0
163_69,s3.6125,s-0.6499999999999999,s180
163_70,s4.5675,s-1.45,s0
163_71,s4.9174999999999995,s-0.6499999999999999,s180
163_72,s-5.8725,s0.0,s0
163_73,s-5.5225,s0.8,s180
163_74,s-4.5675,s0.0,s0
163_75,s-4.2175,s0.8,s180
163_76,s-3.2624999999999997,s0.0,s0
163_77,s-2.9124999999999996,s0.8,s180
163_78,s-1.9575,s0.0,s0
163_79,s-1.6075,s0.8,s180
163_80,s-0.6525,s0.0,s0
163_81,s-0.3025,s0.8,s180
163_82,s0.6525,s0.0,s0
163_83,s1.0025,s0.8,s180
163_84,s1.9575,s0.0,s0
163_85,s2.3075,s0.8,s180
163_86,s3.2624999999999997,s0.0,s0
163_87,s3.6125,s0.8,s180
163_88,s4.5675,s0.0,s0
163_89,s4.9174999999999995,s0.8,s180
163_90,s-5.8725,s1.45,s0
163_91,s-5.5225,s2.25,s180
163_92,s-4.5675,s1.45,s0
163_93,s-4.2175,s2.25,s180
163_94,s-3.2624999999999997,s1.45,s0
163_95,s-2.9124999999999996,s2.25,s180
163_96,s-1.9575,s1.45,s0
163_97,s-1.6075,s2.25,s180
163_98,s-0.6525,s1.45,s0
163_99,s-0.3025,s2.25,s180
163_100,s0.6525,s1.45,s0
163_101,s1.0025,s2.25,s180
163_102,s1.9575,s1.45,s0
163_103,s2.3075,s2.25,s180
163_104,s3.2624999999999997,s1.45,s0
163_105,s3.6125,s2.25,s180
163_106,s4.5675,s1.45,s0
163_107,s4.9174999999999995,s2.25,s180
163_108,s-5.8725,s2.9,s0
163_109,s-5.5225,s3.7,s180
163_110,s-4.5675,s2.9,s0
163_111,s-4.2175,s3.7,s180
163_112,s-3.2624999999999997,s2.9,s0
163_113,s-2.9124999999999996,s3.7,s180
163_114,s-1.9575,s2.9,s0
163_115,s-1.6075,s3.7,s180
163_116,s-0.6525,s2.9,s0
163_117,s-0.3025,s3.7,s180
163_118,s0.6525,s2.9,s0
163_119,s1.0025,s3.7,s180
163_120,s1.9575,s2.9,s0
163_121,s2.3075,s3.7,s180
163_122,s3.2624999999999997,s2.9,s0
163_123,s3.6125,s3.7,s180
163_124,s4.5675,s2.9,s0
163_125,s4.9174999999999995,s3.7,s180
163_126,s-5.8725,s4.35,s0
163_127,s-5.5225,s5.1499999999999995,s180
163_128,s-4.5675,s4.35,s0
163_129,s-4.2175,s5.1499999999999995,s180
163_130,s-3.2624999999999997,s4.35,s0
163_131,s-2.9124999999999996,s5.1499999999999995,s180
163_132,s-1.9575,s4.35,s0
163_133,s-1.6075,s5.1499999999999995,s180
163_134,s-0.6525,s4.35,s0
163_135,s-0.3025,s5.1499999999999995,s180
163_136,s0.6525,s4.35,s0
163_137,s1.0025,s5.1499999999999995,s180
163_138,s1.9575,s4.35,s0
163_139,s2.3075,s5.1499999999999995,s180
163_140,s3.2624999999999997,s4.35,s0
163_141,s3.6125,s5.1499999999999995,s180
163_142,s4.5675,s4.35,s0
163_143,s4.9174999999999995,s5.1499999999999995,s180
163_144,s-5.8725,s5.8,s0
163_145,s-5.5225,s6.6,s180
163_146,s-4.5675,s5.8,s0
163_147,s-4.2175,s6.6,s180
163_148,s-3.2624999999999997,s5.8,s0
163_149,s-2.9124999999999996,s6.6,s180
163_150,s-1.9575,s5.8,s0
163_151,s-1.6075,s6.6,s180
163_152,s-0.6525,s5.8,s0
163_153,s-0.3025,s6.6,s180
163_154,s0.6525,s5.8,s0
163_155,s1.0025,s6.6,s180
163_156,s1.9575,s5.8,s0
163_157,s2.3075,s6.6,s180
163_158,s3.2624999999999997,s5.8,s0
163_159,s3.6125,s6.6,s180
163_160,s4.5675,s5.8,s0
163_161,s4.9174999999999995,s6.6,s180
163_162,s5.7675,s0.3999999999999999,s0
164_0,s-5.040000000000001,s-6.4,s0
164_1,s-4.690000000000001,s-5.6000000000000005,s180
164_2,s-3.6000000000000005,s-6.4,s0
164_3,s-3.2500000000000004,s-5.6000000000000005,s180
164_4,s-2.16,s-6.4,s0
164_5,s-1.81,s-5.6000000000000005,s180
164_6,s-0.7200000000000001,s-6.4,s0
164_7,s-0.3700000000000001,s-5.6000000000000005,s180
164_8,s2.16,s-6.4,s0
164_9,s2.5100000000000002,s-5.6000000000000005,s180
164_10,s3.6000000000000005,s-6.4,s0
164_11,s3.9500000000000006,s-5.6000000000000005,s180
164_12,s5.040000000000001,s-6.4,s0
164_13,s5.390000000000001,s-5.6000000000000005,s180
164_14,s6.48,s-6.4,s0
164_15,s6.83,s-5.6000000000000005,s180
164_16,s-5.040000000000001,s-4.800000000000001,s0
164_17,s-4.690000000000001,s-4.000000000000001,s180
164_18,s-3.6000000000000005,s-4.800000000000001,s0
164_19,s-3.2500000000000004,s-4.000000000000001,s180
164_20,s-2.16,s-4.800000000000001,s0
164_21,s-1.81,s-4.000000000000001,s180
164_22,s-0.7200000000000001,s-4.800000000000001,s0
164_23,s-0.3700000000000001,s-4.000000000000001,s180
164_24,s2.16,s-4.800000000000001,s0
164_25,s2.5100000000000002,s-4.000000000000001,s180
164_26,s3.6000000000000005,s-4.800000000000001,s0
164_27,s3.9500000000000006,s-4.000000000000001,s180
164_28,s5.040000000000001,s-4.800000000000001,s0
164_29,s5.390000000000001,s-4.000000000000001,s180
164_30,s6.48,s-4.800000000000001,s0
164_31,s6.83,s-4.000000000000001,s180
164_32,s-5.040000000000001,s-1.6,s0
164_33,s-4.690000000000001,s-0.8,s180
164_34,s-3.6000000000000005,s-1.6,s0
164_35,s-3.2500000000000004,s-0.8,s180
164_36,s-2.16,s-1.6,s0
164_37,s-1.81,s-0.8,s180
164_38,s-0.7200000000000001,s-1.6,s0
164_39,s-0.3700000000000001,s-0.8,s180
164_40,s2.16,s-1.6,s0
164_41,s2.5100000000000002,s-0.8,s180
164_42,s3.6000000000000005,s-1.6,s0
164_43,s3.9500000000000006,s-0.8,s180
164_44,s5.040000000000001,s-1.6,s0
164_45,s5.390000000000001,s-0.8,s180
164_46,s6.48,s-1.6,s0
164_47,s6.83,s-0.8,s180
164_48,s-5.040000000000001,s0.0,s0
164_49,s-4.690000000000001,s0.8,s180
164_50,s-3.6000000000000005,s0.0,s0
164_51,s-3.2500000000000004,s0.8,s180
164_52,s-2.16,s0.0,s0
164_53,s-1.81,s0.8,s180
164_54,s-0.7200000000000001,s0.0,s0
164_55,s-0.3700000000000001,s0.8,s180
164_56,s2.16,s0.0,s0
164_57,s2.5100000000000002,s0.8,s180
164_58,s3.6000000000000005,s0.0,s0
164_59,s3.9500000000000006,s0.8,s180
164_60,s5.040000000000001,s0.0,s0
164_61,s5.390000000000001,s0.8,s180
164_62,s6.48,s0.0,s0
164_63,s6.83,s0.8,s180
164_64,s-5.040000000000001,s1.6,s0
164_65,s-4.690000000000001,s2.4000000000000004,s180
164_66,s-3.6000000000000005,s1.6,s0
164_67,s-3.2500000000000004,s2.4000000000000004,s180
164_68,s-2.16,s1.6,s0
164_69,s-1.81,s2.4000000000000004,s180
164_70,s-0.7200000000000001,s1.6,s0
164_71,s-0.3700000000000001,s2.4000000000000004,s180
164_72,s0.7200000000000001,s1.6,s0
164_73,s1.07,s2.4000000000000004,s180
164_74,s2.16,s1.6,s0
164_75,s2.5100000000000002,s2.4000000000000004,s180
164_76,s3.6000000000000005,s1.6,s0
164_77,s3.9500000000000006,s2.4000000000000004,s180
164_78,s5.040000000000001,s1.6,s0
164_79,s5.390000000000001,s2.4000000000000004,s180
164_80,s6.48,s1.6,s0
164_81,s6.83,s2.4000000000000004,s180
164_82,s-5.040000000000001,s3.2,s0
164_83,s-4.690000000000001,s4.0,s180
164_84,s-3.6000000000000005,s3.2,s0
164_85,s-3.2500000000000004,s4.0,s180
164_86,s-2.16,s3.2,s0
164_87,s-1.81,s4.0,s180
164_88,s-0.7200000000000001,s3.2,s0
164_89,s-0.3700000000000001,s4.0,s180
164_90,s2.16,s3.2,s0
164_91,s2.5100000000000002,s4.0,s180
164_92,s3.6000000000000005,s3.2,s0
164_93,s3.9500000000000006,s4.0,s180
164_94,s5.040000000000001,s3.2,s0
164_95,s5.390000000000001,s4.0,s180
164_96,s6.48,s3.2,s0
164_97,s6.83,s4.0,s180
164_98,s-5.040000000000001,s6.4,s0
164_99,s-4.690000000000001,s7.2,s180
164_100,s-3.6000000000000005,s6.4,s0
164_101,s-3.2500000000000004,s7.2,s180
164_102,s-2.16,s6.4,s0
164_103,s-1.81,s7.2,s180
164_104,s-0.7200000000000001,s6.4,s0
164_105,s-0.3700000000000001,s7.2,s180
164_106,s2.16,s6.4,s0
164_107,s2.5100000000000002,s7.2,s180
164_108,s3.6000000000000005,s6.4,s0
164_109,s3.9500000000000006,s7.2,s180
164_110,s5.040000000000001,s6.4,s0
164_111,s5.390000000000001,s7.2,s180
164_112,s6.48,s6.4,s0
164_113,s6.83,s7.2,s180
165_0,s-5.040000000000001,s-6.4,s0
165_1,s-4.690000000000001,s-5.6000000000000005,s180
165_2,s-3.6000000000000005,s-6.4,s0
165_3,s-3.2500000000000004,s-5.6000000000000005,s180
165_4,s-2.16,s-6.4,s0
165_5,s-1.81,s-5.6000000000000005,s180
165_6,s-0.7200000000000001,s-6.4,s0
165_7,s-0.3700000000000001,s-5.6000000000000005,s180
165_8,s2.16,s-6.4,s0
165_9,s2.5100000000000002,s-5.6000000000000005,s180
165_10,s3.6000000000000005,s-6.4,s0
165_11,s3.9500000000000006,s-5.6000000000000005,s180
165_12,s5.040000000000001,s-6.4,s0
165_13,s5.390000000000001,s-5.6000000000000005,s180
165_14,s6.48,s-6.4,s0
165_15,s6.83,s-5.6000000000000005,s180
165_16,s-5.040000000000001,s-4.800000000000001,s0
165_17,s-4.690000000000001,s-4.000000000000001,s180
165_18,s-3.6000000000000005,s-4.800000000000001,s0
165_19,s-3.2500000000000004,s-4.000000000000001,s180
165_20,s-2.16,s-4.800000000000001,s0
165_21,s-1.81,s-4.000000000000001,s180
165_22,s-0.7200000000000001,s-4.800000000000001,s0
165_23,s-0.3700000000000001,s-4.000000000000001,s180
165_24,s2.16,s-4.800000000000001,s0
165_25,s2.5100000000000002,s-4.000000000000001,s180
165_26,s3.6000000000000005,s-4.800000000000001,s0
165_27,s3.9500000000000006,s-4.000000000000001,s180
165_28,s5.040000000000001,s-4.800000000000001,s0
165_29,s5.390000000000001,s-4.000000000000001,s180
165_30,s6.48,s-4.800000000000001,s0
165_31,s6.83,s-4.000000000000001,s180
165_32,s-5.040000000000001,s-1.6,s0
165_33,s-4.690000000000001,s-0.8,s180
165_34,s-3.6000000000000005,s-1.6,s0
165_35,s-3.2500000000000004,s-0.8,s180
165_36,s-2.16,s-1.6,s0
165_37,s-1.81,s-0.8,s180
165_38,s-0.7200000000000001,s-1.6,s0
165_39,s-0.3700000000000001,s-0.8,s180
165_40,s2.16,s-1.6,s0
165_41,s2.5100000000000002,s-0.8,s180
165_42,s3.6000000000000005,s-1.6,s0
165_43,s3.9500000000000006,s-0.8,s180
165_44,s5.040000000000001,s-1.6,s0
165_45,s5.390000000000001,s-0.8,s180
165_46,s6.48,s-1.6,s0
165_47,s6.83,s-0.8,s180
165_48,s-5.040000000000001,s0.0,s0
165_49,s-4.690000000000001,s0.8,s180
165_50,s-3.6000000000000005,s0.0,s0
165_51,s-3.2500000000000004,s0.8,s180
165_52,s-2.16,s0.0,s0
165_53,s-1.81,s0.8,s180
165_54,s-0.7200000000000001,s0.0,s0
165_55,s-0.3700000000000001,s0.8,s180
165_56,s2.16,s0.0,s0
165_57,s2.5100000000000002,s0.8,s180
165_58,s3.6000000000000005,s0.0,s0
165_59,s3.9500000000000006,s0.8,s180
165_60,s5.040000000000001,s0.0,s0
165_61,s5.390000000000001,s0.8,s180
165_62,s6.48,s0.0,s0
165_63,s6.83,s0.8,s180
165_64,s-5.040000000000001,s1.6,s0
165_65,s-4.690000000000001,s2.4000000000000004,s180
165_66,s-3.6000000000000005,s1.6,s0
165_67,s-3.2500000000000004,s2.4000000000000004,s180
165_68,s-2.16,s1.6,s0
165_69,s-1.81,s2.4000000000000004,s180
165_70,s-0.7200000000000001,s1.6,s0
165_71,s-0.3700000000000001,s2.4000000000000004,s180
165_72,s0.7200000000000001,s1.6,s0
165_73,s1.07,s2.4000000000000004,s180
165_74,s2.16,s1.6,s0
165_75,s2.5100000000000002,s2.4000000000000004,s180
165_76,s3.6000000000000005,s1.6,s0
165_77,s3.9500000000000006,s2.4000000000000004,s180
165_78,s5.040000000000001,s1.6,s0
165_79,s5.390000000000001,s2.4000000000000004,s180
165_80,s6.48,s1.6,s0
165_81,s6.83,s2.4000000000000004,s180
165_82,s-5.040000000000001,s3.2,s0
165_83,s-4.690000000000001,s4.0,s180
165_84,s-3.6000000000000005,s3.2,s0
165_85,s-3.2500000000000004,s4.0,s180
165_86,s-2.16,s3.2,s0
165_87,s-1.81,s4.0,s180
165_88,s-0.7200000000000001,s3.2,s0
165_89,s-0.3700000000000001,s4.0,s180
165_90,s2.16,s3.2,s0
165_91,s2.5100000000000002,s4.0,s180
165_92,s3.6000000000000005,s3.2,s0
165_93,s3.9500000000000006,s4.0,s180
165_94,s5.040000000000001,s3.2,s0
165_95,s5.390000000000001,s4.0,s180
165_96,s6.48,s3.2,s0
165_97,s6.83,s4.0,s180
165_98,s-5.040000000000001,s6.4,s0
165_99,s-4.690000000000001,s7.2,s180
165_100,s-3.6000000000000005,s6.4,s0
165_101,s-3.2500000000000004,s7.2,s180
165_102,s-2.16,s6.4,s0
165_103,s-1.81,s7.2,s180
165_104,s-0.7200000000000001,s6.4,s0
165_105,s-0.3700000000000001,s7.2,s180
165_106,s2.16,s6.4,s0
165_107,s2.5100000000000002,s7.2,s180
165_108,s3.6000000000000005,s6.4,s0
165_109,s3.9500000000000006,s7.2,s180
165_110,s5.040000000000001,s6.4,s0
165_111,s5.390000000000001,s7.2,s180
165_112,s6.48,s6.4,s0
165_113,s6.83,s7.2,s180
165_114,s0,s0,s0
166_0,s-5.040000000000001,s-6.4,s0
166_1,s-4.690000000000001,s-5.6000000000000005,s180
166_2,s-3.6000000000000005,s-6.4,s0
166_3,s-3.2500000000000004,s-5.6000000000000005,s180
166_4,s-2.16,s-6.4,s0
166_5,s-1.81,s-5.6000000000000005,s180
166_6,s-0.7200000000000001,s-6.4,s0
166_7,s-0.3700000000000001,s-5.6000000000000005,s180
166_8,s2.16,s-6.4,s0
166_9,s2.5100000000000002,s-5.6000000000000005,s180
166_10,s3.6000000000000005,s-6.4,s0
166_11,s3.9500000000000006,s-5.6000000000000005,s180
166_12,s5.040000000000001,s-6.4,s0
166_13,s5.390000000000001,s-5.6000000000000005,s180
166_14,s6.48,s-6.4,s0
166_15,s6.83,s-5.6000000000000005,s180
166_16,s-5.040000000000001,s-4.800000000000001,s0
166_17,s-4.690000000000001,s-4.000000000000001,s180
166_18,s-3.6000000000000005,s-4.800000000000001,s0
166_19,s-3.2500000000000004,s-4.000000000000001,s180
166_20,s-2.16,s-4.800000000000001,s0
166_21,s-1.81,s-4.000000000000001,s180
166_22,s-0.7200000000000001,s-4.800000000000001,s0
166_23,s-0.3700000000000001,s-4.000000000000001,s180
166_24,s2.16,s-4.800000000000001,s0
166_25,s2.5100000000000002,s-4.000000000000001,s180
166_26,s3.6000000000000005,s-4.800000000000001,s0
166_27,s3.9500000000000006,s-4.000000000000001,s180
166_28,s5.040000000000001,s-4.800000000000001,s0
166_29,s5.390000000000001,s-4.000000000000001,s180
166_30,s6.48,s-4.800000000000001,s0
166_31,s6.83,s-4.000000000000001,s180
166_32,s-5.040000000000001,s-1.6,s0
166_33,s-4.690000000000001,s-0.8,s180
166_34,s-3.6000000000000005,s-1.6,s0
166_35,s-3.2500000000000004,s-0.8,s180
166_36,s-2.16,s-1.6,s0
166_37,s-1.81,s-0.8,s180
166_38,s-0.7200000000000001,s-1.6,s0
166_39,s-0.3700000000000001,s-0.8,s180
166_40,s2.16,s-1.6,s0
166_41,s2.5100000000000002,s-0.8,s180
166_42,s3.6000000000000005,s-1.6,s0
166_43,s3.9500000000000006,s-0.8,s180
166_44,s5.040000000000001,s-1.6,s0
166_45,s5.390000000000001,s-0.8,s180
166_46,s6.48,s-1.6,s0
166_47,s6.83,s-0.8,s180
166_48,s-5.040000000000001,s0.0,s0
166_49,s-4.690000000000001,s0.8,s180
166_50,s-3.6000000000000005,s0.0,s0
166_51,s-3.2500000000000004,s0.8,s180
166_52,s-2.16,s0.0,s0
166_53,s-1.81,s0.8,s180
166_54,s-0.7200000000000001,s0.0,s0
166_55,s-0.3700000000000001,s0.8,s180
166_56,s2.16,s0.0,s0
166_57,s2.5100000000000002,s0.8,s180
166_58,s3.6000000000000005,s0.0,s0
166_59,s3.9500000000000006,s0.8,s180
166_60,s5.040000000000001,s0.0,s0
166_61,s5.390000000000001,s0.8,s180
166_62,s6.48,s0.0,s0
166_63,s6.83,s0.8,s180
166_64,s-5.040000000000001,s1.6,s0
166_65,s-4.690000000000001,s2.4000000000000004,s180
166_66,s-3.6000000000000005,s1.6,s0
166_67,s-3.2500000000000004,s2.4000000000000004,s180
166_68,s-2.16,s1.6,s0
166_69,s-1.81,s2.4000000000000004,s180
166_70,s-0.7200000000000001,s1.6,s0
166_71,s-0.3700000000000001,s2.4000000000000004,s180
166_72,s0.7200000000000001,s1.6,s0
166_73,s1.07,s2.4000000000000004,s180
166_74,s2.16,s1.6,s0
166_75,s2.5100000000000002,s2.4000000000000004,s180
166_76,s3.6000000000000005,s1.6,s0
166_77,s3.9500000000000006,s2.4000000000000004,s180
166_78,s5.040000000000001,s1.6,s0
166_79,s5.390000000000001,s2.4000000000000004,s180
166_80,s6.48,s1.6,s0
166_81,s6.83,s2.4000000000000004,s180
166_82,s-5.040000000000001,s3.2,s0
166_83,s-4.690000000000001,s4.0,s180
166_84,s-3.6000000000000005,s3.2,s0
166_85,s-3.2500000000000004,s4.0,s180
166_86,s-2.16,s3.2,s0
166_87,s-1.81,s4.0,s180
166_88,s-0.7200000000000001,s3.2,s0
166_89,s-0.3700000000000001,s4.0,s180
166_90,s2.16,s3.2,s0
166_91,s2.5100000000000002,s4.0,s180
166_92,s3.6000000000000005,s3.2,s0
166_93,s3.9500000000000006,s4.0,s180
166_94,s5.040000000000001,s3.2,s0
166_95,s5.390000000000001,s4.0,s180
166_96,s6.48,s3.2,s0
166_97,s6.83,s4.0,s180
166_98,s-5.040000000000001,s6.4,s0
166_99,s-4.690000000000001,s7.2,s180
166_100,s-3.6000000000000005,s6.4,s0
166_101,s-3.2500000000000004,s7.2,s180
166_102,s-2.16,s6.4,s0
166_103,s-1.81,s7.2,s180
166_104,s-0.7200000000000001,s6.4,s0
166_105,s-0.3700000000000001,s7.2,s180
166_106,s2.16,s6.4,s0
166_107,s2.5100000000000002,s7.2,s180
166_108,s3.6000000000000005,s6.4,s0
166_109,s3.9500000000000006,s7.2,s180
166_110,s5.040000000000001,s6.4,s0
166_111,s5.390000000000001,s7.2,s180
166_112,s6.48,s6.4,s0
166_113,s6.83,s7.2,s180
167_0,s-5.040000000000001,s-6.4,s0
167_1,s-4.690000000000001,s-5.6000000000000005,s180
167_2,s-3.6000000000000005,s-6.4,s0
167_3,s-3.2500000000000004,s-5.6000000000000005,s180
167_4,s-2.16,s-6.4,s0
167_5,s-1.81,s-5.6000000000000005,s180
167_6,s-0.7200000000000001,s-6.4,s0
167_7,s-0.3700000000000001,s-5.6000000000000005,s180
167_8,s2.16,s-6.4,s0
167_9,s2.5100000000000002,s-5.6000000000000005,s180
167_10,s3.6000000000000005,s-6.4,s0
167_11,s3.9500000000000006,s-5.6000000000000005,s180
167_12,s5.040000000000001,s-6.4,s0
167_13,s5.390000000000001,s-5.6000000000000005,s180
167_14,s6.48,s-6.4,s0
167_15,s6.83,s-5.6000000000000005,s180
167_16,s-5.040000000000001,s-4.800000000000001,s0
167_17,s-4.690000000000001,s-4.000000000000001,s180
167_18,s-3.6000000000000005,s-4.800000000000001,s0
167_19,s-3.2500000000000004,s-4.000000000000001,s180
167_20,s-2.16,s-4.800000000000001,s0
167_21,s-1.81,s-4.000000000000001,s180
167_22,s-0.7200000000000001,s-4.800000000000001,s0
167_23,s-0.3700000000000001,s-4.000000000000001,s180
167_24,s2.16,s-4.800000000000001,s0
167_25,s2.5100000000000002,s-4.000000000000001,s180
167_26,s3.6000000000000005,s-4.800000000000001,s0
167_27,s3.9500000000000006,s-4.000000000000001,s180
167_28,s5.040000000000001,s-4.800000000000001,s0
167_29,s5.390000000000001,s-4.000000000000001,s180
167_30,s6.48,s-4.800000000000001,s0
167_31,s6.83,s-4.000000000000001,s180
167_32,s-5.040000000000001,s-1.6,s0
167_33,s-4.690000000000001,s-0.8,s180
167_34,s-3.6000000000000005,s-1.6,s0
167_35,s-3.2500000000000004,s-0.8,s180
167_36,s-2.16,s-1.6,s0
167_37,s-1.81,s-0.8,s180
167_38,s-0.7200000000000001,s-1.6,s0
167_39,s-0.3700000000000001,s-0.8,s180
167_40,s2.16,s-1.6,s0
167_41,s2.5100000000000002,s-0.8,s180
167_42,s3.6000000000000005,s-1.6,s0
167_43,s3.9500000000000006,s-0.8,s180
167_44,s5.040000000000001,s-1.6,s0
167_45,s5.390000000000001,s-0.8,s180
167_46,s6.48,s-1.6,s0
167_47,s6.83,s-0.8,s180
167_48,s-5.040000000000001,s0.0,s0
167_49,s-4.690000000000001,s0.8,s180
167_50,s-3.6000000000000005,s0.0,s0
167_51,s-3.2500000000000004,s0.8,s180
167_52,s-2.16,s0.0,s0
167_53,s-1.81,s0.8,s180
167_54,s-0.7200000000000001,s0.0,s0
167_55,s-0.3700000000000001,s0.8,s180
167_56,s2.16,s0.0,s0
167_57,s2.5100000000000002,s0.8,s180
167_58,s3.6000000000000005,s0.0,s0
167_59,s3.9500000000000006,s0.8,s180
167_60,s5.040000000000001,s0.0,s0
167_61,s5.390000000000001,s0.8,s180
167_62,s6.48,s0.0,s0
167_63,s6.83,s0.8,s180
167_64,s-5.040000000000001,s1.6,s0
167_65,s-4.690000000000001,s2.4000000000000004,s180
167_66,s-3.6000000000000005,s1.6,s0
167_67,s-3.2500000000000004,s2.4000000000000004,s180
167_68,s-2.16,s1.6,s0
167_69,s-1.81,s2.4000000000000004,s180
167_70,s-0.7200000000000001,s1.6,s0
167_71,s-0.3700000000000001,s2.4000000000000004,s180
167_72,s0.7200000000000001,s1.6,s0
167_73,s1.07,s2.4000000000000004,s180
167_74,s2.16,s1.6,s0
167_75,s2.5100000000000002,s2.4000000000000004,s180
167_76,s3.6000000000000005,s1.6,s0
167_77,s3.9500000000000006,s2.4000000000000004,s180
167_78,s5.040000000000001,s1.6,s0
167_79,s5.390000000000001,s2.4000000000000004,s180
167_80,s6.48,s1.6,s0
167_81,s6.83,s2.4000000000000004,s180
167_82,s-5.040000000000001,s3.2,s0
167_83,s-4.690000000000001,s4.0,s180
167_84,s-3.6000000000000005,s3.2,s0
167_85,s-3.2500000000000004,s4.0,s180
167_86,s-2.16,s3.2,s0
167_87,s-1.81,s4.0,s180
167_88,s-0.7200000000000001,s3.2,s0
167_89,s-0.3700000000000001,s4.0,s180
167_90,s2.16,s3.2,s0
167_91,s2.5100000000000002,s4.0,s180
167_92,s3.6000000000000005,s3.2,s0
167_93,s3.9500000000000006,s4.0,s180
167_94,s5.040000000000001,s3.2,s0
167_95,s5.390000000000001,s4.0,s180
167_96,s6.48,s3.2,s0
167_97,s6.83,s4.0,s180
167_98,s-5.040000000000001,s6.4,s0
167_99,s-4.690000000000001,s7.2,s180
167_100,s-3.6000000000000005,s6.4,s0
167_101,s-3.2500000000000004,s7.2,s180
167_102,s-2.16,s6.4,s0
167_103,s-1.81,s7.2,s180
167_104,s-0.7200000000000001,s6.4,s0
167_105,s-0.3700000000000001,s7.2,s180
167_106,s2.16,s6.4,s0
167_107,s2.5100000000000002,s7.2,s180
167_108,s3.6000000000000005,s6.4,s0
167_109,s3.9500000000000006,s7.2,s180
167_110,s5.040000000000001,s6.4,s0
167_111,s5.390000000000001,s7.2,s180
167_112,s6.48,s6.4,s0
167_113,s6.83,s7.2,s180
167_114,s0,s0,s0
168_0,s-5.040000000000001,s-6.4,s0
168_1,s-4.690000000000001,s-5.6000000000000005,s180
168_2,s-3.6000000000000005,s-6.4,s0
168_3,s-3.2500000000000004,s-5.6000000000000005,s180
168_4,s-2.16,s-6.4,s0
168_5,s-1.81,s-5.6000000000000005,s180
168_6,s-0.7200000000000001,s-6.4,s0
168_7,s-0.3700000000000001,s-5.6000000000000005,s180
168_8,s2.16,s-6.4,s0
168_9,s2.5100000000000002,s-5.6000000000000005,s180
168_10,s3.6000000000000005,s-6.4,s0
168_11,s3.9500000000000006,s-5.6000000000000005,s180
168_12,s5.040000000000001,s-6.4,s0
168_13,s5.390000000000001,s-5.6000000000000005,s180
168_14,s6.48,s-6.4,s0
168_15,s6.83,s-5.6000000000000005,s180
168_16,s-5.040000000000001,s-4.800000000000001,s0
168_17,s-4.690000000000001,s-4.000000000000001,s180
168_18,s-3.6000000000000005,s-4.800000000000001,s0
168_19,s-3.2500000000000004,s-4.000000000000001,s180
168_20,s-2.16,s-4.800000000000001,s0
168_21,s-1.81,s-4.000000000000001,s180
168_22,s-0.7200000000000001,s-4.800000000000001,s0
168_23,s-0.3700000000000001,s-4.000000000000001,s180
168_24,s2.16,s-4.800000000000001,s0
168_25,s2.5100000000000002,s-4.000000000000001,s180
168_26,s3.6000000000000005,s-4.800000000000001,s0
168_27,s3.9500000000000006,s-4.000000000000001,s180
168_28,s5.040000000000001,s-4.800000000000001,s0
168_29,s5.390000000000001,s-4.000000000000001,s180
168_30,s6.48,s-4.800000000000001,s0
168_31,s6.83,s-4.000000000000001,s180
168_32,s-5.040000000000001,s-1.6,s0
168_33,s-4.690000000000001,s-0.8,s180
168_34,s-3.6000000000000005,s-1.6,s0
168_35,s-3.2500000000000004,s-0.8,s180
168_36,s-2.16,s-1.6,s0
168_37,s-1.81,s-0.8,s180
168_38,s-0.7200000000000001,s-1.6,s0
168_39,s-0.3700000000000001,s-0.8,s180
168_40,s2.16,s-1.6,s0
168_41,s2.5100000000000002,s-0.8,s180
168_42,s3.6000000000000005,s-1.6,s0
168_43,s3.9500000000000006,s-0.8,s180
168_44,s5.040000000000001,s-1.6,s0
168_45,s5.390000000000001,s-0.8,s180
168_46,s6.48,s-1.6,s0
168_47,s6.83,s-0.8,s180
168_48,s-5.040000000000001,s0.0,s0
168_49,s-4.690000000000001,s0.8,s180
168_50,s-3.6000000000000005,s0.0,s0
168_51,s-3.2500000000000004,s0.8,s180
168_52,s-2.16,s0.0,s0
168_53,s-1.81,s0.8,s180
168_54,s-0.7200000000000001,s0.0,s0
168_55,s-0.3700000000000001,s0.8,s180
168_56,s2.16,s0.0,s0
168_57,s2.5100000000000002,s0.8,s180
168_58,s3.6000000000000005,s0.0,s0
168_59,s3.9500000000000006,s0.8,s180
168_60,s5.040000000000001,s0.0,s0
168_61,s5.390000000000001,s0.8,s180
168_62,s6.48,s0.0,s0
168_63,s6.83,s0.8,s180
168_64,s-5.040000000000001,s1.6,s0
168_65,s-4.690000000000001,s2.4000000000000004,s180
168_66,s-3.6000000000000005,s1.6,s0
168_67,s-3.2500000000000004,s2.4000000000000004,s180
168_68,s-2.16,s1.6,s0
168_69,s-1.81,s2.4000000000000004,s180
168_70,s-0.7200000000000001,s1.6,s0
168_71,s-0.3700000000000001,s2.4000000000000004,s180
168_72,s0.7200000000000001,s1.6,s0
168_73,s1.07,s2.4000000000000004,s180
168_74,s2.16,s1.6,s0
168_75,s2.5100000000000002,s2.4000000000000004,s180
168_76,s3.6000000000000005,s1.6,s0
168_77,s3.9500000000000006,s2.4000000000000004,s180
168_78,s5.040000000000001,s1.6,s0
168_79,s5.390000000000001,s2.4000000000000004,s180
168_80,s6.48,s1.6,s0
168_81,s6.83,s2.4000000000000004,s180
168_82,s-5.040000000000001,s3.2,s0
168_83,s-4.690000000000001,s4.0,s180
168_84,s-3.6000000000000005,s3.2,s0
168_85,s-3.2500000000000004,s4.0,s180
168_86,s-2.16,s3.2,s0
168_87,s-1.81,s4.0,s180
168_88,s-0.7200000000000001,s3.2,s0
168_89,s-0.3700000000000001,s4.0,s180
168_90,s2.16,s3.2,s0
168_91,s2.5100000000000002,s4.0,s180
168_92,s3.6000000000000005,s3.2,s0
168_93,s3.9500000000000006,s4.0,s180
168_94,s5.040000000000001,s3.2,s0
168_95,s5.390000000000001,s4.0,s180
168_96,s6.48,s3.2,s0
168_97,s6.83,s4.0,s180
168_98,s-5.040000000000001,s6.4,s0
168_99,s-4.690000000000001,s7.2,s180
168_100,s-3.6000000000000005,s6.4,s0
168_101,s-3.2500000000000004,s7.2,s180
168_102,s-2.16,s6.4,s0
168_103,s-1.81,s7.2,s180
168_104,s-0.7200000000000001,s6.4,s0
168_105,s-0.3700000000000001,s7.2,s180
168_106,s2.16,s6.4,s0
168_107,s2.5100000000000002,s7.2,s180
168_108,s3.6000000000000005,s6.4,s0
168_109,s3.9500000000000006,s7.2,s180
168_110,s5.040000000000001,s6.4,s0
168_111,s5.390000000000001,s7.2,s180
168_112,s6.48,s6.4,s0
168_113,s6.83,s7.2,s180
169_0,s-5.040000000000001,s-6.4,s0
169_1,s-4.690000000000001,s-5.6000000000000005,s180
169_2,s-3.6000000000000005,s-6.4,s0
169_3,s-3.2500000000000004,s-5.6000000000000005,s180
169_4,s-2.16,s-6.4,s0
169_5,s-1.81,s-5.6000000000000005,s180
169_6,s-0.7200000000000001,s-6.4,s0
169_7,s-0.3700000000000001,s-5.6000000000000005,s180
169_8,s2.16,s-6.4,s0
169_9,s2.5100000000000002,s-5.6000000000000005,s180
169_10,s3.6000000000000005,s-6.4,s0
169_11,s3.9500000000000006,s-5.6000000000000005,s180
169_12,s5.040000000000001,s-6.4,s0
169_13,s5.390000000000001,s-5.6000000000000005,s180
169_14,s6.48,s-6.4,s0
169_15,s6.83,s-5.6000000000000005,s180
169_16,s-5.040000000000001,s-4.800000000000001,s0
169_17,s-4.690000000000001,s-4.000000000000001,s180
169_18,s-3.6000000000000005,s-4.800000000000001,s0
169_19,s-3.2500000000000004,s-4.000000000000001,s180
169_20,s-2.16,s-4.800000000000001,s0
169_21,s-1.81,s-4.000000000000001,s180
169_22,s-0.7200000000000001,s-4.800000000000001,s0
169_23,s-0.3700000000000001,s-4.000000000000001,s180
169_24,s2.16,s-4.800000000000001,s0
169_25,s2.5100000000000002,s-4.000000000000001,s180
169_26,s3.6000000000000005,s-4.800000000000001,s0
169_27,s3.9500000000000006,s-4.000000000000001,s180
169_28,s5.040000000000001,s-4.800000000000001,s0
169_29,s5.390000000000001,s-4.000000000000001,s180
169_30,s6.48,s-4.800000000000001,s0
169_31,s6.83,s-4.000000000000001,s180
169_32,s-5.040000000000001,s-1.6,s0
169_33,s-4.690000000000001,s-0.8,s180
169_34,s-3.6000000000000005,s-1.6,s0
169_35,s-3.2500000000000004,s-0.8,s180
169_36,s-2.16,s-1.6,s0
169_37,s-1.81,s-0.8,s180
169_38,s-0.7200000000000001,s-1.6,s0
169_39,s-0.3700000000000001,s-0.8,s180
169_40,s2.16,s-1.6,s0
169_41,s2.5100000000000002,s-0.8,s180
169_42,s3.6000000000000005,s-1.6,s0
169_43,s3.9500000000000006,s-0.8,s180
169_44,s5.040000000000001,s-1.6,s0
169_45,s5.390000000000001,s-0.8,s180
169_46,s6.48,s-1.6,s0
169_47,s6.83,s-0.8,s180
169_48,s-5.040000000000001,s0.0,s0
169_49,s-4.690000000000001,s0.8,s180
169_50,s-3.6000000000000005,s0.0,s0
169_51,s-3.2500000000000004,s0.8,s180
169_52,s-2.16,s0.0,s0
169_53,s-1.81,s0.8,s180
169_54,s-0.7200000000000001,s0.0,s0
169_55,s-0.3700000000000001,s0.8,s180
169_56,s2.16,s0.0,s0
169_57,s2.5100000000000002,s0.8,s180
169_58,s3.6000000000000005,s0.0,s0
169_59,s3.9500000000000006,s0.8,s180
169_60,s5.040000000000001,s0.0,s0
169_61,s5.390000000000001,s0.8,s180
169_62,s6.48,s0.0,s0
169_63,s6.83,s0.8,s180
169_64,s-5.040000000000001,s1.6,s0
169_65,s-4.690000000000001,s2.4000000000000004,s180
169_66,s-3.6000000000000005,s1.6,s0
169_67,s-3.2500000000000004,s2.4000000000000004,s180
169_68,s-2.16,s1.6,s0
169_69,s-1.81,s2.4000000000000004,s180
169_70,s-0.7200000000000001,s1.6,s0
169_71,s-0.3700000000000001,s2.4000000000000004,s180
169_72,s0.7200000000000001,s1.6,s0
169_73,s1.07,s2.4000000000000004,s180
169_74,s2.16,s1.6,s0
169_75,s2.5100000000000002,s2.4000000000000004,s180
169_76,s3.6000000000000005,s1.6,s0
169_77,s3.9500000000000006,s2.4000000000000004,s180
169_78,s5.040000000000001,s1.6,s0
169_79,s5.390000000000001,s2.4000000000000004,s180
169_80,s6.48,s1.6,s0
169_81,s6.83,s2.4000000000000004,s180
169_82,s-5.040000000000001,s3.2,s0
169_83,s-4.690000000000001,s4.0,s180
169_84,s-3.6000000000000005,s3.2,s0
169_85,s-3.2500000000000004,s4.0,s180
169_86,s-2.16,s3.2,s0
169_87,s-1.81,s4.0,s180
169_88,s-0.7200000000000001,s3.2,s0
169_89,s-0.3700000000000001,s4.0,s180
169_90,s2.16,s3.2,s0
169_91,s2.5100000000000002,s4.0,s180
169_92,s3.6000000000000005,s3.2,s0
169_93,s3.9500000000000006,s4.0,s180
169_94,s5.040000000000001,s3.2,s0
169_95,s5.390000000000001,s4.0,s180
169_96,s6.48,s3.2,s0
169_97,s6.83,s4.0,s180
169_98,s-5.040000000000001,s6.4,s0
169_99,s-4.690000000000001,s7.2,s180
169_100,s-3.6000000000000005,s6.4,s0
169_101,s-3.2500000000000004,s7.2,s180
169_102,s-2.16,s6.4,s0
169_103,s-1.81,s7.2,s180
169_104,s-0.7200000000000001,s6.4,s0
169_105,s-0.3700000000000001,s7.2,s180
169_106,s2.16,s6.4,s0
169_107,s2.5100000000000002,s7.2,s180
169_108,s3.6000000000000005,s6.4,s0
169_109,s3.9500000000000006,s7.2,s180
169_110,s5.040000000000001,s6.4,s0
169_111,s5.390000000000001,s7.2,s180
169_112,s6.48,s6.4,s0
169_113,s6.83,s7.2,s180
169_114,s0,s0,s0
170_0,s-5.040000000000001,s-6.4,s0
170_1,s-4.690000000000001,s-5.6000000000000005,s180
170_2,s-3.6000000000000005,s-6.4,s0
170_3,s-3.2500000000000004,s-5.6000000000000005,s180
170_4,s-2.16,s-6.4,s0
170_5,s-1.81,s-5.6000000000000005,s180
170_6,s-0.7200000000000001,s-6.4,s0
170_7,s-0.3700000000000001,s-5.6000000000000005,s180
170_8,s2.16,s-6.4,s0
170_9,s2.5100000000000002,s-5.6000000000000005,s180
170_10,s3.6000000000000005,s-6.4,s0
170_11,s3.9500000000000006,s-5.6000000000000005,s180
170_12,s5.040000000000001,s-6.4,s0
170_13,s5.390000000000001,s-5.6000000000000005,s180
170_14,s6.48,s-6.4,s0
170_15,s6.83,s-5.6000000000000005,s180
170_16,s-5.040000000000001,s-4.800000000000001,s0
170_17,s-4.690000000000001,s-4.000000000000001,s180
170_18,s-3.6000000000000005,s-4.800000000000001,s0
170_19,s-3.2500000000000004,s-4.000000000000001,s180
170_20,s-2.16,s-4.800000000000001,s0
170_21,s-1.81,s-4.000000000000001,s180
170_22,s-0.7200000000000001,s-4.800000000000001,s0
170_23,s-0.3700000000000001,s-4.000000000000001,s180
170_24,s2.16,s-4.800000000000001,s0
170_25,s2.5100000000000002,s-4.000000000000001,s180
170_26,s3.6000000000000005,s-4.800000000000001,s0
170_27,s3.9500000000000006,s-4.000000000000001,s180
170_28,s5.040000000000001,s-4.800000000000001,s0
170_29,s5.390000000000001,s-4.000000000000001,s180
170_30,s6.48,s-4.800000000000001,s0
170_31,s6.83,s-4.000000000000001,s180
170_32,s-5.040000000000001,s-1.6,s0
170_33,s-4.690000000000001,s-0.8,s180
170_34,s-3.6000000000000005,s-1.6,s0
170_35,s-3.2500000000000004,s-0.8,s180
170_36,s-2.16,s-1.6,s0
170_37,s-1.81,s-0.8,s180
170_38,s-0.7200000000000001,s-1.6,s0
170_39,s-0.3700000000000001,s-0.8,s180
170_40,s2.16,s-1.6,s0
170_41,s2.5100000000000002,s-0.8,s180
170_42,s3.6000000000000005,s-1.6,s0
170_43,s3.9500000000000006,s-0.8,s180
170_44,s5.040000000000001,s-1.6,s0
170_45,s5.390000000000001,s-0.8,s180
170_46,s6.48,s-1.6,s0
170_47,s6.83,s-0.8,s180
170_48,s-5.040000000000001,s0.0,s0
170_49,s-4.690000000000001,s0.8,s180
170_50,s-3.6000000000000005,s0.0,s0
170_51,s-3.2500000000000004,s0.8,s180
170_52,s-2.16,s0.0,s0
170_53,s-1.81,s0.8,s180
170_54,s-0.7200000000000001,s0.0,s0
170_55,s-0.3700000000000001,s0.8,s180
170_56,s2.16,s0.0,s0
170_57,s2.5100000000000002,s0.8,s180
170_58,s3.6000000000000005,s0.0,s0
170_59,s3.9500000000000006,s0.8,s180
170_60,s5.040000000000001,s0.0,s0
170_61,s5.390000000000001,s0.8,s180
170_62,s6.48,s0.0,s0
170_63,s6.83,s0.8,s180
170_64,s-5.040000000000001,s1.6,s0
170_65,s-4.690000000000001,s2.4000000000000004,s180
170_66,s-3.6000000000000005,s1.6,s0
170_67,s-3.2500000000000004,s2.4000000000000004,s180
170_68,s-2.16,s1.6,s0
170_69,s-1.81,s2.4000000000000004,s180
170_70,s-0.7200000000000001,s1.6,s0
170_71,s-0.3700000000000001,s2.4000000000000004,s180
170_72,s0.7200000000000001,s1.6,s0
170_73,s1.07,s2.4000000000000004,s180
170_74,s2.16,s1.6,s0
170_75,s2.5100000000000002,s2.4000000000000004,s180
170_76,s3.6000000000000005,s1.6,s0
170_77,s3.9500000000000006,s2.4000000000000004,s180
170_78,s5.040000000000001,s1.6,s0
170_79,s5.390000000000001,s2.4000000000000004,s180
170_80,s6.48,s1.6,s0
170_81,s6.83,s2.4000000000000004,s180
170_82,s-5.040000000000001,s3.2,s0
170_83,s-4.690000000000001,s4.0,s180
170_84,s-3.6000000000000005,s3.2,s0
170_85,s-3.2500000000000004,s4.0,s180
170_86,s-2.16,s3.2,s0
170_87,s-1.81,s4.0,s180
170_88,s-0.7200000000000001,s3.2,s0
170_89,s-0.3700000000000001,s4.0,s180
170_90,s2.16,s3.2,s0
170_91,s2.5100000000000002,s4.0,s180
170_92,s3.6000000000000005,s3.2,s0
170_93,s3.9500000000000006,s4.0,s180
170_94,s5.040000000000001,s3.2,s0
170_95,s5.390000000000001,s4.0,s180
170_96,s6.48,s3.2,s0
170_97,s6.83,s4.0,s180
170_98,s-5.040000000000001,s6.4,s0
170_99,s-4.690000000000001,s7.2,s180
170_100,s-3.6000000000000005,s6.4,s0
170_101,s-3.2500000000000004,s7.2,s180
170_102,s-2.16,s6.4,s0
170_103,s-1.81,s7.2,s180
170_104,s-0.7200000000000001,s6.4,s0
170_105,s-0.3700000000000001,s7.2,s180
170_106,s2.16,s6.4,s0
170_107,s2.5100000000000002,s7.2,s180
170_108,s3.6000000000000005,s6.4,s0
170_109,s3.9500000000000006,s7.2,s180
170_110,s5.040000000000001,s6.4,s0
170_111,s5.390000000000001,s7.2,s180
170_112,s6.48,s6.4,s0
170_113,s6.83,s7.2,s180
171_0,s-5.040000000000001,s-6.4,s0
171_1,s-4.690000000000001,s-5.6000000000000005,s180
171_2,s-3.6000000000000005,s-6.4,s0
171_3,s-3.2500000000000004,s-5.6000000000000005,s180
171_4,s-2.16,s-6.4,s0
171_5,s-1.81,s-5.6000000000000005,s180
171_6,s-0.7200000000000001,s-6.4,s0
171_7,s-0.3700000000000001,s-5.6000000000000005,s180
171_8,s2.16,s-6.4,s0
171_9,s2.5100000000000002,s-5.6000000000000005,s180
171_10,s3.6000000000000005,s-6.4,s0
171_11,s3.9500000000000006,s-5.6000000000000005,s180
171_12,s5.040000000000001,s-6.4,s0
171_13,s5.390000000000001,s-5.6000000000000005,s180
171_14,s6.48,s-6.4,s0
171_15,s6.83,s-5.6000000000000005,s180
171_16,s-5.040000000000001,s-4.800000000000001,s0
171_17,s-4.690000000000001,s-4.000000000000001,s180
171_18,s-3.6000000000000005,s-4.800000000000001,s0
171_19,s-3.2500000000000004,s-4.000000000000001,s180
171_20,s-2.16,s-4.800000000000001,s0
171_21,s-1.81,s-4.000000000000001,s180
171_22,s-0.7200000000000001,s-4.800000000000001,s0
171_23,s-0.3700000000000001,s-4.000000000000001,s180
171_24,s2.16,s-4.800000000000001,s0
171_25,s2.5100000000000002,s-4.000000000000001,s180
171_26,s3.6000000000000005,s-4.800000000000001,s0
171_27,s3.9500000000000006,s-4.000000000000001,s180
171_28,s5.040000000000001,s-4.800000000000001,s0
171_29,s5.390000000000001,s-4.000000000000001,s180
171_30,s6.48,s-4.800000000000001,s0
171_31,s6.83,s-4.000000000000001,s180
171_32,s-5.040000000000001,s-1.6,s0
171_33,s-4.690000000000001,s-0.8,s180
171_34,s-3.6000000000000005,s-1.6,s0
171_35,s-3.2500000000000004,s-0.8,s180
171_36,s-2.16,s-1.6,s0
171_37,s-1.81,s-0.8,s180
171_38,s-0.7200000000000001,s-1.6,s0
171_39,s-0.3700000000000001,s-0.8,s180
171_40,s2.16,s-1.6,s0
171_41,s2.5100000000000002,s-0.8,s180
171_42,s3.6000000000000005,s-1.6,s0
171_43,s3.9500000000000006,s-0.8,s180
171_44,s5.040000000000001,s-1.6,s0
171_45,s5.390000000000001,s-0.8,s180
171_46,s6.48,s-1.6,s0
171_47,s6.83,s-0.8,s180
171_48,s-5.040000000000001,s0.0,s0
171_49,s-4.690000000000001,s0.8,s180
171_50,s-3.6000000000000005,s0.0,s0
171_51,s-3.2500000000000004,s0.8,s180
171_52,s-2.16,s0.0,s0
171_53,s-1.81,s0.8,s180
171_54,s-0.7200000000000001,s0.0,s0
171_55,s-0.3700000000000001,s0.8,s180
171_56,s2.16,s0.0,s0
171_57,s2.5100000000000002,s0.8,s180
171_58,s3.6000000000000005,s0.0,s0
171_59,s3.9500000000000006,s0.8,s180
171_60,s5.040000000000001,s0.0,s0
171_61,s5.390000000000001,s0.8,s180
171_62,s6.48,s0.0,s0
171_63,s6.83,s0.8,s180
171_64,s-5.040000000000001,s1.6,s0
171_65,s-4.690000000000001,s2.4000000000000004,s180
171_66,s-3.6000000000000005,s1.6,s0
171_67,s-3.2500000000000004,s2.4000000000000004,s180
171_68,s-2.16,s1.6,s0
171_69,s-1.81,s2.4000000000000004,s180
171_70,s-0.7200000000000001,s1.6,s0
171_71,s-0.3700000000000001,s2.4000000000000004,s180
171_72,s0.7200000000000001,s1.6,s0
171_73,s1.07,s2.4000000000000004,s180
171_74,s2.16,s1.6,s0
171_75,s2.5100000000000002,s2.4000000000000004,s180
171_76,s3.6000000000000005,s1.6,s0
171_77,s3.9500000000000006,s2.4000000000000004,s180
171_78,s5.040000000000001,s1.6,s0
171_79,s5.390000000000001,s2.4000000000000004,s180
171_80,s6.48,s1.6,s0
171_81,s6.83,s2.4000000000000004,s180
171_82,s-5.040000000000001,s3.2,s0
171_83,s-4.690000000000001,s4.0,s180
171_84,s-3.6000000000000005,s3.2,s0
171_85,s-3.2500000000000004,s4.0,s180
171_86,s-2.16,s3.2,s0
171_87,s-1.81,s4.0,s180
171_88,s-0.7200000000000001,s3.2,s0
171_89,s-0.3700000000000001,s4.0,s180
171_90,s2.16,s3.2,s0
171_91,s2.5100000000000002,s4.0,s180
171_92,s3.6000000000000005,s3.2,s0
171_93,s3.9500000000000006,s4.0,s180
171_94,s5.040000000000001,s3.2,s0
171_95,s5.390000000000001,s4.0,s180
171_96,s6.48,s3.2,s0
171_97,s6.83,s4.0,s180
171_98,s-5.040000000000001,s6.4,s0
171_99,s-4.690000000000001,s7.2,s180
171_100,s-3.6000000000000005,s6.4,s0
171_101,s-3.2500000000000004,s7.2,s180
171_102,s-2.16,s6.4,s0
171_103,s-1.81,s7.2,s180
171_104,s-0.7200000000000001,s6.4,s0
171_105,s-0.3700000000000001,s7.2,s180
171_106,s2.16,s6.4,s0
171_107,s2.5100000000000002,s7.2,s180
171_108,s3.6000000000000005,s6.4,s0
171_109,s3.9500000000000006,s7.2,s180
171_110,s5.040000000000001,s6.4,s0
171_111,s5.390000000000001,s7.2,s180
171_112,s6.48,s6.4,s0
171_113,s6.83,s7.2,s180
171_114,s0,s0,s0
172_0,s-5.040000000000001,s-6.4,s0
172_1,s-4.690000000000001,s-5.6000000000000005,s180
172_2,s-3.6000000000000005,s-6.4,s0
172_3,s-3.2500000000000004,s-5.6000000000000005,s180
172_4,s-2.16,s-6.4,s0
172_5,s-1.81,s-5.6000000000000005,s180
172_6,s-0.7200000000000001,s-6.4,s0
172_7,s-0.3700000000000001,s-5.6000000000000005,s180
172_8,s2.16,s-6.4,s0
172_9,s2.5100000000000002,s-5.6000000000000005,s180
172_10,s3.6000000000000005,s-6.4,s0
172_11,s3.9500000000000006,s-5.6000000000000005,s180
172_12,s5.040000000000001,s-6.4,s0
172_13,s5.390000000000001,s-5.6000000000000005,s180
172_14,s6.48,s-6.4,s0
172_15,s6.83,s-5.6000000000000005,s180
172_16,s-5.040000000000001,s-4.800000000000001,s0
172_17,s-4.690000000000001,s-4.000000000000001,s180
172_18,s-3.6000000000000005,s-4.800000000000001,s0
172_19,s-3.2500000000000004,s-4.000000000000001,s180
172_20,s-2.16,s-4.800000000000001,s0
172_21,s-1.81,s-4.000000000000001,s180
172_22,s-0.7200000000000001,s-4.800000000000001,s0
172_23,s-0.3700000000000001,s-4.000000000000001,s180
172_24,s2.16,s-4.800000000000001,s0
172_25,s2.5100000000000002,s-4.000000000000001,s180
172_26,s3.6000000000000005,s-4.800000000000001,s0
172_27,s3.9500000000000006,s-4.000000000000001,s180
172_28,s5.040000000000001,s-4.800000000000001,s0
172_29,s5.390000000000001,s-4.000000000000001,s180
172_30,s6.48,s-4.800000000000001,s0
172_31,s6.83,s-4.000000000000001,s180
172_32,s-5.040000000000001,s-1.6,s0
172_33,s-4.690000000000001,s-0.8,s180
172_34,s-3.6000000000000005,s-1.6,s0
172_35,s-3.2500000000000004,s-0.8,s180
172_36,s-2.16,s-1.6,s0
172_37,s-1.81,s-0.8,s180
172_38,s-0.7200000000000001,s-1.6,s0
172_39,s-0.3700000000000001,s-0.8,s180
172_40,s2.16,s-1.6,s0
172_41,s2.5100000000000002,s-0.8,s180
172_42,s3.6000000000000005,s-1.6,s0
172_43,s3.9500000000000006,s-0.8,s180
172_44,s5.040000000000001,s-1.6,s0
172_45,s5.390000000000001,s-0.8,s180
172_46,s6.48,s-1.6,s0
172_47,s6.83,s-0.8,s180
172_48,s-5.040000000000001,s0.0,s0
172_49,s-4.690000000000001,s0.8,s180
172_50,s-3.6000000000000005,s0.0,s0
172_51,s-3.2500000000000004,s0.8,s180
172_52,s-2.16,s0.0,s0
172_53,s-1.81,s0.8,s180
172_54,s-0.7200000000000001,s0.0,s0
172_55,s-0.3700000000000001,s0.8,s180
172_56,s2.16,s0.0,s0
172_57,s2.5100000000000002,s0.8,s180
172_58,s3.6000000000000005,s0.0,s0
172_59,s3.9500000000000006,s0.8,s180
172_60,s5.040000000000001,s0.0,s0
172_61,s5.390000000000001,s0.8,s180
172_62,s6.48,s0.0,s0
172_63,s6.83,s0.8,s180
172_64,s-5.040000000000001,s1.6,s0
172_65,s-4.690000000000001,s2.4000000000000004,s180
172_66,s-3.6000000000000005,s1.6,s0
172_67,s-3.2500000000000004,s2.4000000000000004,s180
172_68,s-2.16,s1.6,s0
172_69,s-1.81,s2.4000000000000004,s180
172_70,s-0.7200000000000001,s1.6,s0
172_71,s-0.3700000000000001,s2.4000000000000004,s180
172_72,s0.7200000000000001,s1.6,s0
172_73,s1.07,s2.4000000000000004,s180
172_74,s2.16,s1.6,s0
172_75,s2.5100000000000002,s2.4000000000000004,s180
172_76,s3.6000000000000005,s1.6,s0
172_77,s3.9500000000000006,s2.4000000000000004,s180
172_78,s5.040000000000001,s1.6,s0
172_79,s5.390000000000001,s2.4000000000000004,s180
172_80,s6.48,s1.6,s0
172_81,s6.83,s2.4000000000000004,s180
172_82,s-5.040000000000001,s3.2,s0
172_83,s-4.690000000000001,s4.0,s180
172_84,s-3.6000000000000005,s3.2,s0
172_85,s-3.2500000000000004,s4.0,s180
172_86,s-2.16,s3.2,s0
172_87,s-1.81,s4.0,s180
172_88,s-0.7200000000000001,s3.2,s0
172_89,s-0.3700000000000001,s4.0,s180
172_90,s2.16,s3.2,s0
172_91,s2.5100000000000002,s4.0,s180
172_92,s3.6000000000000005,s3.2,s0
172_93,s3.9500000000000006,s4.0,s180
172_94,s5.040000000000001,s3.2,s0
172_95,s5.390000000000001,s4.0,s180
172_96,s6.48,s3.2,s0
172_97,s6.83,s4.0,s180
172_98,s-5.040000000000001,s6.4,s0
172_99,s-4.690000000000001,s7.2,s180
172_100,s-3.6000000000000005,s6.4,s0
172_101,s-3.2500000000000004,s7.2,s180
172_102,s-2.16,s6.4,s0
172_103,s-1.81,s7.2,s180
172_104,s-0.7200000000000001,s6.4,s0
172_105,s-0.3700000000000001,s7.2,s180
172_106,s2.16,s6.4,s0
172_107,s2.5100000000000002,s7.2,s180
172_108,s3.6000000000000005,s6.4,s0
172_109,s3.9500000000000006,s7.2,s180
172_110,s5.040000000000001,s6.4,s0
172_111,s5.390000000000001,s7.2,s180
172_112,s6.48,s6.4,s0
172_113,s6.83,s7.2,s180
173_0,s-5.040000000000001,s-6.4,s0
173_1,s-4.690000000000001,s-5.6000000000000005,s180
173_2,s-3.6000000000000005,s-6.4,s0
173_3,s-3.2500000000000004,s-5.6000000000000005,s180
173_4,s-2.16,s-6.4,s0
173_5,s-1.81,s-5.6000000000000005,s180
173_6,s-0.7200000000000001,s-6.4,s0
173_7,s-0.3700000000000001,s-5.6000000000000005,s180
173_8,s2.16,s-6.4,s0
173_9,s2.5100000000000002,s-5.6000000000000005,s180
173_10,s3.6000000000000005,s-6.4,s0
173_11,s3.9500000000000006,s-5.6000000000000005,s180
173_12,s5.040000000000001,s-6.4,s0
173_13,s5.390000000000001,s-5.6000000000000005,s180
173_14,s6.48,s-6.4,s0
173_15,s6.83,s-5.6000000000000005,s180
173_16,s-5.040000000000001,s-4.800000000000001,s0
173_17,s-4.690000000000001,s-4.000000000000001,s180
173_18,s-3.6000000000000005,s-4.800000000000001,s0
173_19,s-3.2500000000000004,s-4.000000000000001,s180
173_20,s-2.16,s-4.800000000000001,s0
173_21,s-1.81,s-4.000000000000001,s180
173_22,s-0.7200000000000001,s-4.800000000000001,s0
173_23,s-0.3700000000000001,s-4.000000000000001,s180
173_24,s2.16,s-4.800000000000001,s0
173_25,s2.5100000000000002,s-4.000000000000001,s180
173_26,s3.6000000000000005,s-4.800000000000001,s0
173_27,s3.9500000000000006,s-4.000000000000001,s180
173_28,s5.040000000000001,s-4.800000000000001,s0
173_29,s5.390000000000001,s-4.000000000000001,s180
173_30,s6.48,s-4.800000000000001,s0
173_31,s6.83,s-4.000000000000001,s180
173_32,s-5.040000000000001,s-1.6,s0
173_33,s-4.690000000000001,s-0.8,s180
173_34,s-3.6000000000000005,s-1.6,s0
173_35,s-3.2500000000000004,s-0.8,s180
173_36,s-2.16,s-1.6,s0
173_37,s-1.81,s-0.8,s180
173_38,s-0.7200000000000001,s-1.6,s0
173_39,s-0.3700000000000001,s-0.8,s180
173_40,s2.16,s-1.6,s0
173_41,s2.5100000000000002,s-0.8,s180
173_42,s3.6000000000000005,s-1.6,s0
173_43,s3.9500000000000006,s-0.8,s180
173_44,s5.040000000000001,s-1.6,s0
173_45,s5.390000000000001,s-0.8,s180
173_46,s6.48,s-1.6,s0
173_47,s6.83,s-0.8,s180
173_48,s-5.040000000000001,s0.0,s0
173_49,s-4.690000000000001,s0.8,s180
173_50,s-3.6000000000000005,s0.0,s0
173_51,s-3.2500000000000004,s0.8,s180
173_52,s-2.16,s0.0,s0
173_53,s-1.81,s0.8,s180
173_54,s-0.7200000000000001,s0.0,s0
173_55,s-0.3700000000000001,s0.8,s180
173_56,s2.16,s0.0,s0
173_57,s2.5100000000000002,s0.8,s180
173_58,s3.6000000000000005,s0.0,s0
173_59,s3.9500000000000006,s0.8,s180
173_60,s5.040000000000001,s0.0,s0
173_61,s5.390000000000001,s0.8,s180
173_62,s6.48,s0.0,s0
173_63,s6.83,s0.8,s180
173_64,s-5.040000000000001,s1.6,s0
173_65,s-4.690000000000001,s2.4000000000000004,s180
173_66,s-3.6000000000000005,s1.6,s0
173_67,s-3.2500000000000004,s2.4000000000000004,s180
173_68,s-2.16,s1.6,s0
173_69,s-1.81,s2.4000000000000004,s180
173_70,s-0.7200000000000001,s1.6,s0
173_71,s-0.3700000000000001,s2.4000000000000004,s180
173_72,s0.7200000000000001,s1.6,s0
173_73,s1.07,s2.4000000000000004,s180
173_74,s2.16,s1.6,s0
173_75,s2.5100000000000002,s2.4000000000000004,s180
173_76,s3.6000000000000005,s1.6,s0
173_77,s3.9500000000000006,s2.4000000000000004,s180
173_78,s5.040000000000001,s1.6,s0
173_79,s5.390000000000001,s2.4000000000000004,s180
173_80,s6.48,s1.6,s0
173_81,s6.83,s2.4000000000000004,s180
173_82,s-5.040000000000001,s3.2,s0
173_83,s-4.690000000000001,s4.0,s180
173_84,s-3.6000000000000005,s3.2,s0
173_85,s-3.2500000000000004,s4.0,s180
173_86,s-2.16,s3.2,s0
173_87,s-1.81,s4.0,s180
173_88,s-0.7200000000000001,s3.2,s0
173_89,s-0.3700000000000001,s4.0,s180
173_90,s2.16,s3.2,s0
173_91,s2.5100000000000002,s4.0,s180
173_92,s3.6000000000000005,s3.2,s0
173_93,s3.9500000000000006,s4.0,s180
173_94,s5.040000000000001,s3.2,s0
173_95,s5.390000000000001,s4.0,s180
173_96,s6.48,s3.2,s0
173_97,s6.83,s4.0,s180
173_98,s-5.040000000000001,s6.4,s0
173_99,s-4.690000000000001,s7.2,s180
173_100,s-3.6000000000000005,s6.4,s0
173_101,s-3.2500000000000004,s7.2,s180
173_102,s-2.16,s6.4,s0
173_103,s-1.81,s7.2,s180
173_104,s-0.7200000000000001,s6.4,s0
173_105,s-0.3700000000000001,s7.2,s180
173_106,s2.16,s6.4,s0
173_107,s2.5100000000000002,s7.2,s180
173_108,s3.6000000000000005,s6.4,s0
173_109,s3.9500000000000006,s7.2,s180
173_110,s5.040000000000001,s6.4,s0
173_111,s5.390000000000001,s7.2,s180
173_112,s6.48,s6.4,s0
173_113,s6.83,s7.2,s180
173_114,s0,s0,s0
174_0,s-5.040000000000001,s-6.4,s0
174_1,s-4.690000000000001,s-5.6000000000000005,s180
174_2,s-3.6000000000000005,s-6.4,s0
174_3,s-3.2500000000000004,s-5.6000000000000005,s180
174_4,s-2.16,s-6.4,s0
174_5,s-1.81,s-5.6000000000000005,s180
174_6,s-0.7200000000000001,s-6.4,s0
174_7,s-0.3700000000000001,s-5.6000000000000005,s180
174_8,s2.16,s-6.4,s0
174_9,s2.5100000000000002,s-5.6000000000000005,s180
174_10,s3.6000000000000005,s-6.4,s0
174_11,s3.9500000000000006,s-5.6000000000000005,s180
174_12,s5.040000000000001,s-6.4,s0
174_13,s5.390000000000001,s-5.6000000000000005,s180
174_14,s6.48,s-6.4,s0
174_15,s6.83,s-5.6000000000000005,s180
174_16,s-5.040000000000001,s-4.800000000000001,s0
174_17,s-4.690000000000001,s-4.000000000000001,s180
174_18,s-3.6000000000000005,s-4.800000000000001,s0
174_19,s-3.2500000000000004,s-4.000000000000001,s180
174_20,s-2.16,s-4.800000000000001,s0
174_21,s-1.81,s-4.000000000000001,s180
174_22,s-0.7200000000000001,s-4.800000000000001,s0
174_23,s-0.3700000000000001,s-4.000000000000001,s180
174_24,s2.16,s-4.800000000000001,s0
174_25,s2.5100000000000002,s-4.000000000000001,s180
174_26,s3.6000000000000005,s-4.800000000000001,s0
174_27,s3.9500000000000006,s-4.000000000000001,s180
174_28,s5.040000000000001,s-4.800000000000001,s0
174_29,s5.390000000000001,s-4.000000000000001,s180
174_30,s6.48,s-4.800000000000001,s0
174_31,s6.83,s-4.000000000000001,s180
174_32,s-5.040000000000001,s-1.6,s0
174_33,s-4.690000000000001,s-0.8,s180
174_34,s-3.6000000000000005,s-1.6,s0
174_35,s-3.2500000000000004,s-0.8,s180
174_36,s-2.16,s-1.6,s0
174_37,s-1.81,s-0.8,s180
174_38,s-0.7200000000000001,s-1.6,s0
174_39,s-0.3700000000000001,s-0.8,s180
174_40,s2.16,s-1.6,s0
174_41,s2.5100000000000002,s-0.8,s180
174_42,s3.6000000000000005,s-1.6,s0
174_43,s3.9500000000000006,s-0.8,s180
174_44,s5.040000000000001,s-1.6,s0
174_45,s5.390000000000001,s-0.8,s180
174_46,s6.48,s-1.6,s0
174_47,s6.83,s-0.8,s180
174_48,s-5.040000000000001,s0.0,s0
174_49,s-4.690000000000001,s0.8,s180
174_50,s-3.6000000000000005,s0.0,s0
174_51,s-3.2500000000000004,s0.8,s180
174_52,s-2.16,s0.0,s0
174_53,s-1.81,s0.8,s180
174_54,s-0.7200000000000001,s0.0,s0
174_55,s-0.3700000000000001,s0.8,s180
174_56,s2.16,s0.0,s0
174_57,s2.5100000000000002,s0.8,s180
174_58,s3.6000000000000005,s0.0,s0
174_59,s3.9500000000000006,s0.8,s180
174_60,s5.040000000000001,s0.0,s0
174_61,s5.390000000000001,s0.8,s180
174_62,s6.48,s0.0,s0
174_63,s6.83,s0.8,s180
174_64,s-5.040000000000001,s1.6,s0
174_65,s-4.690000000000001,s2.4000000000000004,s180
174_66,s-3.6000000000000005,s1.6,s0
174_67,s-3.2500000000000004,s2.4000000000000004,s180
174_68,s-2.16,s1.6,s0
174_69,s-1.81,s2.4000000000000004,s180
174_70,s-0.7200000000000001,s1.6,s0
174_71,s-0.3700000000000001,s2.4000000000000004,s180
174_72,s0.7200000000000001,s1.6,s0
174_73,s1.07,s2.4000000000000004,s180
174_74,s2.16,s1.6,s0
174_75,s2.5100000000000002,s2.4000000000000004,s180
174_76,s3.6000000000000005,s1.6,s0
174_77,s3.9500000000000006,s2.4000000000000004,s180
174_78,s5.040000000000001,s1.6,s0
174_79,s5.390000000000001,s2.4000000000000004,s180
174_80,s6.48,s1.6,s0
174_81,s6.83,s2.4000000000000004,s180
174_82,s-5.040000000000001,s3.2,s0
174_83,s-4.690000000000001,s4.0,s180
174_84,s-3.6000000000000005,s3.2,s0
174_85,s-3.2500000000000004,s4.0,s180
174_86,s-2.16,s3.2,s0
174_87,s-1.81,s4.0,s180
174_88,s-0.7200000000000001,s3.2,s0
174_89,s-0.3700000000000001,s4.0,s180
174_90,s2.16,s3.2,s0
174_91,s2.5100000000000002,s4.0,s180
174_92,s3.6000000000000005,s3.2,s0
174_93,s3.9500000000000006,s4.0,s180
174_94,s5.040000000000001,s3.2,s0
174_95,s5.390000000000001,s4.0,s180
174_96,s6.48,s3.2,s0
174_97,s6.83,s4.0,s180
174_98,s-5.040000000000001,s6.4,s0
174_99,s-4.690000000000001,s7.2,s180
174_100,s-3.6000000000000005,s6.4,s0
174_101,s-3.2500000000000004,s7.2,s180
174_102,s-2.16,s6.4,s0
174_103,s-1.81,s7.2,s180
174_104,s-0.7200000000000001,s6.4,s0
174_105,s-0.3700000000000001,s7.2,s180
174_106,s2.16,s6.4,s0
174_107,s2.5100000000000002,s7.2,s180
174_108,s3.6000000000000005,s6.4,s0
174_109,s3.9500000000000006,s7.2,s180
174_110,s5.040000000000001,s6.4,s0
174_111,s5.390000000000001,s7.2,s180
174_112,s6.48,s6.4,s0
174_113,s6.83,s7.2,s180
175_0,s-5.040000000000001,s-6.4,s0
175_1,s-4.690000000000001,s-5.6000000000000005,s180
175_2,s-3.6000000000000005,s-6.4,s0
175_3,s-3.2500000000000004,s-5.6000000000000005,s180
175_4,s-2.16,s-6.4,s0
175_5,s-1.81,s-5.6000000000000005,s180
175_6,s-0.7200000000000001,s-6.4,s0
175_7,s-0.3700000000000001,s-5.6000000000000005,s180
175_8,s2.16,s-6.4,s0
175_9,s2.5100000000000002,s-5.6000000000000005,s180
175_10,s3.6000000000000005,s-6.4,s0
175_11,s3.9500000000000006,s-5.6000000000000005,s180
175_12,s5.040000000000001,s-6.4,s0
175_13,s5.390000000000001,s-5.6000000000000005,s180
175_14,s6.48,s-6.4,s0
175_15,s6.83,s-5.6000000000000005,s180
175_16,s-5.040000000000001,s-4.800000000000001,s0
175_17,s-4.690000000000001,s-4.000000000000001,s180
175_18,s-3.6000000000000005,s-4.800000000000001,s0
175_19,s-3.2500000000000004,s-4.000000000000001,s180
175_20,s-2.16,s-4.800000000000001,s0
175_21,s-1.81,s-4.000000000000001,s180
175_22,s-0.7200000000000001,s-4.800000000000001,s0
175_23,s-0.3700000000000001,s-4.000000000000001,s180
175_24,s2.16,s-4.800000000000001,s0
175_25,s2.5100000000000002,s-4.000000000000001,s180
175_26,s3.6000000000000005,s-4.800000000000001,s0
175_27,s3.9500000000000006,s-4.000000000000001,s180
175_28,s5.040000000000001,s-4.800000000000001,s0
175_29,s5.390000000000001,s-4.000000000000001,s180
175_30,s6.48,s-4.800000000000001,s0
175_31,s6.83,s-4.000000000000001,s180
175_32,s-5.040000000000001,s-1.6,s0
175_33,s-4.690000000000001,s-0.8,s180
175_34,s-3.6000000000000005,s-1.6,s0
175_35,s-3.2500000000000004,s-0.8,s180
175_36,s-2.16,s-1.6,s0
175_37,s-1.81,s-0.8,s180
175_38,s-0.7200000000000001,s-1.6,s0
175_39,s-0.3700000000000001,s-0.8,s180
175_40,s2.16,s-1.6,s0
175_41,s2.5100000000000002,s-0.8,s180
175_42,s3.6000000000000005,s-1.6,s0
175_43,s3.9500000000000006,s-0.8,s180
175_44,s5.040000000000001,s-1.6,s0
175_45,s5.390000000000001,s-0.8,s180
175_46,s6.48,s-1.6,s0
175_47,s6.83,s-0.8,s180
175_48,s-5.040000000000001,s0.0,s0
175_49,s-4.690000000000001,s0.8,s180
175_50,s-3.6000000000000005,s0.0,s0
175_51,s-3.2500000000000004,s0.8,s180
175_52,s-2.16,s0.0,s0
175_53,s-1.81,s0.8,s180
175_54,s-0.7200000000000001,s0.0,s0
175_55,s-0.3700000000000001,s0.8,s180
175_56,s2.16,s0.0,s0
175_57,s2.5100000000000002,s0.8,s180
175_58,s3.6000000000000005,s0.0,s0
175_59,s3.9500000000000006,s0.8,s180
175_60,s5.040000000000001,s0.0,s0
175_61,s5.390000000000001,s0.8,s180
175_62,s6.48,s0.0,s0
175_63,s6.83,s0.8,s180
175_64,s-5.040000000000001,s1.6,s0
175_65,s-4.690000000000001,s2.4000000000000004,s180
175_66,s-3.6000000000000005,s1.6,s0
175_67,s-3.2500000000000004,s2.4000000000000004,s180
175_68,s-2.16,s1.6,s0
175_69,s-1.81,s2.4000000000000004,s180
175_70,s-0.7200000000000001,s1.6,s0
175_71,s-0.3700000000000001,s2.4000000000000004,s180
175_72,s0.7200000000000001,s1.6,s0
175_73,s1.07,s2.4000000000000004,s180
175_74,s2.16,s1.6,s0
175_75,s2.5100000000000002,s2.4000000000000004,s180
175_76,s3.6000000000000005,s1.6,s0
175_77,s3.9500000000000006,s2.4000000000000004,s180
175_78,s5.040000000000001,s1.6,s0
175_79,s5.390000000000001,s2.4000000000000004,s180
175_80,s6.48,s1.6,s0
175_81,s6.83,s2.4000000000000004,s180
175_82,s-5.040000000000001,s3.2,s0
175_83,s-4.690000000000001,s4.0,s180
175_84,s-3.6000000000000005,s3.2,s0
175_85,s-3.2500000000000004,s4.0,s180
175_86,s-2.16,s3.2,s0
175_87,s-1.81,s4.0,s180
175_88,s-0.7200000000000001,s3.2,s0
175_89,s-0.3700000000000001,s4.0,s180
175_90,s2.16,s3.2,s0
175_91,s2.5100000000000002,s4.0,s180
175_92,s3.6000000000000005,s3.2,s0
175_93,s3.9500000000000006,s4.0,s180
175_94,s5.040000000000001,s3.2,s0
175_95,s5.390000000000001,s4.0,s180
175_96,s6.48,s3.2,s0
175_97,s6.83,s4.0,s180
175_98,s-5.040000000000001,s6.4,s0
175_99,s-4.690000000000001,s7.2,s180
175_100,s-3.6000000000000005,s6.4,s0
175_101,s-3.2500000000000004,s7.2,s180
175_102,s-2.16,s6.4,s0
175_103,s-1.81,s7.2,s180
175_104,s-0.7200000000000001,s6.4,s0
175_105,s-0.3700000000000001,s7.2,s180
175_106,s2.16,s6.4,s0
175_107,s2.5100000000000002,s7.2,s180
175_108,s3.6000000000000005,s6.4,s0
175_109,s3.9500000000000006,s7.2,s180
175_110,s5.040000000000001,s6.4,s0
175_111,s5.390000000000001,s7.2,s180
175_112,s6.48,s6.4,s0
175_113,s6.83,s7.2,s180
175_114,s0,s0,s0
176_0,s-5.040000000000001,s-6.4,s0
176_1,s-4.690000000000001,s-5.6000000000000005,s180
176_2,s-3.6000000000000005,s-6.4,s0
176_3,s-3.2500000000000004,s-5.6000000000000005,s180
176_4,s-2.16,s-6.4,s0
176_5,s-1.81,s-5.6000000000000005,s180
176_6,s-0.7200000000000001,s-6.4,s0
176_7,s-0.3700000000000001,s-5.6000000000000005,s180
176_8,s2.16,s-6.4,s0
176_9,s2.5100000000000002,s-5.6000000000000005,s180
176_10,s3.6000000000000005,s-6.4,s0
176_11,s3.9500000000000006,s-5.6000000000000005,s180
176_12,s5.040000000000001,s-6.4,s0
176_13,s5.390000000000001,s-5.6000000000000005,s180
176_14,s6.48,s-6.4,s0
176_15,s6.83,s-5.6000000000000005,s180
176_16,s-5.040000000000001,s-4.800000000000001,s0
176_17,s-4.690000000000001,s-4.000000000000001,s180
176_18,s-3.6000000000000005,s-4.800000000000001,s0
176_19,s-3.2500000000000004,s-4.000000000000001,s180
176_20,s-2.16,s-4.800000000000001,s0
176_21,s-1.81,s-4.000000000000001,s180
176_22,s-0.7200000000000001,s-4.800000000000001,s0
176_23,s-0.3700000000000001,s-4.000000000000001,s180
176_24,s2.16,s-4.800000000000001,s0
176_25,s2.5100000000000002,s-4.000000000000001,s180
176_26,s3.6000000000000005,s-4.800000000000001,s0
176_27,s3.9500000000000006,s-4.000000000000001,s180
176_28,s5.040000000000001,s-4.800000000000001,s0
176_29,s5.390000000000001,s-4.000000000000001,s180
176_30,s6.48,s-4.800000000000001,s0
176_31,s6.83,s-4.000000000000001,s180
176_32,s-5.040000000000001,s-1.6,s0
176_33,s-4.690000000000001,s-0.8,s180
176_34,s-3.6000000000000005,s-1.6,s0
176_35,s-3.2500000000000004,s-0.8,s180
176_36,s-2.16,s-1.6,s0
176_37,s-1.81,s-0.8,s180
176_38,s-0.7200000000000001,s-1.6,s0
176_39,s-0.3700000000000001,s-0.8,s180
176_40,s2.16,s-1.6,s0
176_41,s2.5100000000000002,s-0.8,s180
176_42,s3.6000000000000005,s-1.6,s0
176_43,s3.9500000000000006,s-0.8,s180
176_44,s5.040000000000001,s-1.6,s0
176_45,s5.390000000000001,s-0.8,s180
176_46,s6.48,s-1.6,s0
176_47,s6.83,s-0.8,s180
176_48,s-5.040000000000001,s0.0,s0
176_49,s-4.690000000000001,s0.8,s180
176_50,s-3.6000000000000005,s0.0,s0
176_51,s-3.2500000000000004,s0.8,s180
176_52,s-2.16,s0.0,s0
176_53,s-1.81,s0.8,s180
176_54,s-0.7200000000000001,s0.0,s0
176_55,s-0.3700000000000001,s0.8,s180
176_56,s2.16,s0.0,s0
176_57,s2.5100000000000002,s0.8,s180
176_58,s3.6000000000000005,s0.0,s0
176_59,s3.9500000000000006,s0.8,s180
176_60,s5.040000000000001,s0.0,s0
176_61,s5.390000000000001,s0.8,s180
176_62,s6.48,s0.0,s0
176_63,s6.83,s0.8,s180
176_64,s-5.040000000000001,s1.6,s0
176_65,s-4.690000000000001,s2.4000000000000004,s180
176_66,s-3.6000000000000005,s1.6,s0
176_67,s-3.2500000000000004,s2.4000000000000004,s180
176_68,s-2.16,s1.6,s0
176_69,s-1.81,s2.4000000000000004,s180
176_70,s-0.7200000000000001,s1.6,s0
176_71,s-0.3700000000000001,s2.4000000000000004,s180
176_72,s0.7200000000000001,s1.6,s0
176_73,s1.07,s2.4000000000000004,s180
176_74,s2.16,s1.6,s0
176_75,s2.5100000000000002,s2.4000000000000004,s180
176_76,s3.6000000000000005,s1.6,s0
176_77,s3.9500000000000006,s2.4000000000000004,s180
176_78,s5.040000000000001,s1.6,s0
176_79,s5.390000000000001,s2.4000000000000004,s180
176_80,s6.48,s1.6,s0
176_81,s6.83,s2.4000000000000004,s180
176_82,s-5.040000000000001,s3.2,s0
176_83,s-4.690000000000001,s4.0,s180
176_84,s-3.6000000000000005,s3.2,s0
176_85,s-3.2500000000000004,s4.0,s180
176_86,s-2.16,s3.2,s0
176_87,s-1.81,s4.0,s180
176_88,s-0.7200000000000001,s3.2,s0
176_89,s-0.3700000000000001,s4.0,s180
176_90,s2.16,s3.2,s0
176_91,s2.5100000000000002,s4.0,s180
176_92,s3.6000000000000005,s3.2,s0
176_93,s3.9500000000000006,s4.0,s180
176_94,s5.040000000000001,s3.2,s0
176_95,s5.390000000000001,s4.0,s180
176_96,s6.48,s3.2,s0
176_97,s6.83,s4.0,s180
176_98,s-5.040000000000001,s6.4,s0
176_99,s-4.690000000000001,s7.2,s180
176_100,s-3.6000000000000005,s6.4,s0
176_101,s-3.2500000000000004,s7.2,s180
176_102,s-2.16,s6.4,s0
176_103,s-1.81,s7.2,s180
176_104,s-0.7200000000000001,s6.4,s0
176_105,s-0.3700000000000001,s7.2,s180
176_106,s2.16,s6.4,s0
176_107,s2.5100000000000002,s7.2,s180
176_108,s3.6000000000000005,s6.4,s0
176_109,s3.9500000000000006,s7.2,s180
176_110,s5.040000000000001,s6.4,s0
176_111,s5.390000000000001,s7.2,s180
176_112,s6.48,s6.4,s0
176_113,s6.83,s7.2,s180
177_0,s-5.040000000000001,s-6.4,s0
177_1,s-4.690000000000001,s-5.6000000000000005,s180
177_2,s-3.6000000000000005,s-6.4,s0
177_3,s-3.2500000000000004,s-5.6000000000000005,s180
177_4,s-2.16,s-6.4,s0
177_5,s-1.81,s-5.6000000000000005,s180
177_6,s-0.7200000000000001,s-6.4,s0
177_7,s-0.3700000000000001,s-5.6000000000000005,s180
177_8,s2.16,s-6.4,s0
177_9,s2.5100000000000002,s-5.6000000000000005,s180
177_10,s3.6000000000000005,s-6.4,s0
177_11,s3.9500000000000006,s-5.6000000000000005,s180
177_12,s5.040000000000001,s-6.4,s0
177_13,s5.390000000000001,s-5.6000000000000005,s180
177_14,s6.48,s-6.4,s0
177_15,s6.83,s-5.6000000000000005,s180
177_16,s-5.040000000000001,s-4.800000000000001,s0
177_17,s-4.690000000000001,s-4.000000000000001,s180
177_18,s-3.6000000000000005,s-4.800000000000001,s0
177_19,s-3.2500000000000004,s-4.000000000000001,s180
177_20,s-2.16,s-4.800000000000001,s0
177_21,s-1.81,s-4.000000000000001,s180
177_22,s-0.7200000000000001,s-4.800000000000001,s0
177_23,s-0.3700000000000001,s-4.000000000000001,s180
177_24,s2.16,s-4.800000000000001,s0
177_25,s2.5100000000000002,s-4.000000000000001,s180
177_26,s3.6000000000000005,s-4.800000000000001,s0
177_27,s3.9500000000000006,s-4.000000000000001,s180
177_28,s5.040000000000001,s-4.800000000000001,s0
177_29,s5.390000000000001,s-4.000000000000001,s180
177_30,s6.48,s-4.800000000000001,s0
177_31,s6.83,s-4.000000000000001,s180
177_32,s-5.040000000000001,s-1.6,s0
177_33,s-4.690000000000001,s-0.8,s180
177_34,s-3.6000000000000005,s-1.6,s0
177_35,s-3.2500000000000004,s-0.8,s180
177_36,s-2.16,s-1.6,s0
177_37,s-1.81,s-0.8,s180
177_38,s-0.7200000000000001,s-1.6,s0
177_39,s-0.3700000000000001,s-0.8,s180
177_40,s2.16,s-1.6,s0
177_41,s2.5100000000000002,s-0.8,s180
177_42,s3.6000000000000005,s-1.6,s0
177_43,s3.9500000000000006,s-0.8,s180
177_44,s5.040000000000001,s-1.6,s0
177_45,s5.390000000000001,s-0.8,s180
177_46,s6.48,s-1.6,s0
177_47,s6.83,s-0.8,s180
177_48,s-5.040000000000001,s0.0,s0
177_49,s-4.690000000000001,s0.8,s180
177_50,s-3.6000000000000005,s0.0,s0
177_51,s-3.2500000000000004,s0.8,s180
177_52,s-2.16,s0.0,s0
177_53,s-1.81,s0.8,s180
177_54,s-0.7200000000000001,s0.0,s0
177_55,s-0.3700000000000001,s0.8,s180
177_56,s2.16,s0.0,s0
177_57,s2.5100000000000002,s0.8,s180
177_58,s3.6000000000000005,s0.0,s0
177_59,s3.9500000000000006,s0.8,s180
177_60,s5.040000000000001,s0.0,s0
177_61,s5.390000000000001,s0.8,s180
177_62,s6.48,s0.0,s0
177_63,s6.83,s0.8,s180
177_64,s-5.040000000000001,s1.6,s0
177_65,s-4.690000000000001,s2.4000000000000004,s180
177_66,s-3.6000000000000005,s1.6,s0
177_67,s-3.2500000000000004,s2.4000000000000004,s180
177_68,s-2.16,s1.6,s0
177_69,s-1.81,s2.4000000000000004,s180
177_70,s-0.7200000000000001,s1.6,s0
177_71,s-0.3700000000000001,s2.4000000000000004,s180
177_72,s0.7200000000000001,s1.6,s0
177_73,s1.07,s2.4000000000000004,s180
177_74,s2.16,s1.6,s0
177_75,s2.5100000000000002,s2.4000000000000004,s180
177_76,s3.6000000000000005,s1.6,s0
177_77,s3.9500000000000006,s2.4000000000000004,s180
177_78,s5.040000000000001,s1.6,s0
177_79,s5.390000000000001,s2.4000000000000004,s180
177_80,s6.48,s1.6,s0
177_81,s6.83,s2.4000000000000004,s180
177_82,s-5.040000000000001,s3.2,s0
177_83,s-4.690000000000001,s4.0,s180
177_84,s-3.6000000000000005,s3.2,s0
177_85,s-3.2500000000000004,s4.0,s180
177_86,s-2.16,s3.2,s0
177_87,s-1.81,s4.0,s180
177_88,s-0.7200000000000001,s3.2,s0
177_89,s-0.3700000000000001,s4.0,s180
177_90,s2.16,s3.2,s0
177_91,s2.5100000000000002,s4.0,s180
177_92,s3.6000000000000005,s3.2,s0
177_93,s3.9500000000000006,s4.0,s180
177_94,s5.040000000000001,s3.2,s0
177_95,s5.390000000000001,s4.0,s180
177_96,s6.48,s3.2,s0
177_97,s6.83,s4.0,s180
177_98,s-5.040000000000001,s6.4,s0
177_99,s-4.690000000000001,s7.2,s180
177_100,s-3.6000000000000005,s6.4,s0
177_101,s-3.2500000000000004,s7.2,s180
177_102,s-2.16,s6.4,s0
177_103,s-1.81,s7.2,s180
177_104,s-0.7200000000000001,s6.4,s0
177_105,s-0.3700000000000001,s7.2,s180
177_106,s2.16,s6.4,s0
177_107,s2.5100000000000002,s7.2,s180
177_108,s3.6000000000000005,s6.4,s0
177_109,s3.9500000000000006,s7.2,s180
177_110,s5.040000000000001,s6.4,s0
177_111,s5.390000000000001,s7.2,s180
177_112,s6.48,s6.4,s0
177_113,s6.83,s7.2,s180
177_114,s0,s0,s0
178_0,s-5.040000000000001,s-6.4,s0
178_1,s-4.690000000000001,s-5.6000000000000005,s180
178_2,s-3.6000000000000005,s-6.4,s0
178_3,s-3.2500000000000004,s-5.6000000000000005,s180
178_4,s-2.16,s-6.4,s0
178_5,s-1.81,s-5.6000000000000005,s180
178_6,s-0.7200000000000001,s-6.4,s0
178_7,s-0.3700000000000001,s-5.6000000000000005,s180
178_8,s2.16,s-6.4,s0
178_9,s2.5100000000000002,s-5.6000000000000005,s180
178_10,s3.6000000000000005,s-6.4,s0
178_11,s3.9500000000000006,s-5.6000000000000005,s180
178_12,s5.040000000000001,s-6.4,s0
178_13,s5.390000000000001,s-5.6000000000000005,s180
178_14,s6.48,s-6.4,s0
178_15,s6.83,s-5.6000000000000005,s180
178_16,s-5.040000000000001,s-4.800000000000001,s0
178_17,s-4.690000000000001,s-4.000000000000001,s180
178_18,s-3.6000000000000005,s-4.800000000000001,s0
178_19,s-3.2500000000000004,s-4.000000000000001,s180
178_20,s-2.16,s-4.800000000000001,s0
178_21,s-1.81,s-4.000000000000001,s180
178_22,s-0.7200000000000001,s-4.800000000000001,s0
178_23,s-0.3700000000000001,s-4.000000000000001,s180
178_24,s2.16,s-4.800000000000001,s0
178_25,s2.5100000000000002,s-4.000000000000001,s180
178_26,s3.6000000000000005,s-4.800000000000001,s0
178_27,s3.9500000000000006,s-4.000000000000001,s180
178_28,s5.040000000000001,s-4.800000000000001,s0
178_29,s5.390000000000001,s-4.000000000000001,s180
178_30,s6.48,s-4.800000000000001,s0
178_31,s6.83,s-4.000000000000001,s180
178_32,s-5.040000000000001,s-1.6,s0
178_33,s-4.690000000000001,s-0.8,s180
178_34,s-3.6000000000000005,s-1.6,s0
178_35,s-3.2500000000000004,s-0.8,s180
178_36,s-2.16,s-1.6,s0
178_37,s-1.81,s-0.8,s180
178_38,s-0.7200000000000001,s-1.6,s0
178_39,s-0.3700000000000001,s-0.8,s180
178_40,s2.16,s-1.6,s0
178_41,s2.5100000000000002,s-0.8,s180
178_42,s3.6000000000000005,s-1.6,s0
178_43,s3.9500000000000006,s-0.8,s180
178_44,s5.040000000000001,s-1.6,s0
178_45,s5.390000000000001,s-0.8,s180
178_46,s6.48,s-1.6,s0
178_47,s6.83,s-0.8,s180
178_48,s-5.040000000000001,s0.0,s0
178_49,s-4.690000000000001,s0.8,s180
178_50,s-3.6000000000000005,s0.0,s0
178_51,s-3.2500000000000004,s0.8,s180
178_52,s-2.16,s0.0,s0
178_53,s-1.81,s0.8,s180
178_54,s-0.7200000000000001,s0.0,s0
178_55,s-0.3700000000000001,s0.8,s180
178_56,s2.16,s0.0,s0
178_57,s2.5100000000000002,s0.8,s180
178_58,s3.6000000000000005,s0.0,s0
178_59,s3.9500000000000006,s0.8,s180
178_60,s5.040000000000001,s0.0,s0
178_61,s5.390000000000001,s0.8,s180
178_62,s6.48,s0.0,s0
178_63,s6.83,s0.8,s180
178_64,s-5.040000000000001,s1.6,s0
178_65,s-4.690000000000001,s2.4000000000000004,s180
178_66,s-3.6000000000000005,s1.6,s0
178_67,s-3.2500000000000004,s2.4000000000000004,s180
178_68,s-2.16,s1.6,s0
178_69,s-1.81,s2.4000000000000004,s180
178_70,s-0.7200000000000001,s1.6,s0
178_71,s-0.3700000000000001,s2.4000000000000004,s180
178_72,s0.7200000000000001,s1.6,s0
178_73,s1.07,s2.4000000000000004,s180
178_74,s2.16,s1.6,s0
178_75,s2.5100000000000002,s2.4000000000000004,s180
178_76,s3.6000000000000005,s1.6,s0
178_77,s3.9500000000000006,s2.4000000000000004,s180
178_78,s5.040000000000001,s1.6,s0
178_79,s5.390000000000001,s2.4000000000000004,s180
178_80,s6.48,s1.6,s0
178_81,s6.83,s2.4000000000000004,s180
178_82,s-5.040000000000001,s3.2,s0
178_83,s-4.690000000000001,s4.0,s180
178_84,s-3.6000000000000005,s3.2,s0
178_85,s-3.2500000000000004,s4.0,s180
178_86,s-2.16,s3.2,s0
178_87,s-1.81,s4.0,s180
178_88,s-0.7200000000000001,s3.2,s0
178_89,s-0.3700000000000001,s4.0,s180
178_90,s2.16,s3.2,s0
178_91,s2.5100000000000002,s4.0,s180
178_92,s3.6000000000000005,s3.2,s0
178_93,s3.9500000000000006,s4.0,s180
178_94,s5.040000000000001,s3.2,s0
178_95,s5.390000000000001,s4.0,s180
178_96,s6.48,s3.2,s0
178_97,s6.83,s4.0,s180
178_98,s-5.040000000000001,s6.4,s0
178_99,s-4.690000000000001,s7.2,s180
178_100,s-3.6000000000000005,s6.4,s0
178_101,s-3.2500000000000004,s7.2,s180
178_102,s-2.16,s6.4,s0
178_103,s-1.81,s7.2,s180
178_104,s-0.7200000000000001,s6.4,s0
178_105,s-0.3700000000000001,s7.2,s180
178_106,s2.16,s6.4,s0
178_107,s2.5100000000000002,s7.2,s180
178_108,s3.6000000000000005,s6.4,s0
178_109,s3.9500000000000006,s7.2,s180
178_110,s5.040000000000001,s6.4,s0
178_111,s5.390000000000001,s7.2,s180
178_112,s6.48,s6.4,s0
178_113,s6.83,s7.2,s180
179_0,s-5.040000000000001,s-6.4,s0
179_1,s-4.690000000000001,s-5.6000000000000005,s180
179_2,s-3.6000000000000005,s-6.4,s0
179_3,s-3.2500000000000004,s-5.6000000000000005,s180
179_4,s-2.16,s-6.4,s0
179_5,s-1.81,s-5.6000000000000005,s180
179_6,s-0.7200000000000001,s-6.4,s0
179_7,s-0.3700000000000001,s-5.6000000000000005,s180
179_8,s2.16,s-6.4,s0
179_9,s2.5100000000000002,s-5.6000000000000005,s180
179_10,s3.6000000000000005,s-6.4,s0
179_11,s3.9500000000000006,s-5.6000000000000005,s180
179_12,s5.040000000000001,s-6.4,s0
179_13,s5.390000000000001,s-5.6000000000000005,s180
179_14,s6.48,s-6.4,s0
179_15,s6.83,s-5.6000000000000005,s180
179_16,s-5.040000000000001,s-4.800000000000001,s0
179_17,s-4.690000000000001,s-4.000000000000001,s180
179_18,s-3.6000000000000005,s-4.800000000000001,s0
179_19,s-3.2500000000000004,s-4.000000000000001,s180
179_20,s-2.16,s-4.800000000000001,s0
179_21,s-1.81,s-4.000000000000001,s180
179_22,s-0.7200000000000001,s-4.800000000000001,s0
179_23,s-0.3700000000000001,s-4.000000000000001,s180
179_24,s2.16,s-4.800000000000001,s0
179_25,s2.5100000000000002,s-4.000000000000001,s180
179_26,s3.6000000000000005,s-4.800000000000001,s0
179_27,s3.9500000000000006,s-4.000000000000001,s180
179_28,s5.040000000000001,s-4.800000000000001,s0
179_29,s5.390000000000001,s-4.000000000000001,s180
179_30,s6.48,s-4.800000000000001,s0
179_31,s6.83,s-4.000000000000001,s180
179_32,s-5.040000000000001,s-1.6,s0
179_33,s-4.690000000000001,s-0.8,s180
179_34,s-3.6000000000000005,s-1.6,s0
179_35,s-3.2500000000000004,s-0.8,s180
179_36,s-2.16,s-1.6,s0
179_37,s-1.81,s-0.8,s180
179_38,s-0.7200000000000001,s-1.6,s0
179_39,s-0.3700000000000001,s-0.8,s180
179_40,s2.16,s-1.6,s0
179_41,s2.5100000000000002,s-0.8,s180
179_42,s3.6000000000000005,s-1.6,s0
179_43,s3.9500000000000006,s-0.8,s180
179_44,s5.040000000000001,s-1.6,s0
179_45,s5.390000000000001,s-0.8,s180
179_46,s6.48,s-1.6,s0
179_47,s6.83,s-0.8,s180
179_48,s-5.040000000000001,s0.0,s0
179_49,s-4.690000000000001,s0.8,s180
179_50,s-3.6000000000000005,s0.0,s0
179_51,s-3.2500000000000004,s0.8,s180
179_52,s-2.16,s0.0,s0
179_53,s-1.81,s0.8,s180
179_54,s-0.7200000000000001,s0.0,s0
179_55,s-0.3700000000000001,s0.8,s180
179_56,s2.16,s0.0,s0
179_57,s2.5100000000000002,s0.8,s180
179_58,s3.6000000000000005,s0.0,s0
179_59,s3.9500000000000006,s0.8,s180
179_60,s5.040000000000001,s0.0,s0
179_61,s5.390000000000001,s0.8,s180
179_62,s6.48,s0.0,s0
179_63,s6.83,s0.8,s180
179_64,s-5.040000000000001,s1.6,s0
179_65,s-4.690000000000001,s2.4000000000000004,s180
179_66,s-3.6000000000000005,s1.6,s0
179_67,s-3.2500000000000004,s2.4000000000000004,s180
179_68,s-2.16,s1.6,s0
179_69,s-1.81,s2.4000000000000004,s180
179_70,s-0.7200000000000001,s1.6,s0
179_71,s-0.3700000000000001,s2.4000000000000004,s180
179_72,s0.7200000000000001,s1.6,s0
179_73,s1.07,s2.4000000000000004,s180
179_74,s2.16,s1.6,s0
179_75,s2.5100000000000002,s2.4000000000000004,s180
179_76,s3.6000000000000005,s1.6,s0
179_77,s3.9500000000000006,s2.4000000000000004,s180
179_78,s5.040000000000001,s1.6,s0
179_79,s5.390000000000001,s2.4000000000000004,s180
179_80,s6.48,s1.6,s0
179_81,s6.83,s2.4000000000000004,s180
179_82,s-5.040000000000001,s3.2,s0
179_83,s-4.690000000000001,s4.0,s180
179_84,s-3.6000000000000005,s3.2,s0
179_85,s-3.2500000000000004,s4.0,s180
179_86,s-2.16,s3.2,s0
179_87,s-1.81,s4.0,s180
179_88,s-0.7200000000000001,s3.2,s0
179_89,s-0.3700000000000001,s4.0,s180
179_90,s2.16,s3.2,s0
179_91,s2.5100000000000002,s4.0,s180
179_92,s3.6000000000000005,s3.2,s0
179_93,s3.9500000000000006,s4.0,s180
179_94,s5.040000000000001,s3.2,s0
179_95,s5.390000000000001,s4.0,s180
179_96,s6.48,s3.2,s0
179_97,s6.83,s4.0,s180
179_98,s-5.040000000000001,s6.4,s0
179_99,s-4.690000000000001,s7.2,s180
179_100,s-3.6000000000000005,s6.4,s0
179_101,s-3.2500000000000004,s7.2,s180
179_102,s-2.16,s6.4,s0
179_103,s-1.81,s7.2,s180
179_104,s-0.7200000000000001,s6.4,s0
179_105,s-0.3700000000000001,s7.2,s180
179_106,s2.16,s6.4,s0
179_107,s2.5100000000000002,s7.2,s180
179_108,s3.6000000000000005,s6.4,s0
179_109,s3.9500000000000006,s7.2,s180
179_110,s5.040000000000001,s6.4,s0
179_111,s5.390000000000001,s7.2,s180
179_112,s6.48,s6.4,s0
179_113,s6.83,s7.2,s180
179_114,s0,s0,s0
180_0,s-5.040000000000001,s-6.4,s0
180_1,s-4.690000000000001,s-5.6000000000000005,s180
180_2,s-3.6000000000000005,s-6.4,s0
180_3,s-3.2500000000000004,s-5.6000000000000005,s180
180_4,s-2.16,s-6.4,s0
180_5,s-1.81,s-5.6000000000000005,s180
180_6,s-0.7200000000000001,s-6.4,s0
180_7,s-0.3700000000000001,s-5.6000000000000005,s180
180_8,s2.16,s-6.4,s0
180_9,s2.5100000000000002,s-5.6000000000000005,s180
180_10,s3.6000000000000005,s-6.4,s0
180_11,s3.9500000000000006,s-5.6000000000000005,s180
180_12,s5.040000000000001,s-6.4,s0
180_13,s5.390000000000001,s-5.6000000000000005,s180
180_14,s6.48,s-6.4,s0
180_15,s6.83,s-5.6000000000000005,s180
180_16,s-5.040000000000001,s-4.800000000000001,s0
180_17,s-4.690000000000001,s-4.000000000000001,s180
180_18,s-3.6000000000000005,s-4.800000000000001,s0
180_19,s-3.2500000000000004,s-4.000000000000001,s180
180_20,s-2.16,s-4.800000000000001,s0
180_21,s-1.81,s-4.000000000000001,s180
180_22,s-0.7200000000000001,s-4.800000000000001,s0
180_23,s-0.3700000000000001,s-4.000000000000001,s180
180_24,s2.16,s-4.800000000000001,s0
180_25,s2.5100000000000002,s-4.000000000000001,s180
180_26,s3.6000000000000005,s-4.800000000000001,s0
180_27,s3.9500000000000006,s-4.000000000000001,s180
180_28,s5.040000000000001,s-4.800000000000001,s0
180_29,s5.390000000000001,s-4.000000000000001,s180
180_30,s6.48,s-4.800000000000001,s0
180_31,s6.83,s-4.000000000000001,s180
180_32,s-5.040000000000001,s-1.6,s0
180_33,s-4.690000000000001,s-0.8,s180
180_34,s-3.6000000000000005,s-1.6,s0
180_35,s-3.2500000000000004,s-0.8,s180
180_36,s-2.16,s-1.6,s0
180_37,s-1.81,s-0.8,s180
180_38,s-0.7200000000000001,s-1.6,s0
180_39,s-0.3700000000000001,s-0.8,s180
180_40,s2.16,s-1.6,s0
180_41,s2.5100000000000002,s-0.8,s180
180_42,s3.6000000000000005,s-1.6,s0
180_43,s3.9500000000000006,s-0.8,s180
180_44,s5.040000000000001,s-1.6,s0
180_45,s5.390000000000001,s-0.8,s180
180_46,s6.48,s-1.6,s0
180_47,s6.83,s-0.8,s180
180_48,s-5.040000000000001,s0.0,s0
180_49,s-4.690000000000001,s0.8,s180
180_50,s-3.6000000000000005,s0.0,s0
180_51,s-3.2500000000000004,s0.8,s180
180_52,s-2.16,s0.0,s0
180_53,s-1.81,s0.8,s180
180_54,s-0.7200000000000001,s0.0,s0
180_55,s-0.3700000000000001,s0.8,s180
180_56,s2.16,s0.0,s0
180_57,s2.5100000000000002,s0.8,s180
180_58,s3.6000000000000005,s0.0,s0
180_59,s3.9500000000000006,s0.8,s180
180_60,s5.040000000000001,s0.0,s0
180_61,s5.390000000000001,s0.8,s180
180_62,s6.48,s0.0,s0
180_63,s6.83,s0.8,s180
180_64,s-5.040000000000001,s1.6,s0
180_65,s-4.690000000000001,s2.4000000000000004,s180
180_66,s-3.6000000000000005,s1.6,s0
180_67,s-3.2500000000000004,s2.4000000000000004,s180
180_68,s-2.16,s1.6,s0
180_69,s-1.81,s2.4000000000000004,s180
180_70,s-0.7200000000000001,s1.6,s0
180_71,s-0.3700000000000001,s2.4000000000000004,s180
180_72,s0.7200000000000001,s1.6,s0
180_73,s1.07,s2.4000000000000004,s180
180_74,s2.16,s1.6,s0
180_75,s2.5100000000000002,s2.4000000000000004,s180
180_76,s3.6000000000000005,s1.6,s0
180_77,s3.9500000000000006,s2.4000000000000004,s180
180_78,s5.040000000000001,s1.6,s0
180_79,s5.390000000000001,s2.4000000000000004,s180
180_80,s6.48,s1.6,s0
180_81,s6.83,s2.4000000000000004,s180
180_82,s-5.040000000000001,s3.2,s0
180_83,s-4.690000000000001,s4.0,s180
180_84,s-3.6000000000000005,s3.2,s0
180_85,s-3.2500000000000004,s4.0,s180
180_86,s-2.16,s3.2,s0
180_87,s-1.81,s4.0,s180
180_88,s-0.7200000000000001,s3.2,s0
180_89,s-0.3700000000000001,s4.0,s180
180_90,s2.16,s3.2,s0
180_91,s2.5100000000000002,s4.0,s180
180_92,s3.6000000000000005,s3.2,s0
180_93,s3.9500000000000006,s4.0,s180
180_94,s5.040000000000001,s3.2,s0
180_95,s5.390000000000001,s4.0,s180
180_96,s6.48,s3.2,s0
180_97,s6.83,s4.0,s180
180_98,s-5.040000000000001,s6.4,s0
180_99,s-4.690000000000001,s7.2,s180
180_100,s-3.6000000000000005,s6.4,s0
180_101,s-3.2500000000000004,s7.2,s180
180_102,s-2.16,s6.4,s0
180_103,s-1.81,s7.2,s180
180_104,s-0.7200000000000001,s6.4,s0
180_105,s-0.3700000000000001,s7.2,s180
180_106,s2.16,s6.4,s0
180_107,s2.5100000000000002,s7.2,s180
180_108,s3.6000000000000005,s6.4,s0
180_109,s3.9500000000000006,s7.2,s180
180_110,s5.040000000000001,s6.4,s0
180_111,s5.390000000000001,s7.2,s180
180_112,s6.48,s6.4,s0
180_113,s6.83,s7.2,s180
181_0,s-5.040000000000001,s-6.4,s0
181_1,s-4.690000000000001,s-5.6000000000000005,s180
181_2,s-3.6000000000000005,s-6.4,s0
181_3,s-3.2500000000000004,s-5.6000000000000005,s180
181_4,s-2.16,s-6.4,s0
181_5,s-1.81,s-5.6000000000000005,s180
181_6,s-0.7200000000000001,s-6.4,s0
181_7,s-0.3700000000000001,s-5.6000000000000005,s180
181_8,s2.16,s-6.4,s0
181_9,s2.5100000000000002,s-5.6000000000000005,s180
181_10,s3.6000000000000005,s-6.4,s0
181_11,s3.9500000000000006,s-5.6000000000000005,s180
181_12,s5.040000000000001,s-6.4,s0
181_13,s5.390000000000001,s-5.6000000000000005,s180
181_14,s6.48,s-6.4,s0
181_15,s6.83,s-5.6000000000000005,s180
181_16,s-5.040000000000001,s-4.800000000000001,s0
181_17,s-4.690000000000001,s-4.000000000000001,s180
181_18,s-3.6000000000000005,s-4.800000000000001,s0
181_19,s-3.2500000000000004,s-4.000000000000001,s180
181_20,s-2.16,s-4.800000000000001,s0
181_21,s-1.81,s-4.000000000000001,s180
181_22,s-0.7200000000000001,s-4.800000000000001,s0
181_23,s-0.3700000000000001,s-4.000000000000001,s180
181_24,s2.16,s-4.800000000000001,s0
181_25,s2.5100000000000002,s-4.000000000000001,s180
181_26,s3.6000000000000005,s-4.800000000000001,s0
181_27,s3.9500000000000006,s-4.000000000000001,s180
181_28,s5.040000000000001,s-4.800000000000001,s0
181_29,s5.390000000000001,s-4.000000000000001,s180
181_30,s6.48,s-4.800000000000001,s0
181_31,s6.83,s-4.000000000000001,s180
181_32,s-5.040000000000001,s-1.6,s0
181_33,s-4.690000000000001,s-0.8,s180
181_34,s-3.6000000000000005,s-1.6,s0
181_35,s-3.2500000000000004,s-0.8,s180
181_36,s-2.16,s-1.6,s0
181_37,s-1.81,s-0.8,s180
181_38,s-0.7200000000000001,s-1.6,s0
181_39,s-0.3700000000000001,s-0.8,s180
181_40,s2.16,s-1.6,s0
181_41,s2.5100000000000002,s-0.8,s180
181_42,s3.6000000000000005,s-1.6,s0
181_43,s3.9500000000000006,s-0.8,s180
181_44,s5.040000000000001,s-1.6,s0
181_45,s5.390000000000001,s-0.8,s180
181_46,s6.48,s-1.6,s0
181_47,s6.83,s-0.8,s180
181_48,s-5.040000000000001,s0.0,s0
181_49,s-4.690000000000001,s0.8,s180
181_50,s-3.6000000000000005,s0.0,s0
181_51,s-3.2500000000000004,s0.8,s180
181_52,s-2.16,s0.0,s0
181_53,s-1.81,s0.8,s180
181_54,s-0.7200000000000001,s0.0,s0
181_55,s-0.3700000000000001,s0.8,s180
181_56,s2.16,s0.0,s0
181_57,s2.5100000000000002,s0.8,s180
181_58,s3.6000000000000005,s0.0,s0
181_59,s3.9500000000000006,s0.8,s180
181_60,s5.040000000000001,s0.0,s0
181_61,s5.390000000000001,s0.8,s180
181_62,s6.48,s0.0,s0
181_63,s6.83,s0.8,s180
181_64,s-5.040000000000001,s1.6,s0
181_65,s-4.690000000000001,s2.4000000000000004,s180
181_66,s-3.6000000000000005,s1.6,s0
181_67,s-3.2500000000000004,s2.4000000000000004,s180
181_68,s-2.16,s1.6,s0
181_69,s-1.81,s2.4000000000000004,s180
181_70,s-0.7200000000000001,s1.6,s0
181_71,s-0.3700000000000001,s2.4000000000000004,s180
181_72,s0.7200000000000001,s1.6,s0
181_73,s1.07,s2.4000000000000004,s180
181_74,s2.16,s1.6,s0
181_75,s2.5100000000000002,s2.4000000000000004,s180
181_76,s3.6000000000000005,s1.6,s0
181_77,s3.9500000000000006,s2.4000000000000004,s180
181_78,s5.040000000000001,s1.6,s0
181_79,s5.390000000000001,s2.4000000000000004,s180
181_80,s6.48,s1.6,s0
181_81,s6.83,s2.4000000000000004,s180
181_82,s-5.040000000000001,s3.2,s0
181_83,s-4.690000000000001,s4.0,s180
181_84,s-3.6000000000000005,s3.2,s0
181_85,s-3.2500000000000004,s4.0,s180
181_86,s-2.16,s3.2,s0
181_87,s-1.81,s4.0,s180
181_88,s-0.7200000000000001,s3.2,s0
181_89,s-0.3700000000000001,s4.0,s180
181_90,s2.16,s3.2,s0
181_91,s2.5100000000000002,s4.0,s180
181_92,s3.6000000000000005,s3.2,s0
181_93,s3.9500000000000006,s4.0,s180
181_94,s5.040000000000001,s3.2,s0
181_95,s5.390000000000001,s4.0,s180
181_96,s6.48,s3.2,s0
181_97,s6.83,s4.0,s180
181_98,s-5.040000000000001,s6.4,s0
181_99,s-4.690000000000001,s7.2,s180
181_100,s-3.6000000000000005,s6.4,s0
181_101,s-3.2500000000000004,s7.2,s180
181_102,s-2.16,s6.4,s0
181_103,s-1.81,s7.2,s180
181_104,s-0.7200000000000001,s6.4,s0
181_105,s-0.3700000000000001,s7.2,s180
181_106,s2.16,s6.4,s0
181_107,s2.5100000000000002,s7.2,s180
181_108,s3.6000000000000005,s6.4,s0
181_109,s3.9500000000000006,s7.2,s180
181_110,s5.040000000000001,s6.4,s0
181_111,s5.390000000000001,s7.2,s180
181_112,s6.48,s6.4,s0
181_113,s6.83,s7.2,s180
181_114,s0,s0,s0
182_0,s-7.200000000000001,s-6.4,s0
182_1,s-6.850000000000001,s-5.6000000000000005,s180
182_2,s-5.760000000000001,s-6.4,s0
182_3,s-5.410000000000001,s-5.6000000000000005,s180
182_4,s-4.32,s-6.4,s0
182_5,s-3.97,s-5.6000000000000005,s180
182_6,s-2.8800000000000003,s-6.4,s0
182_7,s-2.5300000000000002,s-5.6000000000000005,s180
182_8,s-1.4400000000000002,s-6.4,s0
182_9,s-1.0900000000000003,s-5.6000000000000005,s180
182_10,s0.0,s-6.4,s0
182_11,s0.35,s-5.6000000000000005,s180
182_12,s2.8800000000000003,s-6.4,s0
182_13,s3.2300000000000004,s-5.6000000000000005,s180
182_14,s4.32,s-6.4,s0
182_15,s4.67,s-5.6000000000000005,s180
182_16,s7.200000000000001,s-6.4,s0
182_17,s7.550000000000001,s-5.6000000000000005,s180
182_18,s-7.200000000000001,s-4.800000000000001,s0
182_19,s-6.850000000000001,s-4.000000000000001,s180
182_20,s-5.760000000000001,s-4.800000000000001,s0
182_21,s-5.410000000000001,s-4.000000000000001,s180
182_22,s-4.32,s-4.800000000000001,s0
182_23,s-3.97,s-4.000000000000001,s180
182_24,s-2.8800000000000003,s-4.800000000000001,s0
182_25,s-2.5300000000000002,s-4.000000000000001,s180
182_26,s-1.4400000000000002,s-4.800000000000001,s0
182_27,s-1.0900000000000003,s-4.000000000000001,s180
182_28,s0.0,s-4.800000000000001,s0
182_29,s0.35,s-4.000000000000001,s180
182_30,s2.8800000000000003,s-4.800000000000001,s0
182_31,s3.2300000000000004,s-4.000000000000001,s180
182_32,s4.32,s-4.800000000000001,s0
182_33,s4.67,s-4.000000000000001,s180
182_34,s7.200000000000001,s-4.800000000000001,s0
182_35,s7.550000000000001,s-4.000000000000001,s180
182_36,s-2.8800000000000003,s-3.2,s0
182_37,s-2.5300000000000002,s-2.4000000000000004,s180
182_38,s-7.200000000000001,s-1.6,s0
182_39,s-6.850000000000001,s-0.8,s180
182_40,s-5.760000000000001,s-1.6,s0
182_41,s-5.410000000000001,s-0.8,s180
182_42,s-4.32,s-1.6,s0
182_43,s-3.97,s-0.8,s180
182_44,s-2.8800000000000003,s-1.6,s0
182_45,s-2.5300000000000002,s-0.8,s180
182_46,s-1.4400000000000002,s-1.6,s0
182_47,s-1.0900000000000003,s-0.8,s180
182_48,s0.0,s-1.6,s0
182_49,s0.35,s-0.8,s180
182_50,s2.8800000000000003,s-1.6,s0
182_51,s3.2300000000000004,s-0.8,s180
182_52,s4.32,s-1.6,s0
182_53,s4.67,s-0.8,s180
182_54,s7.200000000000001,s-1.6,s0
182_55,s7.550000000000001,s-0.8,s180
182_56,s-7.200000000000001,s0.0,s0
182_57,s-6.850000000000001,s0.8,s180
182_58,s-5.760000000000001,s0.0,s0
182_59,s-5.410000000000001,s0.8,s180
182_60,s-4.32,s0.0,s0
182_61,s-3.97,s0.8,s180
182_62,s-2.8800000000000003,s0.0,s0
182_63,s-2.5300000000000002,s0.8,s180
182_64,s-1.4400000000000002,s0.0,s0
182_65,s-1.0900000000000003,s0.8,s180
182_66,s0.0,s0.0,s0
182_67,s0.35,s0.8,s180
182_68,s2.8800000000000003,s0.0,s0
182_69,s3.2300000000000004,s0.8,s180
182_70,s4.32,s0.0,s0
182_71,s4.67,s0.8,s180
182_72,s7.200000000000001,s0.0,s0
182_73,s7.550000000000001,s0.8,s180
182_74,s-7.200000000000001,s1.6,s0
182_75,s-6.850000000000001,s2.4000000000000004,s180
182_76,s-5.760000000000001,s1.6,s0
182_77,s-5.410000000000001,s2.4000000000000004,s180
182_78,s-4.32,s1.6,s0
182_79,s-3.97,s2.4000000000000004,s180
182_80,s-2.8800000000000003,s1.6,s0
182_81,s-2.5300000000000002,s2.4000000000000004,s180
182_82,s-1.4400000000000002,s1.6,s0
182_83,s-1.0900000000000003,s2.4000000000000004,s180
182_84,s0.0,s1.6,s0
182_85,s0.35,s2.4000000000000004,s180
182_86,s1.4400000000000002,s1.6,s0
182_87,s1.79,s2.4000000000000004,s180
182_88,s2.8800000000000003,s1.6,s0
182_89,s3.2300000000000004,s2.4000000000000004,s180
182_90,s4.32,s1.6,s0
182_91,s4.67,s2.4000000000000004,s180
182_92,s7.200000000000001,s1.6,s0
182_93,s7.550000000000001,s2.4000000000000004,s180
182_94,s-7.200000000000001,s3.2,s0
182_95,s-6.850000000000001,s4.0,s180
182_96,s-5.760000000000001,s3.2,s0
182_97,s-5.410000000000001,s4.0,s180
182_98,s-4.32,s3.2,s0
182_99,s-3.97,s4.0,s180
182_100,s-2.8800000000000003,s3.2,s0
182_101,s-2.5300000000000002,s4.0,s180
182_102,s-1.4400000000000002,s3.2,s0
182_103,s-1.0900000000000003,s4.0,s180
182_104,s0.0,s3.2,s0
182_105,s0.35,s4.0,s180
182_106,s2.8800000000000003,s3.2,s0
182_107,s3.2300000000000004,s4.0,s180
182_108,s4.32,s3.2,s0
182_109,s4.67,s4.0,s180
182_110,s7.200000000000001,s3.2,s0
182_111,s7.550000000000001,s4.0,s180
182_112,s-2.8800000000000003,s4.800000000000001,s0
182_113,s-2.5300000000000002,s5.6000000000000005,s180
182_114,s-7.200000000000001,s6.4,s0
182_115,s-6.850000000000001,s7.2,s180
182_116,s-5.760000000000001,s6.4,s0
182_117,s-5.410000000000001,s7.2,s180
182_118,s-4.32,s6.4,s0
182_119,s-3.97,s7.2,s180
182_120,s-2.8800000000000003,s6.4,s0
182_121,s-2.5300000000000002,s7.2,s180
182_122,s-1.4400000000000002,s6.4,s0
182_123,s-1.0900000000000003,s7.2,s180
182_124,s0.0,s6.4,s0
182_125,s0.35,s7.2,s180
182_126,s2.8800000000000003,s6.4,s0
182_127,s3.2300000000000004,s7.2,s180
182_128,s4.32,s6.4,s0
182_129,s4.67,s7.2,s180
182_130,s7.200000000000001,s6.4,s0
182_131,s7.550000000000001,s7.2,s180
183_0,s-7.200000000000001,s-6.4,s0
183_1,s-6.850000000000001,s-5.6000000000000005,s180
183_2,s-5.760000000000001,s-6.4,s0
183_3,s-5.410000000000001,s-5.6000000000000005,s180
183_4,s-4.32,s-6.4,s0
183_5,s-3.97,s-5.6000000000000005,s180
183_6,s-2.8800000000000003,s-6.4,s0
183_7,s-2.5300000000000002,s-5.6000000000000005,s180
183_8,s-1.4400000000000002,s-6.4,s0
183_9,s-1.0900000000000003,s-5.6000000000000005,s180
183_10,s0.0,s-6.4,s0
183_11,s0.35,s-5.6000000000000005,s180
183_12,s2.8800000000000003,s-6.4,s0
183_13,s3.2300000000000004,s-5.6000000000000005,s180
183_14,s4.32,s-6.4,s0
183_15,s4.67,s-5.6000000000000005,s180
183_16,s7.200000000000001,s-6.4,s0
183_17,s7.550000000000001,s-5.6000000000000005,s180
183_18,s-7.200000000000001,s-4.800000000000001,s0
183_19,s-6.850000000000001,s-4.000000000000001,s180
183_20,s-5.760000000000001,s-4.800000000000001,s0
183_21,s-5.410000000000001,s-4.000000000000001,s180
183_22,s-4.32,s-4.800000000000001,s0
183_23,s-3.97,s-4.000000000000001,s180
183_24,s-2.8800000000000003,s-4.800000000000001,s0
183_25,s-2.5300000000000002,s-4.000000000000001,s180
183_26,s-1.4400000000000002,s-4.800000000000001,s0
183_27,s-1.0900000000000003,s-4.000000000000001,s180
183_28,s0.0,s-4.800000000000001,s0
183_29,s0.35,s-4.000000000000001,s180
183_30,s2.8800000000000003,s-4.800000000000001,s0
183_31,s3.2300000000000004,s-4.000000000000001,s180
183_32,s4.32,s-4.800000000000001,s0
183_33,s4.67,s-4.000000000000001,s180
183_34,s7.200000000000001,s-4.800000000000001,s0
183_35,s7.550000000000001,s-4.000000000000001,s180
183_36,s-2.8800000000000003,s-3.2,s0
183_37,s-2.5300000000000002,s-2.4000000000000004,s180
183_38,s-7.200000000000001,s-1.6,s0
183_39,s-6.850000000000001,s-0.8,s180
183_40,s-5.760000000000001,s-1.6,s0
183_41,s-5.410000000000001,s-0.8,s180
183_42,s-4.32,s-1.6,s0
183_43,s-3.97,s-0.8,s180
183_44,s-2.8800000000000003,s-1.6,s0
183_45,s-2.5300000000000002,s-0.8,s180
183_46,s-1.4400000000000002,s-1.6,s0
183_47,s-1.0900000000000003,s-0.8,s180
183_48,s0.0,s-1.6,s0
183_49,s0.35,s-0.8,s180
183_50,s2.8800000000000003,s-1.6,s0
183_51,s3.2300000000000004,s-0.8,s180
183_52,s4.32,s-1.6,s0
183_53,s4.67,s-0.8,s180
183_54,s7.200000000000001,s-1.6,s0
183_55,s7.550000000000001,s-0.8,s180
183_56,s-7.200000000000001,s0.0,s0
183_57,s-6.850000000000001,s0.8,s180
183_58,s-5.760000000000001,s0.0,s0
183_59,s-5.410000000000001,s0.8,s180
183_60,s-4.32,s0.0,s0
183_61,s-3.97,s0.8,s180
183_62,s-2.8800000000000003,s0.0,s0
183_63,s-2.5300000000000002,s0.8,s180
183_64,s-1.4400000000000002,s0.0,s0
183_65,s-1.0900000000000003,s0.8,s180
183_66,s0.0,s0.0,s0
183_67,s0.35,s0.8,s180
183_68,s2.8800000000000003,s0.0,s0
183_69,s3.2300000000000004,s0.8,s180
183_70,s4.32,s0.0,s0
183_71,s4.67,s0.8,s180
183_72,s7.200000000000001,s0.0,s0
183_73,s7.550000000000001,s0.8,s180
183_74,s-7.200000000000001,s1.6,s0
183_75,s-6.850000000000001,s2.4000000000000004,s180
183_76,s-5.760000000000001,s1.6,s0
183_77,s-5.410000000000001,s2.4000000000000004,s180
183_78,s-4.32,s1.6,s0
183_79,s-3.97,s2.4000000000000004,s180
183_80,s-2.8800000000000003,s1.6,s0
183_81,s-2.5300000000000002,s2.4000000000000004,s180
183_82,s-1.4400000000000002,s1.6,s0
183_83,s-1.0900000000000003,s2.4000000000000004,s180
183_84,s0.0,s1.6,s0
183_85,s0.35,s2.4000000000000004,s180
183_86,s1.4400000000000002,s1.6,s0
183_87,s1.79,s2.4000000000000004,s180
183_88,s2.8800000000000003,s1.6,s0
183_89,s3.2300000000000004,s2.4000000000000004,s180
183_90,s4.32,s1.6,s0
183_91,s4.67,s2.4000000000000004,s180
183_92,s7.200000000000001,s1.6,s0
183_93,s7.550000000000001,s2.4000000000000004,s180
183_94,s-7.200000000000001,s3.2,s0
183_95,s-6.850000000000001,s4.0,s180
183_96,s-5.760000000000001,s3.2,s0
183_97,s-5.410000000000001,s4.0,s180
183_98,s-4.32,s3.2,s0
183_99,s-3.97,s4.0,s180
183_100,s-2.8800000000000003,s3.2,s0
183_101,s-2.5300000000000002,s4.0,s180
183_102,s-1.4400000000000002,s3.2,s0
183_103,s-1.0900000000000003,s4.0,s180
183_104,s0.0,s3.2,s0
183_105,s0.35,s4.0,s180
183_106,s2.8800000000000003,s3.2,s0
183_107,s3.2300000000000004,s4.0,s180
183_108,s4.32,s3.2,s0
183_109,s4.67,s4.0,s180
183_110,s7.200000000000001,s3.2,s0
183_111,s7.550000000000001,s4.0,s180
183_112,s-2.8800000000000003,s4.800000000000001,s0
183_113,s-2.5300000000000002,s5.6000000000000005,s180
183_114,s-7.200000000000001,s6.4,s0
183_115,s-6.850000000000001,s7.2,s180
183_116,s-5.760000000000001,s6.4,s0
183_117,s-5.410000000000001,s7.2,s180
183_118,s-4.32,s6.4,s0
183_119,s-3.97,s7.2,s180
183_120,s-2.8800000000000003,s6.4,s0
183_121,s-2.5300000000000002,s7.2,s180
183_122,s-1.4400000000000002,s6.4,s0
183_123,s-1.0900000000000003,s7.2,s180
183_124,s0.0,s6.4,s0
183_125,s0.35,s7.2,s180
183_126,s2.8800000000000003,s6.4,s0
183_127,s3.2300000000000004,s7.2,s180
183_128,s4.32,s6.4,s0
183_129,s4.67,s7.2,s180
183_130,s7.200000000000001,s6.4,s0
183_131,s7.550000000000001,s7.2,s180
183_132,s8.400000000000002,s0.40000000000000036,s0
184_0,s-7.200000000000001,s-6.4,s0
184_1,s-6.850000000000001,s-5.6000000000000005,s180
184_2,s-5.760000000000001,s-6.4,s0
184_3,s-5.410000000000001,s-5.6000000000000005,s180
184_4,s-4.32,s-6.4,s0
184_5,s-3.97,s-5.6000000000000005,s180
184_6,s-2.8800000000000003,s-6.4,s0
184_7,s-2.5300000000000002,s-5.6000000000000005,s180
184_8,s-1.4400000000000002,s-6.4,s0
184_9,s-1.0900000000000003,s-5.6000000000000005,s180
184_10,s0.0,s-6.4,s0
184_11,s0.35,s-5.6000000000000005,s180
184_12,s2.8800000000000003,s-6.4,s0
184_13,s3.2300000000000004,s-5.6000000000000005,s180
184_14,s4.32,s-6.4,s0
184_15,s4.67,s-5.6000000000000005,s180
184_16,s7.200000000000001,s-6.4,s0
184_17,s7.550000000000001,s-5.6000000000000005,s180
184_18,s-7.200000000000001,s-4.800000000000001,s0
184_19,s-6.850000000000001,s-4.000000000000001,s180
184_20,s-5.760000000000001,s-4.800000000000001,s0
184_21,s-5.410000000000001,s-4.000000000000001,s180
184_22,s-4.32,s-4.800000000000001,s0
184_23,s-3.97,s-4.000000000000001,s180
184_24,s-2.8800000000000003,s-4.800000000000001,s0
184_25,s-2.5300000000000002,s-4.000000000000001,s180
184_26,s-1.4400000000000002,s-4.800000000000001,s0
184_27,s-1.0900000000000003,s-4.000000000000001,s180
184_28,s0.0,s-4.800000000000001,s0
184_29,s0.35,s-4.000000000000001,s180
184_30,s2.8800000000000003,s-4.800000000000001,s0
184_31,s3.2300000000000004,s-4.000000000000001,s180
184_32,s4.32,s-4.800000000000001,s0
184_33,s4.67,s-4.000000000000001,s180
184_34,s7.200000000000001,s-4.800000000000001,s0
184_35,s7.550000000000001,s-4.000000000000001,s180
184_36,s-2.8800000000000003,s-3.2,s0
184_37,s-2.5300000000000002,s-2.4000000000000004,s180
184_38,s-7.200000000000001,s-1.6,s0
184_39,s-6.850000000000001,s-0.8,s180
184_40,s-5.760000000000001,s-1.6,s0
184_41,s-5.410000000000001,s-0.8,s180
184_42,s-4.32,s-1.6,s0
184_43,s-3.97,s-0.8,s180
184_44,s-2.8800000000000003,s-1.6,s0
184_45,s-2.5300000000000002,s-0.8,s180
184_46,s-1.4400000000000002,s-1.6,s0
184_47,s-1.0900000000000003,s-0.8,s180
184_48,s0.0,s-1.6,s0
184_49,s0.35,s-0.8,s180
184_50,s2.8800000000000003,s-1.6,s0
184_51,s3.2300000000000004,s-0.8,s180
184_52,s4.32,s-1.6,s0
184_53,s4.67,s-0.8,s180
184_54,s7.200000000000001,s-1.6,s0
184_55,s7.550000000000001,s-0.8,s180
184_56,s-7.200000000000001,s0.0,s0
184_57,s-6.850000000000001,s0.8,s180
184_58,s-5.760000000000001,s0.0,s0
184_59,s-5.410000000000001,s0.8,s180
184_60,s-4.32,s0.0,s0
184_61,s-3.97,s0.8,s180
184_62,s-2.8800000000000003,s0.0,s0
184_63,s-2.5300000000000002,s0.8,s180
184_64,s-1.4400000000000002,s0.0,s0
184_65,s-1.0900000000000003,s0.8,s180
184_66,s0.0,s0.0,s0
184_67,s0.35,s0.8,s180
184_68,s2.8800000000000003,s0.0,s0
184_69,s3.2300000000000004,s0.8,s180
184_70,s4.32,s0.0,s0
184_71,s4.67,s0.8,s180
184_72,s7.200000000000001,s0.0,s0
184_73,s7.550000000000001,s0.8,s180
184_74,s-7.200000000000001,s1.6,s0
184_75,s-6.850000000000001,s2.4000000000000004,s180
184_76,s-5.760000000000001,s1.6,s0
184_77,s-5.410000000000001,s2.4000000000000004,s180
184_78,s-4.32,s1.6,s0
184_79,s-3.97,s2.4000000000000004,s180
184_80,s-2.8800000000000003,s1.6,s0
184_81,s-2.5300000000000002,s2.4000000000000004,s180
184_82,s-1.4400000000000002,s1.6,s0
184_83,s-1.0900000000000003,s2.4000000000000004,s180
184_84,s0.0,s1.6,s0
184_85,s0.35,s2.4000000000000004,s180
184_86,s1.4400000000000002,s1.6,s0
184_87,s1.79,s2.4000000000000004,s180
184_88,s2.8800000000000003,s1.6,s0
184_89,s3.2300000000000004,s2.4000000000000004,s180
184_90,s4.32,s1.6,s0
184_91,s4.67,s2.4000000000000004,s180
184_92,s7.200000000000001,s1.6,s0
184_93,s7.550000000000001,s2.4000000000000004,s180
184_94,s-7.200000000000001,s3.2,s0
184_95,s-6.850000000000001,s4.0,s180
184_96,s-5.760000000000001,s3.2,s0
184_97,s-5.410000000000001,s4.0,s180
184_98,s-4.32,s3.2,s0
184_99,s-3.97,s4.0,s180
184_100,s-2.8800000000000003,s3.2,s0
184_101,s-2.5300000000000002,s4.0,s180
184_102,s-1.4400000000000002,s3.2,s0
184_103,s-1.0900000000000003,s4.0,s180
184_104,s0.0,s3.2,s0
184_105,s0.35,s4.0,s180
184_106,s2.8800000000000003,s3.2,s0
184_107,s3.2300000000000004,s4.0,s180
184_108,s4.32,s3.2,s0
184_109,s4.67,s4.0,s180
184_110,s7.200000000000001,s3.2,s0
184_111,s7.550000000000001,s4.0,s180
184_112,s-2.8800000000000003,s4.800000000000001,s0
184_113,s-2.5300000000000002,s5.6000000000000005,s180
184_114,s-7.200000000000001,s6.4,s0
184_115,s-6.850000000000001,s7.2,s180
184_116,s-5.760000000000001,s6.4,s0
184_117,s-5.410000000000001,s7.2,s180
184_118,s-4.32,s6.4,s0
184_119,s-3.97,s7.2,s180
184_120,s-2.8800000000000003,s6.4,s0
184_121,s-2.5300000000000002,s7.2,s180
184_122,s-1.4400000000000002,s6.4,s0
184_123,s-1.0900000000000003,s7.2,s180
184_124,s0.0,s6.4,s0
184_125,s0.35,s7.2,s180
184_126,s2.8800000000000003,s6.4,s0
184_127,s3.2300000000000004,s7.2,s180
184_128,s4.32,s6.4,s0
184_129,s4.67,s7.2,s180
184_130,s7.200000000000001,s6.4,s0
184_131,s7.550000000000001,s7.2,s180
185_0,s-7.200000000000001,s-6.4,s0
185_1,s-6.850000000000001,s-5.6000000000000005,s180
185_2,s-5.760000000000001,s-6.4,s0
185_3,s-5.410000000000001,s-5.6000000000000005,s180
185_4,s-4.32,s-6.4,s0
185_5,s-3.97,s-5.6000000000000005,s180
185_6,s-2.8800000000000003,s-6.4,s0
185_7,s-2.5300000000000002,s-5.6000000000000005,s180
185_8,s-1.4400000000000002,s-6.4,s0
185_9,s-1.0900000000000003,s-5.6000000000000005,s180
185_10,s0.0,s-6.4,s0
185_11,s0.35,s-5.6000000000000005,s180
185_12,s2.8800000000000003,s-6.4,s0
185_13,s3.2300000000000004,s-5.6000000000000005,s180
185_14,s4.32,s-6.4,s0
185_15,s4.67,s-5.6000000000000005,s180
185_16,s7.200000000000001,s-6.4,s0
185_17,s7.550000000000001,s-5.6000000000000005,s180
185_18,s-7.200000000000001,s-4.800000000000001,s0
185_19,s-6.850000000000001,s-4.000000000000001,s180
185_20,s-5.760000000000001,s-4.800000000000001,s0
185_21,s-5.410000000000001,s-4.000000000000001,s180
185_22,s-4.32,s-4.800000000000001,s0
185_23,s-3.97,s-4.000000000000001,s180
185_24,s-2.8800000000000003,s-4.800000000000001,s0
185_25,s-2.5300000000000002,s-4.000000000000001,s180
185_26,s-1.4400000000000002,s-4.800000000000001,s0
185_27,s-1.0900000000000003,s-4.000000000000001,s180
185_28,s0.0,s-4.800000000000001,s0
185_29,s0.35,s-4.000000000000001,s180
185_30,s2.8800000000000003,s-4.800000000000001,s0
185_31,s3.2300000000000004,s-4.000000000000001,s180
185_32,s4.32,s-4.800000000000001,s0
185_33,s4.67,s-4.000000000000001,s180
185_34,s7.200000000000001,s-4.800000000000001,s0
185_35,s7.550000000000001,s-4.000000000000001,s180
185_36,s-2.8800000000000003,s-3.2,s0
185_37,s-2.5300000000000002,s-2.4000000000000004,s180
185_38,s-7.200000000000001,s-1.6,s0
185_39,s-6.850000000000001,s-0.8,s180
185_40,s-5.760000000000001,s-1.6,s0
185_41,s-5.410000000000001,s-0.8,s180
185_42,s-4.32,s-1.6,s0
185_43,s-3.97,s-0.8,s180
185_44,s-2.8800000000000003,s-1.6,s0
185_45,s-2.5300000000000002,s-0.8,s180
185_46,s-1.4400000000000002,s-1.6,s0
185_47,s-1.0900000000000003,s-0.8,s180
185_48,s0.0,s-1.6,s0
185_49,s0.35,s-0.8,s180
185_50,s2.8800000000000003,s-1.6,s0
185_51,s3.2300000000000004,s-0.8,s180
185_52,s4.32,s-1.6,s0
185_53,s4.67,s-0.8,s180
185_54,s7.200000000000001,s-1.6,s0
185_55,s7.550000000000001,s-0.8,s180
185_56,s-7.200000000000001,s0.0,s0
185_57,s-6.850000000000001,s0.8,s180
185_58,s-5.760000000000001,s0.0,s0
185_59,s-5.410000000000001,s0.8,s180
185_60,s-4.32,s0.0,s0
185_61,s-3.97,s0.8,s180
185_62,s-2.8800000000000003,s0.0,s0
185_63,s-2.5300000000000002,s0.8,s180
185_64,s-1.4400000000000002,s0.0,s0
185_65,s-1.0900000000000003,s0.8,s180
185_66,s0.0,s0.0,s0
185_67,s0.35,s0.8,s180
185_68,s2.8800000000000003,s0.0,s0
185_69,s3.2300000000000004,s0.8,s180
185_70,s4.32,s0.0,s0
185_71,s4.67,s0.8,s180
185_72,s7.200000000000001,s0.0,s0
185_73,s7.550000000000001,s0.8,s180
185_74,s-7.200000000000001,s1.6,s0
185_75,s-6.850000000000001,s2.4000000000000004,s180
185_76,s-5.760000000000001,s1.6,s0
185_77,s-5.410000000000001,s2.4000000000000004,s180
185_78,s-4.32,s1.6,s0
185_79,s-3.97,s2.4000000000000004,s180
185_80,s-2.8800000000000003,s1.6,s0
185_81,s-2.5300000000000002,s2.4000000000000004,s180
185_82,s-1.4400000000000002,s1.6,s0
185_83,s-1.0900000000000003,s2.4000000000000004,s180
185_84,s0.0,s1.6,s0
185_85,s0.35,s2.4000000000000004,s180
185_86,s1.4400000000000002,s1.6,s0
185_87,s1.79,s2.4000000000000004,s180
185_88,s2.8800000000000003,s1.6,s0
185_89,s3.2300000000000004,s2.4000000000000004,s180
185_90,s4.32,s1.6,s0
185_91,s4.67,s2.4000000000000004,s180
185_92,s7.200000000000001,s1.6,s0
185_93,s7.550000000000001,s2.4000000000000004,s180
185_94,s-7.200000000000001,s3.2,s0
185_95,s-6.850000000000001,s4.0,s180
185_96,s-5.760000000000001,s3.2,s0
185_97,s-5.410000000000001,s4.0,s180
185_98,s-4.32,s3.2,s0
185_99,s-3.97,s4.0,s180
185_100,s-2.8800000000000003,s3.2,s0
185_101,s-2.5300000000000002,s4.0,s180
185_102,s-1.4400000000000002,s3.2,s0
185_103,s-1.0900000000000003,s4.0,s180
185_104,s0.0,s3.2,s0
185_105,s0.35,s4.0,s180
185_106,s2.8800000000000003,s3.2,s0
185_107,s3.2300000000000004,s4.0,s180
185_108,s4.32,s3.2,s0
185_109,s4.67,s4.0,s180
185_110,s7.200000000000001,s3.2,s0
185_111,s7.550000000000001,s4.0,s180
185_112,s-2.8800000000000003,s4.800000000000001,s0
185_113,s-2.5300000000000002,s5.6000000000000005,s180
185_114,s-7.200000000000001,s6.4,s0
185_115,s-6.850000000000001,s7.2,s180
185_116,s-5.760000000000001,s6.4,s0
185_117,s-5.410000000000001,s7.2,s180
185_118,s-4.32,s6.4,s0
185_119,s-3.97,s7.2,s180
185_120,s-2.8800000000000003,s6.4,s0
185_121,s-2.5300000000000002,s7.2,s180
185_122,s-1.4400000000000002,s6.4,s0
185_123,s-1.0900000000000003,s7.2,s180
185_124,s0.0,s6.4,s0
185_125,s0.35,s7.2,s180
185_126,s2.8800000000000003,s6.4,s0
185_127,s3.2300000000000004,s7.2,s180
185_128,s4.32,s6.4,s0
185_129,s4.67,s7.2,s180
185_130,s7.200000000000001,s6.4,s0
185_131,s7.550000000000001,s7.2,s180
185_132,s8.400000000000002,s0.40000000000000036,s0
186_0,s-7.200000000000001,s-6.4,s0
186_1,s-6.850000000000001,s-5.6000000000000005,s180
186_2,s-5.760000000000001,s-6.4,s0
186_3,s-5.410000000000001,s-5.6000000000000005,s180
186_4,s-4.32,s-6.4,s0
186_5,s-3.97,s-5.6000000000000005,s180
186_6,s-2.8800000000000003,s-6.4,s0
186_7,s-2.5300000000000002,s-5.6000000000000005,s180
186_8,s-1.4400000000000002,s-6.4,s0
186_9,s-1.0900000000000003,s-5.6000000000000005,s180
186_10,s0.0,s-6.4,s0
186_11,s0.35,s-5.6000000000000005,s180
186_12,s2.8800000000000003,s-6.4,s0
186_13,s3.2300000000000004,s-5.6000000000000005,s180
186_14,s4.32,s-6.4,s0
186_15,s4.67,s-5.6000000000000005,s180
186_16,s7.200000000000001,s-6.4,s0
186_17,s7.550000000000001,s-5.6000000000000005,s180
186_18,s-7.200000000000001,s-4.800000000000001,s0
186_19,s-6.850000000000001,s-4.000000000000001,s180
186_20,s-5.760000000000001,s-4.800000000000001,s0
186_21,s-5.410000000000001,s-4.000000000000001,s180
186_22,s-4.32,s-4.800000000000001,s0
186_23,s-3.97,s-4.000000000000001,s180
186_24,s-2.8800000000000003,s-4.800000000000001,s0
186_25,s-2.5300000000000002,s-4.000000000000001,s180
186_26,s-1.4400000000000002,s-4.800000000000001,s0
186_27,s-1.0900000000000003,s-4.000000000000001,s180
186_28,s0.0,s-4.800000000000001,s0
186_29,s0.35,s-4.000000000000001,s180
186_30,s2.8800000000000003,s-4.800000000000001,s0
186_31,s3.2300000000000004,s-4.000000000000001,s180
186_32,s4.32,s-4.800000000000001,s0
186_33,s4.67,s-4.000000000000001,s180
186_34,s7.200000000000001,s-4.800000000000001,s0
186_35,s7.550000000000001,s-4.000000000000001,s180
186_36,s-2.8800000000000003,s-3.2,s0
186_37,s-2.5300000000000002,s-2.4000000000000004,s180
186_38,s-7.200000000000001,s-1.6,s0
186_39,s-6.850000000000001,s-0.8,s180
186_40,s-5.760000000000001,s-1.6,s0
186_41,s-5.410000000000001,s-0.8,s180
186_42,s-4.32,s-1.6,s0
186_43,s-3.97,s-0.8,s180
186_44,s-2.8800000000000003,s-1.6,s0
186_45,s-2.5300000000000002,s-0.8,s180
186_46,s-1.4400000000000002,s-1.6,s0
186_47,s-1.0900000000000003,s-0.8,s180
186_48,s0.0,s-1.6,s0
186_49,s0.35,s-0.8,s180
186_50,s2.8800000000000003,s-1.6,s0
186_51,s3.2300000000000004,s-0.8,s180
186_52,s4.32,s-1.6,s0
186_53,s4.67,s-0.8,s180
186_54,s7.200000000000001,s-1.6,s0
186_55,s7.550000000000001,s-0.8,s180
186_56,s-7.200000000000001,s0.0,s0
186_57,s-6.850000000000001,s0.8,s180
186_58,s-5.760000000000001,s0.0,s0
186_59,s-5.410000000000001,s0.8,s180
186_60,s-4.32,s0.0,s0
186_61,s-3.97,s0.8,s180
186_62,s-2.8800000000000003,s0.0,s0
186_63,s-2.5300000000000002,s0.8,s180
186_64,s-1.4400000000000002,s0.0,s0
186_65,s-1.0900000000000003,s0.8,s180
186_66,s0.0,s0.0,s0
186_67,s0.35,s0.8,s180
186_68,s2.8800000000000003,s0.0,s0
186_69,s3.2300000000000004,s0.8,s180
186_70,s4.32,s0.0,s0
186_71,s4.67,s0.8,s180
186_72,s7.200000000000001,s0.0,s0
186_73,s7.550000000000001,s0.8,s180
186_74,s-7.200000000000001,s1.6,s0
186_75,s-6.850000000000001,s2.4000000000000004,s180
186_76,s-5.760000000000001,s1.6,s0
186_77,s-5.410000000000001,s2.4000000000000004,s180
186_78,s-4.32,s1.6,s0
186_79,s-3.97,s2.4000000000000004,s180
186_80,s-2.8800000000000003,s1.6,s0
186_81,s-2.5300000000000002,s2.4000000000000004,s180
186_82,s-1.4400000000000002,s1.6,s0
186_83,s-1.0900000000000003,s2.4000000000000004,s180
186_84,s0.0,s1.6,s0
186_85,s0.35,s2.4000000000000004,s180
186_86,s1.4400000000000002,s1.6,s0
186_87,s1.79,s2.4000000000000004,s180
186_88,s2.8800000000000003,s1.6,s0
186_89,s3.2300000000000004,s2.4000000000000004,s180
186_90,s4.32,s1.6,s0
186_91,s4.67,s2.4000000000000004,s180
186_92,s7.200000000000001,s1.6,s0
186_93,s7.550000000000001,s2.4000000000000004,s180
186_94,s-7.200000000000001,s3.2,s0
186_95,s-6.850000000000001,s4.0,s180
186_96,s-5.760000000000001,s3.2,s0
186_97,s-5.410000000000001,s4.0,s180
186_98,s-4.32,s3.2,s0
186_99,s-3.97,s4.0,s180
186_100,s-2.8800000000000003,s3.2,s0
186_101,s-2.5300000000000002,s4.0,s180
186_102,s-1.4400000000000002,s3.2,s0
186_103,s-1.0900000000000003,s4.0,s180
186_104,s0.0,s3.2,s0
186_105,s0.35,s4.0,s180
186_106,s2.8800000000000003,s3.2,s0
186_107,s3.2300000000000004,s4.0,s180
186_108,s4.32,s3.2,s0
186_109,s4.67,s4.0,s180
186_110,s7.200000000000001,s3.2,s0
186_111,s7.550000000000001,s4.0,s180
186_112,s-2.8800000000000003,s4.800000000000001,s0
186_113,s-2.5300000000000002,s5.6000000000000005,s180
186_114,s-7.200000000000001,s6.4,s0
186_115,s-6.850000000000001,s7.2,s180
186_116,s-5.760000000000001,s6.4,s0
186_117,s-5.410000000000001,s7.2,s180
186_118,s-4.32,s6.4,s0
186_119,s-3.97,s7.2,s180
186_120,s-2.8800000000000003,s6.4,s0
186_121,s-2.5300000000000002,s7.2,s180
186_122,s-1.4400000000000002,s6.4,s0
186_123,s-1.0900000000000003,s7.2,s180
186_124,s0.0,s6.4,s0
186_125,s0.35,s7.2,s180
186_126,s2.8800000000000003,s6.4,s0
186_127,s3.2300000000000004,s7.2,s180
186_128,s4.32,s6.4,s0
186_129,s4.67,s7.2,s180
186_130,s7.200000000000001,s6.4,s0
186_131,s7.550000000000001,s7.2,s180
187_0,s-7.200000000000001,s-6.4,s0
187_1,s-6.850000000000001,s-5.6000000000000005,s180
187_2,s-5.760000000000001,s-6.4,s0
187_3,s-5.410000000000001,s-5.6000000000000005,s180
187_4,s-4.32,s-6.4,s0
187_5,s-3.97,s-5.6000000000000005,s180
187_6,s-2.8800000000000003,s-6.4,s0
187_7,s-2.5300000000000002,s-5.6000000000000005,s180
187_8,s-1.4400000000000002,s-6.4,s0
187_9,s-1.0900000000000003,s-5.6000000000000005,s180
187_10,s0.0,s-6.4,s0
187_11,s0.35,s-5.6000000000000005,s180
187_12,s2.8800000000000003,s-6.4,s0
187_13,s3.2300000000000004,s-5.6000000000000005,s180
187_14,s4.32,s-6.4,s0
187_15,s4.67,s-5.6000000000000005,s180
187_16,s7.200000000000001,s-6.4,s0
187_17,s7.550000000000001,s-5.6000000000000005,s180
187_18,s-7.200000000000001,s-4.800000000000001,s0
187_19,s-6.850000000000001,s-4.000000000000001,s180
187_20,s-5.760000000000001,s-4.800000000000001,s0
187_21,s-5.410000000000001,s-4.000000000000001,s180
187_22,s-4.32,s-4.800000000000001,s0
187_23,s-3.97,s-4.000000000000001,s180
187_24,s-2.8800000000000003,s-4.800000000000001,s0
187_25,s-2.5300000000000002,s-4.000000000000001,s180
187_26,s-1.4400000000000002,s-4.800000000000001,s0
187_27,s-1.0900000000000003,s-4.000000000000001,s180
187_28,s0.0,s-4.800000000000001,s0
187_29,s0.35,s-4.000000000000001,s180
187_30,s2.8800000000000003,s-4.800000000000001,s0
187_31,s3.2300000000000004,s-4.000000000000001,s180
187_32,s4.32,s-4.800000000000001,s0
187_33,s4.67,s-4.000000000000001,s180
187_34,s7.200000000000001,s-4.800000000000001,s0
187_35,s7.550000000000001,s-4.000000000000001,s180
187_36,s-2.8800000000000003,s-3.2,s0
187_37,s-2.5300000000000002,s-2.4000000000000004,s180
187_38,s-7.200000000000001,s-1.6,s0
187_39,s-6.850000000000001,s-0.8,s180
187_40,s-5.760000000000001,s-1.6,s0
187_41,s-5.410000000000001,s-0.8,s180
187_42,s-4.32,s-1.6,s0
187_43,s-3.97,s-0.8,s180
187_44,s-2.8800000000000003,s-1.6,s0
187_45,s-2.5300000000000002,s-0.8,s180
187_46,s-1.4400000000000002,s-1.6,s0
187_47,s-1.0900000000000003,s-0.8,s180
187_48,s0.0,s-1.6,s0
187_49,s0.35,s-0.8,s180
187_50,s2.8800000000000003,s-1.6,s0
187_51,s3.2300000000000004,s-0.8,s180
187_52,s4.32,s-1.6,s0
187_53,s4.67,s-0.8,s180
187_54,s7.200000000000001,s-1.6,s0
187_55,s7.550000000000001,s-0.8,s180
187_56,s-7.200000000000001,s0.0,s0
187_57,s-6.850000000000001,s0.8,s180
187_58,s-5.760000000000001,s0.0,s0
187_59,s-5.410000000000001,s0.8,s180
187_60,s-4.32,s0.0,s0
187_61,s-3.97,s0.8,s180
187_62,s-2.8800000000000003,s0.0,s0
187_63,s-2.5300000000000002,s0.8,s180
187_64,s-1.4400000000000002,s0.0,s0
187_65,s-1.0900000000000003,s0.8,s180
187_66,s0.0,s0.0,s0
187_67,s0.35,s0.8,s180
187_68,s2.8800000000000003,s0.0,s0
187_69,s3.2300000000000004,s0.8,s180
187_70,s4.32,s0.0,s0
187_71,s4.67,s0.8,s180
187_72,s7.200000000000001,s0.0,s0
187_73,s7.550000000000001,s0.8,s180
187_74,s-7.200000000000001,s1.6,s0
187_75,s-6.850000000000001,s2.4000000000000004,s180
187_76,s-5.760000000000001,s1.6,s0
187_77,s-5.410000000000001,s2.4000000000000004,s180
187_78,s-4.32,s1.6,s0
187_79,s-3.97,s2.4000000000000004,s180
187_80,s-2.8800000000000003,s1.6,s0
187_81,s-2.5300000000000002,s2.4000000000000004,s180
187_82,s-1.4400000000000002,s1.6,s0
187_83,s-1.0900000000000003,s2.4000000000000004,s180
187_84,s0.0,s1.6,s0
187_85,s0.35,s2.4000000000000004,s180
187_86,s1.4400000000000002,s1.6,s0
187_87,s1.79,s2.4000000000000004,s180
187_88,s2.8800000000000003,s1.6,s0
187_89,s3.2300000000000004,s2.4000000000000004,s180
187_90,s4.32,s1.6,s0
187_91,s4.67,s2.4000000000000004,s180
187_92,s7.200000000000001,s1.6,s0
187_93,s7.550000000000001,s2.4000000000000004,s180
187_94,s-7.200000000000001,s3.2,s0
187_95,s-6.850000000000001,s4.0,s180
187_96,s-5.760000000000001,s3.2,s0
187_97,s-5.410000000000001,s4.0,s180
187_98,s-4.32,s3.2,s0
187_99,s-3.97,s4.0,s180
187_100,s-2.8800000000000003,s3.2,s0
187_101,s-2.5300000000000002,s4.0,s180
187_102,s-1.4400000000000002,s3.2,s0
187_103,s-1.0900000000000003,s4.0,s180
187_104,s0.0,s3.2,s0
187_105,s0.35,s4.0,s180
187_106,s2.8800000000000003,s3.2,s0
187_107,s3.2300000000000004,s4.0,s180
187_108,s4.32,s3.2,s0
187_109,s4.67,s4.0,s180
187_110,s7.200000000000001,s3.2,s0
187_111,s7.550000000000001,s4.0,s180
187_112,s-2.8800000000000003,s4.800000000000001,s0
187_113,s-2.5300000000000002,s5.6000000000000005,s180
187_114,s-7.200000000000001,s6.4,s0
187_115,s-6.850000000000001,s7.2,s180
187_116,s-5.760000000000001,s6.4,s0
187_117,s-5.410000000000001,s7.2,s180
187_118,s-4.32,s6.4,s0
187_119,s-3.97,s7.2,s180
187_120,s-2.8800000000000003,s6.4,s0
187_121,s-2.5300000000000002,s7.2,s180
187_122,s-1.4400000000000002,s6.4,s0
187_123,s-1.0900000000000003,s7.2,s180
187_124,s0.0,s6.4,s0
187_125,s0.35,s7.2,s180
187_126,s2.8800000000000003,s6.4,s0
187_127,s3.2300000000000004,s7.2,s180
187_128,s4.32,s6.4,s0
187_129,s4.67,s7.2,s180
187_130,s7.200000000000001,s6.4,s0
187_131,s7.550000000000001,s7.2,s180
187_132,s8.400000000000002,s0.40000000000000036,s0
188_0,s-7.200000000000001,s-6.4,s0
188_1,s-6.850000000000001,s-5.6000000000000005,s180
188_2,s-5.760000000000001,s-6.4,s0
188_3,s-5.410000000000001,s-5.6000000000000005,s180
188_4,s-4.32,s-6.4,s0
188_5,s-3.97,s-5.6000000000000005,s180
188_6,s-2.8800000000000003,s-6.4,s0
188_7,s-2.5300000000000002,s-5.6000000000000005,s180
188_8,s-1.4400000000000002,s-6.4,s0
188_9,s-1.0900000000000003,s-5.6000000000000005,s180
188_10,s0.0,s-6.4,s0
188_11,s0.35,s-5.6000000000000005,s180
188_12,s2.8800000000000003,s-6.4,s0
188_13,s3.2300000000000004,s-5.6000000000000005,s180
188_14,s4.32,s-6.4,s0
188_15,s4.67,s-5.6000000000000005,s180
188_16,s7.200000000000001,s-6.4,s0
188_17,s7.550000000000001,s-5.6000000000000005,s180
188_18,s-7.200000000000001,s-4.800000000000001,s0
188_19,s-6.850000000000001,s-4.000000000000001,s180
188_20,s-5.760000000000001,s-4.800000000000001,s0
188_21,s-5.410000000000001,s-4.000000000000001,s180
188_22,s-4.32,s-4.800000000000001,s0
188_23,s-3.97,s-4.000000000000001,s180
188_24,s-2.8800000000000003,s-4.800000000000001,s0
188_25,s-2.5300000000000002,s-4.000000000000001,s180
188_26,s-1.4400000000000002,s-4.800000000000001,s0
188_27,s-1.0900000000000003,s-4.000000000000001,s180
188_28,s0.0,s-4.800000000000001,s0
188_29,s0.35,s-4.000000000000001,s180
188_30,s2.8800000000000003,s-4.800000000000001,s0
188_31,s3.2300000000000004,s-4.000000000000001,s180
188_32,s4.32,s-4.800000000000001,s0
188_33,s4.67,s-4.000000000000001,s180
188_34,s7.200000000000001,s-4.800000000000001,s0
188_35,s7.550000000000001,s-4.000000000000001,s180
188_36,s-2.8800000000000003,s-3.2,s0
188_37,s-2.5300000000000002,s-2.4000000000000004,s180
188_38,s-7.200000000000001,s-1.6,s0
188_39,s-6.850000000000001,s-0.8,s180
188_40,s-5.760000000000001,s-1.6,s0
188_41,s-5.410000000000001,s-0.8,s180
188_42,s-4.32,s-1.6,s0
188_43,s-3.97,s-0.8,s180
188_44,s-2.8800000000000003,s-1.6,s0
188_45,s-2.5300000000000002,s-0.8,s180
188_46,s-1.4400000000000002,s-1.6,s0
188_47,s-1.0900000000000003,s-0.8,s180
188_48,s0.0,s-1.6,s0
188_49,s0.35,s-0.8,s180
188_50,s2.8800000000000003,s-1.6,s0
188_51,s3.2300000000000004,s-0.8,s180
188_52,s4.32,s-1.6,s0
188_53,s4.67,s-0.8,s180
188_54,s7.200000000000001,s-1.6,s0
188_55,s7.550000000000001,s-0.8,s180
188_56,s-7.200000000000001,s0.0,s0
188_57,s-6.850000000000001,s0.8,s180
188_58,s-5.760000000000001,s0.0,s0
188_59,s-5.410000000000001,s0.8,s180
188_60,s-4.32,s0.0,s0
188_61,s-3.97,s0.8,s180
188_62,s-2.8800000000000003,s0.0,s0
188_63,s-2.5300000000000002,s0.8,s180
188_64,s-1.4400000000000002,s0.0,s0
188_65,s-1.0900000000000003,s0.8,s180
188_66,s0.0,s0.0,s0
188_67,s0.35,s0.8,s180
188_68,s2.8800000000000003,s0.0,s0
188_69,s3.2300000000000004,s0.8,s180
188_70,s4.32,s0.0,s0
188_71,s4.67,s0.8,s180
188_72,s7.200000000000001,s0.0,s0
188_73,s7.550000000000001,s0.8,s180
188_74,s-7.200000000000001,s1.6,s0
188_75,s-6.850000000000001,s2.4000000000000004,s180
188_76,s-5.760000000000001,s1.6,s0
188_77,s-5.410000000000001,s2.4000000000000004,s180
188_78,s-4.32,s1.6,s0
188_79,s-3.97,s2.4000000000000004,s180
188_80,s-2.8800000000000003,s1.6,s0
188_81,s-2.5300000000000002,s2.4000000000000004,s180
188_82,s-1.4400000000000002,s1.6,s0
188_83,s-1.0900000000000003,s2.4000000000000004,s180
188_84,s0.0,s1.6,s0
188_85,s0.35,s2.4000000000000004,s180
188_86,s1.4400000000000002,s1.6,s0
188_87,s1.79,s2.4000000000000004,s180
188_88,s2.8800000000000003,s1.6,s0
188_89,s3.2300000000000004,s2.4000000000000004,s180
188_90,s4.32,s1.6,s0
188_91,s4.67,s2.4000000000000004,s180
188_92,s7.200000000000001,s1.6,s0
188_93,s7.550000000000001,s2.4000000000000004,s180
188_94,s-7.200000000000001,s3.2,s0
188_95,s-6.850000000000001,s4.0,s180
188_96,s-5.760000000000001,s3.2,s0
188_97,s-5.410000000000001,s4.0,s180
188_98,s-4.32,s3.2,s0
188_99,s-3.97,s4.0,s180
188_100,s-2.8800000000000003,s3.2,s0
188_101,s-2.5300000000000002,s4.0,s180
188_102,s-1.4400000000000002,s3.2,s0
188_103,s-1.0900000000000003,s4.0,s180
188_104,s0.0,s3.2,s0
188_105,s0.35,s4.0,s180
188_106,s2.8800000000000003,s3.2,s0
188_107,s3.2300000000000004,s4.0,s180
188_108,s4.32,s3.2,s0
188_109,s4.67,s4.0,s180
188_110,s7.200000000000001,s3.2,s0
188_111,s7.550000000000001,s4.0,s180
188_112,s-2.8800000000000003,s4.800000000000001,s0
188_113,s-2.5300000000000002,s5.6000000000000005,s180
188_114,s-7.200000000000001,s6.4,s0
188_115,s-6.850000000000001,s7.2,s180
188_116,s-5.760000000000001,s6.4,s0
188_117,s-5.410000000000001,s7.2,s180
188_118,s-4.32,s6.4,s0
188_119,s-3.97,s7.2,s180
188_120,s-2.8800000000000003,s6.4,s0
188_121,s-2.5300000000000002,s7.2,s180
188_122,s-1.4400000000000002,s6.4,s0
188_123,s-1.0900000000000003,s7.2,s180
188_124,s0.0,s6.4,s0
188_125,s0.35,s7.2,s180
188_126,s2.8800000000000003,s6.4,s0
188_127,s3.2300000000000004,s7.2,s180
188_128,s4.32,s6.4,s0
188_129,s4.67,s7.2,s180
188_130,s7.200000000000001,s6.4,s0
188_131,s7.550000000000001,s7.2,s180
189_0,s-7.200000000000001,s-6.4,s0
189_1,s-6.850000000000001,s-5.6000000000000005,s180
189_2,s-5.760000000000001,s-6.4,s0
189_3,s-5.410000000000001,s-5.6000000000000005,s180
189_4,s-4.32,s-6.4,s0
189_5,s-3.97,s-5.6000000000000005,s180
189_6,s-2.8800000000000003,s-6.4,s0
189_7,s-2.5300000000000002,s-5.6000000000000005,s180
189_8,s-1.4400000000000002,s-6.4,s0
189_9,s-1.0900000000000003,s-5.6000000000000005,s180
189_10,s0.0,s-6.4,s0
189_11,s0.35,s-5.6000000000000005,s180
189_12,s2.8800000000000003,s-6.4,s0
189_13,s3.2300000000000004,s-5.6000000000000005,s180
189_14,s4.32,s-6.4,s0
189_15,s4.67,s-5.6000000000000005,s180
189_16,s7.200000000000001,s-6.4,s0
189_17,s7.550000000000001,s-5.6000000000000005,s180
189_18,s-7.200000000000001,s-4.800000000000001,s0
189_19,s-6.850000000000001,s-4.000000000000001,s180
189_20,s-5.760000000000001,s-4.800000000000001,s0
189_21,s-5.410000000000001,s-4.000000000000001,s180
189_22,s-4.32,s-4.800000000000001,s0
189_23,s-3.97,s-4.000000000000001,s180
189_24,s-2.8800000000000003,s-4.800000000000001,s0
189_25,s-2.5300000000000002,s-4.000000000000001,s180
189_26,s-1.4400000000000002,s-4.800000000000001,s0
189_27,s-1.0900000000000003,s-4.000000000000001,s180
189_28,s0.0,s-4.800000000000001,s0
189_29,s0.35,s-4.000000000000001,s180
189_30,s2.8800000000000003,s-4.800000000000001,s0
189_31,s3.2300000000000004,s-4.000000000000001,s180
189_32,s4.32,s-4.800000000000001,s0
189_33,s4.67,s-4.000000000000001,s180
189_34,s7.200000000000001,s-4.800000000000001,s0
189_35,s7.550000000000001,s-4.000000000000001,s180
189_36,s-2.8800000000000003,s-3.2,s0
189_37,s-2.5300000000000002,s-2.4000000000000004,s180
189_38,s-7.200000000000001,s-1.6,s0
189_39,s-6.850000000000001,s-0.8,s180
189_40,s-5.760000000000001,s-1.6,s0
189_41,s-5.410000000000001,s-0.8,s180
189_42,s-4.32,s-1.6,s0
189_43,s-3.97,s-0.8,s180
189_44,s-2.8800000000000003,s-1.6,s0
189_45,s-2.5300000000000002,s-0.8,s180
189_46,s-1.4400000000000002,s-1.6,s0
189_47,s-1.0900000000000003,s-0.8,s180
189_48,s0.0,s-1.6,s0
189_49,s0.35,s-0.8,s180
189_50,s2.8800000000000003,s-1.6,s0
189_51,s3.2300000000000004,s-0.8,s180
189_52,s4.32,s-1.6,s0
189_53,s4.67,s-0.8,s180
189_54,s7.200000000000001,s-1.6,s0
189_55,s7.550000000000001,s-0.8,s180
189_56,s-7.200000000000001,s0.0,s0
189_57,s-6.850000000000001,s0.8,s180
189_58,s-5.760000000000001,s0.0,s0
189_59,s-5.410000000000001,s0.8,s180
189_60,s-4.32,s0.0,s0
189_61,s-3.97,s0.8,s180
189_62,s-2.8800000000000003,s0.0,s0
189_63,s-2.5300000000000002,s0.8,s180
189_64,s-1.4400000000000002,s0.0,s0
189_65,s-1.0900000000000003,s0.8,s180
189_66,s0.0,s0.0,s0
189_67,s0.35,s0.8,s180
189_68,s2.8800000000000003,s0.0,s0
189_69,s3.2300000000000004,s0.8,s180
189_70,s4.32,s0.0,s0
189_71,s4.67,s0.8,s180
189_72,s7.200000000000001,s0.0,s0
189_73,s7.550000000000001,s0.8,s180
189_74,s-7.200000000000001,s1.6,s0
189_75,s-6.850000000000001,s2.4000000000000004,s180
189_76,s-5.760000000000001,s1.6,s0
189_77,s-5.410000000000001,s2.4000000000000004,s180
189_78,s-4.32,s1.6,s0
189_79,s-3.97,s2.4000000000000004,s180
189_80,s-2.8800000000000003,s1.6,s0
189_81,s-2.5300000000000002,s2.4000000000000004,s180
189_82,s-1.4400000000000002,s1.6,s0
189_83,s-1.0900000000000003,s2.4000000000000004,s180
189_84,s0.0,s1.6,s0
189_85,s0.35,s2.4000000000000004,s180
189_86,s1.4400000000000002,s1.6,s0
189_87,s1.79,s2.4000000000000004,s180
189_88,s2.8800000000000003,s1.6,s0
189_89,s3.2300000000000004,s2.4000000000000004,s180
189_90,s4.32,s1.6,s0
189_91,s4.67,s2.4000000000000004,s180
189_92,s7.200000000000001,s1.6,s0
189_93,s7.550000000000001,s2.4000000000000004,s180
189_94,s-7.200000000000001,s3.2,s0
189_95,s-6.850000000000001,s4.0,s180
189_96,s-5.760000000000001,s3.2,s0
189_97,s-5.410000000000001,s4.0,s180
189_98,s-4.32,s3.2,s0
189_99,s-3.97,s4.0,s180
189_100,s-2.8800000000000003,s3.2,s0
189_101,s-2.5300000000000002,s4.0,s180
189_102,s-1.4400000000000002,s3.2,s0
189_103,s-1.0900000000000003,s4.0,s180
189_104,s0.0,s3.2,s0
189_105,s0.35,s4.0,s180
189_106,s2.8800000000000003,s3.2,s0
189_107,s3.2300000000000004,s4.0,s180
189_108,s4.32,s3.2,s0
189_109,s4.67,s4.0,s180
189_110,s7.200000000000001,s3.2,s0
189_111,s7.550000000000001,s4.0,s180
189_112,s-2.8800000000000003,s4.800000000000001,s0
189_113,s-2.5300000000000002,s5.6000000000000005,s180
189_114,s-7.200000000000001,s6.4,s0
189_115,s-6.850000000000001,s7.2,s180
189_116,s-5.760000000000001,s6.4,s0
189_117,s-5.410000000000001,s7.2,s180
189_118,s-4.32,s6.4,s0
189_119,s-3.97,s7.2,s180
189_120,s-2.8800000000000003,s6.4,s0
189_121,s-2.5300000000000002,s7.2,s180
189_122,s-1.4400000000000002,s6.4,s0
189_123,s-1.0900000000000003,s7.2,s180
189_124,s0.0,s6.4,s0
189_125,s0.35,s7.2,s180
189_126,s2.8800000000000003,s6.4,s0
189_127,s3.2300000000000004,s7.2,s180
189_128,s4.32,s6.4,s0
189_129,s4.67,s7.2,s180
189_130,s7.200000000000001,s6.4,s0
189_131,s7.550000000000001,s7.2,s180
189_132,s8.400000000000002,s0.40000000000000036,s0
190_0,s-7.200000000000001,s-6.4,s0
190_1,s-6.850000000000001,s-5.6000000000000005,s180
190_2,s-5.760000000000001,s-6.4,s0
190_3,s-5.410000000000001,s-5.6000000000000005,s180
190_4,s-4.32,s-6.4,s0
190_5,s-3.97,s-5.6000000000000005,s180
190_6,s-2.8800000000000003,s-6.4,s0
190_7,s-2.5300000000000002,s-5.6000000000000005,s180
190_8,s-1.4400000000000002,s-6.4,s0
190_9,s-1.0900000000000003,s-5.6000000000000005,s180
190_10,s0.0,s-6.4,s0
190_11,s0.35,s-5.6000000000000005,s180
190_12,s2.8800000000000003,s-6.4,s0
190_13,s3.2300000000000004,s-5.6000000000000005,s180
190_14,s4.32,s-6.4,s0
190_15,s4.67,s-5.6000000000000005,s180
190_16,s7.200000000000001,s-6.4,s0
190_17,s7.550000000000001,s-5.6000000000000005,s180
190_18,s-7.200000000000001,s-4.800000000000001,s0
190_19,s-6.850000000000001,s-4.000000000000001,s180
190_20,s-5.760000000000001,s-4.800000000000001,s0
190_21,s-5.410000000000001,s-4.000000000000001,s180
190_22,s-4.32,s-4.800000000000001,s0
190_23,s-3.97,s-4.000000000000001,s180
190_24,s-2.8800000000000003,s-4.800000000000001,s0
190_25,s-2.5300000000000002,s-4.000000000000001,s180
190_26,s-1.4400000000000002,s-4.800000000000001,s0
190_27,s-1.0900000000000003,s-4.000000000000001,s180
190_28,s0.0,s-4.800000000000001,s0
190_29,s0.35,s-4.000000000000001,s180
190_30,s2.8800000000000003,s-4.800000000000001,s0
190_31,s3.2300000000000004,s-4.000000000000001,s180
190_32,s4.32,s-4.800000000000001,s0
190_33,s4.67,s-4.000000000000001,s180
190_34,s7.200000000000001,s-4.800000000000001,s0
190_35,s7.550000000000001,s-4.000000000000001,s180
190_36,s-2.8800000000000003,s-3.2,s0
190_37,s-2.5300000000000002,s-2.4000000000000004,s180
190_38,s-7.200000000000001,s-1.6,s0
190_39,s-6.850000000000001,s-0.8,s180
190_40,s-5.760000000000001,s-1.6,s0
190_41,s-5.410000000000001,s-0.8,s180
190_42,s-4.32,s-1.6,s0
190_43,s-3.97,s-0.8,s180
190_44,s-2.8800000000000003,s-1.6,s0
190_45,s-2.5300000000000002,s-0.8,s180
190_46,s-1.4400000000000002,s-1.6,s0
190_47,s-1.0900000000000003,s-0.8,s180
190_48,s0.0,s-1.6,s0
190_49,s0.35,s-0.8,s180
190_50,s2.8800000000000003,s-1.6,s0
190_51,s3.2300000000000004,s-0.8,s180
190_52,s4.32,s-1.6,s0
190_53,s4.67,s-0.8,s180
190_54,s7.200000000000001,s-1.6,s0
190_55,s7.550000000000001,s-0.8,s180
190_56,s-7.200000000000001,s0.0,s0
190_57,s-6.850000000000001,s0.8,s180
190_58,s-5.760000000000001,s0.0,s0
190_59,s-5.410000000000001,s0.8,s180
190_60,s-4.32,s0.0,s0
190_61,s-3.97,s0.8,s180
190_62,s-2.8800000000000003,s0.0,s0
190_63,s-2.5300000000000002,s0.8,s180
190_64,s-1.4400000000000002,s0.0,s0
190_65,s-1.0900000000000003,s0.8,s180
190_66,s0.0,s0.0,s0
190_67,s0.35,s0.8,s180
190_68,s2.8800000000000003,s0.0,s0
190_69,s3.2300000000000004,s0.8,s180
190_70,s4.32,s0.0,s0
190_71,s4.67,s0.8,s180
190_72,s7.200000000000001,s0.0,s0
190_73,s7.550000000000001,s0.8,s180
190_74,s-7.200000000000001,s1.6,s0
190_75,s-6.850000000000001,s2.4000000000000004,s180
190_76,s-5.760000000000001,s1.6,s0
190_77,s-5.410000000000001,s2.4000000000000004,s180
190_78,s-4.32,s1.6,s0
190_79,s-3.97,s2.4000000000000004,s180
190_80,s-2.8800000000000003,s1.6,s0
190_81,s-2.5300000000000002,s2.4000000000000004,s180
190_82,s-1.4400000000000002,s1.6,s0
190_83,s-1.0900000000000003,s2.4000000000000004,s180
190_84,s0.0,s1.6,s0
190_85,s0.35,s2.4000000000000004,s180
190_86,s1.4400000000000002,s1.6,s0
190_87,s1.79,s2.4000000000000004,s180
190_88,s2.8800000000000003,s1.6,s0
190_89,s3.2300000000000004,s2.4000000000000004,s180
190_90,s4.32,s1.6,s0
190_91,s4.67,s2.4000000000000004,s180
190_92,s7.200000000000001,s1.6,s0
190_93,s7.550000000000001,s2.4000000000000004,s180
190_94,s-7.200000000000001,s3.2,s0
190_95,s-6.850000000000001,s4.0,s180
190_96,s-5.760000000000001,s3.2,s0
190_97,s-5.410000000000001,s4.0,s180
190_98,s-4.32,s3.2,s0
190_99,s-3.97,s4.0,s180
190_100,s-2.8800000000000003,s3.2,s0
190_101,s-2.5300000000000002,s4.0,s180
190_102,s-1.4400000000000002,s3.2,s0
190_103,s-1.0900000000000003,s4.0,s180
190_104,s0.0,s3.2,s0
190_105,s0.35,s4.0,s180
190_106,s2.8800000000000003,s3.2,s0
190_107,s3.2300000000000004,s4.0,s180
190_108,s4.32,s3.2,s0
190_109,s4.67,s4.0,s180
190_110,s7.200000000000001,s3.2,s0
190_111,s7.550000000000001,s4.0,s180
190_112,s-2.8800000000000003,s4.800000000000001,s0
190_113,s-2.5300000000000002,s5.6000000000000005,s180
190_114,s-7.200000000000001,s6.4,s0
190_115,s-6.850000000000001,s7.2,s180
190_116,s-5.760000000000001,s6.4,s0
190_117,s-5.410000000000001,s7.2,s180
190_118,s-4.32,s6.4,s0
190_119,s-3.97,s7.2,s180
190_120,s-2.8800000000000003,s6.4,s0
190_121,s-2.5300000000000002,s7.2,s180
190_122,s-1.4400000000000002,s6.4,s0
190_123,s-1.0900000000000003,s7.2,s180
190_124,s0.0,s6.4,s0
190_125,s0.35,s7.2,s180
190_126,s2.8800000000000003,s6.4,s0
190_127,s3.2300000000000004,s7.2,s180
190_128,s4.32,s6.4,s0
190_129,s4.67,s7.2,s180
190_130,s7.200000000000001,s6.4,s0
190_131,s7.550000000000001,s7.2,s180
191_0,s-7.200000000000001,s-6.4,s0
191_1,s-6.850000000000001,s-5.6000000000000005,s180
191_2,s-5.760000000000001,s-6.4,s0
191_3,s-5.410000000000001,s-5.6000000000000005,s180
191_4,s-4.32,s-6.4,s0
191_5,s-3.97,s-5.6000000000000005,s180
191_6,s-2.8800000000000003,s-6.4,s0
191_7,s-2.5300000000000002,s-5.6000000000000005,s180
191_8,s-1.4400000000000002,s-6.4,s0
191_9,s-1.0900000000000003,s-5.6000000000000005,s180
191_10,s0.0,s-6.4,s0
191_11,s0.35,s-5.6000000000000005,s180
191_12,s2.8800000000000003,s-6.4,s0
191_13,s3.2300000000000004,s-5.6000000000000005,s180
191_14,s4.32,s-6.4,s0
191_15,s4.67,s-5.6000000000000005,s180
191_16,s7.200000000000001,s-6.4,s0
191_17,s7.550000000000001,s-5.6000000000000005,s180
191_18,s-7.200000000000001,s-4.800000000000001,s0
191_19,s-6.850000000000001,s-4.000000000000001,s180
191_20,s-5.760000000000001,s-4.800000000000001,s0
191_21,s-5.410000000000001,s-4.000000000000001,s180
191_22,s-4.32,s-4.800000000000001,s0
191_23,s-3.97,s-4.000000000000001,s180
191_24,s-2.8800000000000003,s-4.800000000000001,s0
191_25,s-2.5300000000000002,s-4.000000000000001,s180
191_26,s-1.4400000000000002,s-4.800000000000001,s0
191_27,s-1.0900000000000003,s-4.000000000000001,s180
191_28,s0.0,s-4.800000000000001,s0
191_29,s0.35,s-4.000000000000001,s180
191_30,s2.8800000000000003,s-4.800000000000001,s0
191_31,s3.2300000000000004,s-4.000000000000001,s180
191_32,s4.32,s-4.800000000000001,s0
191_33,s4.67,s-4.000000000000001,s180
191_34,s7.200000000000001,s-4.800000000000001,s0
191_35,s7.550000000000001,s-4.000000000000001,s180
191_36,s-2.8800000000000003,s-3.2,s0
191_37,s-2.5300000000000002,s-2.4000000000000004,s180
191_38,s-7.200000000000001,s-1.6,s0
191_39,s-6.850000000000001,s-0.8,s180
191_40,s-5.760000000000001,s-1.6,s0
191_41,s-5.410000000000001,s-0.8,s180
191_42,s-4.32,s-1.6,s0
191_43,s-3.97,s-0.8,s180
191_44,s-2.8800000000000003,s-1.6,s0
191_45,s-2.5300000000000002,s-0.8,s180
191_46,s-1.4400000000000002,s-1.6,s0
191_47,s-1.0900000000000003,s-0.8,s180
191_48,s0.0,s-1.6,s0
191_49,s0.35,s-0.8,s180
191_50,s2.8800000000000003,s-1.6,s0
191_51,s3.2300000000000004,s-0.8,s180
191_52,s4.32,s-1.6,s0
191_53,s4.67,s-0.8,s180
191_54,s7.200000000000001,s-1.6,s0
191_55,s7.550000000000001,s-0.8,s180
191_56,s-7.200000000000001,s0.0,s0
191_57,s-6.850000000000001,s0.8,s180
191_58,s-5.760000000000001,s0.0,s0
191_59,s-5.410000000000001,s0.8,s180
191_60,s-4.32,s0.0,s0
191_61,s-3.97,s0.8,s180
191_62,s-2.8800000000000003,s0.0,s0
191_63,s-2.5300000000000002,s0.8,s180
191_64,s-1.4400000000000002,s0.0,s0
191_65,s-1.0900000000000003,s0.8,s180
191_66,s0.0,s0.0,s0
191_67,s0.35,s0.8,s180
191_68,s2.8800000000000003,s0.0,s0
191_69,s3.2300000000000004,s0.8,s180
191_70,s4.32,s0.0,s0
191_71,s4.67,s0.8,s180
191_72,s7.200000000000001,s0.0,s0
191_73,s7.550000000000001,s0.8,s180
191_74,s-7.200000000000001,s1.6,s0
191_75,s-6.850000000000001,s2.4000000000000004,s180
191_76,s-5.760000000000001,s1.6,s0
191_77,s-5.410000000000001,s2.4000000000000004,s180
191_78,s-4.32,s1.6,s0
191_79,s-3.97,s2.4000000000000004,s180
191_80,s-2.8800000000000003,s1.6,s0
191_81,s-2.5300000000000002,s2.4000000000000004,s180
191_82,s-1.4400000000000002,s1.6,s0
191_83,s-1.0900000000000003,s2.4000000000000004,s180
191_84,s0.0,s1.6,s0
191_85,s0.35,s2.4000000000000004,s180
191_86,s1.4400000000000002,s1.6,s0
191_87,s1.79,s2.4000000000000004,s180
191_88,s2.8800000000000003,s1.6,s0
191_89,s3.2300000000000004,s2.4000000000000004,s180
191_90,s4.32,s1.6,s0
191_91,s4.67,s2.4000000000000004,s180
191_92,s7.200000000000001,s1.6,s0
191_93,s7.550000000000001,s2.4000000000000004,s180
191_94,s-7.200000000000001,s3.2,s0
191_95,s-6.850000000000001,s4.0,s180
191_96,s-5.760000000000001,s3.2,s0
191_97,s-5.410000000000001,s4.0,s180
191_98,s-4.32,s3.2,s0
191_99,s-3.97,s4.0,s180
191_100,s-2.8800000000000003,s3.2,s0
191_101,s-2.5300000000000002,s4.0,s180
191_102,s-1.4400000000000002,s3.2,s0
191_103,s-1.0900000000000003,s4.0,s180
191_104,s0.0,s3.2,s0
191_105,s0.35,s4.0,s180
191_106,s2.8800000000000003,s3.2,s0
191_107,s3.2300000000000004,s4.0,s180
191_108,s4.32,s3.2,s0
191_109,s4.67,s4.0,s180
191_110,s7.200000000000001,s3.2,s0
191_111,s7.550000000000001,s4.0,s180
191_112,s-2.8800000000000003,s4.800000000000001,s0
191_113,s-2.5300000000000002,s5.6000000000000005,s180
191_114,s-7.200000000000001,s6.4,s0
191_115,s-6.850000000000001,s7.2,s180
191_116,s-5.760000000000001,s6.4,s0
191_117,s-5.410000000000001,s7.2,s180
191_118,s-4.32,s6.4,s0
191_119,s-3.97,s7.2,s180
191_120,s-2.8800000000000003,s6.4,s0
191_121,s-2.5300000000000002,s7.2,s180
191_122,s-1.4400000000000002,s6.4,s0
191_123,s-1.0900000000000003,s7.2,s180
191_124,s0.0,s6.4,s0
191_125,s0.35,s7.2,s180
191_126,s2.8800000000000003,s6.4,s0
191_127,s3.2300000000000004,s7.2,s180
191_128,s4.32,s6.4,s0
191_129,s4.67,s7.2,s180
191_130,s7.200000000000001,s6.4,s0
191_131,s7.550000000000001,s7.2,s180
191_132,s8.400000000000002,s0.40000000000000036,s0
192_0,s-7.200000000000001,s-6.4,s0
192_1,s-6.850000000000001,s-5.6000000000000005,s180
192_2,s-5.760000000000001,s-6.4,s0
192_3,s-5.410000000000001,s-5.6000000000000005,s180
192_4,s-4.32,s-6.4,s0
192_5,s-3.97,s-5.6000000000000005,s180
192_6,s-2.8800000000000003,s-6.4,s0
192_7,s-2.5300000000000002,s-5.6000000000000005,s180
192_8,s-1.4400000000000002,s-6.4,s0
192_9,s-1.0900000000000003,s-5.6000000000000005,s180
192_10,s0.0,s-6.4,s0
192_11,s0.35,s-5.6000000000000005,s180
192_12,s2.8800000000000003,s-6.4,s0
192_13,s3.2300000000000004,s-5.6000000000000005,s180
192_14,s4.32,s-6.4,s0
192_15,s4.67,s-5.6000000000000005,s180
192_16,s7.200000000000001,s-6.4,s0
192_17,s7.550000000000001,s-5.6000000000000005,s180
192_18,s-7.200000000000001,s-4.800000000000001,s0
192_19,s-6.850000000000001,s-4.000000000000001,s180
192_20,s-5.760000000000001,s-4.800000000000001,s0
192_21,s-5.410000000000001,s-4.000000000000001,s180
192_22,s-4.32,s-4.800000000000001,s0
192_23,s-3.97,s-4.000000000000001,s180
192_24,s-2.8800000000000003,s-4.800000000000001,s0
192_25,s-2.5300000000000002,s-4.000000000000001,s180
192_26,s-1.4400000000000002,s-4.800000000000001,s0
192_27,s-1.0900000000000003,s-4.000000000000001,s180
192_28,s0.0,s-4.800000000000001,s0
192_29,s0.35,s-4.000000000000001,s180
192_30,s2.8800000000000003,s-4.800000000000001,s0
192_31,s3.2300000000000004,s-4.000000000000001,s180
192_32,s4.32,s-4.800000000000001,s0
192_33,s4.67,s-4.000000000000001,s180
192_34,s7.200000000000001,s-4.800000000000001,s0
192_35,s7.550000000000001,s-4.000000000000001,s180
192_36,s-2.8800000000000003,s-3.2,s0
192_37,s-2.5300000000000002,s-2.4000000000000004,s180
192_38,s-7.200000000000001,s-1.6,s0
192_39,s-6.850000000000001,s-0.8,s180
192_40,s-5.760000000000001,s-1.6,s0
192_41,s-5.410000000000001,s-0.8,s180
192_42,s-4.32,s-1.6,s0
192_43,s-3.97,s-0.8,s180
192_44,s-2.8800000000000003,s-1.6,s0
192_45,s-2.5300000000000002,s-0.8,s180
192_46,s-1.4400000000000002,s-1.6,s0
192_47,s-1.0900000000000003,s-0.8,s180
192_48,s0.0,s-1.6,s0
192_49,s0.35,s-0.8,s180
192_50,s2.8800000000000003,s-1.6,s0
192_51,s3.2300000000000004,s-0.8,s180
192_52,s4.32,s-1.6,s0
192_53,s4.67,s-0.8,s180
192_54,s7.200000000000001,s-1.6,s0
192_55,s7.550000000000001,s-0.8,s180
192_56,s-7.200000000000001,s0.0,s0
192_57,s-6.850000000000001,s0.8,s180
192_58,s-5.760000000000001,s0.0,s0
192_59,s-5.410000000000001,s0.8,s180
192_60,s-4.32,s0.0,s0
192_61,s-3.97,s0.8,s180
192_62,s-2.8800000000000003,s0.0,s0
192_63,s-2.5300000000000002,s0.8,s180
192_64,s-1.4400000000000002,s0.0,s0
192_65,s-1.0900000000000003,s0.8,s180
192_66,s0.0,s0.0,s0
192_67,s0.35,s0.8,s180
192_68,s2.8800000000000003,s0.0,s0
192_69,s3.2300000000000004,s0.8,s180
192_70,s4.32,s0.0,s0
192_71,s4.67,s0.8,s180
192_72,s7.200000000000001,s0.0,s0
192_73,s7.550000000000001,s0.8,s180
192_74,s-7.200000000000001,s1.6,s0
192_75,s-6.850000000000001,s2.4000000000000004,s180
192_76,s-5.760000000000001,s1.6,s0
192_77,s-5.410000000000001,s2.4000000000000004,s180
192_78,s-4.32,s1.6,s0
192_79,s-3.97,s2.4000000000000004,s180
192_80,s-2.8800000000000003,s1.6,s0
192_81,s-2.5300000000000002,s2.4000000000000004,s180
192_82,s-1.4400000000000002,s1.6,s0
192_83,s-1.0900000000000003,s2.4000000000000004,s180
192_84,s0.0,s1.6,s0
192_85,s0.35,s2.4000000000000004,s180
192_86,s1.4400000000000002,s1.6,s0
192_87,s1.79,s2.4000000000000004,s180
192_88,s2.8800000000000003,s1.6,s0
192_89,s3.2300000000000004,s2.4000000000000004,s180
192_90,s4.32,s1.6,s0
192_91,s4.67,s2.4000000000000004,s180
192_92,s7.200000000000001,s1.6,s0
192_93,s7.550000000000001,s2.4000000000000004,s180
192_94,s-7.200000000000001,s3.2,s0
192_95,s-6.850000000000001,s4.0,s180
192_96,s-5.760000000000001,s3.2,s0
192_97,s-5.410000000000001,s4.0,s180
192_98,s-4.32,s3.2,s0
192_99,s-3.97,s4.0,s180
192_100,s-2.8800000000000003,s3.2,s0
192_101,s-2.5300000000000002,s4.0,s180
192_102,s-1.4400000000000002,s3.2,s0
192_103,s-1.0900000000000003,s4.0,s180
192_104,s0.0,s3.2,s0
192_105,s0.35,s4.0,s180
192_106,s2.8800000000000003,s3.2,s0
192_107,s3.2300000000000004,s4.0,s180
192_108,s4.32,s3.2,s0
192_109,s4.67,s4.0,s180
192_110,s7.200000000000001,s3.2,s0
192_111,s7.550000000000001,s4.0,s180
192_112,s-2.8800000000000003,s4.800000000000001,s0
192_113,s-2.5300000000000002,s5.6000000000000005,s180
192_114,s-7.200000000000001,s6.4,s0
192_115,s-6.850000000000001,s7.2,s180
192_116,s-5.760000000000001,s6.4,s0
192_117,s-5.410000000000001,s7.2,s180
192_118,s-4.32,s6.4,s0
192_119,s-3.97,s7.2,s180
192_120,s-2.8800000000000003,s6.4,s0
192_121,s-2.5300000000000002,s7.2,s180
192_122,s-1.4400000000000002,s6.4,s0
192_123,s-1.0900000000000003,s7.2,s180
192_124,s0.0,s6.4,s0
192_125,s0.35,s7.2,s180
192_126,s2.8800000000000003,s6.4,s0
192_127,s3.2300000000000004,s7.2,s180
192_128,s4.32,s6.4,s0
192_129,s4.67,s7.2,s180
192_130,s7.200000000000001,s6.4,s0
192_131,s7.550000000000001,s7.2,s180
193_0,s-7.200000000000001,s-6.4,s0
193_1,s-6.850000000000001,s-5.6000000000000005,s180
193_2,s-5.760000000000001,s-6.4,s0
193_3,s-5.410000000000001,s-5.6000000000000005,s180
193_4,s-4.32,s-6.4,s0
193_5,s-3.97,s-5.6000000000000005,s180
193_6,s-2.8800000000000003,s-6.4,s0
193_7,s-2.5300000000000002,s-5.6000000000000005,s180
193_8,s-1.4400000000000002,s-6.4,s0
193_9,s-1.0900000000000003,s-5.6000000000000005,s180
193_10,s0.0,s-6.4,s0
193_11,s0.35,s-5.6000000000000005,s180
193_12,s2.8800000000000003,s-6.4,s0
193_13,s3.2300000000000004,s-5.6000000000000005,s180
193_14,s4.32,s-6.4,s0
193_15,s4.67,s-5.6000000000000005,s180
193_16,s7.200000000000001,s-6.4,s0
193_17,s7.550000000000001,s-5.6000000000000005,s180
193_18,s-7.200000000000001,s-4.800000000000001,s0
193_19,s-6.850000000000001,s-4.000000000000001,s180
193_20,s-5.760000000000001,s-4.800000000000001,s0
193_21,s-5.410000000000001,s-4.000000000000001,s180
193_22,s-4.32,s-4.800000000000001,s0
193_23,s-3.97,s-4.000000000000001,s180
193_24,s-2.8800000000000003,s-4.800000000000001,s0
193_25,s-2.5300000000000002,s-4.000000000000001,s180
193_26,s-1.4400000000000002,s-4.800000000000001,s0
193_27,s-1.0900000000000003,s-4.000000000000001,s180
193_28,s0.0,s-4.800000000000001,s0
193_29,s0.35,s-4.000000000000001,s180
193_30,s2.8800000000000003,s-4.800000000000001,s0
193_31,s3.2300000000000004,s-4.000000000000001,s180
193_32,s4.32,s-4.800000000000001,s0
193_33,s4.67,s-4.000000000000001,s180
193_34,s7.200000000000001,s-4.800000000000001,s0
193_35,s7.550000000000001,s-4.000000000000001,s180
193_36,s-2.8800000000000003,s-3.2,s0
193_37,s-2.5300000000000002,s-2.4000000000000004,s180
193_38,s-7.200000000000001,s-1.6,s0
193_39,s-6.850000000000001,s-0.8,s180
193_40,s-5.760000000000001,s-1.6,s0
193_41,s-5.410000000000001,s-0.8,s180
193_42,s-4.32,s-1.6,s0
193_43,s-3.97,s-0.8,s180
193_44,s-2.8800000000000003,s-1.6,s0
193_45,s-2.5300000000000002,s-0.8,s180
193_46,s-1.4400000000000002,s-1.6,s0
193_47,s-1.0900000000000003,s-0.8,s180
193_48,s0.0,s-1.6,s0
193_49,s0.35,s-0.8,s180
193_50,s2.8800000000000003,s-1.6,s0
193_51,s3.2300000000000004,s-0.8,s180
193_52,s4.32,s-1.6,s0
193_53,s4.67,s-0.8,s180
193_54,s7.200000000000001,s-1.6,s0
193_55,s7.550000000000001,s-0.8,s180
193_56,s-7.200000000000001,s0.0,s0
193_57,s-6.850000000000001,s0.8,s180
193_58,s-5.760000000000001,s0.0,s0
193_59,s-5.410000000000001,s0.8,s180
193_60,s-4.32,s0.0,s0
193_61,s-3.97,s0.8,s180
193_62,s-2.8800000000000003,s0.0,s0
193_63,s-2.5300000000000002,s0.8,s180
193_64,s-1.4400000000000002,s0.0,s0
193_65,s-1.0900000000000003,s0.8,s180
193_66,s0.0,s0.0,s0
193_67,s0.35,s0.8,s180
193_68,s2.8800000000000003,s0.0,s0
193_69,s3.2300000000000004,s0.8,s180
193_70,s4.32,s0.0,s0
193_71,s4.67,s0.8,s180
193_72,s7.200000000000001,s0.0,s0
193_73,s7.550000000000001,s0.8,s180
193_74,s-7.200000000000001,s1.6,s0
193_75,s-6.850000000000001,s2.4000000000000004,s180
193_76,s-5.760000000000001,s1.6,s0
193_77,s-5.410000000000001,s2.4000000000000004,s180
193_78,s-4.32,s1.6,s0
193_79,s-3.97,s2.4000000000000004,s180
193_80,s-2.8800000000000003,s1.6,s0
193_81,s-2.5300000000000002,s2.4000000000000004,s180
193_82,s-1.4400000000000002,s1.6,s0
193_83,s-1.0900000000000003,s2.4000000000000004,s180
193_84,s0.0,s1.6,s0
193_85,s0.35,s2.4000000000000004,s180
193_86,s1.4400000000000002,s1.6,s0
193_87,s1.79,s2.4000000000000004,s180
193_88,s2.8800000000000003,s1.6,s0
193_89,s3.2300000000000004,s2.4000000000000004,s180
193_90,s4.32,s1.6,s0
193_91,s4.67,s2.4000000000000004,s180
193_92,s7.200000000000001,s1.6,s0
193_93,s7.550000000000001,s2.4000000000000004,s180
193_94,s-7.200000000000001,s3.2,s0
193_95,s-6.850000000000001,s4.0,s180
193_96,s-5.760000000000001,s3.2,s0
193_97,s-5.410000000000001,s4.0,s180
193_98,s-4.32,s3.2,s0
193_99,s-3.97,s4.0,s180
193_100,s-2.8800000000000003,s3.2,s0
193_101,s-2.5300000000000002,s4.0,s180
193_102,s-1.4400000000000002,s3.2,s0
193_103,s-1.0900000000000003,s4.0,s180
193_104,s0.0,s3.2,s0
193_105,s0.35,s4.0,s180
193_106,s2.8800000000000003,s3.2,s0
193_107,s3.2300000000000004,s4.0,s180
193_108,s4.32,s3.2,s0
193_109,s4.67,s4.0,s180
193_110,s7.200000000000001,s3.2,s0
193_111,s7.550000000000001,s4.0,s180
193_112,s-2.8800000000000003,s4.800000000000001,s0
193_113,s-2.5300000000000002,s5.6000000000000005,s180
193_114,s-7.200000000000001,s6.4,s0
193_115,s-6.850000000000001,s7.2,s180
193_116,s-5.760000000000001,s6.4,s0
193_117,s-5.410000000000001,s7.2,s180
193_118,s-4.32,s6.4,s0
193_119,s-3.97,s7.2,s180
193_120,s-2.8800000000000003,s6.4,s0
193_121,s-2.5300000000000002,s7.2,s180
193_122,s-1.4400000000000002,s6.4,s0
193_123,s-1.0900000000000003,s7.2,s180
193_124,s0.0,s6.4,s0
193_125,s0.35,s7.2,s180
193_126,s2.8800000000000003,s6.4,s0
193_127,s3.2300000000000004,s7.2,s180
193_128,s4.32,s6.4,s0
193_129,s4.67,s7.2,s180
193_130,s7.200000000000001,s6.4,s0
193_131,s7.550000000000001,s7.2,s180
193_132,s8.400000000000002,s0.40000000000000036,s0
194_0,s-7.200000000000001,s-6.4,s0
194_1,s-6.850000000000001,s-5.6000000000000005,s180
194_2,s-5.760000000000001,s-6.4,s0
194_3,s-5.410000000000001,s-5.6000000000000005,s180
194_4,s-4.32,s-6.4,s0
194_5,s-3.97,s-5.6000000000000005,s180
194_6,s-2.8800000000000003,s-6.4,s0
194_7,s-2.5300000000000002,s-5.6000000000000005,s180
194_8,s-1.4400000000000002,s-6.4,s0
194_9,s-1.0900000000000003,s-5.6000000000000005,s180
194_10,s0.0,s-6.4,s0
194_11,s0.35,s-5.6000000000000005,s180
194_12,s2.8800000000000003,s-6.4,s0
194_13,s3.2300000000000004,s-5.6000000000000005,s180
194_14,s4.32,s-6.4,s0
194_15,s4.67,s-5.6000000000000005,s180
194_16,s7.200000000000001,s-6.4,s0
194_17,s7.550000000000001,s-5.6000000000000005,s180
194_18,s-7.200000000000001,s-4.800000000000001,s0
194_19,s-6.850000000000001,s-4.000000000000001,s180
194_20,s-5.760000000000001,s-4.800000000000001,s0
194_21,s-5.410000000000001,s-4.000000000000001,s180
194_22,s-4.32,s-4.800000000000001,s0
194_23,s-3.97,s-4.000000000000001,s180
194_24,s-2.8800000000000003,s-4.800000000000001,s0
194_25,s-2.5300000000000002,s-4.000000000000001,s180
194_26,s-1.4400000000000002,s-4.800000000000001,s0
194_27,s-1.0900000000000003,s-4.000000000000001,s180
194_28,s0.0,s-4.800000000000001,s0
194_29,s0.35,s-4.000000000000001,s180
194_30,s2.8800000000000003,s-4.800000000000001,s0
194_31,s3.2300000000000004,s-4.000000000000001,s180
194_32,s4.32,s-4.800000000000001,s0
194_33,s4.67,s-4.000000000000001,s180
194_34,s7.200000000000001,s-4.800000000000001,s0
194_35,s7.550000000000001,s-4.000000000000001,s180
194_36,s-2.8800000000000003,s-3.2,s0
194_37,s-2.5300000000000002,s-2.4000000000000004,s180
194_38,s-7.200000000000001,s-1.6,s0
194_39,s-6.850000000000001,s-0.8,s180
194_40,s-5.760000000000001,s-1.6,s0
194_41,s-5.410000000000001,s-0.8,s180
194_42,s-4.32,s-1.6,s0
194_43,s-3.97,s-0.8,s180
194_44,s-2.8800000000000003,s-1.6,s0
194_45,s-2.5300000000000002,s-0.8,s180
194_46,s-1.4400000000000002,s-1.6,s0
194_47,s-1.0900000000000003,s-0.8,s180
194_48,s0.0,s-1.6,s0
194_49,s0.35,s-0.8,s180
194_50,s2.8800000000000003,s-1.6,s0
194_51,s3.2300000000000004,s-0.8,s180
194_52,s4.32,s-1.6,s0
194_53,s4.67,s-0.8,s180
194_54,s7.200000000000001,s-1.6,s0
194_55,s7.550000000000001,s-0.8,s180
194_56,s-7.200000000000001,s0.0,s0
194_57,s-6.850000000000001,s0.8,s180
194_58,s-5.760000000000001,s0.0,s0
194_59,s-5.410000000000001,s0.8,s180
194_60,s-4.32,s0.0,s0
194_61,s-3.97,s0.8,s180
194_62,s-2.8800000000000003,s0.0,s0
194_63,s-2.5300000000000002,s0.8,s180
194_64,s-1.4400000000000002,s0.0,s0
194_65,s-1.0900000000000003,s0.8,s180
194_66,s0.0,s0.0,s0
194_67,s0.35,s0.8,s180
194_68,s2.8800000000000003,s0.0,s0
194_69,s3.2300000000000004,s0.8,s180
194_70,s4.32,s0.0,s0
194_71,s4.67,s0.8,s180
194_72,s7.200000000000001,s0.0,s0
194_73,s7.550000000000001,s0.8,s180
194_74,s-7.200000000000001,s1.6,s0
194_75,s-6.850000000000001,s2.4000000000000004,s180
194_76,s-5.760000000000001,s1.6,s0
194_77,s-5.410000000000001,s2.4000000000000004,s180
194_78,s-4.32,s1.6,s0
194_79,s-3.97,s2.4000000000000004,s180
194_80,s-2.8800000000000003,s1.6,s0
194_81,s-2.5300000000000002,s2.4000000000000004,s180
194_82,s-1.4400000000000002,s1.6,s0
194_83,s-1.0900000000000003,s2.4000000000000004,s180
194_84,s0.0,s1.6,s0
194_85,s0.35,s2.4000000000000004,s180
194_86,s1.4400000000000002,s1.6,s0
194_87,s1.79,s2.4000000000000004,s180
194_88,s2.8800000000000003,s1.6,s0
194_89,s3.2300000000000004,s2.4000000000000004,s180
194_90,s4.32,s1.6,s0
194_91,s4.67,s2.4000000000000004,s180
194_92,s7.200000000000001,s1.6,s0
194_93,s7.550000000000001,s2.4000000000000004,s180
194_94,s-7.200000000000001,s3.2,s0
194_95,s-6.850000000000001,s4.0,s180
194_96,s-5.760000000000001,s3.2,s0
194_97,s-5.410000000000001,s4.0,s180
194_98,s-4.32,s3.2,s0
194_99,s-3.97,s4.0,s180
194_100,s-2.8800000000000003,s3.2,s0
194_101,s-2.5300000000000002,s4.0,s180
194_102,s-1.4400000000000002,s3.2,s0
194_103,s-1.0900000000000003,s4.0,s180
194_104,s0.0,s3.2,s0
194_105,s0.35,s4.0,s180
194_106,s2.8800000000000003,s3.2,s0
194_107,s3.2300000000000004,s4.0,s180
194_108,s4.32,s3.2,s0
194_109,s4.67,s4.0,s180
194_110,s7.200000000000001,s3.2,s0
194_111,s7.550000000000001,s4.0,s180
194_112,s-2.8800000000000003,s4.800000000000001,s0
194_113,s-2.5300000000000002,s5.6000000000000005,s180
194_114,s-7.200000000000001,s6.4,s0
194_115,s-6.850000000000001,s7.2,s180
194_116,s-5.760000000000001,s6.4,s0
194_117,s-5.410000000000001,s7.2,s180
194_118,s-4.32,s6.4,s0
194_119,s-3.97,s7.2,s180
194_120,s-2.8800000000000003,s6.4,s0
194_121,s-2.5300000000000002,s7.2,s180
194_122,s-1.4400000000000002,s6.4,s0
194_123,s-1.0900000000000003,s7.2,s180
194_124,s0.0,s6.4,s0
194_125,s0.35,s7.2,s180
194_126,s2.8800000000000003,s6.4,s0
194_127,s3.2300000000000004,s7.2,s180
194_128,s4.32,s6.4,s0
194_129,s4.67,s7.2,s180
194_130,s7.200000000000001,s6.4,s0
194_131,s7.550000000000001,s7.2,s180
195_0,s-7.200000000000001,s-6.4,s0
195_1,s-6.850000000000001,s-5.6000000000000005,s180
195_2,s-5.760000000000001,s-6.4,s0
195_3,s-5.410000000000001,s-5.6000000000000005,s180
195_4,s-4.32,s-6.4,s0
195_5,s-3.97,s-5.6000000000000005,s180
195_6,s-2.8800000000000003,s-6.4,s0
195_7,s-2.5300000000000002,s-5.6000000000000005,s180
195_8,s-1.4400000000000002,s-6.4,s0
195_9,s-1.0900000000000003,s-5.6000000000000005,s180
195_10,s0.0,s-6.4,s0
195_11,s0.35,s-5.6000000000000005,s180
195_12,s2.8800000000000003,s-6.4,s0
195_13,s3.2300000000000004,s-5.6000000000000005,s180
195_14,s4.32,s-6.4,s0
195_15,s4.67,s-5.6000000000000005,s180
195_16,s7.200000000000001,s-6.4,s0
195_17,s7.550000000000001,s-5.6000000000000005,s180
195_18,s-7.200000000000001,s-4.800000000000001,s0
195_19,s-6.850000000000001,s-4.000000000000001,s180
195_20,s-5.760000000000001,s-4.800000000000001,s0
195_21,s-5.410000000000001,s-4.000000000000001,s180
195_22,s-4.32,s-4.800000000000001,s0
195_23,s-3.97,s-4.000000000000001,s180
195_24,s-2.8800000000000003,s-4.800000000000001,s0
195_25,s-2.5300000000000002,s-4.000000000000001,s180
195_26,s-1.4400000000000002,s-4.800000000000001,s0
195_27,s-1.0900000000000003,s-4.000000000000001,s180
195_28,s0.0,s-4.800000000000001,s0
195_29,s0.35,s-4.000000000000001,s180
195_30,s2.8800000000000003,s-4.800000000000001,s0
195_31,s3.2300000000000004,s-4.000000000000001,s180
195_32,s4.32,s-4.800000000000001,s0
195_33,s4.67,s-4.000000000000001,s180
195_34,s7.200000000000001,s-4.800000000000001,s0
195_35,s7.550000000000001,s-4.000000000000001,s180
195_36,s-2.8800000000000003,s-3.2,s0
195_37,s-2.5300000000000002,s-2.4000000000000004,s180
195_38,s-7.200000000000001,s-1.6,s0
195_39,s-6.850000000000001,s-0.8,s180
195_40,s-5.760000000000001,s-1.6,s0
195_41,s-5.410000000000001,s-0.8,s180
195_42,s-4.32,s-1.6,s0
195_43,s-3.97,s-0.8,s180
195_44,s-2.8800000000000003,s-1.6,s0
195_45,s-2.5300000000000002,s-0.8,s180
195_46,s-1.4400000000000002,s-1.6,s0
195_47,s-1.0900000000000003,s-0.8,s180
195_48,s0.0,s-1.6,s0
195_49,s0.35,s-0.8,s180
195_50,s2.8800000000000003,s-1.6,s0
195_51,s3.2300000000000004,s-0.8,s180
195_52,s4.32,s-1.6,s0
195_53,s4.67,s-0.8,s180
195_54,s7.200000000000001,s-1.6,s0
195_55,s7.550000000000001,s-0.8,s180
195_56,s-7.200000000000001,s0.0,s0
195_57,s-6.850000000000001,s0.8,s180
195_58,s-5.760000000000001,s0.0,s0
195_59,s-5.410000000000001,s0.8,s180
195_60,s-4.32,s0.0,s0
195_61,s-3.97,s0.8,s180
195_62,s-2.8800000000000003,s0.0,s0
195_63,s-2.5300000000000002,s0.8,s180
195_64,s-1.4400000000000002,s0.0,s0
195_65,s-1.0900000000000003,s0.8,s180
195_66,s0.0,s0.0,s0
195_67,s0.35,s0.8,s180
195_68,s2.8800000000000003,s0.0,s0
195_69,s3.2300000000000004,s0.8,s180
195_70,s4.32,s0.0,s0
195_71,s4.67,s0.8,s180
195_72,s7.200000000000001,s0.0,s0
195_73,s7.550000000000001,s0.8,s180
195_74,s-7.200000000000001,s1.6,s0
195_75,s-6.850000000000001,s2.4000000000000004,s180
195_76,s-5.760000000000001,s1.6,s0
195_77,s-5.410000000000001,s2.4000000000000004,s180
195_78,s-4.32,s1.6,s0
195_79,s-3.97,s2.4000000000000004,s180
195_80,s-2.8800000000000003,s1.6,s0
195_81,s-2.5300000000000002,s2.4000000000000004,s180
195_82,s-1.4400000000000002,s1.6,s0
195_83,s-1.0900000000000003,s2.4000000000000004,s180
195_84,s0.0,s1.6,s0
195_85,s0.35,s2.4000000000000004,s180
195_86,s1.4400000000000002,s1.6,s0
195_87,s1.79,s2.4000000000000004,s180
195_88,s2.8800000000000003,s1.6,s0
195_89,s3.2300000000000004,s2.4000000000000004,s180
195_90,s4.32,s1.6,s0
195_91,s4.67,s2.4000000000000004,s180
195_92,s7.200000000000001,s1.6,s0
195_93,s7.550000000000001,s2.4000000000000004,s180
195_94,s-7.200000000000001,s3.2,s0
195_95,s-6.850000000000001,s4.0,s180
195_96,s-5.760000000000001,s3.2,s0
195_97,s-5.410000000000001,s4.0,s180
195_98,s-4.32,s3.2,s0
195_99,s-3.97,s4.0,s180
195_100,s-2.8800000000000003,s3.2,s0
195_101,s-2.5300000000000002,s4.0,s180
195_102,s-1.4400000000000002,s3.2,s0
195_103,s-1.0900000000000003,s4.0,s180
195_104,s0.0,s3.2,s0
195_105,s0.35,s4.0,s180
195_106,s2.8800000000000003,s3.2,s0
195_107,s3.2300000000000004,s4.0,s180
195_108,s4.32,s3.2,s0
195_109,s4.67,s4.0,s180
195_110,s7.200000000000001,s3.2,s0
195_111,s7.550000000000001,s4.0,s180
195_112,s-2.8800000000000003,s4.800000000000001,s0
195_113,s-2.5300000000000002,s5.6000000000000005,s180
195_114,s-7.200000000000001,s6.4,s0
195_115,s-6.850000000000001,s7.2,s180
195_116,s-5.760000000000001,s6.4,s0
195_117,s-5.410000000000001,s7.2,s180
195_118,s-4.32,s6.4,s0
195_119,s-3.97,s7.2,s180
195_120,s-2.8800000000000003,s6.4,s0
195_121,s-2.5300000000000002,s7.2,s180
195_122,s-1.4400000000000002,s6.4,s0
195_123,s-1.0900000000000003,s7.2,s180
195_124,s0.0,s6.4,s0
195_125,s0.35,s7.2,s180
195_126,s2.8800000000000003,s6.4,s0
195_127,s3.2300000000000004,s7.2,s180
195_128,s4.32,s6.4,s0
195_129,s4.67,s7.2,s180
195_130,s7.200000000000001,s6.4,s0
195_131,s7.550000000000001,s7.2,s180
195_132,s8.400000000000002,s0.40000000000000036,s0
196_0,s-7.200000000000001,s-6.4,s0
196_1,s-6.850000000000001,s-5.6000000000000005,s180
196_2,s-5.760000000000001,s-6.4,s0
196_3,s-5.410000000000001,s-5.6000000000000005,s180
196_4,s-4.32,s-6.4,s0
196_5,s-3.97,s-5.6000000000000005,s180
196_6,s-2.8800000000000003,s-6.4,s0
196_7,s-2.5300000000000002,s-5.6000000000000005,s180
196_8,s-1.4400000000000002,s-6.4,s0
196_9,s-1.0900000000000003,s-5.6000000000000005,s180
196_10,s0.0,s-6.4,s0
196_11,s0.35,s-5.6000000000000005,s180
196_12,s2.8800000000000003,s-6.4,s0
196_13,s3.2300000000000004,s-5.6000000000000005,s180
196_14,s4.32,s-6.4,s0
196_15,s4.67,s-5.6000000000000005,s180
196_16,s7.200000000000001,s-6.4,s0
196_17,s7.550000000000001,s-5.6000000000000005,s180
196_18,s-7.200000000000001,s-4.800000000000001,s0
196_19,s-6.850000000000001,s-4.000000000000001,s180
196_20,s-5.760000000000001,s-4.800000000000001,s0
196_21,s-5.410000000000001,s-4.000000000000001,s180
196_22,s-4.32,s-4.800000000000001,s0
196_23,s-3.97,s-4.000000000000001,s180
196_24,s-2.8800000000000003,s-4.800000000000001,s0
196_25,s-2.5300000000000002,s-4.000000000000001,s180
196_26,s-1.4400000000000002,s-4.800000000000001,s0
196_27,s-1.0900000000000003,s-4.000000000000001,s180
196_28,s0.0,s-4.800000000000001,s0
196_29,s0.35,s-4.000000000000001,s180
196_30,s2.8800000000000003,s-4.800000000000001,s0
196_31,s3.2300000000000004,s-4.000000000000001,s180
196_32,s4.32,s-4.800000000000001,s0
196_33,s4.67,s-4.000000000000001,s180
196_34,s7.200000000000001,s-4.800000000000001,s0
196_35,s7.550000000000001,s-4.000000000000001,s180
196_36,s-2.8800000000000003,s-3.2,s0
196_37,s-2.5300000000000002,s-2.4000000000000004,s180
196_38,s-7.200000000000001,s-1.6,s0
196_39,s-6.850000000000001,s-0.8,s180
196_40,s-5.760000000000001,s-1.6,s0
196_41,s-5.410000000000001,s-0.8,s180
196_42,s-4.32,s-1.6,s0
196_43,s-3.97,s-0.8,s180
196_44,s-2.8800000000000003,s-1.6,s0
196_45,s-2.5300000000000002,s-0.8,s180
196_46,s-1.4400000000000002,s-1.6,s0
196_47,s-1.0900000000000003,s-0.8,s180
196_48,s0.0,s-1.6,s0
196_49,s0.35,s-0.8,s180
196_50,s2.8800000000000003,s-1.6,s0
196_51,s3.2300000000000004,s-0.8,s180
196_52,s4.32,s-1.6,s0
196_53,s4.67,s-0.8,s180
196_54,s7.200000000000001,s-1.6,s0
196_55,s7.550000000000001,s-0.8,s180
196_56,s-7.200000000000001,s0.0,s0
196_57,s-6.850000000000001,s0.8,s180
196_58,s-5.760000000000001,s0.0,s0
196_59,s-5.410000000000001,s0.8,s180
196_60,s-4.32,s0.0,s0
196_61,s-3.97,s0.8,s180
196_62,s-2.8800000000000003,s0.0,s0
196_63,s-2.5300000000000002,s0.8,s180
196_64,s-1.4400000000000002,s0.0,s0
196_65,s-1.0900000000000003,s0.8,s180
196_66,s0.0,s0.0,s0
196_67,s0.35,s0.8,s180
196_68,s2.8800000000000003,s0.0,s0
196_69,s3.2300000000000004,s0.8,s180
196_70,s4.32,s0.0,s0
196_71,s4.67,s0.8,s180
196_72,s7.200000000000001,s0.0,s0
196_73,s7.550000000000001,s0.8,s180
196_74,s-7.200000000000001,s1.6,s0
196_75,s-6.850000000000001,s2.4000000000000004,s180
196_76,s-5.760000000000001,s1.6,s0
196_77,s-5.410000000000001,s2.4000000000000004,s180
196_78,s-4.32,s1.6,s0
196_79,s-3.97,s2.4000000000000004,s180
196_80,s-2.8800000000000003,s1.6,s0
196_81,s-2.5300000000000002,s2.4000000000000004,s180
196_82,s-1.4400000000000002,s1.6,s0
196_83,s-1.0900000000000003,s2.4000000000000004,s180
196_84,s0.0,s1.6,s0
196_85,s0.35,s2.4000000000000004,s180
196_86,s1.4400000000000002,s1.6,s0
196_87,s1.79,s2.4000000000000004,s180
196_88,s2.8800000000000003,s1.6,s0
196_89,s3.2300000000000004,s2.4000000000000004,s180
196_90,s4.32,s1.6,s0
196_91,s4.67,s2.4000000000000004,s180
196_92,s7.200000000000001,s1.6,s0
196_93,s7.550000000000001,s2.4000000000000004,s180
196_94,s-7.200000000000001,s3.2,s0
196_95,s-6.850000000000001,s4.0,s180
196_96,s-5.760000000000001,s3.2,s0
196_97,s-5.410000000000001,s4.0,s180
196_98,s-4.32,s3.2,s0
196_99,s-3.97,s4.0,s180
196_100,s-2.8800000000000003,s3.2,s0
196_101,s-2.5300000000000002,s4.0,s180
196_102,s-1.4400000000000002,s3.2,s0
196_103,s-1.0900000000000003,s4.0,s180
196_104,s0.0,s3.2,s0
196_105,s0.35,s4.0,s180
196_106,s2.8800000000000003,s3.2,s0
196_107,s3.2300000000000004,s4.0,s180
196_108,s4.32,s3.2,s0
196_109,s4.67,s4.0,s180
196_110,s7.200000000000001,s3.2,s0
196_111,s7.550000000000001,s4.0,s180
196_112,s-2.8800000000000003,s4.800000000000001,s0
196_113,s-2.5300000000000002,s5.6000000000000005,s180
196_114,s-7.200000000000001,s6.4,s0
196_115,s-6.850000000000001,s7.2,s180
196_116,s-5.760000000000001,s6.4,s0
196_117,s-5.410000000000001,s7.2,s180
196_118,s-4.32,s6.4,s0
196_119,s-3.97,s7.2,s180
196_120,s-2.8800000000000003,s6.4,s0
196_121,s-2.5300000000000002,s7.2,s180
196_122,s-1.4400000000000002,s6.4,s0
196_123,s-1.0900000000000003,s7.2,s180
196_124,s0.0,s6.4,s0
196_125,s0.35,s7.2,s180
196_126,s2.8800000000000003,s6.4,s0
196_127,s3.2300000000000004,s7.2,s180
196_128,s4.32,s6.4,s0
196_129,s4.67,s7.2,s180
196_130,s7.200000000000001,s6.4,s0
196_131,s7.550000000000001,s7.2,s180
197_0,s-7.200000000000001,s-6.4,s0
197_1,s-6.850000000000001,s-5.6000000000000005,s180
197_2,s-5.760000000000001,s-6.4,s0
197_3,s-5.410000000000001,s-5.6000000000000005,s180
197_4,s-4.32,s-6.4,s0
197_5,s-3.97,s-5.6000000000000005,s180
197_6,s-2.8800000000000003,s-6.4,s0
197_7,s-2.5300000000000002,s-5.6000000000000005,s180
197_8,s-1.4400000000000002,s-6.4,s0
197_9,s-1.0900000000000003,s-5.6000000000000005,s180
197_10,s0.0,s-6.4,s0
197_11,s0.35,s-5.6000000000000005,s180
197_12,s2.8800000000000003,s-6.4,s0
197_13,s3.2300000000000004,s-5.6000000000000005,s180
197_14,s4.32,s-6.4,s0
197_15,s4.67,s-5.6000000000000005,s180
197_16,s7.200000000000001,s-6.4,s0
197_17,s7.550000000000001,s-5.6000000000000005,s180
197_18,s-7.200000000000001,s-4.800000000000001,s0
197_19,s-6.850000000000001,s-4.000000000000001,s180
197_20,s-5.760000000000001,s-4.800000000000001,s0
197_21,s-5.410000000000001,s-4.000000000000001,s180
197_22,s-4.32,s-4.800000000000001,s0
197_23,s-3.97,s-4.000000000000001,s180
197_24,s-2.8800000000000003,s-4.800000000000001,s0
197_25,s-2.5300000000000002,s-4.000000000000001,s180
197_26,s-1.4400000000000002,s-4.800000000000001,s0
197_27,s-1.0900000000000003,s-4.000000000000001,s180
197_28,s0.0,s-4.800000000000001,s0
197_29,s0.35,s-4.000000000000001,s180
197_30,s2.8800000000000003,s-4.800000000000001,s0
197_31,s3.2300000000000004,s-4.000000000000001,s180
197_32,s4.32,s-4.800000000000001,s0
197_33,s4.67,s-4.000000000000001,s180
197_34,s7.200000000000001,s-4.800000000000001,s0
197_35,s7.550000000000001,s-4.000000000000001,s180
197_36,s-2.8800000000000003,s-3.2,s0
197_37,s-2.5300000000000002,s-2.4000000000000004,s180
197_38,s-7.200000000000001,s-1.6,s0
197_39,s-6.850000000000001,s-0.8,s180
197_40,s-5.760000000000001,s-1.6,s0
197_41,s-5.410000000000001,s-0.8,s180
197_42,s-4.32,s-1.6,s0
197_43,s-3.97,s-0.8,s180
197_44,s-2.8800000000000003,s-1.6,s0
197_45,s-2.5300000000000002,s-0.8,s180
197_46,s-1.4400000000000002,s-1.6,s0
197_47,s-1.0900000000000003,s-0.8,s180
197_48,s0.0,s-1.6,s0
197_49,s0.35,s-0.8,s180
197_50,s2.8800000000000003,s-1.6,s0
197_51,s3.2300000000000004,s-0.8,s180
197_52,s4.32,s-1.6,s0
197_53,s4.67,s-0.8,s180
197_54,s7.200000000000001,s-1.6,s0
197_55,s7.550000000000001,s-0.8,s180
197_56,s-7.200000000000001,s0.0,s0
197_57,s-6.850000000000001,s0.8,s180
197_58,s-5.760000000000001,s0.0,s0
197_59,s-5.410000000000001,s0.8,s180
197_60,s-4.32,s0.0,s0
197_61,s-3.97,s0.8,s180
197_62,s-2.8800000000000003,s0.0,s0
197_63,s-2.5300000000000002,s0.8,s180
197_64,s-1.4400000000000002,s0.0,s0
197_65,s-1.0900000000000003,s0.8,s180
197_66,s0.0,s0.0,s0
197_67,s0.35,s0.8,s180
197_68,s2.8800000000000003,s0.0,s0
197_69,s3.2300000000000004,s0.8,s180
197_70,s4.32,s0.0,s0
197_71,s4.67,s0.8,s180
197_72,s7.200000000000001,s0.0,s0
197_73,s7.550000000000001,s0.8,s180
197_74,s-7.200000000000001,s1.6,s0
197_75,s-6.850000000000001,s2.4000000000000004,s180
197_76,s-5.760000000000001,s1.6,s0
197_77,s-5.410000000000001,s2.4000000000000004,s180
197_78,s-4.32,s1.6,s0
197_79,s-3.97,s2.4000000000000004,s180
197_80,s-2.8800000000000003,s1.6,s0
197_81,s-2.5300000000000002,s2.4000000000000004,s180
197_82,s-1.4400000000000002,s1.6,s0
197_83,s-1.0900000000000003,s2.4000000000000004,s180
197_84,s0.0,s1.6,s0
197_85,s0.35,s2.4000000000000004,s180
197_86,s1.4400000000000002,s1.6,s0
197_87,s1.79,s2.4000000000000004,s180
197_88,s2.8800000000000003,s1.6,s0
197_89,s3.2300000000000004,s2.4000000000000004,s180
197_90,s4.32,s1.6,s0
197_91,s4.67,s2.4000000000000004,s180
197_92,s7.200000000000001,s1.6,s0
197_93,s7.550000000000001,s2.4000000000000004,s180
197_94,s-7.200000000000001,s3.2,s0
197_95,s-6.850000000000001,s4.0,s180
197_96,s-5.760000000000001,s3.2,s0
197_97,s-5.410000000000001,s4.0,s180
197_98,s-4.32,s3.2,s0
197_99,s-3.97,s4.0,s180
197_100,s-2.8800000000000003,s3.2,s0
197_101,s-2.5300000000000002,s4.0,s180
197_102,s-1.4400000000000002,s3.2,s0
197_103,s-1.0900000000000003,s4.0,s180
197_104,s0.0,s3.2,s0
197_105,s0.35,s4.0,s180
197_106,s2.8800000000000003,s3.2,s0
197_107,s3.2300000000000004,s4.0,s180
197_108,s4.32,s3.2,s0
197_109,s4.67,s4.0,s180
197_110,s7.200000000000001,s3.2,s0
197_111,s7.550000000000001,s4.0,s180
197_112,s-2.8800000000000003,s4.800000000000001,s0
197_113,s-2.5300000000000002,s5.6000000000000005,s180
197_114,s-7.200000000000001,s6.4,s0
197_115,s-6.850000000000001,s7.2,s180
197_116,s-5.760000000000001,s6.4,s0
197_117,s-5.410000000000001,s7.2,s180
197_118,s-4.32,s6.4,s0
197_119,s-3.97,s7.2,s180
197_120,s-2.8800000000000003,s6.4,s0
197_121,s-2.5300000000000002,s7.2,s180
197_122,s-1.4400000000000002,s6.4,s0
197_123,s-1.0900000000000003,s7.2,s180
197_124,s0.0,s6.4,s0
197_125,s0.35,s7.2,s180
197_126,s2.8800000000000003,s6.4,s0
197_127,s3.2300000000000004,s7.2,s180
197_128,s4.32,s6.4,s0
197_129,s4.67,s7.2,s180
197_130,s7.200000000000001,s6.4,s0
197_131,s7.550000000000001,s7.2,s180
197_132,s8.400000000000002,s0.40000000000000036,s0
198_0,s-7.200000000000001,s-6.4,s0
198_1,s-6.850000000000001,s-5.6000000000000005,s180
198_2,s-5.760000000000001,s-6.4,s0
198_3,s-5.410000000000001,s-5.6000000000000005,s180
198_4,s-4.32,s-6.4,s0
198_5,s-3.97,s-5.6000000000000005,s180
198_6,s-2.8800000000000003,s-6.4,s0
198_7,s-2.5300000000000002,s-5.6000000000000005,s180
198_8,s-1.4400000000000002,s-6.4,s0
198_9,s-1.0900000000000003,s-5.6000000000000005,s180
198_10,s0.0,s-6.4,s0
198_11,s0.35,s-5.6000000000000005,s180
198_12,s2.8800000000000003,s-6.4,s0
198_13,s3.2300000000000004,s-5.6000000000000005,s180
198_14,s4.32,s-6.4,s0
198_15,s4.67,s-5.6000000000000005,s180
198_16,s7.200000000000001,s-6.4,s0
198_17,s7.550000000000001,s-5.6000000000000005,s180
198_18,s-7.200000000000001,s-4.800000000000001,s0
198_19,s-6.850000000000001,s-4.000000000000001,s180
198_20,s-5.760000000000001,s-4.800000000000001,s0
198_21,s-5.410000000000001,s-4.000000000000001,s180
198_22,s-4.32,s-4.800000000000001,s0
198_23,s-3.97,s-4.000000000000001,s180
198_24,s-2.8800000000000003,s-4.800000000000001,s0
198_25,s-2.5300000000000002,s-4.000000000000001,s180
198_26,s-1.4400000000000002,s-4.800000000000001,s0
198_27,s-1.0900000000000003,s-4.000000000000001,s180
198_28,s0.0,s-4.800000000000001,s0
198_29,s0.35,s-4.000000000000001,s180
198_30,s2.8800000000000003,s-4.800000000000001,s0
198_31,s3.2300000000000004,s-4.000000000000001,s180
198_32,s4.32,s-4.800000000000001,s0
198_33,s4.67,s-4.000000000000001,s180
198_34,s7.200000000000001,s-4.800000000000001,s0
198_35,s7.550000000000001,s-4.000000000000001,s180
198_36,s-2.8800000000000003,s-3.2,s0
198_37,s-2.5300000000000002,s-2.4000000000000004,s180
198_38,s-7.200000000000001,s-1.6,s0
198_39,s-6.850000000000001,s-0.8,s180
198_40,s-5.760000000000001,s-1.6,s0
198_41,s-5.410000000000001,s-0.8,s180
198_42,s-4.32,s-1.6,s0
198_43,s-3.97,s-0.8,s180
198_44,s-2.8800000000000003,s-1.6,s0
198_45,s-2.5300000000000002,s-0.8,s180
198_46,s-1.4400000000000002,s-1.6,s0
198_47,s-1.0900000000000003,s-0.8,s180
198_48,s0.0,s-1.6,s0
198_49,s0.35,s-0.8,s180
198_50,s2.8800000000000003,s-1.6,s0
198_51,s3.2300000000000004,s-0.8,s180
198_52,s4.32,s-1.6,s0
198_53,s4.67,s-0.8,s180
198_54,s7.200000000000001,s-1.6,s0
198_55,s7.550000000000001,s-0.8,s180
198_56,s-7.200000000000001,s0.0,s0
198_57,s-6.850000000000001,s0.8,s180
198_58,s-5.760000000000001,s0.0,s0
198_59,s-5.410000000000001,s0.8,s180
198_60,s-4.32,s0.0,s0
198_61,s-3.97,s0.8,s180
198_62,s-2.8800000000000003,s0.0,s0
198_63,s-2.5300000000000002,s0.8,s180
198_64,s-1.4400000000000002,s0.0,s0
198_65,s-1.0900000000000003,s0.8,s180
198_66,s0.0,s0.0,s0
198_67,s0.35,s0.8,s180
198_68,s2.8800000000000003,s0.0,s0
198_69,s3.2300000000000004,s0.8,s180
198_70,s4.32,s0.0,s0
198_71,s4.67,s0.8,s180
198_72,s7.200000000000001,s0.0,s0
198_73,s7.550000000000001,s0.8,s180
198_74,s-7.200000000000001,s1.6,s0
198_75,s-6.850000000000001,s2.4000000000000004,s180
198_76,s-5.760000000000001,s1.6,s0
198_77,s-5.410000000000001,s2.4000000000000004,s180
198_78,s-4.32,s1.6,s0
198_79,s-3.97,s2.4000000000000004,s180
198_80,s-2.8800000000000003,s1.6,s0
198_81,s-2.5300000000000002,s2.4000000000000004,s180
198_82,s-1.4400000000000002,s1.6,s0
198_83,s-1.0900000000000003,s2.4000000000000004,s180
198_84,s0.0,s1.6,s0
198_85,s0.35,s2.4000000000000004,s180
198_86,s1.4400000000000002,s1.6,s0
198_87,s1.79,s2.4000000000000004,s180
198_88,s2.8800000000000003,s1.6,s0
198_89,s3.2300000000000004,s2.4000000000000004,s180
198_90,s4.32,s1.6,s0
198_91,s4.67,s2.4000000000000004,s180
198_92,s7.200000000000001,s1.6,s0
198_93,s7.550000000000001,s2.4000000000000004,s180
198_94,s-7.200000000000001,s3.2,s0
198_95,s-6.850000000000001,s4.0,s180
198_96,s-5.760000000000001,s3.2,s0
198_97,s-5.410000000000001,s4.0,s180
198_98,s-4.32,s3.2,s0
198_99,s-3.97,s4.0,s180
198_100,s-2.8800000000000003,s3.2,s0
198_101,s-2.5300000000000002,s4.0,s180
198_102,s-1.4400000000000002,s3.2,s0
198_103,s-1.0900000000000003,s4.0,s180
198_104,s0.0,s3.2,s0
198_105,s0.35,s4.0,s180
198_106,s2.8800000000000003,s3.2,s0
198_107,s3.2300000000000004,s4.0,s180
198_108,s4.32,s3.2,s0
198_109,s4.67,s4.0,s180
198_110,s7.200000000000001,s3.2,s0
198_111,s7.550000000000001,s4.0,s180
198_112,s-2.8800000000000003,s4.800000000000001,s0
198_113,s-2.5300000000000002,s5.6000000000000005,s180
198_114,s-7.200000000000001,s6.4,s0
198_115,s-6.850000000000001,s7.2,s180
198_116,s-5.760000000000001,s6.4,s0
198_117,s-5.410000000000001,s7.2,s180
198_118,s-4.32,s6.4,s0
198_119,s-3.97,s7.2,s180
198_120,s-2.8800000000000003,s6.4,s0
198_121,s-2.5300000000000002,s7.2,s180
198_122,s-1.4400000000000002,s6.4,s0
198_123,s-1.0900000000000003,s7.2,s180
198_124,s0.0,s6.4,s0
198_125,s0.35,s7.2,s180
198_126,s2.8800000000000003,s6.4,s0
198_127,s3.2300000000000004,s7.2,s180
198_128,s4.32,s6.4,s0
198_129,s4.67,s7.2,s180
198_130,s7.200000000000001,s6.4,s0
198_131,s7.550000000000001,s7.2,s180
199_0,s-7.200000000000001,s-6.4,s0
199_1,s-6.850000000000001,s-5.6000000000000005,s180
199_2,s-5.760000000000001,s-6.4,s0
199_3,s-5.410000000000001,s-5.6000000000000005,s180
199_4,s-4.32,s-6.4,s0
199_5,s-3.97,s-5.6000000000000005,s180
199_6,s-2.8800000000000003,s-6.4,s0
199_7,s-2.5300000000000002,s-5.6000000000000005,s180
199_8,s-1.4400000000000002,s-6.4,s0
199_9,s-1.0900000000000003,s-5.6000000000000005,s180
199_10,s0.0,s-6.4,s0
199_11,s0.35,s-5.6000000000000005,s180
199_12,s2.8800000000000003,s-6.4,s0
199_13,s3.2300000000000004,s-5.6000000000000005,s180
199_14,s4.32,s-6.4,s0
199_15,s4.67,s-5.6000000000000005,s180
199_16,s7.200000000000001,s-6.4,s0
199_17,s7.550000000000001,s-5.6000000000000005,s180
199_18,s-7.200000000000001,s-4.800000000000001,s0
199_19,s-6.850000000000001,s-4.000000000000001,s180
199_20,s-5.760000000000001,s-4.800000000000001,s0
199_21,s-5.410000000000001,s-4.000000000000001,s180
199_22,s-4.32,s-4.800000000000001,s0
199_23,s-3.97,s-4.000000000000001,s180
199_24,s-2.8800000000000003,s-4.800000000000001,s0
199_25,s-2.5300000000000002,s-4.000000000000001,s180
199_26,s-1.4400000000000002,s-4.800000000000001,s0
199_27,s-1.0900000000000003,s-4.000000000000001,s180
199_28,s0.0,s-4.800000000000001,s0
199_29,s0.35,s-4.000000000000001,s180
199_30,s2.8800000000000003,s-4.800000000000001,s0
199_31,s3.2300000000000004,s-4.000000000000001,s180
199_32,s4.32,s-4.800000000000001,s0
199_33,s4.67,s-4.000000000000001,s180
199_34,s7.200000000000001,s-4.800000000000001,s0
199_35,s7.550000000000001,s-4.000000000000001,s180
199_36,s-2.8800000000000003,s-3.2,s0
199_37,s-2.5300000000000002,s-2.4000000000000004,s180
199_38,s-7.200000000000001,s-1.6,s0
199_39,s-6.850000000000001,s-0.8,s180
199_40,s-5.760000000000001,s-1.6,s0
199_41,s-5.410000000000001,s-0.8,s180
199_42,s-4.32,s-1.6,s0
199_43,s-3.97,s-0.8,s180
199_44,s-2.8800000000000003,s-1.6,s0
199_45,s-2.5300000000000002,s-0.8,s180
199_46,s-1.4400000000000002,s-1.6,s0
199_47,s-1.0900000000000003,s-0.8,s180
199_48,s0.0,s-1.6,s0
199_49,s0.35,s-0.8,s180
199_50,s2.8800000000000003,s-1.6,s0
199_51,s3.2300000000000004,s-0.8,s180
199_52,s4.32,s-1.6,s0
199_53,s4.67,s-0.8,s180
199_54,s7.200000000000001,s-1.6,s0
199_55,s7.550000000000001,s-0.8,s180
199_56,s-7.200000000000001,s0.0,s0
199_57,s-6.850000000000001,s0.8,s180
199_58,s-5.760000000000001,s0.0,s0
199_59,s-5.410000000000001,s0.8,s180
199_60,s-4.32,s0.0,s0
199_61,s-3.97,s0.8,s180
199_62,s-2.8800000000000003,s0.0,s0
199_63,s-2.5300000000000002,s0.8,s180
199_64,s-1.4400000000000002,s0.0,s0
199_65,s-1.0900000000000003,s0.8,s180
199_66,s0.0,s0.0,s0
199_67,s0.35,s0.8,s180
199_68,s2.8800000000000003,s0.0,s0
199_69,s3.2300000000000004,s0.8,s180
199_70,s4.32,s0.0,s0
199_71,s4.67,s0.8,s180
199_72,s7.200000000000001,s0.0,s0
199_73,s7.550000000000001,s0.8,s180
199_74,s-7.200000000000001,s1.6,s0
199_75,s-6.850000000000001,s2.4000000000000004,s180
199_76,s-5.760000000000001,s1.6,s0
199_77,s-5.410000000000001,s2.4000000000000004,s180
199_78,s-4.32,s1.6,s0
199_79,s-3.97,s2.4000000000000004,s180
199_80,s-2.8800000000000003,s1.6,s0
199_81,s-2.5300000000000002,s2.4000000000000004,s180
199_82,s-1.4400000000000002,s1.6,s0
199_83,s-1.0900000000000003,s2.4000000000000004,s180
199_84,s0.0,s1.6,s0
199_85,s0.35,s2.4000000000000004,s180
199_86,s1.4400000000000002,s1.6,s0
199_87,s1.79,s2.4000000000000004,s180
199_88,s2.8800000000000003,s1.6,s0
199_89,s3.2300000000000004,s2.4000000000000004,s180
199_90,s4.32,s1.6,s0
199_91,s4.67,s2.4000000000000004,s180
199_92,s7.200000000000001,s1.6,s0
199_93,s7.550000000000001,s2.4000000000000004,s180
199_94,s-7.200000000000001,s3.2,s0
199_95,s-6.850000000000001,s4.0,s180
199_96,s-5.760000000000001,s3.2,s0
199_97,s-5.410000000000001,s4.0,s180
199_98,s-4.32,s3.2,s0
199_99,s-3.97,s4.0,s180
199_100,s-2.8800000000000003,s3.2,s0
199_101,s-2.5300000000000002,s4.0,s180
199_102,s-1.4400000000000002,s3.2,s0
199_103,s-1.0900000000000003,s4.0,s180
199_104,s0.0,s3.2,s0
199_105,s0.35,s4.0,s180
199_106,s2.8800000000000003,s3.2,s0
199_107,s3.2300000000000004,s4.0,s180
199_108,s4.32,s3.2,s0
199_109,s4.67,s4.0,s180
199_110,s7.200000000000001,s3.2,s0
199_111,s7.550000000000001,s4.0,s180
199_112,s-2.8800000000000003,s4.800000000000001,s0
199_113,s-2.5300000000000002,s5.6000000000000005,s180
199_114,s-7.200000000000001,s6.4,s0
199_115,s-6.850000000000001,s7.2,s180
199_116,s-5.760000000000001,s6.4,s0
199_117,s-5.410000000000001,s7.2,s180
199_118,s-4.32,s6.4,s0
199_119,s-3.97,s7.2,s180
199_120,s-2.8800000000000003,s6.4,s0
199_121,s-2.5300000000000002,s7.2,s180
199_122,s-1.4400000000000002,s6.4,s0
199_123,s-1.0900000000000003,s7.2,s180
199_124,s0.0,s6.4,s0
199_125,s0.35,s7.2,s180
199_126,s2.8800000000000003,s6.4,s0
199_127,s3.2300000000000004,s7.2,s180
199_128,s4.32,s6.4,s0
199_129,s4.67,s7.2,s180
199_130,s7.200000000000001,s6.4,s0
199_131,s7.550000000000001,s7.2,s180
199_132,s8.400000000000002,s0.40000000000000036,s0
200_0,s-7.200000000000001,s-7.2,s0
200_1,s-6.850000000000001,s-6.4,s180
200_2,s-5.760000000000001,s-7.2,s0
200_3,s-5.410000000000001,s-6.4,s180
200_4,s-4.32,s-7.2,s0
200_5,s-3.97,s-6.4,s180
200_6,s-2.8800000000000003,s-7.2,s0
200_7,s-2.5300000000000002,s-6.4,s180
200_8,s-1.4400000000000002,s-7.2,s0
200_9,s-1.0900000000000003,s-6.4,s180
200_10,s0.0,s-7.2,s0
200_11,s0.35,s-6.4,s180
200_12,s2.8800000000000003,s-7.2,s0
200_13,s3.2300000000000004,s-6.4,s180
200_14,s4.32,s-7.2,s0
200_15,s4.67,s-6.4,s180
200_16,s7.200000000000001,s-7.2,s0
200_17,s7.550000000000001,s-6.4,s180
200_18,s-2.8800000000000003,s-5.6000000000000005,s0
200_19,s-2.5300000000000002,s-4.800000000000001,s180
200_20,s-7.200000000000001,s-4.0,s0
200_21,s-6.850000000000001,s-3.2,s180
200_22,s-5.760000000000001,s-4.0,s0
200_23,s-5.410000000000001,s-3.2,s180
200_24,s-4.32,s-4.0,s0
200_25,s-3.97,s-3.2,s180
200_26,s-2.8800000000000003,s-4.0,s0
200_27,s-2.5300000000000002,s-3.2,s180
200_28,s-1.4400000000000002,s-4.0,s0
200_29,s-1.0900000000000003,s-3.2,s180
200_30,s0.0,s-4.0,s0
200_31,s0.35,s-3.2,s180
200_32,s2.8800000000000003,s-4.0,s0
200_33,s3.2300000000000004,s-3.2,s180
200_34,s4.32,s-4.0,s0
200_35,s4.67,s-3.2,s180
200_36,s7.200000000000001,s-4.0,s0
200_37,s7.550000000000001,s-3.2,s180
200_38,s-7.200000000000001,s-2.4000000000000004,s0
200_39,s-6.850000000000001,s-1.6000000000000003,s180
200_40,s-5.760000000000001,s-2.4000000000000004,s0
200_41,s-5.410000000000001,s-1.6000000000000003,s180
200_42,s-4.32,s-2.4000000000000004,s0
200_43,s-3.97,s-1.6000000000000003,s180
200_44,s-2.8800000000000003,s-2.4000000000000004,s0
200_45,s-2.5300000000000002,s-1.6000000000000003,s180
200_46,s-1.4400000000000002,s-2.4000000000000004,s0
200_47,s-1.0900000000000003,s-1.6000000000000003,s180
200_48,s0.0,s-2.4000000000000004,s0
200_49,s0.35,s-1.6000000000000003,s180
200_50,s1.4400000000000002,s-2.4000000000000004,s0
200_51,s1.79,s-1.6000000000000003,s180
200_52,s2.8800000000000003,s-2.4000000000000004,s0
200_53,s3.2300000000000004,s-1.6000000000000003,s180
200_54,s4.32,s-2.4000000000000004,s0
200_55,s4.67,s-1.6000000000000003,s180
200_56,s7.200000000000001,s-2.4000000000000004,s0
200_57,s7.550000000000001,s-1.6000000000000003,s180
200_58,s-7.200000000000001,s-0.8,s0
200_59,s-6.850000000000001,s0.0,s180
200_60,s-5.760000000000001,s-0.8,s0
200_61,s-5.410000000000001,s0.0,s180
200_62,s-4.32,s-0.8,s0
200_63,s-3.97,s0.0,s180
200_64,s-2.8800000000000003,s-0.8,s0
200_65,s-2.5300000000000002,s0.0,s180
200_66,s-1.4400000000000002,s-0.8,s0
200_67,s-1.0900000000000003,s0.0,s180
200_68,s0.0,s-0.8,s0
200_69,s0.35,s0.0,s180
200_70,s2.8800000000000003,s-0.8,s0
200_71,s3.2300000000000004,s0.0,s180
200_72,s4.32,s-0.8,s0
200_73,s4.67,s0.0,s180
200_74,s7.200000000000001,s-0.8,s0
200_75,s7.550000000000001,s0.0,s180
200_76,s-7.200000000000001,s0.8,s0
200_77,s-6.850000000000001,s1.6,s180
200_78,s-5.760000000000001,s0.8,s0
200_79,s-5.410000000000001,s1.6,s180
200_80,s-4.32,s0.8,s0
200_81,s-3.97,s1.6,s180
200_82,s-2.8800000000000003,s0.8,s0
200_83,s-2.5300000000000002,s1.6,s180
200_84,s-1.4400000000000002,s0.8,s0
200_85,s-1.0900000000000003,s1.6,s180
200_86,s0.0,s0.8,s0
200_87,s0.35,s1.6,s180
200_88,s2.8800000000000003,s0.8,s0
200_89,s3.2300000000000004,s1.6,s180
200_90,s4.32,s0.8,s0
200_91,s4.67,s1.6,s180
200_92,s7.200000000000001,s0.8,s0
200_93,s7.550000000000001,s1.6,s180
200_94,s-2.8800000000000003,s2.4000000000000004,s0
200_95,s-2.5300000000000002,s3.2,s180
200_96,s-7.200000000000001,s4.0,s0
200_97,s-6.850000000000001,s4.8,s180
200_98,s-5.760000000000001,s4.0,s0
200_99,s-5.410000000000001,s4.8,s180
200_100,s-4.32,s4.0,s0
200_101,s-3.97,s4.8,s180
200_102,s-2.8800000000000003,s4.0,s0
200_103,s-2.5300000000000002,s4.8,s180
200_104,s-1.4400000000000002,s4.0,s0
200_105,s-1.0900000000000003,s4.8,s180
200_106,s0.0,s4.0,s0
200_107,s0.35,s4.8,s180
200_108,s2.8800000000000003,s4.0,s0
200_109,s3.2300000000000004,s4.8,s180
200_110,s4.32,s4.0,s0
200_111,s4.67,s4.8,s180
200_112,s7.200000000000001,s4.0,s0
200_113,s7.550000000000001,s4.8,s180
200_114,s-7.200000000000001,s5.6000000000000005,s0
200_115,s-6.850000000000001,s6.4,s180
200_116,s-5.760000000000001,s5.6000000000000005,s0
200_117,s-5.410000000000001,s6.4,s180
200_118,s-4.32,s5.6000000000000005,s0
200_119,s-3.97,s6.4,s180
200_120,s-2.8800000000000003,s5.6000000000000005,s0
200_121,s-2.5300000000000002,s6.4,s180
200_122,s-1.4400000000000002,s5.6000000000000005,s0
200_123,s-1.0900000000000003,s6.4,s180
200_124,s0.0,s5.6000000000000005,s0
200_125,s0.35,s6.4,s180
200_126,s2.8800000000000003,s5.6000000000000005,s0
200_127,s3.2300000000000004,s6.4,s180
200_128,s4.32,s5.6000000000000005,s0
200_129,s4.67,s6.4,s180
200_130,s7.200000000000001,s5.6000000000000005,s0
200_131,s7.550000000000001,s6.4,s180
200_132,s-7.200000000000001,s7.2,s0
200_133,s-6.850000000000001,s8.0,s180
200_134,s-5.760000000000001,s7.2,s0
200_135,s-5.410000000000001,s8.0,s180
200_136,s-4.32,s7.2,s0
200_137,s-3.97,s8.0,s180
200_138,s-2.8800000000000003,s7.2,s0
200_139,s-2.5300000000000002,s8.0,s180
200_140,s-1.4400000000000002,s7.2,s0
200_141,s-1.0900000000000003,s8.0,s180
200_142,s0.0,s7.2,s0
200_143,s0.35,s8.0,s180
200_144,s2.8800000000000003,s7.2,s0
200_145,s3.2300000000000004,s8.0,s180
200_146,s4.32,s7.2,s0
200_147,s4.67,s8.0,s180
200_148,s7.200000000000001,s7.2,s0
200_149,s7.550000000000001,s8.0,s180
